solid OpenSCAD_Model
  facet normal -1 0 0
    outer loop
      vertex 0 0 0
      vertex 0 7.45 35
      vertex 0 8.4 25
    endloop
  endfacet
  facet normal -1 0 0
    outer loop
      vertex 0 0 0
      vertex 0 8.4 25
      vertex 0 8.430743551354832 24.687855484774193
    endloop
  endfacet
  facet normal -1 0 0
    outer loop
      vertex 0 0 0
      vertex 0 8.430743551354832 24.687855484774193
      vertex 0 8.52179274798194 24.387706508215857
    endloop
  endfacet
  facet normal -1 0 0
    outer loop
      vertex 0 0 0
      vertex 0 8.52179274798194 24.387706508215857
      vertex 0 8.669648620315927 24.111087627168637
    endloop
  endfacet
  facet normal -1 0 0
    outer loop
      vertex 0 0 0
      vertex 0 8.669648620315927 24.111087627168637
      vertex 0 8.868629150101524 23.868629150101523
    endloop
  endfacet
  facet normal -1 0 0
    outer loop
      vertex 0 0 0
      vertex 0 8.868629150101524 23.868629150101523
      vertex 0 9.111087627168637 23.66964862031593
    endloop
  endfacet
  facet normal -1 0 0
    outer loop
      vertex 0 0 0
      vertex 0 9.111087627168637 23.66964862031593
      vertex 0 9.387706508215857 23.52179274798194
    endloop
  endfacet
  facet normal -1 0 0
    outer loop
      vertex 0 0 0
      vertex 0 8.4 75
      vertex 0 7.45 35
    endloop
  endfacet
  facet normal -1 0 0
    outer loop
      vertex 0 7.644107192096219 34.02415724746902
      vertex 0 8.4 25
      vertex 0 7.498997534971762 34.502519678858874
    endloop
  endfacet
  facet normal -1 0 0
    outer loop
      vertex 0 7.87975248862851 33.583295905800014
      vertex 0 8.4 25
      vertex 0 7.644107192096219 34.02415724746902
    endloop
  endfacet
  facet normal -1 0 0
    outer loop
      vertex 0 7.87975248862851 33.583295905800014
      vertex 0 8.430743551354832 25.312144515225807
      vertex 0 8.4 25
    endloop
  endfacet
  facet normal -1 0 0
    outer loop
      vertex 0 8.196877707974304 33.1968777079743
      vertex 0 8.430743551354832 25.312144515225807
      vertex 0 7.87975248862851 33.583295905800014
    endloop
  endfacet
  facet normal -1 0 0
    outer loop
      vertex 0 8.196877707974304 33.1968777079743
      vertex 0 8.52179274798194 25.612293491784143
      vertex 0 8.430743551354832 25.312144515225807
    endloop
  endfacet
  facet normal -1 0 0
    outer loop
      vertex 0 8.196877707974304 33.1968777079743
      vertex 0 8.583295905800014 32.87975248862851
      vertex 0 8.52179274798194 25.612293491784143
    endloop
  endfacet
  facet normal -1 0 0
    outer loop
      vertex 0 8.583295905800014 32.87975248862851
      vertex 0 8.669648620315927 25.888912372831363
      vertex 0 8.52179274798194 25.612293491784143
    endloop
  endfacet
  facet normal -1 0 0
    outer loop
      vertex 0 8.583295905800014 32.87975248862851
      vertex 0 8.868629150101524 26.131370849898477
      vertex 0 8.669648620315927 25.888912372831363
    endloop
  endfacet
  facet normal -1 0 0
    outer loop
      vertex 0 0 0
      vertex 0 9.387706508215857 23.52179274798194
      vertex 0 20 0
    endloop
  endfacet
  facet normal -1 0 0
    outer loop
      vertex 0 8.583295905800014 32.87975248862851
      vertex 0 9.024157247469022 32.64410719209622
      vertex 0 8.868629150101524 26.131370849898477
    endloop
  endfacet
  facet normal -1 0 0
    outer loop
      vertex 0 8.868629150101524 26.131370849898477
      vertex 0 9.024157247469022 32.64410719209622
      vertex 0 9.111087627168637 26.33035137968407
    endloop
  endfacet
  facet normal -1 0 0
    outer loop
      vertex 0 9.024157247469022 32.64410719209622
      vertex 0 9.387706508215857 26.47820725201806
      vertex 0 9.111087627168637 26.33035137968407
    endloop
  endfacet
  facet normal -1 0 0
    outer loop
      vertex 0 9.024157247469022 32.64410719209622
      vertex 0 9.502519678858873 32.498997534971764
      vertex 0 9.387706508215857 26.47820725201806
    endloop
  endfacet
  facet normal -1 0 0
    outer loop
      vertex 0 9.502519678858873 32.498997534971764
      vertex 0 9.687855484774195 26.56925644864517
      vertex 0 9.387706508215857 26.47820725201806
    endloop
  endfacet
  facet normal -1 0 0
    outer loop
      vertex 0 9.502519678858873 32.498997534971764
      vertex 0 10 32.45
      vertex 0 9.687855484774195 26.56925644864517
    endloop
  endfacet
  facet normal -1 0 0
    outer loop
      vertex 0 10 32.45
      vertex 0 10 26.6
      vertex 0 9.687855484774195 26.56925644864517
    endloop
  endfacet
  facet normal -1 0 0
    outer loop
      vertex 0 7.498997534971762 34.502519678858874
      vertex 0 8.4 25
      vertex 0 7.45 35
    endloop
  endfacet
  facet normal -1 0 0
    outer loop
      vertex 0 7.45 35
      vertex 0 8.4 75
      vertex 0 7.498997534971762 35.497480321141126
    endloop
  endfacet
  facet normal -1 0 0
    outer loop
      vertex 0 7.498997534971762 35.497480321141126
      vertex 0 8.4 75
      vertex 0 7.644107192096219 35.97584275253098
    endloop
  endfacet
  facet normal -1 0 0
    outer loop
      vertex 0 7.644107192096219 35.97584275253098
      vertex 0 8.430743551354832 74.68785548477419
      vertex 0 7.87975248862851 36.416704094199986
    endloop
  endfacet
  facet normal -1 0 0
    outer loop
      vertex 0 7.87975248862851 36.416704094199986
      vertex 0 8.52179274798194 74.38770650821586
      vertex 0 8.196877707974304 36.8031222920257
    endloop
  endfacet
  facet normal -1 0 0
    outer loop
      vertex 0 8.583295905800014 37.12024751137149
      vertex 0 8.196877707974304 36.8031222920257
      vertex 0 9.111087627168637 73.66964862031593
    endloop
  endfacet
  facet normal -1 0 0
    outer loop
      vertex 0 7.644107192096219 35.97584275253098
      vertex 0 8.4 75
      vertex 0 8.430743551354832 74.68785548477419
    endloop
  endfacet
  facet normal -1 0 0
    outer loop
      vertex 0 7.87975248862851 36.416704094199986
      vertex 0 8.430743551354832 74.68785548477419
      vertex 0 8.52179274798194 74.38770650821586
    endloop
  endfacet
  facet normal -1 0 0
    outer loop
      vertex 0 8.196877707974304 36.8031222920257
      vertex 0 8.52179274798194 74.38770650821586
      vertex 0 8.669648620315927 74.11108762716864
    endloop
  endfacet
  facet normal -1 0 0
    outer loop
      vertex 0 8.196877707974304 36.8031222920257
      vertex 0 8.669648620315927 74.11108762716864
      vertex 0 8.868629150101524 73.86862915010153
    endloop
  endfacet
  facet normal -1 0 0
    outer loop
      vertex 0 8.196877707974304 36.8031222920257
      vertex 0 8.868629150101524 73.86862915010153
      vertex 0 9.111087627168637 73.66964862031593
    endloop
  endfacet
  facet normal -1 0 0
    outer loop
      vertex 0 9.024157247469022 37.35589280790378
      vertex 0 8.583295905800014 37.12024751137149
      vertex 0 9.387706508215857 73.52179274798195
    endloop
  endfacet
  facet normal -1 0 0
    outer loop
      vertex 0 8.583295905800014 37.12024751137149
      vertex 0 9.111087627168637 73.66964862031593
      vertex 0 9.387706508215857 73.52179274798195
    endloop
  endfacet
  facet normal -1 0 0
    outer loop
      vertex 0 9.024157247469022 37.35589280790378
      vertex 0 9.387706508215857 73.52179274798195
      vertex 0 9.687855484774195 73.43074355135484
    endloop
  endfacet
  facet normal -1 0 0
    outer loop
      vertex 0 9.502519678858873 37.501002465028236
      vertex 0 9.024157247469022 37.35589280790378
      vertex 0 9.687855484774195 73.43074355135484
    endloop
  endfacet
  facet normal -1 0 0
    outer loop
      vertex 0 9.502519678858873 37.501002465028236
      vertex 0 10 73.4
      vertex 0 10 37.55
    endloop
  endfacet
  facet normal -1 0 0
    outer loop
      vertex 0 9.502519678858873 37.501002465028236
      vertex 0 9.687855484774195 73.43074355135484
      vertex 0 10 73.4
    endloop
  endfacet
  facet normal -1 0 0
    outer loop
      vertex 0 0 0
      vertex 0 10 123.4
      vertex 0 8.4 75
    endloop
  endfacet
  facet normal -1 0 0
    outer loop
      vertex 0 0 0
      vertex 0 8.4 125
      vertex 0 8.430743551354832 124.68785548477419
    endloop
  endfacet
  facet normal -1 0 0
    outer loop
      vertex 0 0 0
      vertex 0 8.430743551354832 124.68785548477419
      vertex 0 8.52179274798194 124.38770650821586
    endloop
  endfacet
  facet normal -1 0 0
    outer loop
      vertex 0 0 0
      vertex 0 8.52179274798194 124.38770650821586
      vertex 0 8.669648620315927 124.11108762716864
    endloop
  endfacet
  facet normal -1 0 0
    outer loop
      vertex 0 0 0
      vertex 0 8.669648620315927 124.11108762716864
      vertex 0 8.868629150101524 123.86862915010153
    endloop
  endfacet
  facet normal -1 0 0
    outer loop
      vertex 0 0 0
      vertex 0 8.868629150101524 123.86862915010153
      vertex 0 9.111087627168637 123.66964862031593
    endloop
  endfacet
  facet normal -1 0 0
    outer loop
      vertex 0 0 0
      vertex 0 9.111087627168637 123.66964862031593
      vertex 0 9.387706508215857 123.52179274798195
    endloop
  endfacet
  facet normal -1 0 0
    outer loop
      vertex 0 0 0
      vertex 0 9.387706508215857 123.52179274798195
      vertex 0 9.687855484774195 123.43074355135484
    endloop
  endfacet
  facet normal -1 0 0
    outer loop
      vertex 0 0 0
      vertex 0 9.687855484774195 123.43074355135484
      vertex 0 10 123.4
    endloop
  endfacet
  facet normal -1 0 0
    outer loop
      vertex 0 0 0
      vertex 0 8.4 175
      vertex 0 8.430743551354832 174.6878554847742
    endloop
  endfacet
  facet normal -1 0 0
    outer loop
      vertex 0 0 0
      vertex 0 8.430743551354832 174.6878554847742
      vertex 0 8.52179274798194 174.38770650821584
    endloop
  endfacet
  facet normal -1 0 0
    outer loop
      vertex 0 0 0
      vertex 0 8.52179274798194 174.38770650821584
      vertex 0 8.669648620315927 174.11108762716864
    endloop
  endfacet
  facet normal -1 0 0
    outer loop
      vertex 0 0 0
      vertex 0 8.669648620315927 174.11108762716864
      vertex 0 8.868629150101524 173.86862915010153
    endloop
  endfacet
  facet normal -1 0 0
    outer loop
      vertex 0 0 0
      vertex 0 8.868629150101524 173.86862915010153
      vertex 0 9.111087627168637 173.66964862031594
    endloop
  endfacet
  facet normal -1 0 0
    outer loop
      vertex 0 0 0
      vertex 0 9.111087627168637 173.66964862031594
      vertex 0 9.387706508215857 173.52179274798195
    endloop
  endfacet
  facet normal -1 0 0
    outer loop
      vertex 0 0 0
      vertex 0 11.569256448645168 174.6878554847742
      vertex 0 8.4 125
    endloop
  endfacet
  facet normal -1 0 0
    outer loop
      vertex 0 0 0
      vertex 0 9.387706508215857 173.52179274798195
      vertex 0 9.687855484774195 173.43074355135482
    endloop
  endfacet
  facet normal -1 0 0
    outer loop
      vertex 0 0 0
      vertex 0 9.687855484774195 173.43074355135482
      vertex 0 10 173.4
    endloop
  endfacet
  facet normal -1 0 0
    outer loop
      vertex 0 0 0
      vertex 0 10 173.4
      vertex 0 10.312144515225805 173.43074355135482
    endloop
  endfacet
  facet normal -1 0 0
    outer loop
      vertex 0 0 0
      vertex 0 10.312144515225805 173.43074355135482
      vertex 0 10.612293491784143 173.52179274798195
    endloop
  endfacet
  facet normal -1 0 0
    outer loop
      vertex 0 0 0
      vertex 0 10.612293491784143 173.52179274798195
      vertex 0 10.888912372831363 173.66964862031594
    endloop
  endfacet
  facet normal -1 0 0
    outer loop
      vertex 0 0 0
      vertex 0 10.888912372831363 173.66964862031594
      vertex 0 11.131370849898476 173.86862915010153
    endloop
  endfacet
  facet normal -1 0 0
    outer loop
      vertex 0 0 0
      vertex 0 11.131370849898476 173.86862915010153
      vertex 0 11.330351379684073 174.11108762716864
    endloop
  endfacet
  facet normal -1 0 0
    outer loop
      vertex 0 10 123.4
      vertex 0 8.430743551354832 75.31214451522581
      vertex 0 8.4 75
    endloop
  endfacet
  facet normal -1 0 0
    outer loop
      vertex 0 10 123.4
      vertex 0 8.52179274798194 75.61229349178414
      vertex 0 8.430743551354832 75.31214451522581
    endloop
  endfacet
  facet normal -1 0 0
    outer loop
      vertex 0 10 123.4
      vertex 0 8.669648620315927 75.88891237283136
      vertex 0 8.52179274798194 75.61229349178414
    endloop
  endfacet
  facet normal -1 0 0
    outer loop
      vertex 0 10 123.4
      vertex 0 8.868629150101524 76.13137084989847
      vertex 0 8.669648620315927 75.88891237283136
    endloop
  endfacet
  facet normal -1 0 0
    outer loop
      vertex 0 10 123.4
      vertex 0 9.111087627168637 76.33035137968407
      vertex 0 8.868629150101524 76.13137084989847
    endloop
  endfacet
  facet normal -1 0 0
    outer loop
      vertex 0 10 123.4
      vertex 0 9.387706508215857 76.47820725201805
      vertex 0 9.111087627168637 76.33035137968407
    endloop
  endfacet
  facet normal -1 0 0
    outer loop
      vertex 0 10 123.4
      vertex 0 9.687855484774195 76.56925644864516
      vertex 0 9.387706508215857 76.47820725201805
    endloop
  endfacet
  facet normal -1 0 0
    outer loop
      vertex 0 10 123.4
      vertex 0 10 76.6
      vertex 0 9.687855484774195 76.56925644864516
    endloop
  endfacet
  facet normal -1 0 0
    outer loop
      vertex 0 0 0
      vertex 0 11.330351379684073 174.11108762716864
      vertex 0 11.47820725201806 174.38770650821584
    endloop
  endfacet
  facet normal -1 0 0
    outer loop
      vertex 0 0 0
      vertex 0 11.47820725201806 174.38770650821584
      vertex 0 11.569256448645168 174.6878554847742
    endloop
  endfacet
  facet normal 0 -1 0
    outer loop
      vertex 0 0 0
      vertex 8.430743551354832 0 49.6878554847742
      vertex 8.4 0 50
    endloop
  endfacet
  facet normal 0 -1 0
    outer loop
      vertex 0 0 0
      vertex 8.52179274798194 0 49.38770650821586
      vertex 8.430743551354832 0 49.6878554847742
    endloop
  endfacet
  facet normal 0 -1 0
    outer loop
      vertex 0 0 0
      vertex 8.669648620315927 0 49.11108762716864
      vertex 8.52179274798194 0 49.38770650821586
    endloop
  endfacet
  facet normal 0 -1 0
    outer loop
      vertex 0 0 0
      vertex 8.868629150101524 0 48.868629150101526
      vertex 8.669648620315927 0 49.11108762716864
    endloop
  endfacet
  facet normal 0 -1 0
    outer loop
      vertex 0 0 0
      vertex 9.111087627168637 0 48.669648620315925
      vertex 8.868629150101524 0 48.868629150101526
    endloop
  endfacet
  facet normal 0 -1 0
    outer loop
      vertex 0 0 0
      vertex 9.387706508215857 0 48.52179274798194
      vertex 9.111087627168637 0 48.669648620315925
    endloop
  endfacet
  facet normal 0 -1 0
    outer loop
      vertex 0 0 0
      vertex 8.4 0 50
      vertex 8.4 0 100
    endloop
  endfacet
  facet normal 0 -1 0
    outer loop
      vertex 0 0 0
      vertex 9.687855484774195 0 48.43074355135483
      vertex 9.387706508215857 0 48.52179274798194
    endloop
  endfacet
  facet normal 0 -1 0
    outer loop
      vertex 0 0 0
      vertex 10 0 48.4
      vertex 9.687855484774195 0 48.43074355135483
    endloop
  endfacet
  facet normal 0 -1 0
    outer loop
      vertex 0 0 0
      vertex 8.430743551354832 0 149.6878554847742
      vertex 8.4 0 150
    endloop
  endfacet
  facet normal 0 -1 0
    outer loop
      vertex 0 0 0
      vertex 8.669648620315927 0 149.11108762716864
      vertex 8.52179274798194 0 149.38770650821584
    endloop
  endfacet
  facet normal 0 -1 0
    outer loop
      vertex 0 0 0
      vertex 8.52179274798194 0 149.38770650821584
      vertex 8.430743551354832 0 149.6878554847742
    endloop
  endfacet
  facet normal 0 -1 0
    outer loop
      vertex 0 0 0
      vertex 8.868629150101524 0 148.86862915010153
      vertex 8.669648620315927 0 149.11108762716864
    endloop
  endfacet
  facet normal 0 -1 0
    outer loop
      vertex 0 0 0
      vertex 9.111087627168637 0 148.66964862031594
      vertex 8.868629150101524 0 148.86862915010153
    endloop
  endfacet
  facet normal 0 -1 0
    outer loop
      vertex 0 0 0
      vertex 9.387706508215857 0 148.52179274798195
      vertex 9.111087627168637 0 148.66964862031594
    endloop
  endfacet
  facet normal 0 -1 0
    outer loop
      vertex 0 0 0
      vertex 9.687855484774195 0 148.43074355135482
      vertex 9.387706508215857 0 148.52179274798195
    endloop
  endfacet
  facet normal 0 -1 0
    outer loop
      vertex 0 0 0
      vertex 10 0 148.4
      vertex 9.687855484774195 0 148.43074355135482
    endloop
  endfacet
  facet normal 0 -1 0
    outer loop
      vertex 0 0 0
      vertex 10.312144515225805 0 148.43074355135482
      vertex 10 0 148.4
    endloop
  endfacet
  facet normal 0 -1 0
    outer loop
      vertex 0 0 0
      vertex 10.612293491784143 0 148.52179274798195
      vertex 10.312144515225805 0 148.43074355135482
    endloop
  endfacet
  facet normal 0 -1 0
    outer loop
      vertex 0 0 0
      vertex 10.888912372831363 0 148.66964862031594
      vertex 10.612293491784143 0 148.52179274798195
    endloop
  endfacet
  facet normal 0 -1 0
    outer loop
      vertex 0 0 0
      vertex 11.131370849898476 0 148.86862915010153
      vertex 10.888912372831363 0 148.66964862031594
    endloop
  endfacet
  facet normal 0 -1 0
    outer loop
      vertex 0 0 0
      vertex 11.330351379684073 0 149.11108762716864
      vertex 11.131370849898476 0 148.86862915010153
    endloop
  endfacet
  facet normal 0 -1 0
    outer loop
      vertex 8.4 0 50
      vertex 8.430743551354832 0 50.3121445152258
      vertex 8.4 0 100
    endloop
  endfacet
  facet normal 0 -1 0
    outer loop
      vertex 8.430743551354832 0 50.3121445152258
      vertex 8.52179274798194 0 50.61229349178414
      vertex 8.430743551354832 0 99.68785548477419
    endloop
  endfacet
  facet normal 0 -1 0
    outer loop
      vertex 8.52179274798194 0 50.61229349178414
      vertex 8.669648620315927 0 50.88891237283136
      vertex 8.52179274798194 0 99.38770650821586
    endloop
  endfacet
  facet normal 0 -1 0
    outer loop
      vertex 8.669648620315927 0 50.88891237283136
      vertex 8.868629150101524 0 51.131370849898474
      vertex 8.669648620315927 0 99.11108762716864
    endloop
  endfacet
  facet normal 0 -1 0
    outer loop
      vertex 8.430743551354832 0 50.3121445152258
      vertex 8.430743551354832 0 99.68785548477419
      vertex 8.4 0 100
    endloop
  endfacet
  facet normal 0 -1 0
    outer loop
      vertex 8.52179274798194 0 50.61229349178414
      vertex 8.52179274798194 0 99.38770650821586
      vertex 8.430743551354832 0 99.68785548477419
    endloop
  endfacet
  facet normal 0 -1 0
    outer loop
      vertex 8.669648620315927 0 50.88891237283136
      vertex 8.669648620315927 0 99.11108762716864
      vertex 8.52179274798194 0 99.38770650821586
    endloop
  endfacet
  facet normal 0 -1 0
    outer loop
      vertex 8.868629150101524 0 51.131370849898474
      vertex 9.111087627168637 0 51.330351379684075
      vertex 8.868629150101524 0 98.86862915010153
    endloop
  endfacet
  facet normal 0 -1 0
    outer loop
      vertex 9.387706508215857 0 51.47820725201806
      vertex 9.111087627168637 0 98.66964862031593
      vertex 9.111087627168637 0 51.330351379684075
    endloop
  endfacet
  facet normal 0 -1 0
    outer loop
      vertex 9.687855484774195 0 51.56925644864517
      vertex 9.387706508215857 0 98.52179274798195
      vertex 9.387706508215857 0 51.47820725201806
    endloop
  endfacet
  facet normal 0 -1 0
    outer loop
      vertex 9.687855484774195 0 51.56925644864517
      vertex 10 0 51.6
      vertex 9.687855484774195 0 98.43074355135484
    endloop
  endfacet
  facet normal 0 -1 0
    outer loop
      vertex 8.868629150101524 0 51.131370849898474
      vertex 8.868629150101524 0 98.86862915010153
      vertex 8.669648620315927 0 99.11108762716864
    endloop
  endfacet
  facet normal 0 -1 0
    outer loop
      vertex 9.111087627168637 0 51.330351379684075
      vertex 9.111087627168637 0 98.66964862031593
      vertex 8.868629150101524 0 98.86862915010153
    endloop
  endfacet
  facet normal 0 -1 0
    outer loop
      vertex 9.387706508215857 0 51.47820725201806
      vertex 9.387706508215857 0 98.52179274798195
      vertex 9.111087627168637 0 98.66964862031593
    endloop
  endfacet
  facet normal 0 -1 0
    outer loop
      vertex 9.687855484774195 0 51.56925644864517
      vertex 9.687855484774195 0 98.43074355135484
      vertex 9.387706508215857 0 98.52179274798195
    endloop
  endfacet
  facet normal 0 -1 0
    outer loop
      vertex 10 0 51.6
      vertex 10 0 98.4
      vertex 9.687855484774195 0 98.43074355135484
    endloop
  endfacet
  facet normal 0 -1 0
    outer loop
      vertex 0 0 0
      vertex 11.47820725201806 0 149.38770650821584
      vertex 11.330351379684073 0 149.11108762716864
    endloop
  endfacet
  facet normal 0 -1 0
    outer loop
      vertex 0 0 0
      vertex 11.569256448645168 0 149.6878554847742
      vertex 11.47820725201806 0 149.38770650821584
    endloop
  endfacet
  facet normal 0 -1 0
    outer loop
      vertex 0 0 0
      vertex 11.6 0 150
      vertex 11.569256448645168 0 149.6878554847742
    endloop
  endfacet
  facet normal 0 -1 0
    outer loop
      vertex 0 0 0
      vertex 8.4 0 100
      vertex 20 0 250
    endloop
  endfacet
  facet normal -1 0 0
    outer loop
      vertex 0 0 0
      vertex 0 0 250
      vertex 0 8.4 175
    endloop
  endfacet
  facet normal 0 -1 0
    outer loop
      vertex 0 0 0
      vertex 8.4 0 150
      vertex 0 0 250
    endloop
  endfacet
  facet normal -1 0 0
    outer loop
      vertex 0 8.430743551354832 125.31214451522581
      vertex 0 8.4 125
      vertex 0 11.569256448645168 174.6878554847742
    endloop
  endfacet
  facet normal -1 0 0
    outer loop
      vertex 0 0 250
      vertex 0 7.45 215
      vertex 0 8.4 175
    endloop
  endfacet
  facet normal -1 0 0
    outer loop
      vertex 0 0 250
      vertex 0 8.4 225
      vertex 0 7.45 215
    endloop
  endfacet
  facet normal -1 0 0
    outer loop
      vertex 0 0 250
      vertex 0 8.430743551354832 225.3121445152258
      vertex 0 8.4 225
    endloop
  endfacet
  facet normal -1 0 0
    outer loop
      vertex 0 0 250
      vertex 0 8.52179274798194 225.61229349178416
      vertex 0 8.430743551354832 225.3121445152258
    endloop
  endfacet
  facet normal -1 0 0
    outer loop
      vertex 0 0 250
      vertex 0 8.669648620315927 225.88891237283136
      vertex 0 8.52179274798194 225.61229349178416
    endloop
  endfacet
  facet normal -1 0 0
    outer loop
      vertex 0 0 250
      vertex 0 8.868629150101524 226.13137084989847
      vertex 0 8.669648620315927 225.88891237283136
    endloop
  endfacet
  facet normal -1 0 0
    outer loop
      vertex 0 0 250
      vertex 0 9.111087627168637 226.33035137968406
      vertex 0 8.868629150101524 226.13137084989847
    endloop
  endfacet
  facet normal -1 0 0
    outer loop
      vertex 0 0 250
      vertex 0 9.387706508215857 226.47820725201805
      vertex 0 9.111087627168637 226.33035137968406
    endloop
  endfacet
  facet normal -1 0 0
    outer loop
      vertex 0 8.4 175
      vertex 0 7.45 215
      vertex 0 7.498997534971762 214.50251967885887
    endloop
  endfacet
  facet normal -1 0 0
    outer loop
      vertex 0 8.4 175
      vertex 0 7.498997534971762 214.50251967885887
      vertex 0 7.644107192096219 214.02415724746902
    endloop
  endfacet
  facet normal -1 0 0
    outer loop
      vertex 0 8.4 175
      vertex 0 7.644107192096219 214.02415724746902
      vertex 0 7.87975248862851 213.58329590580001
    endloop
  endfacet
  facet normal -1 0 0
    outer loop
      vertex 0 8.430743551354832 175.3121445152258
      vertex 0 8.4 175
      vertex 0 7.87975248862851 213.58329590580001
    endloop
  endfacet
  facet normal -1 0 0
    outer loop
      vertex 0 8.52179274798194 175.61229349178416
      vertex 0 8.430743551354832 175.3121445152258
      vertex 0 8.196877707974304 213.1968777079743
    endloop
  endfacet
  facet normal -1 0 0
    outer loop
      vertex 0 8.52179274798194 175.61229349178416
      vertex 0 8.583295905800014 212.8797524886285
      vertex 0 8.669648620315927 175.88891237283136
    endloop
  endfacet
  facet normal -1 0 0
    outer loop
      vertex 0 8.669648620315927 175.88891237283136
      vertex 0 8.583295905800014 212.8797524886285
      vertex 0 8.868629150101524 176.13137084989847
    endloop
  endfacet
  facet normal -1 0 0
    outer loop
      vertex 0 8.430743551354832 175.3121445152258
      vertex 0 7.87975248862851 213.58329590580001
      vertex 0 8.196877707974304 213.1968777079743
    endloop
  endfacet
  facet normal -1 0 0
    outer loop
      vertex 0 8.52179274798194 175.61229349178416
      vertex 0 8.196877707974304 213.1968777079743
      vertex 0 8.583295905800014 212.8797524886285
    endloop
  endfacet
  facet normal -1 0 0
    outer loop
      vertex 0 7.45 215
      vertex 0 8.4 225
      vertex 0 7.498997534971762 215.49748032114113
    endloop
  endfacet
  facet normal -1 0 0
    outer loop
      vertex 0 8.868629150101524 176.13137084989847
      vertex 0 8.583295905800014 212.8797524886285
      vertex 0 9.111087627168637 176.33035137968406
    endloop
  endfacet
  facet normal -1 0 0
    outer loop
      vertex 0 9.111087627168637 176.33035137968406
      vertex 0 9.024157247469022 212.64410719209621
      vertex 0 9.387706508215857 176.47820725201805
    endloop
  endfacet
  facet normal -1 0 0
    outer loop
      vertex 0 9.111087627168637 176.33035137968406
      vertex 0 8.583295905800014 212.8797524886285
      vertex 0 9.024157247469022 212.64410719209621
    endloop
  endfacet
  facet normal -1 0 0
    outer loop
      vertex 0 9.387706508215857 176.47820725201805
      vertex 0 9.024157247469022 212.64410719209621
      vertex 0 9.502519678858873 212.49899753497175
    endloop
  endfacet
  facet normal -1 0 0
    outer loop
      vertex 0 9.387706508215857 176.47820725201805
      vertex 0 9.502519678858873 212.49899753497175
      vertex 0 9.687855484774195 176.56925644864518
    endloop
  endfacet
  facet normal -1 0 0
    outer loop
      vertex 0 9.687855484774195 176.56925644864518
      vertex 0 10 212.45
      vertex 0 10 176.6
    endloop
  endfacet
  facet normal -1 0 0
    outer loop
      vertex 0 9.687855484774195 176.56925644864518
      vertex 0 9.502519678858873 212.49899753497175
      vertex 0 10 212.45
    endloop
  endfacet
  facet normal -1 0 0
    outer loop
      vertex 0 7.498997534971762 215.49748032114113
      vertex 0 8.4 225
      vertex 0 7.644107192096219 215.97584275253098
    endloop
  endfacet
  facet normal -1 0 0
    outer loop
      vertex 0 7.644107192096219 215.97584275253098
      vertex 0 8.430743551354832 224.6878554847742
      vertex 0 7.87975248862851 216.41670409419999
    endloop
  endfacet
  facet normal -1 0 0
    outer loop
      vertex 0 7.87975248862851 216.41670409419999
      vertex 0 8.52179274798194 224.38770650821584
      vertex 0 8.196877707974304 216.8031222920257
    endloop
  endfacet
  facet normal -1 0 0
    outer loop
      vertex 0 7.644107192096219 215.97584275253098
      vertex 0 8.4 225
      vertex 0 8.430743551354832 224.6878554847742
    endloop
  endfacet
  facet normal -1 0 0
    outer loop
      vertex 0 7.87975248862851 216.41670409419999
      vertex 0 8.430743551354832 224.6878554847742
      vertex 0 8.52179274798194 224.38770650821584
    endloop
  endfacet
  facet normal -1 0 0
    outer loop
      vertex 0 8.583295905800014 217.1202475113715
      vertex 0 8.196877707974304 216.8031222920257
      vertex 0 8.868629150101524 223.86862915010153
    endloop
  endfacet
  facet normal -1 0 0
    outer loop
      vertex 0 8.196877707974304 216.8031222920257
      vertex 0 8.52179274798194 224.38770650821584
      vertex 0 8.669648620315927 224.11108762716864
    endloop
  endfacet
  facet normal -1 0 0
    outer loop
      vertex 0 8.196877707974304 216.8031222920257
      vertex 0 8.669648620315927 224.11108762716864
      vertex 0 8.868629150101524 223.86862915010153
    endloop
  endfacet
  facet normal -1 0 0
    outer loop
      vertex 0 8.583295905800014 217.1202475113715
      vertex 0 8.868629150101524 223.86862915010153
      vertex 0 9.111087627168637 223.66964862031594
    endloop
  endfacet
  facet normal -1 0 0
    outer loop
      vertex 0 9.024157247469022 217.35589280790379
      vertex 0 8.583295905800014 217.1202475113715
      vertex 0 9.387706508215857 223.52179274798195
    endloop
  endfacet
  facet normal -1 0 0
    outer loop
      vertex 0 8.583295905800014 217.1202475113715
      vertex 0 9.111087627168637 223.66964862031594
      vertex 0 9.387706508215857 223.52179274798195
    endloop
  endfacet
  facet normal -1 0 0
    outer loop
      vertex 0 9.024157247469022 217.35589280790379
      vertex 0 9.387706508215857 223.52179274798195
      vertex 0 9.687855484774195 223.43074355135482
    endloop
  endfacet
  facet normal -1 0 0
    outer loop
      vertex 0 9.502519678858873 217.50100246502825
      vertex 0 9.024157247469022 217.35589280790379
      vertex 0 9.687855484774195 223.43074355135482
    endloop
  endfacet
  facet normal -1 0 0
    outer loop
      vertex 0 9.502519678858873 217.50100246502825
      vertex 0 10 223.4
      vertex 0 10 217.55
    endloop
  endfacet
  facet normal -1 0 0
    outer loop
      vertex 0 9.502519678858873 217.50100246502825
      vertex 0 9.687855484774195 223.43074355135482
      vertex 0 10 223.4
    endloop
  endfacet
  facet normal -1 0 0
    outer loop
      vertex 0 0 250
      vertex 0 20 250
      vertex 0 9.387706508215857 226.47820725201805
    endloop
  endfacet
  facet normal 0 -1 0
    outer loop
      vertex 0 0 250
      vertex 8.4 0 150
      vertex 8.430743551354832 0 150.3121445152258
    endloop
  endfacet
  facet normal 0 -1 0
    outer loop
      vertex 8.430743551354832 0 150.3121445152258
      vertex 8.52179274798194 0 150.61229349178416
      vertex 8.430743551354832 0 199.6878554847742
    endloop
  endfacet
  facet normal 0 -1 0
    outer loop
      vertex 8.52179274798194 0 150.61229349178416
      vertex 8.669648620315927 0 150.88891237283136
      vertex 8.52179274798194 0 199.38770650821584
    endloop
  endfacet
  facet normal 0 -1 0
    outer loop
      vertex 8.669648620315927 0 150.88891237283136
      vertex 8.868629150101524 0 151.13137084989847
      vertex 8.669648620315927 0 199.11108762716864
    endloop
  endfacet
  facet normal 0 -1 0
    outer loop
      vertex 8.52179274798194 0 150.61229349178416
      vertex 8.52179274798194 0 199.38770650821584
      vertex 8.430743551354832 0 199.6878554847742
    endloop
  endfacet
  facet normal 0 -1 0
    outer loop
      vertex 8.669648620315927 0 150.88891237283136
      vertex 8.669648620315927 0 199.11108762716864
      vertex 8.52179274798194 0 199.38770650821584
    endloop
  endfacet
  facet normal 0 -1 0
    outer loop
      vertex 8.868629150101524 0 151.13137084989847
      vertex 9.111087627168637 0 151.33035137968406
      vertex 8.868629150101524 0 198.86862915010153
    endloop
  endfacet
  facet normal 0 -1 0
    outer loop
      vertex 9.387706508215857 0 151.47820725201805
      vertex 9.111087627168637 0 198.66964862031594
      vertex 9.111087627168637 0 151.33035137968406
    endloop
  endfacet
  facet normal 0 -1 0
    outer loop
      vertex 9.687855484774195 0 151.56925644864518
      vertex 9.387706508215857 0 198.52179274798195
      vertex 9.387706508215857 0 151.47820725201805
    endloop
  endfacet
  facet normal 0 -1 0
    outer loop
      vertex 9.687855484774195 0 151.56925644864518
      vertex 10 0 151.6
      vertex 9.687855484774195 0 198.43074355135482
    endloop
  endfacet
  facet normal 0 -1 0
    outer loop
      vertex 8.868629150101524 0 151.13137084989847
      vertex 8.868629150101524 0 198.86862915010153
      vertex 8.669648620315927 0 199.11108762716864
    endloop
  endfacet
  facet normal 0 -1 0
    outer loop
      vertex 9.111087627168637 0 151.33035137968406
      vertex 9.111087627168637 0 198.66964862031594
      vertex 8.868629150101524 0 198.86862915010153
    endloop
  endfacet
  facet normal 0 -1 0
    outer loop
      vertex 9.387706508215857 0 151.47820725201805
      vertex 9.387706508215857 0 198.52179274798195
      vertex 9.111087627168637 0 198.66964862031594
    endloop
  endfacet
  facet normal 0 -1 0
    outer loop
      vertex 9.687855484774195 0 151.56925644864518
      vertex 9.687855484774195 0 198.43074355135482
      vertex 9.387706508215857 0 198.52179274798195
    endloop
  endfacet
  facet normal 0 -1 0
    outer loop
      vertex 10 0 151.6
      vertex 10 0 198.4
      vertex 9.687855484774195 0 198.43074355135482
    endloop
  endfacet
  facet normal 0 -1 0
    outer loop
      vertex 0 0 250
      vertex 8.430743551354832 0 150.3121445152258
      vertex 8.430743551354832 0 199.6878554847742
    endloop
  endfacet
  facet normal 0 -1 0
    outer loop
      vertex 0 0 250
      vertex 8.430743551354832 0 199.6878554847742
      vertex 8.4 0 200
    endloop
  endfacet
  facet normal 0 -1 0
    outer loop
      vertex 0 0 250
      vertex 8.4 0 200
      vertex 8.430743551354832 0 200.3121445152258
    endloop
  endfacet
  facet normal 0 -1 0
    outer loop
      vertex 0 0 250
      vertex 8.430743551354832 0 200.3121445152258
      vertex 8.52179274798194 0 200.61229349178416
    endloop
  endfacet
  facet normal 0 -1 0
    outer loop
      vertex 0 0 250
      vertex 8.52179274798194 0 200.61229349178416
      vertex 8.669648620315927 0 200.88891237283136
    endloop
  endfacet
  facet normal 0 -1 0
    outer loop
      vertex 0 0 250
      vertex 8.669648620315927 0 200.88891237283136
      vertex 8.868629150101524 0 201.13137084989847
    endloop
  endfacet
  facet normal 0 -1 0
    outer loop
      vertex 0 0 250
      vertex 8.868629150101524 0 201.13137084989847
      vertex 9.111087627168637 0 201.33035137968406
    endloop
  endfacet
  facet normal 0 -1 0
    outer loop
      vertex 0 0 250
      vertex 9.111087627168637 0 201.33035137968406
      vertex 9.387706508215857 0 201.47820725201805
    endloop
  endfacet
  facet normal 0 -1 0
    outer loop
      vertex 0 0 250
      vertex 9.387706508215857 0 201.47820725201805
      vertex 9.687855484774195 0 201.56925644864518
    endloop
  endfacet
  facet normal 0 -1 0
    outer loop
      vertex 0 0 250
      vertex 9.687855484774195 0 201.56925644864518
      vertex 20 0 250
    endloop
  endfacet
  facet normal 0 0 1
    outer loop
      vertex 0 0 250
      vertex 20 0 250
      vertex 0 20 250
    endloop
  endfacet
  facet normal -1 0 0
    outer loop
      vertex 0 10 26.6
      vertex 0 10.497480321141127 32.498997534971764
      vertex 0 10.312144515225805 26.56925644864517
    endloop
  endfacet
  facet normal -1 0 0
    outer loop
      vertex 0 10 32.45
      vertex 0 10.497480321141127 32.498997534971764
      vertex 0 10 26.6
    endloop
  endfacet
  facet normal -1 0 0
    outer loop
      vertex 0 10.497480321141127 32.498997534971764
      vertex 0 10.612293491784143 26.47820725201806
      vertex 0 10.312144515225805 26.56925644864517
    endloop
  endfacet
  facet normal -1 0 0
    outer loop
      vertex 0 10.497480321141127 32.498997534971764
      vertex 0 10.975842752530978 32.64410719209622
      vertex 0 10.612293491784143 26.47820725201806
    endloop
  endfacet
  facet normal -1 0 0
    outer loop
      vertex 0 10.975842752530978 32.64410719209622
      vertex 0 10.888912372831363 26.33035137968407
      vertex 0 10.612293491784143 26.47820725201806
    endloop
  endfacet
  facet normal -1 0 0
    outer loop
      vertex 0 11.416704094199986 32.87975248862851
      vertex 0 11.131370849898476 26.131370849898477
      vertex 0 10.888912372831363 26.33035137968407
    endloop
  endfacet
  facet normal -1 0 0
    outer loop
      vertex 0 10.975842752530978 32.64410719209622
      vertex 0 11.416704094199986 32.87975248862851
      vertex 0 10.888912372831363 26.33035137968407
    endloop
  endfacet
  facet normal -1 0 0
    outer loop
      vertex 0 11.803122292025696 33.1968777079743
      vertex 0 11.330351379684073 25.888912372831363
      vertex 0 11.131370849898476 26.131370849898477
    endloop
  endfacet
  facet normal -1 0 0
    outer loop
      vertex 0 11.416704094199986 32.87975248862851
      vertex 0 11.803122292025696 33.1968777079743
      vertex 0 11.131370849898476 26.131370849898477
    endloop
  endfacet
  facet normal -1 0 0
    outer loop
      vertex 0 11.47820725201806 25.612293491784143
      vertex 0 11.330351379684073 25.888912372831363
      vertex 0 12.12024751137149 33.583295905800014
    endloop
  endfacet
  facet normal -1 0 0
    outer loop
      vertex 0 11.569256448645168 25.312144515225807
      vertex 0 11.47820725201806 25.612293491784143
      vertex 0 12.355892807903782 34.02415724746902
    endloop
  endfacet
  facet normal -1 0 0
    outer loop
      vertex 0 11.803122292025696 33.1968777079743
      vertex 0 12.12024751137149 33.583295905800014
      vertex 0 11.330351379684073 25.888912372831363
    endloop
  endfacet
  facet normal -1 0 0
    outer loop
      vertex 0 12.355892807903782 34.02415724746902
      vertex 0 11.47820725201806 25.612293491784143
      vertex 0 12.12024751137149 33.583295905800014
    endloop
  endfacet
  facet normal -1 0 0
    outer loop
      vertex 0 10.497480321141127 37.501002465028236
      vertex 0 10 37.55
      vertex 0 10.312144515225805 73.43074355135484
    endloop
  endfacet
  facet normal -1 0 0
    outer loop
      vertex 0 10 73.4
      vertex 0 10.312144515225805 73.43074355135484
      vertex 0 10 37.55
    endloop
  endfacet
  facet normal -1 0 0
    outer loop
      vertex 0 10.497480321141127 37.501002465028236
      vertex 0 10.312144515225805 73.43074355135484
      vertex 0 10.612293491784143 73.52179274798195
    endloop
  endfacet
  facet normal -1 0 0
    outer loop
      vertex 0 10.975842752530978 37.35589280790378
      vertex 0 10.497480321141127 37.501002465028236
      vertex 0 10.612293491784143 73.52179274798195
    endloop
  endfacet
  facet normal -1 0 0
    outer loop
      vertex 0 11.416704094199986 37.12024751137149
      vertex 0 10.975842752530978 37.35589280790378
      vertex 0 10.888912372831363 73.66964862031593
    endloop
  endfacet
  facet normal -1 0 0
    outer loop
      vertex 0 10.975842752530978 37.35589280790378
      vertex 0 10.612293491784143 73.52179274798195
      vertex 0 10.888912372831363 73.66964862031593
    endloop
  endfacet
  facet normal -1 0 0
    outer loop
      vertex 0 11.416704094199986 37.12024751137149
      vertex 0 10.888912372831363 73.66964862031593
      vertex 0 11.131370849898476 73.86862915010153
    endloop
  endfacet
  facet normal -1 0 0
    outer loop
      vertex 0 11.416704094199986 37.12024751137149
      vertex 0 11.131370849898476 73.86862915010153
      vertex 0 11.803122292025696 36.8031222920257
    endloop
  endfacet
  facet normal -1 0 0
    outer loop
      vertex 0 11.803122292025696 36.8031222920257
      vertex 0 11.330351379684073 74.11108762716864
      vertex 0 12.12024751137149 36.416704094199986
    endloop
  endfacet
  facet normal -1 0 0
    outer loop
      vertex 0 11.803122292025696 36.8031222920257
      vertex 0 11.131370849898476 73.86862915010153
      vertex 0 11.330351379684073 74.11108762716864
    endloop
  endfacet
  facet normal -1 0 0
    outer loop
      vertex 0 12.12024751137149 36.416704094199986
      vertex 0 11.330351379684073 74.11108762716864
      vertex 0 11.47820725201806 74.38770650821586
    endloop
  endfacet
  facet normal -1 0 0
    outer loop
      vertex 0 12.355892807903782 35.97584275253098
      vertex 0 11.47820725201806 74.38770650821586
      vertex 0 11.569256448645168 74.68785548477419
    endloop
  endfacet
  facet normal -1 0 0
    outer loop
      vertex 0 12.12024751137149 36.416704094199986
      vertex 0 11.47820725201806 74.38770650821586
      vertex 0 12.355892807903782 35.97584275253098
    endloop
  endfacet
  facet normal -1 0 0
    outer loop
      vertex 0 12.355892807903782 35.97584275253098
      vertex 0 11.569256448645168 74.68785548477419
      vertex 0 12.501002465028238 35.497480321141126
    endloop
  endfacet
  facet normal -1 0 0
    outer loop
      vertex 0 12.501002465028238 35.497480321141126
      vertex 0 11.569256448645168 74.68785548477419
      vertex 0 11.6 75
    endloop
  endfacet
  facet normal -1 0 0
    outer loop
      vertex 0 20 0
      vertex 0 9.687855484774195 23.43074355135483
      vertex 0 10 23.4
    endloop
  endfacet
  facet normal -1 0 0
    outer loop
      vertex 0 20 0
      vertex 0 10 23.4
      vertex 0 10.312144515225805 23.43074355135483
    endloop
  endfacet
  facet normal -1 0 0
    outer loop
      vertex 0 20 0
      vertex 0 9.387706508215857 23.52179274798194
      vertex 0 9.687855484774195 23.43074355135483
    endloop
  endfacet
  facet normal -1 0 0
    outer loop
      vertex 0 20 0
      vertex 0 10.312144515225805 23.43074355135483
      vertex 0 10.612293491784143 23.52179274798194
    endloop
  endfacet
  facet normal -1 0 0
    outer loop
      vertex 0 20 0
      vertex 0 10.612293491784143 23.52179274798194
      vertex 0 10.888912372831363 23.66964862031593
    endloop
  endfacet
  facet normal -1 0 0
    outer loop
      vertex 0 20 0
      vertex 0 10.888912372831363 23.66964862031593
      vertex 0 11.131370849898476 23.868629150101523
    endloop
  endfacet
  facet normal -1 0 0
    outer loop
      vertex 0 20 0
      vertex 0 11.131370849898476 23.868629150101523
      vertex 0 11.330351379684073 24.111087627168637
    endloop
  endfacet
  facet normal -1 0 0
    outer loop
      vertex 0 20 0
      vertex 0 11.330351379684073 24.111087627168637
      vertex 0 11.47820725201806 24.387706508215857
    endloop
  endfacet
  facet normal -1 0 0
    outer loop
      vertex 0 20 0
      vertex 0 11.47820725201806 24.387706508215857
      vertex 0 11.569256448645168 24.687855484774193
    endloop
  endfacet
  facet normal -1 0 0
    outer loop
      vertex 0 20 0
      vertex 0 11.569256448645168 24.687855484774193
      vertex 0 11.6 25
    endloop
  endfacet
  facet normal -1 0 0
    outer loop
      vertex 0 20 0
      vertex 0 11.6 25
      vertex 0 11.569256448645168 25.312144515225807
    endloop
  endfacet
  facet normal -1 0 0
    outer loop
      vertex 0 20 0
      vertex 0 11.569256448645168 25.312144515225807
      vertex 0 12.355892807903782 34.02415724746902
    endloop
  endfacet
  facet normal -1 0 0
    outer loop
      vertex 0 20 0
      vertex 0 12.355892807903782 34.02415724746902
      vertex 0 12.501002465028238 34.502519678858874
    endloop
  endfacet
  facet normal -1 0 0
    outer loop
      vertex 0 10 76.6
      vertex 0 10.312144515225805 123.43074355135484
      vertex 0 10.312144515225805 76.56925644864516
    endloop
  endfacet
  facet normal -1 0 0
    outer loop
      vertex 0 10.312144515225805 76.56925644864516
      vertex 0 10.612293491784143 123.52179274798195
      vertex 0 10.612293491784143 76.47820725201805
    endloop
  endfacet
  facet normal -1 0 0
    outer loop
      vertex 0 10.612293491784143 76.47820725201805
      vertex 0 10.888912372831363 123.66964862031593
      vertex 0 10.888912372831363 76.33035137968407
    endloop
  endfacet
  facet normal -1 0 0
    outer loop
      vertex 0 10.888912372831363 76.33035137968407
      vertex 0 11.131370849898476 123.86862915010153
      vertex 0 11.131370849898476 76.13137084989847
    endloop
  endfacet
  facet normal -1 0 0
    outer loop
      vertex 0 11.330351379684073 75.88891237283136
      vertex 0 11.131370849898476 76.13137084989847
      vertex 0 11.330351379684073 124.11108762716864
    endloop
  endfacet
  facet normal -1 0 0
    outer loop
      vertex 0 11.47820725201806 75.61229349178414
      vertex 0 11.330351379684073 75.88891237283136
      vertex 0 11.47820725201806 124.38770650821586
    endloop
  endfacet
  facet normal -1 0 0
    outer loop
      vertex 0 11.569256448645168 75.31214451522581
      vertex 0 11.47820725201806 75.61229349178414
      vertex 0 11.569256448645168 124.68785548477419
    endloop
  endfacet
  facet normal -1 0 0
    outer loop
      vertex 0 11.6 75
      vertex 0 11.569256448645168 75.31214451522581
      vertex 0 11.569256448645168 124.68785548477419
    endloop
  endfacet
  facet normal -1 0 0
    outer loop
      vertex 0 12.501002465028238 35.497480321141126
      vertex 0 11.6 75
      vertex 0 11.569256448645168 124.68785548477419
    endloop
  endfacet
  facet normal -1 0 0
    outer loop
      vertex 0 10 123.4
      vertex 0 10.312144515225805 123.43074355135484
      vertex 0 10 76.6
    endloop
  endfacet
  facet normal -1 0 0
    outer loop
      vertex 0 10.312144515225805 76.56925644864516
      vertex 0 10.312144515225805 123.43074355135484
      vertex 0 10.612293491784143 123.52179274798195
    endloop
  endfacet
  facet normal -1 0 0
    outer loop
      vertex 0 10.612293491784143 76.47820725201805
      vertex 0 10.612293491784143 123.52179274798195
      vertex 0 10.888912372831363 123.66964862031593
    endloop
  endfacet
  facet normal -1 0 0
    outer loop
      vertex 0 10.888912372831363 76.33035137968407
      vertex 0 10.888912372831363 123.66964862031593
      vertex 0 11.131370849898476 123.86862915010153
    endloop
  endfacet
  facet normal -1 0 0
    outer loop
      vertex 0 11.131370849898476 76.13137084989847
      vertex 0 11.131370849898476 123.86862915010153
      vertex 0 11.330351379684073 124.11108762716864
    endloop
  endfacet
  facet normal -1 0 0
    outer loop
      vertex 0 11.330351379684073 75.88891237283136
      vertex 0 11.330351379684073 124.11108762716864
      vertex 0 11.47820725201806 124.38770650821586
    endloop
  endfacet
  facet normal -1 0 0
    outer loop
      vertex 0 11.47820725201806 75.61229349178414
      vertex 0 11.47820725201806 124.38770650821586
      vertex 0 11.569256448645168 124.68785548477419
    endloop
  endfacet
  facet normal -1 0 0
    outer loop
      vertex 0 12.501002465028238 35.497480321141126
      vertex 0 11.569256448645168 124.68785548477419
      vertex 0 11.6 125
    endloop
  endfacet
  facet normal -1 0 0
    outer loop
      vertex 0 20 0
      vertex 0 12.501002465028238 34.502519678858874
      vertex 0 12.55 35
    endloop
  endfacet
  facet normal -1 0 0
    outer loop
      vertex 0 20 250
      vertex 0 12.55 35
      vertex 0 12.501002465028238 35.497480321141126
    endloop
  endfacet
  facet normal -1 0 0
    outer loop
      vertex 0 20 0
      vertex 0 12.55 35
      vertex 0 20 250
    endloop
  endfacet
  facet normal 0 1 0
    outer loop
      vertex 0 20 0
      vertex 0 20 250
      vertex 9 20 100
    endloop
  endfacet
  facet normal 0 0 -1
    outer loop
      vertex 0 0 0
      vertex 0 20 0
      vertex 20 20 0
    endloop
  endfacet
  facet normal 0 1 0
    outer loop
      vertex 0 20 0
      vertex 9.01921471959677 20 49.80490967798387
      vertex 9.076120467488714 20 49.61731656763491
    endloop
  endfacet
  facet normal 0 1 0
    outer loop
      vertex 0 20 0
      vertex 9.076120467488714 20 49.61731656763491
      vertex 9.168530387697455 20 49.4444297669804
    endloop
  endfacet
  facet normal 0 1 0
    outer loop
      vertex 0 20 0
      vertex 9.01921471959677 20 50.19509032201613
      vertex 9 20 50
    endloop
  endfacet
  facet normal 0 1 0
    outer loop
      vertex 0 20 0
      vertex 9 20 50
      vertex 9.01921471959677 20 49.80490967798387
    endloop
  endfacet
  facet normal 0 1 0
    outer loop
      vertex 0 20 0
      vertex 9.168530387697455 20 49.4444297669804
      vertex 9.292893218813452 20 49.292893218813454
    endloop
  endfacet
  facet normal 0 1 0
    outer loop
      vertex 0 20 0
      vertex 9.292893218813452 20 49.292893218813454
      vertex 9.444429766980399 20 49.16853038769745
    endloop
  endfacet
  facet normal 0 1 0
    outer loop
      vertex 0 20 0
      vertex 9.01921471959677 20 99.80490967798387
      vertex 9.01921471959677 20 50.19509032201613
    endloop
  endfacet
  facet normal 0 1 0
    outer loop
      vertex 0 20 0
      vertex 9.444429766980399 20 49.16853038769745
      vertex 9.61731656763491 20 49.076120467488714
    endloop
  endfacet
  facet normal 0 1 0
    outer loop
      vertex 0 20 0
      vertex 9.61731656763491 20 49.076120467488714
      vertex 9.804909677983872 20 49.01921471959677
    endloop
  endfacet
  facet normal 0 1 0
    outer loop
      vertex 0 20 0
      vertex 9.804909677983872 20 49.01921471959677
      vertex 20 20 0
    endloop
  endfacet
  facet normal 0 1 0
    outer loop
      vertex 0 20 0
      vertex 9 20 100
      vertex 9.01921471959677 20 99.80490967798387
    endloop
  endfacet
  facet normal 0 1 0
    outer loop
      vertex 9.076120467488714 20 50.38268343236509
      vertex 9.01921471959677 20 50.19509032201613
      vertex 9.076120467488714 20 99.61731656763492
    endloop
  endfacet
  facet normal 0 1 0
    outer loop
      vertex 9.168530387697455 20 50.5555702330196
      vertex 9.076120467488714 20 50.38268343236509
      vertex 9.168530387697455 20 99.44442976698039
    endloop
  endfacet
  facet normal 0 1 0
    outer loop
      vertex 9.292893218813452 20 50.707106781186546
      vertex 9.168530387697455 20 50.5555702330196
      vertex 9.292893218813452 20 99.29289321881345
    endloop
  endfacet
  facet normal 0 1 0
    outer loop
      vertex 9.444429766980399 20 50.83146961230255
      vertex 9.292893218813452 20 50.707106781186546
      vertex 9.444429766980399 20 99.16853038769746
    endloop
  endfacet
  facet normal 0 1 0
    outer loop
      vertex 9.61731656763491 20 50.923879532511286
      vertex 9.444429766980399 20 50.83146961230255
      vertex 9.61731656763491 20 99.0761204674887
    endloop
  endfacet
  facet normal 0 1 0
    outer loop
      vertex 9.804909677983872 20 50.98078528040323
      vertex 9.61731656763491 20 50.923879532511286
      vertex 9.804909677983872 20 99.01921471959677
    endloop
  endfacet
  facet normal 0 1 0
    outer loop
      vertex 10 20 51
      vertex 9.804909677983872 20 50.98078528040323
      vertex 10 20 99
    endloop
  endfacet
  facet normal 0 1 0
    outer loop
      vertex 9.01921471959677 20 99.80490967798387
      vertex 9.076120467488714 20 99.61731656763492
      vertex 9.01921471959677 20 50.19509032201613
    endloop
  endfacet
  facet normal 0 1 0
    outer loop
      vertex 9.076120467488714 20 99.61731656763492
      vertex 9.168530387697455 20 99.44442976698039
      vertex 9.076120467488714 20 50.38268343236509
    endloop
  endfacet
  facet normal 0 1 0
    outer loop
      vertex 9.168530387697455 20 99.44442976698039
      vertex 9.292893218813452 20 99.29289321881345
      vertex 9.168530387697455 20 50.5555702330196
    endloop
  endfacet
  facet normal 0 1 0
    outer loop
      vertex 9.292893218813452 20 99.29289321881345
      vertex 9.444429766980399 20 99.16853038769746
      vertex 9.292893218813452 20 50.707106781186546
    endloop
  endfacet
  facet normal 0 1 0
    outer loop
      vertex 9.444429766980399 20 99.16853038769746
      vertex 9.61731656763491 20 99.0761204674887
      vertex 9.444429766980399 20 50.83146961230255
    endloop
  endfacet
  facet normal 0 1 0
    outer loop
      vertex 9.61731656763491 20 99.0761204674887
      vertex 9.804909677983872 20 99.01921471959677
      vertex 9.61731656763491 20 50.923879532511286
    endloop
  endfacet
  facet normal 0 1 0
    outer loop
      vertex 9.804909677983872 20 99.01921471959677
      vertex 10 20 99
      vertex 9.804909677983872 20 50.98078528040323
    endloop
  endfacet
  facet normal -1 0 0
    outer loop
      vertex 0 20 250
      vertex 0 8.52179274798194 125.61229349178414
      vertex 0 8.430743551354832 125.31214451522581
    endloop
  endfacet
  facet normal -1 0 0
    outer loop
      vertex 0 20 250
      vertex 0 8.669648620315927 125.88891237283136
      vertex 0 8.52179274798194 125.61229349178414
    endloop
  endfacet
  facet normal -1 0 0
    outer loop
      vertex 0 20 250
      vertex 0 12.501002465028238 35.497480321141126
      vertex 0 11.6 125
    endloop
  endfacet
  facet normal -1 0 0
    outer loop
      vertex 0 20 250
      vertex 0 8.868629150101524 126.13137084989847
      vertex 0 8.669648620315927 125.88891237283136
    endloop
  endfacet
  facet normal -1 0 0
    outer loop
      vertex 0 20 250
      vertex 0 9.111087627168637 126.33035137968407
      vertex 0 8.868629150101524 126.13137084989847
    endloop
  endfacet
  facet normal -1 0 0
    outer loop
      vertex 0 20 250
      vertex 0 9.387706508215857 126.47820725201805
      vertex 0 9.111087627168637 126.33035137968407
    endloop
  endfacet
  facet normal -1 0 0
    outer loop
      vertex 0 20 250
      vertex 0 9.687855484774195 126.56925644864516
      vertex 0 9.387706508215857 126.47820725201805
    endloop
  endfacet
  facet normal -1 0 0
    outer loop
      vertex 0 20 250
      vertex 0 10 126.6
      vertex 0 9.687855484774195 126.56925644864516
    endloop
  endfacet
  facet normal -1 0 0
    outer loop
      vertex 0 20 250
      vertex 0 10.312144515225805 126.56925644864516
      vertex 0 10 126.6
    endloop
  endfacet
  facet normal -1 0 0
    outer loop
      vertex 0 20 250
      vertex 0 10.612293491784143 126.47820725201805
      vertex 0 10.312144515225805 126.56925644864516
    endloop
  endfacet
  facet normal -1 0 0
    outer loop
      vertex 0 20 250
      vertex 0 8.430743551354832 125.31214451522581
      vertex 0 11.569256448645168 174.6878554847742
    endloop
  endfacet
  facet normal -1 0 0
    outer loop
      vertex 0 20 250
      vertex 0 10.888912372831363 126.33035137968407
      vertex 0 10.612293491784143 126.47820725201805
    endloop
  endfacet
  facet normal -1 0 0
    outer loop
      vertex 0 20 250
      vertex 0 11.131370849898476 126.13137084989847
      vertex 0 10.888912372831363 126.33035137968407
    endloop
  endfacet
  facet normal -1 0 0
    outer loop
      vertex 0 20 250
      vertex 0 11.330351379684073 125.88891237283136
      vertex 0 11.131370849898476 126.13137084989847
    endloop
  endfacet
  facet normal -1 0 0
    outer loop
      vertex 0 20 250
      vertex 0 11.47820725201806 125.61229349178414
      vertex 0 11.330351379684073 125.88891237283136
    endloop
  endfacet
  facet normal -1 0 0
    outer loop
      vertex 0 20 250
      vertex 0 11.569256448645168 125.31214451522581
      vertex 0 11.47820725201806 125.61229349178414
    endloop
  endfacet
  facet normal -1 0 0
    outer loop
      vertex 0 20 250
      vertex 0 11.6 125
      vertex 0 11.569256448645168 125.31214451522581
    endloop
  endfacet
  facet normal -1 0 0
    outer loop
      vertex 0 10 176.6
      vertex 0 10.497480321141127 212.49899753497175
      vertex 0 10.312144515225805 176.56925644864518
    endloop
  endfacet
  facet normal -1 0 0
    outer loop
      vertex 0 10.312144515225805 176.56925644864518
      vertex 0 10.497480321141127 212.49899753497175
      vertex 0 10.612293491784143 176.47820725201805
    endloop
  endfacet
  facet normal -1 0 0
    outer loop
      vertex 0 10 212.45
      vertex 0 10.497480321141127 212.49899753497175
      vertex 0 10 176.6
    endloop
  endfacet
  facet normal -1 0 0
    outer loop
      vertex 0 10.612293491784143 176.47820725201805
      vertex 0 10.975842752530978 212.64410719209621
      vertex 0 10.888912372831363 176.33035137968406
    endloop
  endfacet
  facet normal -1 0 0
    outer loop
      vertex 0 10.888912372831363 176.33035137968406
      vertex 0 11.416704094199986 212.8797524886285
      vertex 0 11.131370849898476 176.13137084989847
    endloop
  endfacet
  facet normal -1 0 0
    outer loop
      vertex 0 10.612293491784143 176.47820725201805
      vertex 0 10.497480321141127 212.49899753497175
      vertex 0 10.975842752530978 212.64410719209621
    endloop
  endfacet
  facet normal -1 0 0
    outer loop
      vertex 0 10.888912372831363 176.33035137968406
      vertex 0 10.975842752530978 212.64410719209621
      vertex 0 11.416704094199986 212.8797524886285
    endloop
  endfacet
  facet normal -1 0 0
    outer loop
      vertex 0 11.330351379684073 175.88891237283136
      vertex 0 11.131370849898476 176.13137084989847
      vertex 0 11.803122292025696 213.1968777079743
    endloop
  endfacet
  facet normal -1 0 0
    outer loop
      vertex 0 11.47820725201806 175.61229349178416
      vertex 0 11.330351379684073 175.88891237283136
      vertex 0 12.12024751137149 213.58329590580001
    endloop
  endfacet
  facet normal -1 0 0
    outer loop
      vertex 0 11.569256448645168 175.3121445152258
      vertex 0 11.47820725201806 175.61229349178416
      vertex 0 12.355892807903782 214.02415724746902
    endloop
  endfacet
  facet normal -1 0 0
    outer loop
      vertex 0 11.131370849898476 176.13137084989847
      vertex 0 11.416704094199986 212.8797524886285
      vertex 0 11.803122292025696 213.1968777079743
    endloop
  endfacet
  facet normal -1 0 0
    outer loop
      vertex 0 11.330351379684073 175.88891237283136
      vertex 0 11.803122292025696 213.1968777079743
      vertex 0 12.12024751137149 213.58329590580001
    endloop
  endfacet
  facet normal -1 0 0
    outer loop
      vertex 0 11.6 175
      vertex 0 11.569256448645168 175.3121445152258
      vertex 0 12.501002465028238 214.50251967885887
    endloop
  endfacet
  facet normal -1 0 0
    outer loop
      vertex 0 11.47820725201806 175.61229349178416
      vertex 0 12.12024751137149 213.58329590580001
      vertex 0 12.355892807903782 214.02415724746902
    endloop
  endfacet
  facet normal -1 0 0
    outer loop
      vertex 0 11.569256448645168 175.3121445152258
      vertex 0 12.355892807903782 214.02415724746902
      vertex 0 12.501002465028238 214.50251967885887
    endloop
  endfacet
  facet normal -1 0 0
    outer loop
      vertex 0 11.6 175
      vertex 0 12.501002465028238 214.50251967885887
      vertex 0 12.55 215
    endloop
  endfacet
  facet normal -1 0 0
    outer loop
      vertex 0 10 223.4
      vertex 0 10.312144515225805 223.43074355135482
      vertex 0 10 217.55
    endloop
  endfacet
  facet normal -1 0 0
    outer loop
      vertex 0 10.497480321141127 217.50100246502825
      vertex 0 10 217.55
      vertex 0 10.312144515225805 223.43074355135482
    endloop
  endfacet
  facet normal -1 0 0
    outer loop
      vertex 0 10.497480321141127 217.50100246502825
      vertex 0 10.312144515225805 223.43074355135482
      vertex 0 10.612293491784143 223.52179274798195
    endloop
  endfacet
  facet normal -1 0 0
    outer loop
      vertex 0 10.975842752530978 217.35589280790379
      vertex 0 10.497480321141127 217.50100246502825
      vertex 0 10.612293491784143 223.52179274798195
    endloop
  endfacet
  facet normal -1 0 0
    outer loop
      vertex 0 10.975842752530978 217.35589280790379
      vertex 0 10.612293491784143 223.52179274798195
      vertex 0 10.888912372831363 223.66964862031594
    endloop
  endfacet
  facet normal -1 0 0
    outer loop
      vertex 0 11.416704094199986 217.1202475113715
      vertex 0 10.975842752530978 217.35589280790379
      vertex 0 10.888912372831363 223.66964862031594
    endloop
  endfacet
  facet normal -1 0 0
    outer loop
      vertex 0 11.416704094199986 217.1202475113715
      vertex 0 10.888912372831363 223.66964862031594
      vertex 0 11.131370849898476 223.86862915010153
    endloop
  endfacet
  facet normal -1 0 0
    outer loop
      vertex 0 11.416704094199986 217.1202475113715
      vertex 0 11.131370849898476 223.86862915010153
      vertex 0 11.803122292025696 216.8031222920257
    endloop
  endfacet
  facet normal -1 0 0
    outer loop
      vertex 0 11.803122292025696 216.8031222920257
      vertex 0 11.131370849898476 223.86862915010153
      vertex 0 11.330351379684073 224.11108762716864
    endloop
  endfacet
  facet normal -1 0 0
    outer loop
      vertex 0 12.12024751137149 216.41670409419999
      vertex 0 11.330351379684073 224.11108762716864
      vertex 0 11.47820725201806 224.38770650821584
    endloop
  endfacet
  facet normal -1 0 0
    outer loop
      vertex 0 11.803122292025696 216.8031222920257
      vertex 0 11.330351379684073 224.11108762716864
      vertex 0 12.12024751137149 216.41670409419999
    endloop
  endfacet
  facet normal -1 0 0
    outer loop
      vertex 0 11.47820725201806 224.38770650821584
      vertex 0 11.569256448645168 224.6878554847742
      vertex 0 12.355892807903782 215.97584275253098
    endloop
  endfacet
  facet normal -1 0 0
    outer loop
      vertex 0 12.12024751137149 216.41670409419999
      vertex 0 11.47820725201806 224.38770650821584
      vertex 0 12.355892807903782 215.97584275253098
    endloop
  endfacet
  facet normal -1 0 0
    outer loop
      vertex 0 20 250
      vertex 0 11.569256448645168 174.6878554847742
      vertex 0 11.6 175
    endloop
  endfacet
  facet normal -1 0 0
    outer loop
      vertex 0 20 250
      vertex 0 11.6 175
      vertex 0 12.55 215
    endloop
  endfacet
  facet normal -1 0 0
    outer loop
      vertex 0 20 250
      vertex 0 9.687855484774195 226.56925644864518
      vertex 0 9.387706508215857 226.47820725201805
    endloop
  endfacet
  facet normal -1 0 0
    outer loop
      vertex 0 20 250
      vertex 0 10.612293491784143 226.47820725201805
      vertex 0 10.312144515225805 226.56925644864518
    endloop
  endfacet
  facet normal -1 0 0
    outer loop
      vertex 0 20 250
      vertex 0 10 226.6
      vertex 0 9.687855484774195 226.56925644864518
    endloop
  endfacet
  facet normal -1 0 0
    outer loop
      vertex 0 20 250
      vertex 0 10.312144515225805 226.56925644864518
      vertex 0 10 226.6
    endloop
  endfacet
  facet normal -1 0 0
    outer loop
      vertex 0 20 250
      vertex 0 10.888912372831363 226.33035137968406
      vertex 0 10.612293491784143 226.47820725201805
    endloop
  endfacet
  facet normal -1 0 0
    outer loop
      vertex 0 20 250
      vertex 0 11.131370849898476 226.13137084989847
      vertex 0 10.888912372831363 226.33035137968406
    endloop
  endfacet
  facet normal -1 0 0
    outer loop
      vertex 0 20 250
      vertex 0 11.330351379684073 225.88891237283136
      vertex 0 11.131370849898476 226.13137084989847
    endloop
  endfacet
  facet normal -1 0 0
    outer loop
      vertex 0 20 250
      vertex 0 11.47820725201806 225.61229349178416
      vertex 0 11.330351379684073 225.88891237283136
    endloop
  endfacet
  facet normal -1 0 0
    outer loop
      vertex 0 20 250
      vertex 0 11.569256448645168 225.3121445152258
      vertex 0 11.47820725201806 225.61229349178416
    endloop
  endfacet
  facet normal -1 0 0
    outer loop
      vertex 0 20 250
      vertex 0 12.355892807903782 215.97584275253098
      vertex 0 11.569256448645168 224.6878554847742
    endloop
  endfacet
  facet normal -1 0 0
    outer loop
      vertex 0 20 250
      vertex 0 11.569256448645168 224.6878554847742
      vertex 0 11.6 225
    endloop
  endfacet
  facet normal -1 0 0
    outer loop
      vertex 0 20 250
      vertex 0 11.6 225
      vertex 0 11.569256448645168 225.3121445152258
    endloop
  endfacet
  facet normal -1 0 0
    outer loop
      vertex 0 20 250
      vertex 0 12.501002465028238 215.49748032114113
      vertex 0 12.355892807903782 215.97584275253098
    endloop
  endfacet
  facet normal -1 0 0
    outer loop
      vertex 0 20 250
      vertex 0 12.55 215
      vertex 0 12.501002465028238 215.49748032114113
    endloop
  endfacet
  facet normal 0 1 0
    outer loop
      vertex 0 20 250
      vertex 9.01921471959677 20 100.19509032201613
      vertex 9 20 100
    endloop
  endfacet
  facet normal 0 1 0
    outer loop
      vertex 0 20 250
      vertex 9.076120467488714 20 100.38268343236508
      vertex 9.01921471959677 20 100.19509032201613
    endloop
  endfacet
  facet normal 0 1 0
    outer loop
      vertex 0 20 250
      vertex 9.168530387697455 20 100.55557023301961
      vertex 9.076120467488714 20 100.38268343236508
    endloop
  endfacet
  facet normal 0 1 0
    outer loop
      vertex 0 20 250
      vertex 9.292893218813452 20 100.70710678118655
      vertex 9.168530387697455 20 100.55557023301961
    endloop
  endfacet
  facet normal 0 1 0
    outer loop
      vertex 0 20 250
      vertex 9.444429766980399 20 100.83146961230254
      vertex 9.292893218813452 20 100.70710678118655
    endloop
  endfacet
  facet normal 0 1 0
    outer loop
      vertex 0 20 250
      vertex 9.61731656763491 20 100.9238795325113
      vertex 9.444429766980399 20 100.83146961230254
    endloop
  endfacet
  facet normal 0 1 0
    outer loop
      vertex 0 20 250
      vertex 9.804909677983872 20 100.98078528040323
      vertex 9.61731656763491 20 100.9238795325113
    endloop
  endfacet
  facet normal 0 1 0
    outer loop
      vertex 0 20 250
      vertex 10 20 101
      vertex 9.804909677983872 20 100.98078528040323
    endloop
  endfacet
  facet normal 0 1 0
    outer loop
      vertex 0 20 250
      vertex 10.195090322016128 20 100.98078528040323
      vertex 10 20 101
    endloop
  endfacet
  facet normal 0 1 0
    outer loop
      vertex 0 20 250
      vertex 10.38268343236509 20 100.9238795325113
      vertex 10.195090322016128 20 100.98078528040323
    endloop
  endfacet
  facet normal 0 1 0
    outer loop
      vertex 0 20 250
      vertex 10.555570233019601 20 100.83146961230254
      vertex 10.38268343236509 20 100.9238795325113
    endloop
  endfacet
  facet normal 0 1 0
    outer loop
      vertex 0 20 250
      vertex 10.707106781186548 20 100.70710678118655
      vertex 10.555570233019601 20 100.83146961230254
    endloop
  endfacet
  facet normal 0 1 0
    outer loop
      vertex 0 20 250
      vertex 10.831469612302545 20 100.55557023301961
      vertex 10.707106781186548 20 100.70710678118655
    endloop
  endfacet
  facet normal 0 1 0
    outer loop
      vertex 0 20 250
      vertex 10.923879532511286 20 100.38268343236508
      vertex 10.831469612302545 20 100.55557023301961
    endloop
  endfacet
  facet normal 0 1 0
    outer loop
      vertex 0 20 250
      vertex 10.98078528040323 20 100.19509032201613
      vertex 10.923879532511286 20 100.38268343236508
    endloop
  endfacet
  facet normal 0 1 0
    outer loop
      vertex 0 20 250
      vertex 11 20 100
      vertex 10.98078528040323 20 100.19509032201613
    endloop
  endfacet
  facet normal 0 1 0
    outer loop
      vertex 0 20 250
      vertex 9 20 150
      vertex 20 20 0
    endloop
  endfacet
  facet normal 0 1 0
    outer loop
      vertex 9.01921471959677 20 150.19509032201614
      vertex 9 20 150
      vertex 9.01921471959677 20 199.80490967798386
    endloop
  endfacet
  facet normal 0 1 0
    outer loop
      vertex 9.076120467488714 20 150.3826834323651
      vertex 9.01921471959677 20 150.19509032201614
      vertex 9.076120467488714 20 199.6173165676349
    endloop
  endfacet
  facet normal 0 1 0
    outer loop
      vertex 9.168530387697455 20 150.5555702330196
      vertex 9.076120467488714 20 150.3826834323651
      vertex 9.168530387697455 20 199.4444297669804
    endloop
  endfacet
  facet normal 0 1 0
    outer loop
      vertex 9.292893218813452 20 150.70710678118655
      vertex 9.168530387697455 20 150.5555702330196
      vertex 9.292893218813452 20 199.29289321881345
    endloop
  endfacet
  facet normal 0 1 0
    outer loop
      vertex 9.444429766980399 20 150.83146961230256
      vertex 9.292893218813452 20 150.70710678118655
      vertex 9.444429766980399 20 199.16853038769744
    endloop
  endfacet
  facet normal 0 1 0
    outer loop
      vertex 9.61731656763491 20 150.92387953251128
      vertex 9.444429766980399 20 150.83146961230256
      vertex 9.61731656763491 20 199.07612046748872
    endloop
  endfacet
  facet normal 0 1 0
    outer loop
      vertex 9.804909677983872 20 150.98078528040324
      vertex 9.61731656763491 20 150.92387953251128
      vertex 9.804909677983872 20 199.01921471959676
    endloop
  endfacet
  facet normal 0 1 0
    outer loop
      vertex 10 20 151
      vertex 9.804909677983872 20 150.98078528040324
      vertex 10 20 199
    endloop
  endfacet
  facet normal 0 1 0
    outer loop
      vertex 9 20 200
      vertex 9.01921471959677 20 199.80490967798386
      vertex 9 20 150
    endloop
  endfacet
  facet normal 0 1 0
    outer loop
      vertex 9.01921471959677 20 199.80490967798386
      vertex 9.076120467488714 20 199.6173165676349
      vertex 9.01921471959677 20 150.19509032201614
    endloop
  endfacet
  facet normal 0 1 0
    outer loop
      vertex 9.076120467488714 20 199.6173165676349
      vertex 9.168530387697455 20 199.4444297669804
      vertex 9.076120467488714 20 150.3826834323651
    endloop
  endfacet
  facet normal 0 1 0
    outer loop
      vertex 9.168530387697455 20 199.4444297669804
      vertex 9.292893218813452 20 199.29289321881345
      vertex 9.168530387697455 20 150.5555702330196
    endloop
  endfacet
  facet normal 0 1 0
    outer loop
      vertex 9.292893218813452 20 199.29289321881345
      vertex 9.444429766980399 20 199.16853038769744
      vertex 9.292893218813452 20 150.70710678118655
    endloop
  endfacet
  facet normal 0 1 0
    outer loop
      vertex 9.444429766980399 20 199.16853038769744
      vertex 9.61731656763491 20 199.07612046748872
      vertex 9.444429766980399 20 150.83146961230256
    endloop
  endfacet
  facet normal 0 1 0
    outer loop
      vertex 9.61731656763491 20 199.07612046748872
      vertex 9.804909677983872 20 199.01921471959676
      vertex 9.61731656763491 20 150.92387953251128
    endloop
  endfacet
  facet normal 0 1 0
    outer loop
      vertex 9.804909677983872 20 199.01921471959676
      vertex 10 20 199
      vertex 9.804909677983872 20 150.98078528040324
    endloop
  endfacet
  facet normal 0 1 0
    outer loop
      vertex 0 20 250
      vertex 9 20 200
      vertex 9 20 150
    endloop
  endfacet
  facet normal 0 1 0
    outer loop
      vertex 0 20 250
      vertex 9.01921471959677 20 200.19509032201614
      vertex 9 20 200
    endloop
  endfacet
  facet normal 0 1 0
    outer loop
      vertex 0 20 250
      vertex 9.076120467488714 20 200.3826834323651
      vertex 9.01921471959677 20 200.19509032201614
    endloop
  endfacet
  facet normal 0 1 0
    outer loop
      vertex 0 20 250
      vertex 9.168530387697455 20 200.5555702330196
      vertex 9.076120467488714 20 200.3826834323651
    endloop
  endfacet
  facet normal 0 1 0
    outer loop
      vertex 0 20 250
      vertex 9.292893218813452 20 200.70710678118655
      vertex 9.168530387697455 20 200.5555702330196
    endloop
  endfacet
  facet normal 0 1 0
    outer loop
      vertex 0 20 250
      vertex 9.444429766980399 20 200.83146961230256
      vertex 9.292893218813452 20 200.70710678118655
    endloop
  endfacet
  facet normal 0 1 0
    outer loop
      vertex 0 20 250
      vertex 9.61731656763491 20 200.92387953251128
      vertex 9.444429766980399 20 200.83146961230256
    endloop
  endfacet
  facet normal 0 1 0
    outer loop
      vertex 0 20 250
      vertex 9.804909677983872 20 200.98078528040324
      vertex 9.61731656763491 20 200.92387953251128
    endloop
  endfacet
  facet normal 0 1 0
    outer loop
      vertex 0 20 250
      vertex 10 20 201
      vertex 9.804909677983872 20 200.98078528040324
    endloop
  endfacet
  facet normal 0 -1 0
    outer loop
      vertex 0 0 0
      vertex 20 0 0
      vertex 10 0 48.4
    endloop
  endfacet
  facet normal 0 -1 0
    outer loop
      vertex 20 0 0
      vertex 10.312144515225805 0 48.43074355135483
      vertex 10 0 48.4
    endloop
  endfacet
  facet normal 0 -1 0
    outer loop
      vertex 20 0 0
      vertex 10.612293491784143 0 48.52179274798194
      vertex 10.312144515225805 0 48.43074355135483
    endloop
  endfacet
  facet normal 0 -1 0
    outer loop
      vertex 20 0 0
      vertex 10.888912372831363 0 48.669648620315925
      vertex 10.612293491784143 0 48.52179274798194
    endloop
  endfacet
  facet normal 0 -1 0
    outer loop
      vertex 20 0 0
      vertex 11.131370849898476 0 48.868629150101526
      vertex 10.888912372831363 0 48.669648620315925
    endloop
  endfacet
  facet normal 0 -1 0
    outer loop
      vertex 20 0 0
      vertex 11.330351379684073 0 49.11108762716864
      vertex 11.131370849898476 0 48.868629150101526
    endloop
  endfacet
  facet normal 0 -1 0
    outer loop
      vertex 20 0 0
      vertex 11.47820725201806 0 49.38770650821586
      vertex 11.330351379684073 0 49.11108762716864
    endloop
  endfacet
  facet normal 0 -1 0
    outer loop
      vertex 20 0 0
      vertex 11.569256448645168 0 49.6878554847742
      vertex 11.47820725201806 0 49.38770650821586
    endloop
  endfacet
  facet normal 0 -1 0
    outer loop
      vertex 20 0 0
      vertex 11.6 0 50
      vertex 11.569256448645168 0 49.6878554847742
    endloop
  endfacet
  facet normal 0 -1 0
    outer loop
      vertex 10 0 51.6
      vertex 10.312144515225805 0 51.56925644864517
      vertex 10 0 98.4
    endloop
  endfacet
  facet normal 0 -1 0
    outer loop
      vertex 10.612293491784143 0 51.47820725201806
      vertex 10.312144515225805 0 98.43074355135484
      vertex 10.312144515225805 0 51.56925644864517
    endloop
  endfacet
  facet normal 0 -1 0
    outer loop
      vertex 10.888912372831363 0 51.330351379684075
      vertex 10.612293491784143 0 98.52179274798195
      vertex 10.612293491784143 0 51.47820725201806
    endloop
  endfacet
  facet normal 0 -1 0
    outer loop
      vertex 11.131370849898476 0 51.131370849898474
      vertex 10.888912372831363 0 98.66964862031593
      vertex 10.888912372831363 0 51.330351379684075
    endloop
  endfacet
  facet normal 0 -1 0
    outer loop
      vertex 11.131370849898476 0 51.131370849898474
      vertex 11.330351379684073 0 50.88891237283136
      vertex 11.131370849898476 0 98.86862915010153
    endloop
  endfacet
  facet normal 0 -1 0
    outer loop
      vertex 10.312144515225805 0 51.56925644864517
      vertex 10.312144515225805 0 98.43074355135484
      vertex 10 0 98.4
    endloop
  endfacet
  facet normal 0 -1 0
    outer loop
      vertex 10.612293491784143 0 51.47820725201806
      vertex 10.612293491784143 0 98.52179274798195
      vertex 10.312144515225805 0 98.43074355135484
    endloop
  endfacet
  facet normal 0 -1 0
    outer loop
      vertex 10.888912372831363 0 51.330351379684075
      vertex 10.888912372831363 0 98.66964862031593
      vertex 10.612293491784143 0 98.52179274798195
    endloop
  endfacet
  facet normal 0 -1 0
    outer loop
      vertex 11.131370849898476 0 51.131370849898474
      vertex 11.131370849898476 0 98.86862915010153
      vertex 10.888912372831363 0 98.66964862031593
    endloop
  endfacet
  facet normal 0 -1 0
    outer loop
      vertex 11.330351379684073 0 50.88891237283136
      vertex 11.47820725201806 0 50.61229349178414
      vertex 11.330351379684073 0 99.11108762716864
    endloop
  endfacet
  facet normal 0 -1 0
    outer loop
      vertex 11.47820725201806 0 50.61229349178414
      vertex 11.569256448645168 0 50.3121445152258
      vertex 11.47820725201806 0 99.38770650821586
    endloop
  endfacet
  facet normal 0 -1 0
    outer loop
      vertex 11.330351379684073 0 50.88891237283136
      vertex 11.330351379684073 0 99.11108762716864
      vertex 11.131370849898476 0 98.86862915010153
    endloop
  endfacet
  facet normal 0 -1 0
    outer loop
      vertex 11.47820725201806 0 50.61229349178414
      vertex 11.47820725201806 0 99.38770650821586
      vertex 11.330351379684073 0 99.11108762716864
    endloop
  endfacet
  facet normal 0 -1 0
    outer loop
      vertex 11.569256448645168 0 50.3121445152258
      vertex 11.569256448645168 0 99.68785548477419
      vertex 11.47820725201806 0 99.38770650821586
    endloop
  endfacet
  facet normal 0 -1 0
    outer loop
      vertex 11.569256448645168 0 50.3121445152258
      vertex 11.6 0 100
      vertex 11.569256448645168 0 99.68785548477419
    endloop
  endfacet
  facet normal 0 -1 0
    outer loop
      vertex 20 0 250
      vertex 11.569256448645168 0 50.3121445152258
      vertex 11.6 0 50
    endloop
  endfacet
  facet normal 0 0 -1
    outer loop
      vertex 0 0 0
      vertex 20 20 0
      vertex 20 0 0
    endloop
  endfacet
  facet normal 0 -1 0
    outer loop
      vertex 20 0 0
      vertex 20 0 250
      vertex 11.6 0 50
    endloop
  endfacet
  facet normal 1 0 0
    outer loop
      vertex 20 0 0
      vertex 20 9 75
      vertex 20 0 250
    endloop
  endfacet
  facet normal 1 0 0
    outer loop
      vertex 20 0 0
      vertex 20 9.01921471959677 24.804909677983872
      vertex 20 9 25
    endloop
  endfacet
  facet normal 1 0 0
    outer loop
      vertex 20 0 0
      vertex 20 9 25
      vertex 20 9.01921471959677 25.195090322016128
    endloop
  endfacet
  facet normal 1 0 0
    outer loop
      vertex 20 0 0
      vertex 20 9.076120467488714 24.61731656763491
      vertex 20 9.01921471959677 24.804909677983872
    endloop
  endfacet
  facet normal 1 0 0
    outer loop
      vertex 20 0 0
      vertex 20 9.168530387697455 24.4444297669804
      vertex 20 9.076120467488714 24.61731656763491
    endloop
  endfacet
  facet normal 1 0 0
    outer loop
      vertex 20 0 0
      vertex 20 9.292893218813452 24.292893218813454
      vertex 20 9.168530387697455 24.4444297669804
    endloop
  endfacet
  facet normal 1 0 0
    outer loop
      vertex 20 0 0
      vertex 20 9.444429766980399 24.168530387697455
      vertex 20 9.292893218813452 24.292893218813454
    endloop
  endfacet
  facet normal 1 0 0
    outer loop
      vertex 20 0 0
      vertex 20 9.61731656763491 24.076120467488714
      vertex 20 9.444429766980399 24.168530387697455
    endloop
  endfacet
  facet normal 1 0 0
    outer loop
      vertex 20 0 0
      vertex 20 9.804909677983872 24.019214719596768
      vertex 20 9.61731656763491 24.076120467488714
    endloop
  endfacet
  facet normal 1 0 0
    outer loop
      vertex 20 0 0
      vertex 20 10 24
      vertex 20 9.804909677983872 24.019214719596768
    endloop
  endfacet
  facet normal 1 0 0
    outer loop
      vertex 20 0 0
      vertex 20 10.195090322016128 24.019214719596768
      vertex 20 10 24
    endloop
  endfacet
  facet normal 1 0 0
    outer loop
      vertex 20 0 0
      vertex 20 10.38268343236509 24.076120467488714
      vertex 20 10.195090322016128 24.019214719596768
    endloop
  endfacet
  facet normal 1 0 0
    outer loop
      vertex 20 0 0
      vertex 20 9.01921471959677 25.195090322016128
      vertex 20 9.01921471959677 74.80490967798387
    endloop
  endfacet
  facet normal 1 0 0
    outer loop
      vertex 20 0 0
      vertex 20 9.01921471959677 74.80490967798387
      vertex 20 9 75
    endloop
  endfacet
  facet normal 1 0 0
    outer loop
      vertex 20 9.01921471959677 25.195090322016128
      vertex 20 9.076120467488714 25.38268343236509
      vertex 20 9.01921471959677 74.80490967798387
    endloop
  endfacet
  facet normal 1 0 0
    outer loop
      vertex 20 9.076120467488714 25.38268343236509
      vertex 20 9.168530387697455 25.5555702330196
      vertex 20 9.076120467488714 74.61731656763492
    endloop
  endfacet
  facet normal 1 0 0
    outer loop
      vertex 20 9.168530387697455 25.5555702330196
      vertex 20 9.292893218813452 25.707106781186546
      vertex 20 9.168530387697455 74.44442976698039
    endloop
  endfacet
  facet normal 1 0 0
    outer loop
      vertex 20 9.292893218813452 25.707106781186546
      vertex 20 9.444429766980399 25.831469612302545
      vertex 20 9.292893218813452 74.29289321881345
    endloop
  endfacet
  facet normal 1 0 0
    outer loop
      vertex 20 9.444429766980399 25.831469612302545
      vertex 20 9.61731656763491 25.923879532511286
      vertex 20 9.444429766980399 74.16853038769746
    endloop
  endfacet
  facet normal 1 0 0
    outer loop
      vertex 20 9.61731656763491 25.923879532511286
      vertex 20 9.804909677983872 25.980785280403232
      vertex 20 9.61731656763491 74.0761204674887
    endloop
  endfacet
  facet normal 1 0 0
    outer loop
      vertex 20 9.804909677983872 25.980785280403232
      vertex 20 10 26
      vertex 20 9.804909677983872 74.01921471959677
    endloop
  endfacet
  facet normal 1 0 0
    outer loop
      vertex 20 9.076120467488714 25.38268343236509
      vertex 20 9.076120467488714 74.61731656763492
      vertex 20 9.01921471959677 74.80490967798387
    endloop
  endfacet
  facet normal 1 0 0
    outer loop
      vertex 20 9.168530387697455 74.44442976698039
      vertex 20 9.076120467488714 74.61731656763492
      vertex 20 9.168530387697455 25.5555702330196
    endloop
  endfacet
  facet normal 1 0 0
    outer loop
      vertex 20 9.292893218813452 25.707106781186546
      vertex 20 9.292893218813452 74.29289321881345
      vertex 20 9.168530387697455 74.44442976698039
    endloop
  endfacet
  facet normal 1 0 0
    outer loop
      vertex 20 9.444429766980399 25.831469612302545
      vertex 20 9.444429766980399 74.16853038769746
      vertex 20 9.292893218813452 74.29289321881345
    endloop
  endfacet
  facet normal 1 0 0
    outer loop
      vertex 20 9.61731656763491 74.0761204674887
      vertex 20 9.444429766980399 74.16853038769746
      vertex 20 9.61731656763491 25.923879532511286
    endloop
  endfacet
  facet normal 1 0 0
    outer loop
      vertex 20 9.804909677983872 25.980785280403232
      vertex 20 9.804909677983872 74.01921471959677
      vertex 20 9.61731656763491 74.0761204674887
    endloop
  endfacet
  facet normal 1 0 0
    outer loop
      vertex 20 10 74
      vertex 20 9.804909677983872 74.01921471959677
      vertex 20 10 26
    endloop
  endfacet
  facet normal 1 0 0
    outer loop
      vertex 20 9.01921471959677 75.19509032201613
      vertex 20 9.076120467488714 75.38268343236508
      vertex 20 9.01921471959677 124.80490967798387
    endloop
  endfacet
  facet normal 1 0 0
    outer loop
      vertex 20 9.076120467488714 75.38268343236508
      vertex 20 9.168530387697455 75.55557023301961
      vertex 20 9.076120467488714 124.61731656763492
    endloop
  endfacet
  facet normal 1 0 0
    outer loop
      vertex 20 9.168530387697455 75.55557023301961
      vertex 20 9.292893218813452 75.70710678118655
      vertex 20 9.168530387697455 124.44442976698039
    endloop
  endfacet
  facet normal 1 0 0
    outer loop
      vertex 20 9.292893218813452 75.70710678118655
      vertex 20 9.444429766980399 75.83146961230254
      vertex 20 9.292893218813452 124.29289321881345
    endloop
  endfacet
  facet normal 1 0 0
    outer loop
      vertex 20 9.444429766980399 75.83146961230254
      vertex 20 9.61731656763491 75.9238795325113
      vertex 20 9.444429766980399 124.16853038769746
    endloop
  endfacet
  facet normal 1 0 0
    outer loop
      vertex 20 9.61731656763491 75.9238795325113
      vertex 20 9.804909677983872 75.98078528040323
      vertex 20 9.61731656763491 124.0761204674887
    endloop
  endfacet
  facet normal 1 0 0
    outer loop
      vertex 20 9.804909677983872 75.98078528040323
      vertex 20 10 76
      vertex 20 9.804909677983872 124.01921471959677
    endloop
  endfacet
  facet normal 1 0 0
    outer loop
      vertex 20 9.01921471959677 75.19509032201613
      vertex 20 9.01921471959677 124.80490967798387
      vertex 20 9 125
    endloop
  endfacet
  facet normal 1 0 0
    outer loop
      vertex 20 9.076120467488714 75.38268343236508
      vertex 20 9.076120467488714 124.61731656763492
      vertex 20 9.01921471959677 124.80490967798387
    endloop
  endfacet
  facet normal 1 0 0
    outer loop
      vertex 20 9.168530387697455 75.55557023301961
      vertex 20 9.168530387697455 124.44442976698039
      vertex 20 9.076120467488714 124.61731656763492
    endloop
  endfacet
  facet normal 1 0 0
    outer loop
      vertex 20 9.292893218813452 75.70710678118655
      vertex 20 9.292893218813452 124.29289321881345
      vertex 20 9.168530387697455 124.44442976698039
    endloop
  endfacet
  facet normal 1 0 0
    outer loop
      vertex 20 9.444429766980399 124.16853038769746
      vertex 20 9.292893218813452 124.29289321881345
      vertex 20 9.444429766980399 75.83146961230254
    endloop
  endfacet
  facet normal 1 0 0
    outer loop
      vertex 20 9.61731656763491 75.9238795325113
      vertex 20 9.61731656763491 124.0761204674887
      vertex 20 9.444429766980399 124.16853038769746
    endloop
  endfacet
  facet normal 1 0 0
    outer loop
      vertex 20 9.804909677983872 75.98078528040323
      vertex 20 9.804909677983872 124.01921471959677
      vertex 20 9.61731656763491 124.0761204674887
    endloop
  endfacet
  facet normal 1 0 0
    outer loop
      vertex 20 10 124
      vertex 20 9.804909677983872 124.01921471959677
      vertex 20 10 76
    endloop
  endfacet
  facet normal 0 -1 0
    outer loop
      vertex 0 0 0
      vertex 20 0 250
      vertex 11.6 0 150
    endloop
  endfacet
  facet normal 0 -1 0
    outer loop
      vertex 20 0 250
      vertex 8.4 0 100
      vertex 8.430743551354832 0 100.31214451522581
    endloop
  endfacet
  facet normal 0 -1 0
    outer loop
      vertex 20 0 250
      vertex 8.430743551354832 0 100.31214451522581
      vertex 8.52179274798194 0 100.61229349178414
    endloop
  endfacet
  facet normal 0 -1 0
    outer loop
      vertex 20 0 250
      vertex 8.52179274798194 0 100.61229349178414
      vertex 8.669648620315927 0 100.88891237283136
    endloop
  endfacet
  facet normal 0 -1 0
    outer loop
      vertex 10 0 151.6
      vertex 10.312144515225805 0 151.56925644864518
      vertex 10 0 198.4
    endloop
  endfacet
  facet normal 0 -1 0
    outer loop
      vertex 10.612293491784143 0 151.47820725201805
      vertex 10.312144515225805 0 198.43074355135482
      vertex 10.312144515225805 0 151.56925644864518
    endloop
  endfacet
  facet normal 0 -1 0
    outer loop
      vertex 10.888912372831363 0 151.33035137968406
      vertex 10.612293491784143 0 198.52179274798195
      vertex 10.612293491784143 0 151.47820725201805
    endloop
  endfacet
  facet normal 0 -1 0
    outer loop
      vertex 11.131370849898476 0 151.13137084989847
      vertex 10.888912372831363 0 198.66964862031594
      vertex 10.888912372831363 0 151.33035137968406
    endloop
  endfacet
  facet normal 0 -1 0
    outer loop
      vertex 11.131370849898476 0 151.13137084989847
      vertex 11.330351379684073 0 150.88891237283136
      vertex 11.131370849898476 0 198.86862915010153
    endloop
  endfacet
  facet normal 0 -1 0
    outer loop
      vertex 10.312144515225805 0 151.56925644864518
      vertex 10.312144515225805 0 198.43074355135482
      vertex 10 0 198.4
    endloop
  endfacet
  facet normal 0 -1 0
    outer loop
      vertex 10.612293491784143 0 151.47820725201805
      vertex 10.612293491784143 0 198.52179274798195
      vertex 10.312144515225805 0 198.43074355135482
    endloop
  endfacet
  facet normal 0 -1 0
    outer loop
      vertex 10.888912372831363 0 151.33035137968406
      vertex 10.888912372831363 0 198.66964862031594
      vertex 10.612293491784143 0 198.52179274798195
    endloop
  endfacet
  facet normal 0 -1 0
    outer loop
      vertex 11.131370849898476 0 151.13137084989847
      vertex 11.131370849898476 0 198.86862915010153
      vertex 10.888912372831363 0 198.66964862031594
    endloop
  endfacet
  facet normal 0 -1 0
    outer loop
      vertex 11.330351379684073 0 150.88891237283136
      vertex 11.47820725201806 0 150.61229349178416
      vertex 11.330351379684073 0 199.11108762716864
    endloop
  endfacet
  facet normal 0 -1 0
    outer loop
      vertex 11.47820725201806 0 150.61229349178416
      vertex 11.569256448645168 0 150.3121445152258
      vertex 11.47820725201806 0 199.38770650821584
    endloop
  endfacet
  facet normal 0 -1 0
    outer loop
      vertex 11.6 0 150
      vertex 11.569256448645168 0 199.6878554847742
      vertex 11.569256448645168 0 150.3121445152258
    endloop
  endfacet
  facet normal 0 -1 0
    outer loop
      vertex 11.330351379684073 0 150.88891237283136
      vertex 11.330351379684073 0 199.11108762716864
      vertex 11.131370849898476 0 198.86862915010153
    endloop
  endfacet
  facet normal 0 -1 0
    outer loop
      vertex 11.47820725201806 0 150.61229349178416
      vertex 11.47820725201806 0 199.38770650821584
      vertex 11.330351379684073 0 199.11108762716864
    endloop
  endfacet
  facet normal 0 -1 0
    outer loop
      vertex 11.569256448645168 0 150.3121445152258
      vertex 11.569256448645168 0 199.6878554847742
      vertex 11.47820725201806 0 199.38770650821584
    endloop
  endfacet
  facet normal 0 -1 0
    outer loop
      vertex 11.6 0 150
      vertex 11.6 0 200
      vertex 11.569256448645168 0 199.6878554847742
    endloop
  endfacet
  facet normal 0 -1 0
    outer loop
      vertex 20 0 250
      vertex 8.669648620315927 0 100.88891237283136
      vertex 8.868629150101524 0 101.13137084989847
    endloop
  endfacet
  facet normal 0 -1 0
    outer loop
      vertex 20 0 250
      vertex 8.868629150101524 0 101.13137084989847
      vertex 9.111087627168637 0 101.33035137968407
    endloop
  endfacet
  facet normal 0 -1 0
    outer loop
      vertex 20 0 250
      vertex 9.111087627168637 0 101.33035137968407
      vertex 9.387706508215857 0 101.47820725201805
    endloop
  endfacet
  facet normal 0 -1 0
    outer loop
      vertex 20 0 250
      vertex 9.387706508215857 0 101.47820725201805
      vertex 9.687855484774195 0 101.56925644864516
    endloop
  endfacet
  facet normal 0 -1 0
    outer loop
      vertex 20 0 250
      vertex 9.687855484774195 0 101.56925644864516
      vertex 10 0 101.6
    endloop
  endfacet
  facet normal 0 -1 0
    outer loop
      vertex 20 0 250
      vertex 10 0 101.6
      vertex 10.312144515225805 0 101.56925644864516
    endloop
  endfacet
  facet normal 0 -1 0
    outer loop
      vertex 20 0 250
      vertex 10.312144515225805 0 101.56925644864516
      vertex 10.612293491784143 0 101.47820725201805
    endloop
  endfacet
  facet normal 0 -1 0
    outer loop
      vertex 20 0 250
      vertex 11.6 0 100
      vertex 11.569256448645168 0 50.3121445152258
    endloop
  endfacet
  facet normal 0 -1 0
    outer loop
      vertex 20 0 250
      vertex 10.612293491784143 0 101.47820725201805
      vertex 10.888912372831363 0 101.33035137968407
    endloop
  endfacet
  facet normal 0 -1 0
    outer loop
      vertex 20 0 250
      vertex 10.888912372831363 0 101.33035137968407
      vertex 11.131370849898476 0 101.13137084989847
    endloop
  endfacet
  facet normal 0 -1 0
    outer loop
      vertex 20 0 250
      vertex 11.131370849898476 0 101.13137084989847
      vertex 11.330351379684073 0 100.88891237283136
    endloop
  endfacet
  facet normal 0 -1 0
    outer loop
      vertex 20 0 250
      vertex 11.47820725201806 0 100.61229349178414
      vertex 11.569256448645168 0 100.31214451522581
    endloop
  endfacet
  facet normal 0 -1 0
    outer loop
      vertex 20 0 250
      vertex 11.330351379684073 0 100.88891237283136
      vertex 11.47820725201806 0 100.61229349178414
    endloop
  endfacet
  facet normal 0 -1 0
    outer loop
      vertex 20 0 250
      vertex 11.569256448645168 0 100.31214451522581
      vertex 11.6 0 100
    endloop
  endfacet
  facet normal 0 -1 0
    outer loop
      vertex 20 0 250
      vertex 9.687855484774195 0 201.56925644864518
      vertex 10 0 201.6
    endloop
  endfacet
  facet normal 0 -1 0
    outer loop
      vertex 20 0 250
      vertex 10 0 201.6
      vertex 10.312144515225805 0 201.56925644864518
    endloop
  endfacet
  facet normal 0 -1 0
    outer loop
      vertex 20 0 250
      vertex 10.312144515225805 0 201.56925644864518
      vertex 10.612293491784143 0 201.47820725201805
    endloop
  endfacet
  facet normal 0 -1 0
    outer loop
      vertex 20 0 250
      vertex 11.6 0 200
      vertex 11.6 0 150
    endloop
  endfacet
  facet normal 0 -1 0
    outer loop
      vertex 20 0 250
      vertex 10.612293491784143 0 201.47820725201805
      vertex 10.888912372831363 0 201.33035137968406
    endloop
  endfacet
  facet normal 0 -1 0
    outer loop
      vertex 20 0 250
      vertex 10.888912372831363 0 201.33035137968406
      vertex 11.131370849898476 0 201.13137084989847
    endloop
  endfacet
  facet normal 0 -1 0
    outer loop
      vertex 20 0 250
      vertex 11.131370849898476 0 201.13137084989847
      vertex 11.330351379684073 0 200.88891237283136
    endloop
  endfacet
  facet normal 0 -1 0
    outer loop
      vertex 20 0 250
      vertex 11.330351379684073 0 200.88891237283136
      vertex 11.47820725201806 0 200.61229349178416
    endloop
  endfacet
  facet normal 0 -1 0
    outer loop
      vertex 20 0 250
      vertex 11.47820725201806 0 200.61229349178416
      vertex 11.569256448645168 0 200.3121445152258
    endloop
  endfacet
  facet normal 0 -1 0
    outer loop
      vertex 20 0 250
      vertex 11.569256448645168 0 200.3121445152258
      vertex 11.6 0 200
    endloop
  endfacet
  facet normal 1 0 0
    outer loop
      vertex 20 0 250
      vertex 20 9 75
      vertex 20 9.01921471959677 75.19509032201613
    endloop
  endfacet
  facet normal 1 0 0
    outer loop
      vertex 20 0 250
      vertex 20 9.01921471959677 75.19509032201613
      vertex 20 9 125
    endloop
  endfacet
  facet normal 1 0 0
    outer loop
      vertex 20 0 250
      vertex 20 9 125
      vertex 20 9.01921471959677 125.19509032201613
    endloop
  endfacet
  facet normal 1 0 0
    outer loop
      vertex 20 0 250
      vertex 20 9.01921471959677 125.19509032201613
      vertex 20 9.076120467488714 125.38268343236508
    endloop
  endfacet
  facet normal 1 0 0
    outer loop
      vertex 20 0 250
      vertex 20 9.076120467488714 125.38268343236508
      vertex 20 9.168530387697455 125.55557023301961
    endloop
  endfacet
  facet normal 1 0 0
    outer loop
      vertex 20 0 250
      vertex 20 9.168530387697455 125.55557023301961
      vertex 20 9.292893218813452 125.70710678118655
    endloop
  endfacet
  facet normal 1 0 0
    outer loop
      vertex 20 0 250
      vertex 20 9.292893218813452 125.70710678118655
      vertex 20 9.444429766980399 125.83146961230254
    endloop
  endfacet
  facet normal 1 0 0
    outer loop
      vertex 20 0 250
      vertex 20 9.444429766980399 125.83146961230254
      vertex 20 9.61731656763491 125.9238795325113
    endloop
  endfacet
  facet normal 1 0 0
    outer loop
      vertex 20 0 250
      vertex 20 9.61731656763491 125.9238795325113
      vertex 20 9.804909677983872 125.98078528040323
    endloop
  endfacet
  facet normal 1 0 0
    outer loop
      vertex 20 0 250
      vertex 20 9.804909677983872 125.98078528040323
      vertex 20 10 126
    endloop
  endfacet
  facet normal 1 0 0
    outer loop
      vertex 20 0 250
      vertex 20 10 126
      vertex 20 10.195090322016128 125.98078528040323
    endloop
  endfacet
  facet normal 1 0 0
    outer loop
      vertex 20 0 250
      vertex 20 10.195090322016128 125.98078528040323
      vertex 20 10.38268343236509 125.9238795325113
    endloop
  endfacet
  facet normal 1 0 0
    outer loop
      vertex 20 0 250
      vertex 20 10.38268343236509 125.9238795325113
      vertex 20 10.555570233019601 125.83146961230254
    endloop
  endfacet
  facet normal 1 0 0
    outer loop
      vertex 20 0 250
      vertex 20 10.555570233019601 125.83146961230254
      vertex 20 10.707106781186548 125.70710678118655
    endloop
  endfacet
  facet normal 1 0 0
    outer loop
      vertex 20 0 250
      vertex 20 10.707106781186548 125.70710678118655
      vertex 20 10.831469612302545 125.55557023301961
    endloop
  endfacet
  facet normal 1 0 0
    outer loop
      vertex 20 0 250
      vertex 20 10.831469612302545 125.55557023301961
      vertex 20 10.923879532511286 125.38268343236508
    endloop
  endfacet
  facet normal 1 0 0
    outer loop
      vertex 20 0 250
      vertex 20 10.923879532511286 125.38268343236508
      vertex 20 9 175
    endloop
  endfacet
  facet normal 1 0 0
    outer loop
      vertex 20 9.01921471959677 174.80490967798386
      vertex 20 9 175
      vertex 20 10.923879532511286 125.38268343236508
    endloop
  endfacet
  facet normal 1 0 0
    outer loop
      vertex 20 0 250
      vertex 20 9 175
      vertex 20 9.01921471959677 175.19509032201614
    endloop
  endfacet
  facet normal 1 0 0
    outer loop
      vertex 20 0 250
      vertex 20 9.01921471959677 175.19509032201614
      vertex 20 9.01921471959677 224.80490967798386
    endloop
  endfacet
  facet normal 1 0 0
    outer loop
      vertex 20 0 250
      vertex 20 9 225
      vertex 20 9.01921471959677 225.19509032201614
    endloop
  endfacet
  facet normal 1 0 0
    outer loop
      vertex 20 0 250
      vertex 20 9.01921471959677 224.80490967798386
      vertex 20 9 225
    endloop
  endfacet
  facet normal 1 0 0
    outer loop
      vertex 20 0 250
      vertex 20 9.01921471959677 225.19509032201614
      vertex 20 9.076120467488714 225.3826834323651
    endloop
  endfacet
  facet normal 1 0 0
    outer loop
      vertex 20 0 250
      vertex 20 9.076120467488714 225.3826834323651
      vertex 20 9.168530387697455 225.5555702330196
    endloop
  endfacet
  facet normal 1 0 0
    outer loop
      vertex 20 0 250
      vertex 20 9.168530387697455 225.5555702330196
      vertex 20 9.292893218813452 225.70710678118655
    endloop
  endfacet
  facet normal 1 0 0
    outer loop
      vertex 20 0 250
      vertex 20 9.292893218813452 225.70710678118655
      vertex 20 9.444429766980399 225.83146961230256
    endloop
  endfacet
  facet normal 1 0 0
    outer loop
      vertex 20 0 250
      vertex 20 9.444429766980399 225.83146961230256
      vertex 20 9.61731656763491 225.92387953251128
    endloop
  endfacet
  facet normal 1 0 0
    outer loop
      vertex 20 0 250
      vertex 20 9.61731656763491 225.92387953251128
      vertex 20 9.804909677983872 225.98078528040324
    endloop
  endfacet
  facet normal 1 0 0
    outer loop
      vertex 20 0 250
      vertex 20 9.804909677983872 225.98078528040324
      vertex 20 10 226
    endloop
  endfacet
  facet normal 1 0 0
    outer loop
      vertex 20 0 250
      vertex 20 10 226
      vertex 20 10.195090322016128 225.98078528040324
    endloop
  endfacet
  facet normal 1 0 0
    outer loop
      vertex 20 0 250
      vertex 20 10.195090322016128 225.98078528040324
      vertex 20 10.38268343236509 225.92387953251128
    endloop
  endfacet
  facet normal 1 0 0
    outer loop
      vertex 20 9.01921471959677 175.19509032201614
      vertex 20 9.076120467488714 175.3826834323651
      vertex 20 9.01921471959677 224.80490967798386
    endloop
  endfacet
  facet normal 1 0 0
    outer loop
      vertex 20 9.076120467488714 175.3826834323651
      vertex 20 9.168530387697455 175.5555702330196
      vertex 20 9.076120467488714 224.6173165676349
    endloop
  endfacet
  facet normal 1 0 0
    outer loop
      vertex 20 9.168530387697455 175.5555702330196
      vertex 20 9.292893218813452 175.70710678118655
      vertex 20 9.168530387697455 224.4444297669804
    endloop
  endfacet
  facet normal 1 0 0
    outer loop
      vertex 20 9.292893218813452 175.70710678118655
      vertex 20 9.444429766980399 175.83146961230256
      vertex 20 9.292893218813452 224.29289321881345
    endloop
  endfacet
  facet normal 1 0 0
    outer loop
      vertex 20 9.444429766980399 175.83146961230256
      vertex 20 9.61731656763491 175.92387953251128
      vertex 20 9.444429766980399 224.16853038769744
    endloop
  endfacet
  facet normal 1 0 0
    outer loop
      vertex 20 9.61731656763491 175.92387953251128
      vertex 20 9.804909677983872 175.98078528040324
      vertex 20 9.61731656763491 224.07612046748872
    endloop
  endfacet
  facet normal 1 0 0
    outer loop
      vertex 20 9.804909677983872 175.98078528040324
      vertex 20 10 176
      vertex 20 9.804909677983872 224.01921471959676
    endloop
  endfacet
  facet normal 1 0 0
    outer loop
      vertex 20 9.076120467488714 224.6173165676349
      vertex 20 9.01921471959677 224.80490967798386
      vertex 20 9.076120467488714 175.3826834323651
    endloop
  endfacet
  facet normal 1 0 0
    outer loop
      vertex 20 9.168530387697455 224.4444297669804
      vertex 20 9.076120467488714 224.6173165676349
      vertex 20 9.168530387697455 175.5555702330196
    endloop
  endfacet
  facet normal 1 0 0
    outer loop
      vertex 20 9.292893218813452 175.70710678118655
      vertex 20 9.292893218813452 224.29289321881345
      vertex 20 9.168530387697455 224.4444297669804
    endloop
  endfacet
  facet normal 1 0 0
    outer loop
      vertex 20 9.444429766980399 175.83146961230256
      vertex 20 9.444429766980399 224.16853038769744
      vertex 20 9.292893218813452 224.29289321881345
    endloop
  endfacet
  facet normal 1 0 0
    outer loop
      vertex 20 9.61731656763491 175.92387953251128
      vertex 20 9.61731656763491 224.07612046748872
      vertex 20 9.444429766980399 224.16853038769744
    endloop
  endfacet
  facet normal 1 0 0
    outer loop
      vertex 20 9.804909677983872 175.98078528040324
      vertex 20 9.804909677983872 224.01921471959676
      vertex 20 9.61731656763491 224.07612046748872
    endloop
  endfacet
  facet normal 1 0 0
    outer loop
      vertex 20 10 224
      vertex 20 9.804909677983872 224.01921471959676
      vertex 20 10 176
    endloop
  endfacet
  facet normal 0 1 0
    outer loop
      vertex 20 20 0
      vertex 9.804909677983872 20 49.01921471959677
      vertex 10 20 49
    endloop
  endfacet
  facet normal 0 1 0
    outer loop
      vertex 20 20 0
      vertex 10 20 49
      vertex 10.195090322016128 20 49.01921471959677
    endloop
  endfacet
  facet normal 0 1 0
    outer loop
      vertex 20 20 0
      vertex 10.195090322016128 20 49.01921471959677
      vertex 10.38268343236509 20 49.076120467488714
    endloop
  endfacet
  facet normal 0 1 0
    outer loop
      vertex 20 20 0
      vertex 10.38268343236509 20 49.076120467488714
      vertex 10.555570233019601 20 49.16853038769745
    endloop
  endfacet
  facet normal 0 1 0
    outer loop
      vertex 20 20 0
      vertex 10.555570233019601 20 49.16853038769745
      vertex 10.707106781186548 20 49.292893218813454
    endloop
  endfacet
  facet normal 0 1 0
    outer loop
      vertex 20 20 0
      vertex 10.707106781186548 20 49.292893218813454
      vertex 10.831469612302545 20 49.4444297669804
    endloop
  endfacet
  facet normal 0 1 0
    outer loop
      vertex 20 20 0
      vertex 10.831469612302545 20 49.4444297669804
      vertex 10.923879532511286 20 49.61731656763491
    endloop
  endfacet
  facet normal 0 1 0
    outer loop
      vertex 20 20 0
      vertex 10.923879532511286 20 49.61731656763491
      vertex 10.98078528040323 20 49.80490967798387
    endloop
  endfacet
  facet normal 0 1 0
    outer loop
      vertex 20 20 0
      vertex 10.98078528040323 20 49.80490967798387
      vertex 11 20 50
    endloop
  endfacet
  facet normal 0 1 0
    outer loop
      vertex 20 20 0
      vertex 11 20 50
      vertex 11 20 100
    endloop
  endfacet
  facet normal 0 1 0
    outer loop
      vertex 10.195090322016128 20 50.98078528040323
      vertex 10 20 51
      vertex 10.195090322016128 20 99.01921471959677
    endloop
  endfacet
  facet normal 0 1 0
    outer loop
      vertex 10.38268343236509 20 50.923879532511286
      vertex 10.195090322016128 20 50.98078528040323
      vertex 10.38268343236509 20 99.0761204674887
    endloop
  endfacet
  facet normal 0 1 0
    outer loop
      vertex 10.555570233019601 20 50.83146961230255
      vertex 10.38268343236509 20 50.923879532511286
      vertex 10.555570233019601 20 99.16853038769746
    endloop
  endfacet
  facet normal 0 1 0
    outer loop
      vertex 10.707106781186548 20 50.707106781186546
      vertex 10.555570233019601 20 50.83146961230255
      vertex 10.707106781186548 20 99.29289321881345
    endloop
  endfacet
  facet normal 0 1 0
    outer loop
      vertex 10.831469612302545 20 50.5555702330196
      vertex 10.707106781186548 20 50.707106781186546
      vertex 10.831469612302545 20 99.44442976698039
    endloop
  endfacet
  facet normal 0 1 0
    outer loop
      vertex 10.923879532511286 20 50.38268343236509
      vertex 10.831469612302545 20 50.5555702330196
      vertex 10.923879532511286 20 99.61731656763492
    endloop
  endfacet
  facet normal 0 1 0
    outer loop
      vertex 10.98078528040323 20 50.19509032201613
      vertex 10.923879532511286 20 50.38268343236509
      vertex 10.98078528040323 20 99.80490967798387
    endloop
  endfacet
  facet normal 0 1 0
    outer loop
      vertex 11 20 50
      vertex 10.98078528040323 20 50.19509032201613
      vertex 11 20 100
    endloop
  endfacet
  facet normal 0 1 0
    outer loop
      vertex 10 20 99
      vertex 10.195090322016128 20 99.01921471959677
      vertex 10 20 51
    endloop
  endfacet
  facet normal 0 1 0
    outer loop
      vertex 10.195090322016128 20 50.98078528040323
      vertex 10.195090322016128 20 99.01921471959677
      vertex 10.38268343236509 20 99.0761204674887
    endloop
  endfacet
  facet normal 0 1 0
    outer loop
      vertex 10.38268343236509 20 99.0761204674887
      vertex 10.555570233019601 20 99.16853038769746
      vertex 10.38268343236509 20 50.923879532511286
    endloop
  endfacet
  facet normal 0 1 0
    outer loop
      vertex 10.555570233019601 20 50.83146961230255
      vertex 10.555570233019601 20 99.16853038769746
      vertex 10.707106781186548 20 99.29289321881345
    endloop
  endfacet
  facet normal 0 1 0
    outer loop
      vertex 10.707106781186548 20 50.707106781186546
      vertex 10.707106781186548 20 99.29289321881345
      vertex 10.831469612302545 20 99.44442976698039
    endloop
  endfacet
  facet normal 0 1 0
    outer loop
      vertex 10.831469612302545 20 50.5555702330196
      vertex 10.831469612302545 20 99.44442976698039
      vertex 10.923879532511286 20 99.61731656763492
    endloop
  endfacet
  facet normal 0 1 0
    outer loop
      vertex 10.923879532511286 20 50.38268343236509
      vertex 10.923879532511286 20 99.61731656763492
      vertex 10.98078528040323 20 99.80490967798387
    endloop
  endfacet
  facet normal 0 1 0
    outer loop
      vertex 10.98078528040323 20 99.80490967798387
      vertex 11 20 100
      vertex 10.98078528040323 20 50.19509032201613
    endloop
  endfacet
  facet normal 0 1 0
    outer loop
      vertex 0 20 250
      vertex 20 20 0
      vertex 11 20 100
    endloop
  endfacet
  facet normal 0 1 0
    outer loop
      vertex 20 20 0
      vertex 9 20 150
      vertex 9.01921471959677 20 149.80490967798386
    endloop
  endfacet
  facet normal 0 1 0
    outer loop
      vertex 20 20 0
      vertex 9.01921471959677 20 149.80490967798386
      vertex 9.076120467488714 20 149.6173165676349
    endloop
  endfacet
  facet normal 0 1 0
    outer loop
      vertex 20 20 0
      vertex 9.076120467488714 20 149.6173165676349
      vertex 9.168530387697455 20 149.4444297669804
    endloop
  endfacet
  facet normal 0 1 0
    outer loop
      vertex 20 20 0
      vertex 9.168530387697455 20 149.4444297669804
      vertex 9.292893218813452 20 149.29289321881345
    endloop
  endfacet
  facet normal 0 1 0
    outer loop
      vertex 20 20 0
      vertex 9.292893218813452 20 149.29289321881345
      vertex 9.444429766980399 20 149.16853038769744
    endloop
  endfacet
  facet normal 0 1 0
    outer loop
      vertex 20 20 0
      vertex 9.444429766980399 20 149.16853038769744
      vertex 9.61731656763491 20 149.07612046748872
    endloop
  endfacet
  facet normal 0 1 0
    outer loop
      vertex 20 20 0
      vertex 9.61731656763491 20 149.07612046748872
      vertex 9.804909677983872 20 149.01921471959676
    endloop
  endfacet
  facet normal 0 1 0
    outer loop
      vertex 20 20 0
      vertex 9.804909677983872 20 149.01921471959676
      vertex 10 20 149
    endloop
  endfacet
  facet normal 0 1 0
    outer loop
      vertex 20 20 0
      vertex 10 20 149
      vertex 10.195090322016128 20 149.01921471959676
    endloop
  endfacet
  facet normal 0 1 0
    outer loop
      vertex 20 20 0
      vertex 10.195090322016128 20 149.01921471959676
      vertex 10.38268343236509 20 149.07612046748872
    endloop
  endfacet
  facet normal 0 1 0
    outer loop
      vertex 20 20 0
      vertex 10.38268343236509 20 149.07612046748872
      vertex 10.555570233019601 20 149.16853038769744
    endloop
  endfacet
  facet normal 0 1 0
    outer loop
      vertex 20 20 0
      vertex 10.555570233019601 20 149.16853038769744
      vertex 10.707106781186548 20 149.29289321881345
    endloop
  endfacet
  facet normal 0 1 0
    outer loop
      vertex 20 20 0
      vertex 10.707106781186548 20 149.29289321881345
      vertex 10.831469612302545 20 149.4444297669804
    endloop
  endfacet
  facet normal 0 1 0
    outer loop
      vertex 20 20 0
      vertex 10.831469612302545 20 149.4444297669804
      vertex 10.923879532511286 20 149.6173165676349
    endloop
  endfacet
  facet normal 0 1 0
    outer loop
      vertex 20 20 0
      vertex 10.923879532511286 20 149.6173165676349
      vertex 10.98078528040323 20 149.80490967798386
    endloop
  endfacet
  facet normal 0 1 0
    outer loop
      vertex 20 20 0
      vertex 10.98078528040323 20 149.80490967798386
      vertex 11 20 150
    endloop
  endfacet
  facet normal 0 1 0
    outer loop
      vertex 20 20 0
      vertex 11 20 150
      vertex 10.98078528040323 20 199.80490967798386
    endloop
  endfacet
  facet normal 1 0 0
    outer loop
      vertex 20 0 0
      vertex 20 20 0
      vertex 20 10.38268343236509 24.076120467488714
    endloop
  endfacet
  facet normal 1 0 0
    outer loop
      vertex 20 10 26
      vertex 20 10.195090322016128 25.980785280403232
      vertex 20 10 74
    endloop
  endfacet
  facet normal 1 0 0
    outer loop
      vertex 20 10.195090322016128 25.980785280403232
      vertex 20 10.38268343236509 25.923879532511286
      vertex 20 10.195090322016128 74.01921471959677
    endloop
  endfacet
  facet normal 1 0 0
    outer loop
      vertex 20 10.38268343236509 25.923879532511286
      vertex 20 10.555570233019601 25.831469612302545
      vertex 20 10.38268343236509 74.0761204674887
    endloop
  endfacet
  facet normal 1 0 0
    outer loop
      vertex 20 10.555570233019601 25.831469612302545
      vertex 20 10.707106781186548 25.707106781186546
      vertex 20 10.555570233019601 74.16853038769746
    endloop
  endfacet
  facet normal 1 0 0
    outer loop
      vertex 20 10.707106781186548 25.707106781186546
      vertex 20 10.831469612302545 25.5555702330196
      vertex 20 10.707106781186548 74.29289321881345
    endloop
  endfacet
  facet normal 1 0 0
    outer loop
      vertex 20 10.831469612302545 25.5555702330196
      vertex 20 10.923879532511286 25.38268343236509
      vertex 20 10.831469612302545 74.44442976698039
    endloop
  endfacet
  facet normal 1 0 0
    outer loop
      vertex 20 10.923879532511286 25.38268343236509
      vertex 20 10.98078528040323 25.195090322016128
      vertex 20 10.923879532511286 74.61731656763492
    endloop
  endfacet
  facet normal 1 0 0
    outer loop
      vertex 20 10.98078528040323 25.195090322016128
      vertex 20 11 25
      vertex 20 10.98078528040323 74.80490967798387
    endloop
  endfacet
  facet normal 1 0 0
    outer loop
      vertex 20 10.195090322016128 74.01921471959677
      vertex 20 10 74
      vertex 20 10.195090322016128 25.980785280403232
    endloop
  endfacet
  facet normal 1 0 0
    outer loop
      vertex 20 10.38268343236509 74.0761204674887
      vertex 20 10.195090322016128 74.01921471959677
      vertex 20 10.38268343236509 25.923879532511286
    endloop
  endfacet
  facet normal 1 0 0
    outer loop
      vertex 20 10.555570233019601 74.16853038769746
      vertex 20 10.38268343236509 74.0761204674887
      vertex 20 10.555570233019601 25.831469612302545
    endloop
  endfacet
  facet normal 1 0 0
    outer loop
      vertex 20 10.707106781186548 74.29289321881345
      vertex 20 10.555570233019601 74.16853038769746
      vertex 20 10.707106781186548 25.707106781186546
    endloop
  endfacet
  facet normal 1 0 0
    outer loop
      vertex 20 10.831469612302545 74.44442976698039
      vertex 20 10.707106781186548 74.29289321881345
      vertex 20 10.831469612302545 25.5555702330196
    endloop
  endfacet
  facet normal 1 0 0
    outer loop
      vertex 20 10.923879532511286 74.61731656763492
      vertex 20 10.831469612302545 74.44442976698039
      vertex 20 10.923879532511286 25.38268343236509
    endloop
  endfacet
  facet normal 1 0 0
    outer loop
      vertex 20 10.98078528040323 74.80490967798387
      vertex 20 10.923879532511286 74.61731656763492
      vertex 20 10.98078528040323 25.195090322016128
    endloop
  endfacet
  facet normal 1 0 0
    outer loop
      vertex 20 11 75
      vertex 20 10.98078528040323 74.80490967798387
      vertex 20 11 25
    endloop
  endfacet
  facet normal 1 0 0
    outer loop
      vertex 20 20 0
      vertex 20 10.555570233019601 24.168530387697455
      vertex 20 10.38268343236509 24.076120467488714
    endloop
  endfacet
  facet normal 1 0 0
    outer loop
      vertex 20 20 0
      vertex 20 10.707106781186548 24.292893218813454
      vertex 20 10.555570233019601 24.168530387697455
    endloop
  endfacet
  facet normal 1 0 0
    outer loop
      vertex 20 20 0
      vertex 20 10.831469612302545 24.4444297669804
      vertex 20 10.707106781186548 24.292893218813454
    endloop
  endfacet
  facet normal 1 0 0
    outer loop
      vertex 20 20 0
      vertex 20 10.923879532511286 24.61731656763491
      vertex 20 10.831469612302545 24.4444297669804
    endloop
  endfacet
  facet normal 1 0 0
    outer loop
      vertex 20 20 0
      vertex 20 10.98078528040323 24.804909677983872
      vertex 20 10.923879532511286 24.61731656763491
    endloop
  endfacet
  facet normal 1 0 0
    outer loop
      vertex 20 20 0
      vertex 20 11 25
      vertex 20 10.98078528040323 24.804909677983872
    endloop
  endfacet
  facet normal 1 0 0
    outer loop
      vertex 20 20 0
      vertex 20 11 75
      vertex 20 11 25
    endloop
  endfacet
  facet normal 1 0 0
    outer loop
      vertex 20 10 124
      vertex 20 10 76
      vertex 20 10.195090322016128 75.98078528040323
    endloop
  endfacet
  facet normal 1 0 0
    outer loop
      vertex 20 10 124
      vertex 20 10.195090322016128 75.98078528040323
      vertex 20 10.38268343236509 75.9238795325113
    endloop
  endfacet
  facet normal 1 0 0
    outer loop
      vertex 20 10 124
      vertex 20 10.38268343236509 75.9238795325113
      vertex 20 10.555570233019601 75.83146961230254
    endloop
  endfacet
  facet normal 1 0 0
    outer loop
      vertex 20 10 124
      vertex 20 10.555570233019601 75.83146961230254
      vertex 20 10.707106781186548 75.70710678118655
    endloop
  endfacet
  facet normal 1 0 0
    outer loop
      vertex 20 10 124
      vertex 20 10.707106781186548 75.70710678118655
      vertex 20 10.831469612302545 75.55557023301961
    endloop
  endfacet
  facet normal 1 0 0
    outer loop
      vertex 20 10 124
      vertex 20 10.831469612302545 75.55557023301961
      vertex 20 10.923879532511286 75.38268343236508
    endloop
  endfacet
  facet normal 1 0 0
    outer loop
      vertex 20 10 124
      vertex 20 10.923879532511286 75.38268343236508
      vertex 20 10.98078528040323 75.19509032201613
    endloop
  endfacet
  facet normal 1 0 0
    outer loop
      vertex 20 10 124
      vertex 20 10.98078528040323 75.19509032201613
      vertex 20 11 75
    endloop
  endfacet
  facet normal 1 0 0
    outer loop
      vertex 20 20 0
      vertex 20 10 124
      vertex 20 11 75
    endloop
  endfacet
  facet normal 1 0 0
    outer loop
      vertex 20 20 0
      vertex 20 10.195090322016128 124.01921471959677
      vertex 20 10 124
    endloop
  endfacet
  facet normal 1 0 0
    outer loop
      vertex 20 20 0
      vertex 20 10.38268343236509 124.0761204674887
      vertex 20 10.195090322016128 124.01921471959677
    endloop
  endfacet
  facet normal 1 0 0
    outer loop
      vertex 20 20 0
      vertex 20 10.555570233019601 124.16853038769746
      vertex 20 10.38268343236509 124.0761204674887
    endloop
  endfacet
  facet normal 1 0 0
    outer loop
      vertex 20 20 0
      vertex 20 10.707106781186548 124.29289321881345
      vertex 20 10.555570233019601 124.16853038769746
    endloop
  endfacet
  facet normal 1 0 0
    outer loop
      vertex 20 20 0
      vertex 20 10.831469612302545 124.44442976698039
      vertex 20 10.707106781186548 124.29289321881345
    endloop
  endfacet
  facet normal 1 0 0
    outer loop
      vertex 20 20 0
      vertex 20 10.923879532511286 124.61731656763492
      vertex 20 10.831469612302545 124.44442976698039
    endloop
  endfacet
  facet normal 1 0 0
    outer loop
      vertex 20 20 0
      vertex 20 10.98078528040323 124.80490967798387
      vertex 20 10.923879532511286 124.61731656763492
    endloop
  endfacet
  facet normal 1 0 0
    outer loop
      vertex 20 20 0
      vertex 20 11 125
      vertex 20 10.98078528040323 124.80490967798387
    endloop
  endfacet
  facet normal 1 0 0
    outer loop
      vertex 20 20 0
      vertex 20 9.01921471959677 174.80490967798386
      vertex 20 11 125
    endloop
  endfacet
  facet normal 1 0 0
    outer loop
      vertex 20 20 0
      vertex 20 9.076120467488714 174.6173165676349
      vertex 20 9.01921471959677 174.80490967798386
    endloop
  endfacet
  facet normal 1 0 0
    outer loop
      vertex 20 20 0
      vertex 20 9.168530387697455 174.4444297669804
      vertex 20 9.076120467488714 174.6173165676349
    endloop
  endfacet
  facet normal 1 0 0
    outer loop
      vertex 20 20 0
      vertex 20 9.292893218813452 174.29289321881345
      vertex 20 9.168530387697455 174.4444297669804
    endloop
  endfacet
  facet normal 1 0 0
    outer loop
      vertex 20 20 0
      vertex 20 9.444429766980399 174.16853038769744
      vertex 20 9.292893218813452 174.29289321881345
    endloop
  endfacet
  facet normal 1 0 0
    outer loop
      vertex 20 20 0
      vertex 20 9.61731656763491 174.07612046748872
      vertex 20 9.444429766980399 174.16853038769744
    endloop
  endfacet
  facet normal 1 0 0
    outer loop
      vertex 20 20 0
      vertex 20 9.804909677983872 174.01921471959676
      vertex 20 9.61731656763491 174.07612046748872
    endloop
  endfacet
  facet normal 1 0 0
    outer loop
      vertex 20 20 0
      vertex 20 10 174
      vertex 20 9.804909677983872 174.01921471959676
    endloop
  endfacet
  facet normal 1 0 0
    outer loop
      vertex 20 20 0
      vertex 20 10.195090322016128 174.01921471959676
      vertex 20 10 174
    endloop
  endfacet
  facet normal 1 0 0
    outer loop
      vertex 20 20 0
      vertex 20 10.38268343236509 174.07612046748872
      vertex 20 10.195090322016128 174.01921471959676
    endloop
  endfacet
  facet normal 1 0 0
    outer loop
      vertex 20 20 0
      vertex 20 10.555570233019601 174.16853038769744
      vertex 20 10.38268343236509 174.07612046748872
    endloop
  endfacet
  facet normal 1 0 0
    outer loop
      vertex 20 20 0
      vertex 20 10.707106781186548 174.29289321881345
      vertex 20 10.555570233019601 174.16853038769744
    endloop
  endfacet
  facet normal 1 0 0
    outer loop
      vertex 20 20 0
      vertex 20 10.831469612302545 174.4444297669804
      vertex 20 10.707106781186548 174.29289321881345
    endloop
  endfacet
  facet normal 1 0 0
    outer loop
      vertex 20 20 0
      vertex 20 10.923879532511286 174.6173165676349
      vertex 20 10.831469612302545 174.4444297669804
    endloop
  endfacet
  facet normal 1 0 0
    outer loop
      vertex 20 20 0
      vertex 20 10.98078528040323 174.80490967798386
      vertex 20 10.923879532511286 174.6173165676349
    endloop
  endfacet
  facet normal 1 0 0
    outer loop
      vertex 20 20 0
      vertex 20 11 175
      vertex 20 10.98078528040323 174.80490967798386
    endloop
  endfacet
  facet normal 0 0 1
    outer loop
      vertex 0 20 250
      vertex 20 0 250
      vertex 20 20 250
    endloop
  endfacet
  facet normal 0 1 0
    outer loop
      vertex 10.195090322016128 20 150.98078528040324
      vertex 10 20 151
      vertex 10.195090322016128 20 199.01921471959676
    endloop
  endfacet
  facet normal 0 1 0
    outer loop
      vertex 10.38268343236509 20 150.92387953251128
      vertex 10.195090322016128 20 150.98078528040324
      vertex 10.38268343236509 20 199.07612046748872
    endloop
  endfacet
  facet normal 0 1 0
    outer loop
      vertex 10.555570233019601 20 150.83146961230256
      vertex 10.38268343236509 20 150.92387953251128
      vertex 10.555570233019601 20 199.16853038769744
    endloop
  endfacet
  facet normal 0 1 0
    outer loop
      vertex 10.707106781186548 20 150.70710678118655
      vertex 10.555570233019601 20 150.83146961230256
      vertex 10.707106781186548 20 199.29289321881345
    endloop
  endfacet
  facet normal 0 1 0
    outer loop
      vertex 10.831469612302545 20 150.5555702330196
      vertex 10.707106781186548 20 150.70710678118655
      vertex 10.831469612302545 20 199.4444297669804
    endloop
  endfacet
  facet normal 0 1 0
    outer loop
      vertex 10.923879532511286 20 150.3826834323651
      vertex 10.831469612302545 20 150.5555702330196
      vertex 10.923879532511286 20 199.6173165676349
    endloop
  endfacet
  facet normal 0 1 0
    outer loop
      vertex 10.98078528040323 20 150.19509032201614
      vertex 10.923879532511286 20 150.3826834323651
      vertex 10.98078528040323 20 199.80490967798386
    endloop
  endfacet
  facet normal 0 1 0
    outer loop
      vertex 11 20 150
      vertex 10.98078528040323 20 150.19509032201614
      vertex 10.98078528040323 20 199.80490967798386
    endloop
  endfacet
  facet normal 0 1 0
    outer loop
      vertex 10 20 199
      vertex 10.195090322016128 20 199.01921471959676
      vertex 10 20 151
    endloop
  endfacet
  facet normal 0 1 0
    outer loop
      vertex 10.195090322016128 20 150.98078528040324
      vertex 10.195090322016128 20 199.01921471959676
      vertex 10.38268343236509 20 199.07612046748872
    endloop
  endfacet
  facet normal 0 1 0
    outer loop
      vertex 10.38268343236509 20 150.92387953251128
      vertex 10.38268343236509 20 199.07612046748872
      vertex 10.555570233019601 20 199.16853038769744
    endloop
  endfacet
  facet normal 0 1 0
    outer loop
      vertex 10.555570233019601 20 150.83146961230256
      vertex 10.555570233019601 20 199.16853038769744
      vertex 10.707106781186548 20 199.29289321881345
    endloop
  endfacet
  facet normal 0 1 0
    outer loop
      vertex 10.707106781186548 20 150.70710678118655
      vertex 10.707106781186548 20 199.29289321881345
      vertex 10.831469612302545 20 199.4444297669804
    endloop
  endfacet
  facet normal 0 1 0
    outer loop
      vertex 10.831469612302545 20 199.4444297669804
      vertex 10.923879532511286 20 199.6173165676349
      vertex 10.831469612302545 20 150.5555702330196
    endloop
  endfacet
  facet normal 0 1 0
    outer loop
      vertex 10.923879532511286 20 199.6173165676349
      vertex 10.98078528040323 20 199.80490967798386
      vertex 10.923879532511286 20 150.3826834323651
    endloop
  endfacet
  facet normal 0 1 0
    outer loop
      vertex 20 20 0
      vertex 10.98078528040323 20 199.80490967798386
      vertex 11 20 200
    endloop
  endfacet
  facet normal 0 1 0
    outer loop
      vertex 0 20 250
      vertex 20 20 250
      vertex 10 20 201
    endloop
  endfacet
  facet normal 0 1 0
    outer loop
      vertex 20 20 250
      vertex 10.195090322016128 20 200.98078528040324
      vertex 10 20 201
    endloop
  endfacet
  facet normal 0 1 0
    outer loop
      vertex 20 20 250
      vertex 10.38268343236509 20 200.92387953251128
      vertex 10.195090322016128 20 200.98078528040324
    endloop
  endfacet
  facet normal 0 1 0
    outer loop
      vertex 20 20 250
      vertex 10.555570233019601 20 200.83146961230256
      vertex 10.38268343236509 20 200.92387953251128
    endloop
  endfacet
  facet normal 0 1 0
    outer loop
      vertex 20 20 250
      vertex 10.707106781186548 20 200.70710678118655
      vertex 10.555570233019601 20 200.83146961230256
    endloop
  endfacet
  facet normal 0 1 0
    outer loop
      vertex 20 20 250
      vertex 10.831469612302545 20 200.5555702330196
      vertex 10.707106781186548 20 200.70710678118655
    endloop
  endfacet
  facet normal 0 1 0
    outer loop
      vertex 20 20 250
      vertex 11 20 200
      vertex 10.98078528040323 20 200.19509032201614
    endloop
  endfacet
  facet normal 0 1 0
    outer loop
      vertex 20 20 250
      vertex 10.923879532511286 20 200.3826834323651
      vertex 10.831469612302545 20 200.5555702330196
    endloop
  endfacet
  facet normal 0 1 0
    outer loop
      vertex 20 20 250
      vertex 10.98078528040323 20 200.19509032201614
      vertex 10.923879532511286 20 200.3826834323651
    endloop
  endfacet
  facet normal 1 0 0
    outer loop
      vertex 20 9.01921471959677 174.80490967798386
      vertex 20 10.923879532511286 125.38268343236508
      vertex 20 10.98078528040323 125.19509032201613
    endloop
  endfacet
  facet normal 1 0 0
    outer loop
      vertex 20 9.01921471959677 174.80490967798386
      vertex 20 10.98078528040323 125.19509032201613
      vertex 20 11 125
    endloop
  endfacet
  facet normal 1 0 0
    outer loop
      vertex 20 10 176
      vertex 20 10.195090322016128 175.98078528040324
      vertex 20 10 224
    endloop
  endfacet
  facet normal 1 0 0
    outer loop
      vertex 20 10.195090322016128 175.98078528040324
      vertex 20 10.38268343236509 175.92387953251128
      vertex 20 10.195090322016128 224.01921471959676
    endloop
  endfacet
  facet normal 1 0 0
    outer loop
      vertex 20 10.38268343236509 175.92387953251128
      vertex 20 10.555570233019601 175.83146961230256
      vertex 20 10.38268343236509 224.07612046748872
    endloop
  endfacet
  facet normal 1 0 0
    outer loop
      vertex 20 10.555570233019601 175.83146961230256
      vertex 20 10.707106781186548 175.70710678118655
      vertex 20 10.555570233019601 224.16853038769744
    endloop
  endfacet
  facet normal 1 0 0
    outer loop
      vertex 20 10.707106781186548 175.70710678118655
      vertex 20 10.831469612302545 175.5555702330196
      vertex 20 10.707106781186548 224.29289321881345
    endloop
  endfacet
  facet normal 1 0 0
    outer loop
      vertex 20 10.831469612302545 175.5555702330196
      vertex 20 10.923879532511286 175.3826834323651
      vertex 20 10.831469612302545 224.4444297669804
    endloop
  endfacet
  facet normal 1 0 0
    outer loop
      vertex 20 10.923879532511286 175.3826834323651
      vertex 20 10.98078528040323 175.19509032201614
      vertex 20 10.923879532511286 224.6173165676349
    endloop
  endfacet
  facet normal 1 0 0
    outer loop
      vertex 20 10.98078528040323 175.19509032201614
      vertex 20 11 175
      vertex 20 10.98078528040323 224.80490967798386
    endloop
  endfacet
  facet normal 1 0 0
    outer loop
      vertex 20 10.195090322016128 224.01921471959676
      vertex 20 10 224
      vertex 20 10.195090322016128 175.98078528040324
    endloop
  endfacet
  facet normal 1 0 0
    outer loop
      vertex 20 10.38268343236509 224.07612046748872
      vertex 20 10.195090322016128 224.01921471959676
      vertex 20 10.38268343236509 175.92387953251128
    endloop
  endfacet
  facet normal 1 0 0
    outer loop
      vertex 20 10.555570233019601 224.16853038769744
      vertex 20 10.38268343236509 224.07612046748872
      vertex 20 10.555570233019601 175.83146961230256
    endloop
  endfacet
  facet normal 1 0 0
    outer loop
      vertex 20 10.707106781186548 224.29289321881345
      vertex 20 10.555570233019601 224.16853038769744
      vertex 20 10.707106781186548 175.70710678118655
    endloop
  endfacet
  facet normal 1 0 0
    outer loop
      vertex 20 10.831469612302545 224.4444297669804
      vertex 20 10.707106781186548 224.29289321881345
      vertex 20 10.831469612302545 175.5555702330196
    endloop
  endfacet
  facet normal 1 0 0
    outer loop
      vertex 20 10.923879532511286 224.6173165676349
      vertex 20 10.831469612302545 224.4444297669804
      vertex 20 10.923879532511286 175.3826834323651
    endloop
  endfacet
  facet normal 1 0 0
    outer loop
      vertex 20 10.98078528040323 224.80490967798386
      vertex 20 10.923879532511286 224.6173165676349
      vertex 20 10.98078528040323 175.19509032201614
    endloop
  endfacet
  facet normal 1 0 0
    outer loop
      vertex 20 11 225
      vertex 20 10.98078528040323 224.80490967798386
      vertex 20 11 175
    endloop
  endfacet
  facet normal 1 0 0
    outer loop
      vertex 20 0 250
      vertex 20 10.38268343236509 225.92387953251128
      vertex 20 20 250
    endloop
  endfacet
  facet normal 1 0 0
    outer loop
      vertex 20 20 250
      vertex 20 11 225
      vertex 20 11 175
    endloop
  endfacet
  facet normal 1 0 0
    outer loop
      vertex 20 20 250
      vertex 20 10.38268343236509 225.92387953251128
      vertex 20 10.555570233019601 225.83146961230256
    endloop
  endfacet
  facet normal 1 0 0
    outer loop
      vertex 20 20 250
      vertex 20 10.555570233019601 225.83146961230256
      vertex 20 10.707106781186548 225.70710678118655
    endloop
  endfacet
  facet normal 1 0 0
    outer loop
      vertex 20 20 250
      vertex 20 10.707106781186548 225.70710678118655
      vertex 20 10.831469612302545 225.5555702330196
    endloop
  endfacet
  facet normal 1 0 0
    outer loop
      vertex 20 20 250
      vertex 20 10.831469612302545 225.5555702330196
      vertex 20 10.923879532511286 225.3826834323651
    endloop
  endfacet
  facet normal 1 0 0
    outer loop
      vertex 20 20 250
      vertex 20 10.923879532511286 225.3826834323651
      vertex 20 10.98078528040323 225.19509032201614
    endloop
  endfacet
  facet normal 1 0 0
    outer loop
      vertex 20 20 250
      vertex 20 10.98078528040323 225.19509032201614
      vertex 20 11 225
    endloop
  endfacet
  facet normal 0 1 0
    outer loop
      vertex 20 20 0
      vertex 11 20 200
      vertex 20 20 250
    endloop
  endfacet
  facet normal 1 0 0
    outer loop
      vertex 20 20 0
      vertex 20 20 250
      vertex 20 11 175
    endloop
  endfacet
  facet normal 0.9951847266721975 0 0.09801714032955378
    outer loop
      vertex 9 6.9 200
      vertex 9.01921471959677 6.9 199.80490967798386
      vertex 9.01921471959677 20 199.80490967798386
    endloop
  endfacet
  facet normal 0.9951847266721975 0 -0.09801714032955378
    outer loop
      vertex 9 6.9 200
      vertex 9 20 200
      vertex 9.01921471959677 6.9 200.19509032201614
    endloop
  endfacet
  facet normal 0.9569403357322056 0 0.2902846772544728
    outer loop
      vertex 9.01921471959677 6.9 199.80490967798386
      vertex 9.076120467488714 6.9 199.6173165676349
      vertex 9.076120467488714 20 199.6173165676349
    endloop
  endfacet
  facet normal 0.9569403357322056 0 -0.2902846772544728
    outer loop
      vertex 9.01921471959677 6.9 200.19509032201614
      vertex 9.01921471959677 20 200.19509032201614
      vertex 9.076120467488714 6.9 200.3826834323651
    endloop
  endfacet
  facet normal 0.8819212643483528 0 0.4713967368260017
    outer loop
      vertex 9.168530387697455 6.9 199.4444297669804
      vertex 9.168530387697455 20 199.4444297669804
      vertex 9.076120467488714 6.9 199.6173165676349
    endloop
  endfacet
  facet normal 0.8819212643483528 0 -0.4713967368260017
    outer loop
      vertex 9.076120467488714 6.9 200.3826834323651
      vertex 9.076120467488714 20 200.3826834323651
      vertex 9.168530387697455 6.9 200.5555702330196
    endloop
  endfacet
  facet normal 0.7730104533627378 0 -0.6343932841636444
    outer loop
      vertex 9.168530387697455 6.9 200.5555702330196
      vertex 9.168530387697455 20 200.5555702330196
      vertex 9.292893218813452 6.9 200.70710678118655
    endloop
  endfacet
  facet normal 0.7730104533627378 0 0.6343932841636444
    outer loop
      vertex 9.168530387697455 6.9 199.4444297669804
      vertex 9.292893218813452 6.9 199.29289321881345
      vertex 9.292893218813452 20 199.29289321881345
    endloop
  endfacet
  facet normal 0.6343932841636563 0 -0.7730104533627281
    outer loop
      vertex 9.292893218813452 6.9 200.70710678118655
      vertex 9.292893218813452 20 200.70710678118655
      vertex 9.444429766980399 6.9 200.83146961230256
    endloop
  endfacet
  facet normal 0.6343932841636563 0 0.7730104533627281
    outer loop
      vertex 9.292893218813452 6.9 199.29289321881345
      vertex 9.444429766980399 6.9 199.16853038769744
      vertex 9.444429766980399 20 199.16853038769744
    endloop
  endfacet
  facet normal 0.47139673682592736 0 0.8819212643483926
    outer loop
      vertex 9.444429766980399 6.9 199.16853038769744
      vertex 9.61731656763491 6.9 199.07612046748872
      vertex 9.61731656763491 20 199.07612046748872
    endloop
  endfacet
  facet normal 0.47139673682592736 0 -0.8819212643483926
    outer loop
      vertex 9.444429766980399 6.9 200.83146961230256
      vertex 9.444429766980399 20 200.83146961230256
      vertex 9.61731656763491 6.9 200.92387953251128
    endloop
  endfacet
  facet normal 0.2902846772545399 0 -0.9569403357321853
    outer loop
      vertex 9.61731656763491 6.9 200.92387953251128
      vertex 9.61731656763491 20 200.92387953251128
      vertex 9.804909677983872 6.9 200.98078528040324
    endloop
  endfacet
  facet normal 0.2902846772545399 0 0.9569403357321853
    outer loop
      vertex 9.61731656763491 6.9 199.07612046748872
      vertex 9.804909677983872 6.9 199.01921471959676
      vertex 9.804909677983872 20 199.01921471959676
    endloop
  endfacet
  facet normal 0.09801714032951597 0 0.9951847266722013
    outer loop
      vertex 9.804909677983872 6.9 199.01921471959676
      vertex 10 6.9 199
      vertex 10 20 199
    endloop
  endfacet
  facet normal 0.09801714032951597 0 -0.9951847266722013
    outer loop
      vertex 9.804909677983872 6.9 200.98078528040324
      vertex 9.804909677983872 20 200.98078528040324
      vertex 10 6.9 201
    endloop
  endfacet
  facet normal 0.9951847266721975 0 0.09801714032955378
    outer loop
      vertex 9 6.9 200
      vertex 9.01921471959677 20 199.80490967798386
      vertex 9 20 200
    endloop
  endfacet
  facet normal 0.9951847266721975 0 -0.09801714032955378
    outer loop
      vertex 9.01921471959677 6.9 200.19509032201614
      vertex 9 20 200
      vertex 9.01921471959677 20 200.19509032201614
    endloop
  endfacet
  facet normal 0.9569403357322056 0 0.2902846772544728
    outer loop
      vertex 9.01921471959677 6.9 199.80490967798386
      vertex 9.076120467488714 20 199.6173165676349
      vertex 9.01921471959677 20 199.80490967798386
    endloop
  endfacet
  facet normal 0.9569403357322056 0 -0.2902846772544728
    outer loop
      vertex 9.076120467488714 6.9 200.3826834323651
      vertex 9.01921471959677 20 200.19509032201614
      vertex 9.076120467488714 20 200.3826834323651
    endloop
  endfacet
  facet normal 0.8819212643483528 0 0.4713967368260017
    outer loop
      vertex 9.076120467488714 6.9 199.6173165676349
      vertex 9.168530387697455 20 199.4444297669804
      vertex 9.076120467488714 20 199.6173165676349
    endloop
  endfacet
  facet normal 0.8819212643483528 0 -0.4713967368260017
    outer loop
      vertex 9.168530387697455 6.9 200.5555702330196
      vertex 9.076120467488714 20 200.3826834323651
      vertex 9.168530387697455 20 200.5555702330196
    endloop
  endfacet
  facet normal 0.7730104533627378 0 0.6343932841636444
    outer loop
      vertex 9.168530387697455 6.9 199.4444297669804
      vertex 9.292893218813452 20 199.29289321881345
      vertex 9.168530387697455 20 199.4444297669804
    endloop
  endfacet
  facet normal 0.7730104533627378 0 -0.6343932841636444
    outer loop
      vertex 9.292893218813452 6.9 200.70710678118655
      vertex 9.168530387697455 20 200.5555702330196
      vertex 9.292893218813452 20 200.70710678118655
    endloop
  endfacet
  facet normal 0.6343932841636563 0 0.7730104533627281
    outer loop
      vertex 9.292893218813452 6.9 199.29289321881345
      vertex 9.444429766980399 20 199.16853038769744
      vertex 9.292893218813452 20 199.29289321881345
    endloop
  endfacet
  facet normal 0.47139673682592736 0 0.8819212643483926
    outer loop
      vertex 9.444429766980399 6.9 199.16853038769744
      vertex 9.61731656763491 20 199.07612046748872
      vertex 9.444429766980399 20 199.16853038769744
    endloop
  endfacet
  facet normal 0.2902846772545399 0 0.9569403357321853
    outer loop
      vertex 9.61731656763491 6.9 199.07612046748872
      vertex 9.804909677983872 20 199.01921471959676
      vertex 9.61731656763491 20 199.07612046748872
    endloop
  endfacet
  facet normal 0.6343932841636563 0 -0.7730104533627281
    outer loop
      vertex 9.444429766980399 6.9 200.83146961230256
      vertex 9.292893218813452 20 200.70710678118655
      vertex 9.444429766980399 20 200.83146961230256
    endloop
  endfacet
  facet normal 0.47139673682592736 0 -0.8819212643483926
    outer loop
      vertex 9.61731656763491 6.9 200.92387953251128
      vertex 9.444429766980399 20 200.83146961230256
      vertex 9.61731656763491 20 200.92387953251128
    endloop
  endfacet
  facet normal 0.09801714032951597 0 0.9951847266722013
    outer loop
      vertex 9.804909677983872 6.9 199.01921471959676
      vertex 10 20 199
      vertex 9.804909677983872 20 199.01921471959676
    endloop
  endfacet
  facet normal 0.2902846772545399 0 -0.9569403357321853
    outer loop
      vertex 9.804909677983872 6.9 200.98078528040324
      vertex 9.61731656763491 20 200.92387953251128
      vertex 9.804909677983872 20 200.98078528040324
    endloop
  endfacet
  facet normal 0.09801714032951597 0 -0.9951847266722013
    outer loop
      vertex 10 6.9 201
      vertex 9.804909677983872 20 200.98078528040324
      vertex 10 20 201
    endloop
  endfacet
  facet normal -0.09801714032951597 0 0.9951847266722013
    outer loop
      vertex 10 6.9 199
      vertex 10.195090322016128 6.9 199.01921471959676
      vertex 10.195090322016128 20 199.01921471959676
    endloop
  endfacet
  facet normal -0.09801714032951597 0 -0.9951847266722013
    outer loop
      vertex 10 6.9 201
      vertex 10 20 201
      vertex 10.195090322016128 6.9 200.98078528040324
    endloop
  endfacet
  facet normal -0.2902846772545399 0 -0.9569403357321853
    outer loop
      vertex 10.195090322016128 6.9 200.98078528040324
      vertex 10.195090322016128 20 200.98078528040324
      vertex 10.38268343236509 6.9 200.92387953251128
    endloop
  endfacet
  facet normal -0.2902846772545399 0 0.9569403357321853
    outer loop
      vertex 10.195090322016128 6.9 199.01921471959676
      vertex 10.38268343236509 6.9 199.07612046748872
      vertex 10.38268343236509 20 199.07612046748872
    endloop
  endfacet
  facet normal -0.47139673682592736 0 0.8819212643483926
    outer loop
      vertex 10.38268343236509 6.9 199.07612046748872
      vertex 10.555570233019601 6.9 199.16853038769744
      vertex 10.555570233019601 20 199.16853038769744
    endloop
  endfacet
  facet normal -0.47139673682592736 0 -0.8819212643483926
    outer loop
      vertex 10.38268343236509 6.9 200.92387953251128
      vertex 10.38268343236509 20 200.92387953251128
      vertex 10.555570233019601 6.9 200.83146961230256
    endloop
  endfacet
  facet normal -0.6343932841636563 0 -0.7730104533627281
    outer loop
      vertex 10.555570233019601 6.9 200.83146961230256
      vertex 10.555570233019601 20 200.83146961230256
      vertex 10.707106781186548 6.9 200.70710678118655
    endloop
  endfacet
  facet normal -0.6343932841636563 0 0.7730104533627281
    outer loop
      vertex 10.555570233019601 6.9 199.16853038769744
      vertex 10.707106781186548 6.9 199.29289321881345
      vertex 10.707106781186548 20 199.29289321881345
    endloop
  endfacet
  facet normal -0.7730104533627378 0 -0.6343932841636444
    outer loop
      vertex 10.707106781186548 6.9 200.70710678118655
      vertex 10.707106781186548 20 200.70710678118655
      vertex 10.831469612302545 6.9 200.5555702330196
    endloop
  endfacet
  facet normal -0.7730104533627378 0 0.6343932841636444
    outer loop
      vertex 10.707106781186548 6.9 199.29289321881345
      vertex 10.831469612302545 6.9 199.4444297669804
      vertex 10.831469612302545 20 199.4444297669804
    endloop
  endfacet
  facet normal -0.8819212643483528 0 0.4713967368260017
    outer loop
      vertex 10.831469612302545 6.9 199.4444297669804
      vertex 10.923879532511286 6.9 199.6173165676349
      vertex 10.923879532511286 20 199.6173165676349
    endloop
  endfacet
  facet normal -0.8819212643483528 0 -0.4713967368260017
    outer loop
      vertex 10.831469612302545 6.9 200.5555702330196
      vertex 10.831469612302545 20 200.5555702330196
      vertex 10.923879532511286 6.9 200.3826834323651
    endloop
  endfacet
  facet normal -0.9569403357322056 0 0.2902846772544728
    outer loop
      vertex 10.923879532511286 6.9 199.6173165676349
      vertex 10.98078528040323 6.9 199.80490967798386
      vertex 10.98078528040323 20 199.80490967798386
    endloop
  endfacet
  facet normal -0.9951847266721975 0 0.09801714032955378
    outer loop
      vertex 10.98078528040323 6.9 199.80490967798386
      vertex 11 6.9 200
      vertex 11 20 200
    endloop
  endfacet
  facet normal -0.9951847266721975 0 -0.09801714032955378
    outer loop
      vertex 10.98078528040323 6.9 200.19509032201614
      vertex 10.98078528040323 20 200.19509032201614
      vertex 11 6.9 200
    endloop
  endfacet
  facet normal -0.9569403357322056 0 -0.2902846772544728
    outer loop
      vertex 10.923879532511286 6.9 200.3826834323651
      vertex 10.923879532511286 20 200.3826834323651
      vertex 10.98078528040323 6.9 200.19509032201614
    endloop
  endfacet
  facet normal -0.09801714032951597 0 0.9951847266722013
    outer loop
      vertex 10 6.9 199
      vertex 10.195090322016128 20 199.01921471959676
      vertex 10 20 199
    endloop
  endfacet
  facet normal -0.2902846772545399 0 0.9569403357321853
    outer loop
      vertex 10.195090322016128 6.9 199.01921471959676
      vertex 10.38268343236509 20 199.07612046748872
      vertex 10.195090322016128 20 199.01921471959676
    endloop
  endfacet
  facet normal -0.09801714032951597 0 -0.9951847266722013
    outer loop
      vertex 10.195090322016128 6.9 200.98078528040324
      vertex 10 20 201
      vertex 10.195090322016128 20 200.98078528040324
    endloop
  endfacet
  facet normal -0.47139673682592736 0 0.8819212643483926
    outer loop
      vertex 10.38268343236509 6.9 199.07612046748872
      vertex 10.555570233019601 20 199.16853038769744
      vertex 10.38268343236509 20 199.07612046748872
    endloop
  endfacet
  facet normal -0.6343932841636563 0 0.7730104533627281
    outer loop
      vertex 10.555570233019601 6.9 199.16853038769744
      vertex 10.707106781186548 20 199.29289321881345
      vertex 10.555570233019601 20 199.16853038769744
    endloop
  endfacet
  facet normal -0.2902846772545399 0 -0.9569403357321853
    outer loop
      vertex 10.38268343236509 6.9 200.92387953251128
      vertex 10.195090322016128 20 200.98078528040324
      vertex 10.38268343236509 20 200.92387953251128
    endloop
  endfacet
  facet normal -0.47139673682592736 0 -0.8819212643483926
    outer loop
      vertex 10.555570233019601 6.9 200.83146961230256
      vertex 10.38268343236509 20 200.92387953251128
      vertex 10.555570233019601 20 200.83146961230256
    endloop
  endfacet
  facet normal -0.6343932841636563 0 -0.7730104533627281
    outer loop
      vertex 10.707106781186548 6.9 200.70710678118655
      vertex 10.555570233019601 20 200.83146961230256
      vertex 10.707106781186548 20 200.70710678118655
    endloop
  endfacet
  facet normal -0.7730104533627378 0 0.6343932841636444
    outer loop
      vertex 10.707106781186548 6.9 199.29289321881345
      vertex 10.831469612302545 20 199.4444297669804
      vertex 10.707106781186548 20 199.29289321881345
    endloop
  endfacet
  facet normal -0.7730104533627378 0 -0.6343932841636444
    outer loop
      vertex 10.831469612302545 6.9 200.5555702330196
      vertex 10.707106781186548 20 200.70710678118655
      vertex 10.831469612302545 20 200.5555702330196
    endloop
  endfacet
  facet normal -0.8819212643483528 0 0.4713967368260017
    outer loop
      vertex 10.831469612302545 6.9 199.4444297669804
      vertex 10.923879532511286 20 199.6173165676349
      vertex 10.831469612302545 20 199.4444297669804
    endloop
  endfacet
  facet normal -0.8819212643483528 0 -0.4713967368260017
    outer loop
      vertex 10.923879532511286 6.9 200.3826834323651
      vertex 10.831469612302545 20 200.5555702330196
      vertex 10.923879532511286 20 200.3826834323651
    endloop
  endfacet
  facet normal -0.9569403357322056 0 0.2902846772544728
    outer loop
      vertex 10.923879532511286 6.9 199.6173165676349
      vertex 10.98078528040323 20 199.80490967798386
      vertex 10.923879532511286 20 199.6173165676349
    endloop
  endfacet
  facet normal -0.9951847266721975 0 0.09801714032955378
    outer loop
      vertex 10.98078528040323 6.9 199.80490967798386
      vertex 11 20 200
      vertex 10.98078528040323 20 199.80490967798386
    endloop
  endfacet
  facet normal -0.9951847266721975 0 -0.09801714032955378
    outer loop
      vertex 11 6.9 200
      vertex 10.98078528040323 20 200.19509032201614
      vertex 11 20 200
    endloop
  endfacet
  facet normal -0.9569403357322056 0 -0.2902846772544728
    outer loop
      vertex 10.98078528040323 6.9 200.19509032201614
      vertex 10.923879532511286 20 200.3826834323651
      vertex 10.98078528040323 20 200.19509032201614
    endloop
  endfacet
  facet normal 0.9951847266721975 0 0.09801714032955378
    outer loop
      vertex 9 6.9 150
      vertex 9.01921471959677 6.9 149.80490967798386
      vertex 9.01921471959677 20 149.80490967798386
    endloop
  endfacet
  facet normal 0.9951847266721975 0 -0.09801714032955378
    outer loop
      vertex 9 6.9 150
      vertex 9 20 150
      vertex 9.01921471959677 6.9 150.19509032201614
    endloop
  endfacet
  facet normal 0.9569403357322056 0 0.2902846772544728
    outer loop
      vertex 9.01921471959677 6.9 149.80490967798386
      vertex 9.076120467488714 6.9 149.6173165676349
      vertex 9.076120467488714 20 149.6173165676349
    endloop
  endfacet
  facet normal 0.9569403357322056 0 -0.2902846772544728
    outer loop
      vertex 9.01921471959677 6.9 150.19509032201614
      vertex 9.01921471959677 20 150.19509032201614
      vertex 9.076120467488714 6.9 150.3826834323651
    endloop
  endfacet
  facet normal 0.8819212643483528 0 0.4713967368260017
    outer loop
      vertex 9.076120467488714 6.9 149.6173165676349
      vertex 9.168530387697455 6.9 149.4444297669804
      vertex 9.168530387697455 20 149.4444297669804
    endloop
  endfacet
  facet normal 0.8819212643483528 0 -0.4713967368260017
    outer loop
      vertex 9.076120467488714 6.9 150.3826834323651
      vertex 9.076120467488714 20 150.3826834323651
      vertex 9.168530387697455 6.9 150.5555702330196
    endloop
  endfacet
  facet normal 0.7730104533627378 0 -0.6343932841636444
    outer loop
      vertex 9.168530387697455 6.9 150.5555702330196
      vertex 9.168530387697455 20 150.5555702330196
      vertex 9.292893218813452 6.9 150.70710678118655
    endloop
  endfacet
  facet normal 0.7730104533627378 0 0.6343932841636444
    outer loop
      vertex 9.168530387697455 6.9 149.4444297669804
      vertex 9.292893218813452 6.9 149.29289321881345
      vertex 9.292893218813452 20 149.29289321881345
    endloop
  endfacet
  facet normal 0.6343932841636563 0 -0.7730104533627281
    outer loop
      vertex 9.292893218813452 6.9 150.70710678118655
      vertex 9.292893218813452 20 150.70710678118655
      vertex 9.444429766980399 6.9 150.83146961230256
    endloop
  endfacet
  facet normal 0.6343932841636563 0 0.7730104533627281
    outer loop
      vertex 9.292893218813452 6.9 149.29289321881345
      vertex 9.444429766980399 6.9 149.16853038769744
      vertex 9.444429766980399 20 149.16853038769744
    endloop
  endfacet
  facet normal 0.47139673682592736 0 -0.8819212643483926
    outer loop
      vertex 9.444429766980399 6.9 150.83146961230256
      vertex 9.444429766980399 20 150.83146961230256
      vertex 9.61731656763491 6.9 150.92387953251128
    endloop
  endfacet
  facet normal 0.47139673682592736 0 0.8819212643483926
    outer loop
      vertex 9.444429766980399 6.9 149.16853038769744
      vertex 9.61731656763491 6.9 149.07612046748872
      vertex 9.61731656763491 20 149.07612046748872
    endloop
  endfacet
  facet normal 0.2902846772545399 0 -0.9569403357321853
    outer loop
      vertex 9.61731656763491 6.9 150.92387953251128
      vertex 9.61731656763491 20 150.92387953251128
      vertex 9.804909677983872 6.9 150.98078528040324
    endloop
  endfacet
  facet normal 0.2902846772545399 0 0.9569403357321853
    outer loop
      vertex 9.61731656763491 6.9 149.07612046748872
      vertex 9.804909677983872 6.9 149.01921471959676
      vertex 9.804909677983872 20 149.01921471959676
    endloop
  endfacet
  facet normal 0.09801714032951597 0 0.9951847266722013
    outer loop
      vertex 9.804909677983872 6.9 149.01921471959676
      vertex 10 6.9 149
      vertex 10 20 149
    endloop
  endfacet
  facet normal 0.09801714032951597 0 -0.9951847266722013
    outer loop
      vertex 9.804909677983872 6.9 150.98078528040324
      vertex 9.804909677983872 20 150.98078528040324
      vertex 10 6.9 151
    endloop
  endfacet
  facet normal 0.9951847266721975 0 0.09801714032955378
    outer loop
      vertex 9 6.9 150
      vertex 9.01921471959677 20 149.80490967798386
      vertex 9 20 150
    endloop
  endfacet
  facet normal 0.9951847266721975 0 -0.09801714032955378
    outer loop
      vertex 9.01921471959677 6.9 150.19509032201614
      vertex 9 20 150
      vertex 9.01921471959677 20 150.19509032201614
    endloop
  endfacet
  facet normal 0.9569403357322056 0 0.2902846772544728
    outer loop
      vertex 9.01921471959677 6.9 149.80490967798386
      vertex 9.076120467488714 20 149.6173165676349
      vertex 9.01921471959677 20 149.80490967798386
    endloop
  endfacet
  facet normal 0.9569403357322056 0 -0.2902846772544728
    outer loop
      vertex 9.076120467488714 6.9 150.3826834323651
      vertex 9.01921471959677 20 150.19509032201614
      vertex 9.076120467488714 20 150.3826834323651
    endloop
  endfacet
  facet normal 0.8819212643483528 0 0.4713967368260017
    outer loop
      vertex 9.076120467488714 6.9 149.6173165676349
      vertex 9.168530387697455 20 149.4444297669804
      vertex 9.076120467488714 20 149.6173165676349
    endloop
  endfacet
  facet normal 0.7730104533627378 0 0.6343932841636444
    outer loop
      vertex 9.168530387697455 6.9 149.4444297669804
      vertex 9.292893218813452 20 149.29289321881345
      vertex 9.168530387697455 20 149.4444297669804
    endloop
  endfacet
  facet normal 0.8819212643483528 0 -0.4713967368260017
    outer loop
      vertex 9.168530387697455 6.9 150.5555702330196
      vertex 9.076120467488714 20 150.3826834323651
      vertex 9.168530387697455 20 150.5555702330196
    endloop
  endfacet
  facet normal 0.6343932841636563 0 0.7730104533627281
    outer loop
      vertex 9.292893218813452 6.9 149.29289321881345
      vertex 9.444429766980399 20 149.16853038769744
      vertex 9.292893218813452 20 149.29289321881345
    endloop
  endfacet
  facet normal 0.7730104533627378 0 -0.6343932841636444
    outer loop
      vertex 9.292893218813452 6.9 150.70710678118655
      vertex 9.168530387697455 20 150.5555702330196
      vertex 9.292893218813452 20 150.70710678118655
    endloop
  endfacet
  facet normal 0.47139673682592736 0 0.8819212643483926
    outer loop
      vertex 9.444429766980399 6.9 149.16853038769744
      vertex 9.61731656763491 20 149.07612046748872
      vertex 9.444429766980399 20 149.16853038769744
    endloop
  endfacet
  facet normal 0.6343932841636563 0 -0.7730104533627281
    outer loop
      vertex 9.444429766980399 6.9 150.83146961230256
      vertex 9.292893218813452 20 150.70710678118655
      vertex 9.444429766980399 20 150.83146961230256
    endloop
  endfacet
  facet normal 0.2902846772545399 0 0.9569403357321853
    outer loop
      vertex 9.61731656763491 6.9 149.07612046748872
      vertex 9.804909677983872 20 149.01921471959676
      vertex 9.61731656763491 20 149.07612046748872
    endloop
  endfacet
  facet normal 0.47139673682592736 0 -0.8819212643483926
    outer loop
      vertex 9.61731656763491 6.9 150.92387953251128
      vertex 9.444429766980399 20 150.83146961230256
      vertex 9.61731656763491 20 150.92387953251128
    endloop
  endfacet
  facet normal 0.2902846772545399 0 -0.9569403357321853
    outer loop
      vertex 9.804909677983872 6.9 150.98078528040324
      vertex 9.61731656763491 20 150.92387953251128
      vertex 9.804909677983872 20 150.98078528040324
    endloop
  endfacet
  facet normal 0.09801714032951597 0 0.9951847266722013
    outer loop
      vertex 9.804909677983872 6.9 149.01921471959676
      vertex 10 20 149
      vertex 9.804909677983872 20 149.01921471959676
    endloop
  endfacet
  facet normal 0.09801714032951597 0 -0.9951847266722013
    outer loop
      vertex 10 6.9 151
      vertex 9.804909677983872 20 150.98078528040324
      vertex 10 20 151
    endloop
  endfacet
  facet normal -0.09801714032951597 0 0.9951847266722013
    outer loop
      vertex 10 6.9 149
      vertex 10.195090322016128 6.9 149.01921471959676
      vertex 10.195090322016128 20 149.01921471959676
    endloop
  endfacet
  facet normal -0.09801714032951597 0 -0.9951847266722013
    outer loop
      vertex 10 6.9 151
      vertex 10 20 151
      vertex 10.195090322016128 6.9 150.98078528040324
    endloop
  endfacet
  facet normal -0.2902846772545399 0 -0.9569403357321853
    outer loop
      vertex 10.195090322016128 6.9 150.98078528040324
      vertex 10.195090322016128 20 150.98078528040324
      vertex 10.38268343236509 6.9 150.92387953251128
    endloop
  endfacet
  facet normal -0.2902846772545399 0 0.9569403357321853
    outer loop
      vertex 10.195090322016128 6.9 149.01921471959676
      vertex 10.38268343236509 6.9 149.07612046748872
      vertex 10.38268343236509 20 149.07612046748872
    endloop
  endfacet
  facet normal -0.47139673682592736 0 -0.8819212643483926
    outer loop
      vertex 10.38268343236509 6.9 150.92387953251128
      vertex 10.38268343236509 20 150.92387953251128
      vertex 10.555570233019601 6.9 150.83146961230256
    endloop
  endfacet
  facet normal -0.47139673682592736 0 0.8819212643483926
    outer loop
      vertex 10.38268343236509 6.9 149.07612046748872
      vertex 10.555570233019601 6.9 149.16853038769744
      vertex 10.555570233019601 20 149.16853038769744
    endloop
  endfacet
  facet normal -0.6343932841636563 0 -0.7730104533627281
    outer loop
      vertex 10.555570233019601 6.9 150.83146961230256
      vertex 10.555570233019601 20 150.83146961230256
      vertex 10.707106781186548 6.9 150.70710678118655
    endloop
  endfacet
  facet normal -0.6343932841636563 0 0.7730104533627281
    outer loop
      vertex 10.555570233019601 6.9 149.16853038769744
      vertex 10.707106781186548 6.9 149.29289321881345
      vertex 10.707106781186548 20 149.29289321881345
    endloop
  endfacet
  facet normal -0.7730104533627378 0 -0.6343932841636444
    outer loop
      vertex 10.707106781186548 6.9 150.70710678118655
      vertex 10.707106781186548 20 150.70710678118655
      vertex 10.831469612302545 6.9 150.5555702330196
    endloop
  endfacet
  facet normal -0.7730104533627378 0 0.6343932841636444
    outer loop
      vertex 10.707106781186548 6.9 149.29289321881345
      vertex 10.831469612302545 6.9 149.4444297669804
      vertex 10.831469612302545 20 149.4444297669804
    endloop
  endfacet
  facet normal -0.8819212643483528 0 0.4713967368260017
    outer loop
      vertex 10.831469612302545 6.9 149.4444297669804
      vertex 10.923879532511286 6.9 149.6173165676349
      vertex 10.923879532511286 20 149.6173165676349
    endloop
  endfacet
  facet normal -0.8819212643483528 0 -0.4713967368260017
    outer loop
      vertex 10.923879532511286 6.9 150.3826834323651
      vertex 10.831469612302545 6.9 150.5555702330196
      vertex 10.831469612302545 20 150.5555702330196
    endloop
  endfacet
  facet normal -0.9569403357322056 0 0.2902846772544728
    outer loop
      vertex 10.923879532511286 6.9 149.6173165676349
      vertex 10.98078528040323 6.9 149.80490967798386
      vertex 10.98078528040323 20 149.80490967798386
    endloop
  endfacet
  facet normal -0.9569403357322056 0 -0.2902846772544728
    outer loop
      vertex 10.923879532511286 6.9 150.3826834323651
      vertex 10.923879532511286 20 150.3826834323651
      vertex 10.98078528040323 6.9 150.19509032201614
    endloop
  endfacet
  facet normal -0.9951847266721975 0 0.09801714032955378
    outer loop
      vertex 10.98078528040323 6.9 149.80490967798386
      vertex 11 6.9 150
      vertex 11 20 150
    endloop
  endfacet
  facet normal -0.9951847266721975 0 -0.09801714032955378
    outer loop
      vertex 10.98078528040323 6.9 150.19509032201614
      vertex 10.98078528040323 20 150.19509032201614
      vertex 11 6.9 150
    endloop
  endfacet
  facet normal -0.09801714032951597 0 0.9951847266722013
    outer loop
      vertex 10 6.9 149
      vertex 10.195090322016128 20 149.01921471959676
      vertex 10 20 149
    endloop
  endfacet
  facet normal -0.09801714032951597 0 -0.9951847266722013
    outer loop
      vertex 10.195090322016128 6.9 150.98078528040324
      vertex 10 20 151
      vertex 10.195090322016128 20 150.98078528040324
    endloop
  endfacet
  facet normal -0.2902846772545399 0 0.9569403357321853
    outer loop
      vertex 10.195090322016128 6.9 149.01921471959676
      vertex 10.38268343236509 20 149.07612046748872
      vertex 10.195090322016128 20 149.01921471959676
    endloop
  endfacet
  facet normal -0.47139673682592736 0 0.8819212643483926
    outer loop
      vertex 10.38268343236509 6.9 149.07612046748872
      vertex 10.555570233019601 20 149.16853038769744
      vertex 10.38268343236509 20 149.07612046748872
    endloop
  endfacet
  facet normal -0.2902846772545399 0 -0.9569403357321853
    outer loop
      vertex 10.38268343236509 6.9 150.92387953251128
      vertex 10.195090322016128 20 150.98078528040324
      vertex 10.38268343236509 20 150.92387953251128
    endloop
  endfacet
  facet normal -0.6343932841636563 0 0.7730104533627281
    outer loop
      vertex 10.555570233019601 6.9 149.16853038769744
      vertex 10.707106781186548 20 149.29289321881345
      vertex 10.555570233019601 20 149.16853038769744
    endloop
  endfacet
  facet normal -0.47139673682592736 0 -0.8819212643483926
    outer loop
      vertex 10.555570233019601 6.9 150.83146961230256
      vertex 10.38268343236509 20 150.92387953251128
      vertex 10.555570233019601 20 150.83146961230256
    endloop
  endfacet
  facet normal -0.7730104533627378 0 0.6343932841636444
    outer loop
      vertex 10.707106781186548 6.9 149.29289321881345
      vertex 10.831469612302545 20 149.4444297669804
      vertex 10.707106781186548 20 149.29289321881345
    endloop
  endfacet
  facet normal -0.6343932841636563 0 -0.7730104533627281
    outer loop
      vertex 10.707106781186548 6.9 150.70710678118655
      vertex 10.555570233019601 20 150.83146961230256
      vertex 10.707106781186548 20 150.70710678118655
    endloop
  endfacet
  facet normal -0.8819212643483528 0 0.4713967368260017
    outer loop
      vertex 10.831469612302545 6.9 149.4444297669804
      vertex 10.923879532511286 20 149.6173165676349
      vertex 10.831469612302545 20 149.4444297669804
    endloop
  endfacet
  facet normal -0.7730104533627378 0 -0.6343932841636444
    outer loop
      vertex 10.831469612302545 6.9 150.5555702330196
      vertex 10.707106781186548 20 150.70710678118655
      vertex 10.831469612302545 20 150.5555702330196
    endloop
  endfacet
  facet normal -0.8819212643483528 0 -0.4713967368260017
    outer loop
      vertex 10.923879532511286 6.9 150.3826834323651
      vertex 10.831469612302545 20 150.5555702330196
      vertex 10.923879532511286 20 150.3826834323651
    endloop
  endfacet
  facet normal -0.9569403357322056 0 0.2902846772544728
    outer loop
      vertex 10.923879532511286 6.9 149.6173165676349
      vertex 10.98078528040323 20 149.80490967798386
      vertex 10.923879532511286 20 149.6173165676349
    endloop
  endfacet
  facet normal -0.9569403357322056 0 -0.2902846772544728
    outer loop
      vertex 10.98078528040323 6.9 150.19509032201614
      vertex 10.923879532511286 20 150.3826834323651
      vertex 10.98078528040323 20 150.19509032201614
    endloop
  endfacet
  facet normal -0.9951847266721975 0 0.09801714032955378
    outer loop
      vertex 10.98078528040323 6.9 149.80490967798386
      vertex 11 20 150
      vertex 10.98078528040323 20 149.80490967798386
    endloop
  endfacet
  facet normal -0.9951847266721975 0 -0.09801714032955378
    outer loop
      vertex 11 6.9 150
      vertex 10.98078528040323 20 150.19509032201614
      vertex 11 20 150
    endloop
  endfacet
  facet normal 0.9569403357322086 0 0.2902846772544627
    outer loop
      vertex 9.01921471959677 6.9 49.80490967798387
      vertex 9.076120467488714 6.9 49.61731656763491
      vertex 9.076120467488714 20 49.61731656763491
    endloop
  endfacet
  facet normal 0.9951847266721968 0 0.09801714032956084
    outer loop
      vertex 9.01921471959677 6.9 49.80490967798387
      vertex 9.01921471959677 20 49.80490967798387
      vertex 9 6.9 50
    endloop
  endfacet
  facet normal 0.9951847266721968 0 -0.09801714032956084
    outer loop
      vertex 9 6.9 50
      vertex 9 20 50
      vertex 9.01921471959677 6.9 50.19509032201613
    endloop
  endfacet
  facet normal 0.9569403357322086 0 -0.2902846772544627
    outer loop
      vertex 9.01921471959677 6.9 50.19509032201613
      vertex 9.01921471959677 20 50.19509032201613
      vertex 9.076120467488714 6.9 50.38268343236509
    endloop
  endfacet
  facet normal 0.8819212643483528 0 0.4713967368260017
    outer loop
      vertex 9.076120467488714 6.9 49.61731656763491
      vertex 9.168530387697455 6.9 49.4444297669804
      vertex 9.168530387697455 20 49.4444297669804
    endloop
  endfacet
  facet normal 0.8819212643483528 0 -0.4713967368260017
    outer loop
      vertex 9.076120467488714 6.9 50.38268343236509
      vertex 9.076120467488714 20 50.38268343236509
      vertex 9.168530387697455 6.9 50.5555702330196
    endloop
  endfacet
  facet normal 0.7730104533627378 0 -0.6343932841636444
    outer loop
      vertex 9.168530387697455 6.9 50.5555702330196
      vertex 9.168530387697455 20 50.5555702330196
      vertex 9.292893218813452 6.9 50.707106781186546
    endloop
  endfacet
  facet normal 0.7730104533627378 0 0.6343932841636444
    outer loop
      vertex 9.168530387697455 6.9 49.4444297669804
      vertex 9.292893218813452 6.9 49.292893218813454
      vertex 9.292893218813452 20 49.292893218813454
    endloop
  endfacet
  facet normal 0.6343932841636563 0 -0.7730104533627281
    outer loop
      vertex 9.292893218813452 6.9 50.707106781186546
      vertex 9.292893218813452 20 50.707106781186546
      vertex 9.444429766980399 6.9 50.83146961230255
    endloop
  endfacet
  facet normal 0.6343932841636563 0 0.7730104533627281
    outer loop
      vertex 9.292893218813452 6.9 49.292893218813454
      vertex 9.444429766980399 6.9 49.16853038769745
      vertex 9.444429766980399 20 49.16853038769745
    endloop
  endfacet
  facet normal 0.4713967368259839 0 0.8819212643483625
    outer loop
      vertex 9.444429766980399 6.9 49.16853038769745
      vertex 9.61731656763491 6.9 49.076120467488714
      vertex 9.61731656763491 20 49.076120467488714
    endloop
  endfacet
  facet normal 0.4713967368259839 0 -0.8819212643483625
    outer loop
      vertex 9.444429766980399 6.9 50.83146961230255
      vertex 9.444429766980399 20 50.83146961230255
      vertex 9.61731656763491 6.9 50.923879532511286
    endloop
  endfacet
  facet normal 0.29028467725447354 0 -0.9569403357322054
    outer loop
      vertex 9.61731656763491 6.9 50.923879532511286
      vertex 9.61731656763491 20 50.923879532511286
      vertex 9.804909677983872 6.9 50.98078528040323
    endloop
  endfacet
  facet normal 0.29028467725447354 0 0.9569403357322054
    outer loop
      vertex 9.61731656763491 6.9 49.076120467488714
      vertex 9.804909677983872 6.9 49.01921471959677
      vertex 9.804909677983872 20 49.01921471959677
    endloop
  endfacet
  facet normal 0.09801714032955187 0 0.9951847266721977
    outer loop
      vertex 9.804909677983872 6.9 49.01921471959677
      vertex 10 6.9 49
      vertex 10 20 49
    endloop
  endfacet
  facet normal 0.09801714032955187 0 -0.9951847266721977
    outer loop
      vertex 9.804909677983872 6.9 50.98078528040323
      vertex 9.804909677983872 20 50.98078528040323
      vertex 10 6.9 51
    endloop
  endfacet
  facet normal 0.9569403357322086 0 0.2902846772544627
    outer loop
      vertex 9.01921471959677 6.9 49.80490967798387
      vertex 9.076120467488714 20 49.61731656763491
      vertex 9.01921471959677 20 49.80490967798387
    endloop
  endfacet
  facet normal 0.9951847266721968 0 0.09801714032956084
    outer loop
      vertex 9 6.9 50
      vertex 9.01921471959677 20 49.80490967798387
      vertex 9 20 50
    endloop
  endfacet
  facet normal 0.9951847266721968 0 -0.09801714032956084
    outer loop
      vertex 9.01921471959677 6.9 50.19509032201613
      vertex 9 20 50
      vertex 9.01921471959677 20 50.19509032201613
    endloop
  endfacet
  facet normal 0.9569403357322086 0 -0.2902846772544627
    outer loop
      vertex 9.076120467488714 6.9 50.38268343236509
      vertex 9.01921471959677 20 50.19509032201613
      vertex 9.076120467488714 20 50.38268343236509
    endloop
  endfacet
  facet normal 0.8819212643483528 0 0.4713967368260017
    outer loop
      vertex 9.076120467488714 6.9 49.61731656763491
      vertex 9.168530387697455 20 49.4444297669804
      vertex 9.076120467488714 20 49.61731656763491
    endloop
  endfacet
  facet normal 0.8819212643483528 0 -0.4713967368260017
    outer loop
      vertex 9.168530387697455 6.9 50.5555702330196
      vertex 9.076120467488714 20 50.38268343236509
      vertex 9.168530387697455 20 50.5555702330196
    endloop
  endfacet
  facet normal 0.7730104533627378 0 0.6343932841636444
    outer loop
      vertex 9.168530387697455 6.9 49.4444297669804
      vertex 9.292893218813452 20 49.292893218813454
      vertex 9.168530387697455 20 49.4444297669804
    endloop
  endfacet
  facet normal 0.7730104533627378 0 -0.6343932841636444
    outer loop
      vertex 9.292893218813452 6.9 50.707106781186546
      vertex 9.168530387697455 20 50.5555702330196
      vertex 9.292893218813452 20 50.707106781186546
    endloop
  endfacet
  facet normal 0.6343932841636563 0 0.7730104533627281
    outer loop
      vertex 9.292893218813452 6.9 49.292893218813454
      vertex 9.444429766980399 20 49.16853038769745
      vertex 9.292893218813452 20 49.292893218813454
    endloop
  endfacet
  facet normal 0.4713967368259839 0 0.8819212643483625
    outer loop
      vertex 9.444429766980399 6.9 49.16853038769745
      vertex 9.61731656763491 20 49.076120467488714
      vertex 9.444429766980399 20 49.16853038769745
    endloop
  endfacet
  facet normal 0.29028467725447354 0 0.9569403357322054
    outer loop
      vertex 9.61731656763491 6.9 49.076120467488714
      vertex 9.804909677983872 20 49.01921471959677
      vertex 9.61731656763491 20 49.076120467488714
    endloop
  endfacet
  facet normal 0.6343932841636563 0 -0.7730104533627281
    outer loop
      vertex 9.444429766980399 6.9 50.83146961230255
      vertex 9.292893218813452 20 50.707106781186546
      vertex 9.444429766980399 20 50.83146961230255
    endloop
  endfacet
  facet normal 0.4713967368259839 0 -0.8819212643483625
    outer loop
      vertex 9.61731656763491 6.9 50.923879532511286
      vertex 9.444429766980399 20 50.83146961230255
      vertex 9.61731656763491 20 50.923879532511286
    endloop
  endfacet
  facet normal 0.09801714032955187 0 0.9951847266721977
    outer loop
      vertex 9.804909677983872 6.9 49.01921471959677
      vertex 10 20 49
      vertex 9.804909677983872 20 49.01921471959677
    endloop
  endfacet
  facet normal 0.29028467725447354 0 -0.9569403357322054
    outer loop
      vertex 9.804909677983872 6.9 50.98078528040323
      vertex 9.61731656763491 20 50.923879532511286
      vertex 9.804909677983872 20 50.98078528040323
    endloop
  endfacet
  facet normal 0.09801714032955187 0 -0.9951847266721977
    outer loop
      vertex 10 6.9 51
      vertex 9.804909677983872 20 50.98078528040323
      vertex 10 20 51
    endloop
  endfacet
  facet normal -0.09801714032955187 0 0.9951847266721977
    outer loop
      vertex 10 6.9 49
      vertex 10.195090322016128 6.9 49.01921471959677
      vertex 10.195090322016128 20 49.01921471959677
    endloop
  endfacet
  facet normal -0.09801714032955187 0 -0.9951847266721977
    outer loop
      vertex 10 6.9 51
      vertex 10 20 51
      vertex 10.195090322016128 6.9 50.98078528040323
    endloop
  endfacet
  facet normal -0.29028467725447354 0 -0.9569403357322054
    outer loop
      vertex 10.195090322016128 6.9 50.98078528040323
      vertex 10.195090322016128 20 50.98078528040323
      vertex 10.38268343236509 6.9 50.923879532511286
    endloop
  endfacet
  facet normal -0.29028467725447354 0 0.9569403357322054
    outer loop
      vertex 10.195090322016128 6.9 49.01921471959677
      vertex 10.38268343236509 6.9 49.076120467488714
      vertex 10.38268343236509 20 49.076120467488714
    endloop
  endfacet
  facet normal -0.4713967368259839 0 0.8819212643483625
    outer loop
      vertex 10.38268343236509 6.9 49.076120467488714
      vertex 10.555570233019601 6.9 49.16853038769745
      vertex 10.555570233019601 20 49.16853038769745
    endloop
  endfacet
  facet normal -0.4713967368259839 0 -0.8819212643483625
    outer loop
      vertex 10.38268343236509 6.9 50.923879532511286
      vertex 10.38268343236509 20 50.923879532511286
      vertex 10.555570233019601 6.9 50.83146961230255
    endloop
  endfacet
  facet normal -0.6343932841636563 0 -0.7730104533627281
    outer loop
      vertex 10.555570233019601 6.9 50.83146961230255
      vertex 10.555570233019601 20 50.83146961230255
      vertex 10.707106781186548 6.9 50.707106781186546
    endloop
  endfacet
  facet normal -0.6343932841636563 0 0.7730104533627281
    outer loop
      vertex 10.555570233019601 6.9 49.16853038769745
      vertex 10.707106781186548 6.9 49.292893218813454
      vertex 10.707106781186548 20 49.292893218813454
    endloop
  endfacet
  facet normal -0.7730104533627378 0 -0.6343932841636444
    outer loop
      vertex 10.707106781186548 6.9 50.707106781186546
      vertex 10.707106781186548 20 50.707106781186546
      vertex 10.831469612302545 6.9 50.5555702330196
    endloop
  endfacet
  facet normal -0.7730104533627378 0 0.6343932841636444
    outer loop
      vertex 10.707106781186548 6.9 49.292893218813454
      vertex 10.831469612302545 6.9 49.4444297669804
      vertex 10.831469612302545 20 49.4444297669804
    endloop
  endfacet
  facet normal -0.8819212643483528 0 0.4713967368260017
    outer loop
      vertex 10.831469612302545 6.9 49.4444297669804
      vertex 10.923879532511286 6.9 49.61731656763491
      vertex 10.923879532511286 20 49.61731656763491
    endloop
  endfacet
  facet normal -0.8819212643483528 0 -0.4713967368260017
    outer loop
      vertex 10.831469612302545 6.9 50.5555702330196
      vertex 10.831469612302545 20 50.5555702330196
      vertex 10.923879532511286 6.9 50.38268343236509
    endloop
  endfacet
  facet normal -0.9569403357322086 0 0.2902846772544627
    outer loop
      vertex 10.923879532511286 6.9 49.61731656763491
      vertex 10.98078528040323 6.9 49.80490967798387
      vertex 10.98078528040323 20 49.80490967798387
    endloop
  endfacet
  facet normal -0.9569403357322086 0 -0.2902846772544627
    outer loop
      vertex 10.923879532511286 6.9 50.38268343236509
      vertex 10.923879532511286 20 50.38268343236509
      vertex 10.98078528040323 6.9 50.19509032201613
    endloop
  endfacet
  facet normal -0.9951847266721968 0 0.09801714032956084
    outer loop
      vertex 10.98078528040323 6.9 49.80490967798387
      vertex 11 6.9 50
      vertex 11 20 50
    endloop
  endfacet
  facet normal -0.9951847266721968 0 -0.09801714032956084
    outer loop
      vertex 10.98078528040323 6.9 50.19509032201613
      vertex 10.98078528040323 20 50.19509032201613
      vertex 11 6.9 50
    endloop
  endfacet
  facet normal -0.09801714032955187 0 0.9951847266721977
    outer loop
      vertex 10 6.9 49
      vertex 10.195090322016128 20 49.01921471959677
      vertex 10 20 49
    endloop
  endfacet
  facet normal -0.29028467725447354 0 0.9569403357322054
    outer loop
      vertex 10.195090322016128 6.9 49.01921471959677
      vertex 10.38268343236509 20 49.076120467488714
      vertex 10.195090322016128 20 49.01921471959677
    endloop
  endfacet
  facet normal -0.09801714032955187 0 -0.9951847266721977
    outer loop
      vertex 10.195090322016128 6.9 50.98078528040323
      vertex 10 20 51
      vertex 10.195090322016128 20 50.98078528040323
    endloop
  endfacet
  facet normal -0.4713967368259839 0 0.8819212643483625
    outer loop
      vertex 10.38268343236509 6.9 49.076120467488714
      vertex 10.555570233019601 20 49.16853038769745
      vertex 10.38268343236509 20 49.076120467488714
    endloop
  endfacet
  facet normal -0.6343932841636563 0 0.7730104533627281
    outer loop
      vertex 10.555570233019601 6.9 49.16853038769745
      vertex 10.707106781186548 20 49.292893218813454
      vertex 10.555570233019601 20 49.16853038769745
    endloop
  endfacet
  facet normal -0.29028467725447354 0 -0.9569403357322054
    outer loop
      vertex 10.38268343236509 6.9 50.923879532511286
      vertex 10.195090322016128 20 50.98078528040323
      vertex 10.38268343236509 20 50.923879532511286
    endloop
  endfacet
  facet normal -0.4713967368259839 0 -0.8819212643483625
    outer loop
      vertex 10.555570233019601 6.9 50.83146961230255
      vertex 10.38268343236509 20 50.923879532511286
      vertex 10.555570233019601 20 50.83146961230255
    endloop
  endfacet
  facet normal -0.6343932841636563 0 -0.7730104533627281
    outer loop
      vertex 10.707106781186548 6.9 50.707106781186546
      vertex 10.555570233019601 20 50.83146961230255
      vertex 10.707106781186548 20 50.707106781186546
    endloop
  endfacet
  facet normal -0.7730104533627378 0 0.6343932841636444
    outer loop
      vertex 10.707106781186548 6.9 49.292893218813454
      vertex 10.831469612302545 20 49.4444297669804
      vertex 10.707106781186548 20 49.292893218813454
    endloop
  endfacet
  facet normal -0.7730104533627378 0 -0.6343932841636444
    outer loop
      vertex 10.831469612302545 6.9 50.5555702330196
      vertex 10.707106781186548 20 50.707106781186546
      vertex 10.831469612302545 20 50.5555702330196
    endloop
  endfacet
  facet normal -0.8819212643483528 0 0.4713967368260017
    outer loop
      vertex 10.831469612302545 6.9 49.4444297669804
      vertex 10.923879532511286 20 49.61731656763491
      vertex 10.831469612302545 20 49.4444297669804
    endloop
  endfacet
  facet normal -0.8819212643483528 0 -0.4713967368260017
    outer loop
      vertex 10.923879532511286 6.9 50.38268343236509
      vertex 10.831469612302545 20 50.5555702330196
      vertex 10.923879532511286 20 50.38268343236509
    endloop
  endfacet
  facet normal -0.9569403357322086 0 0.2902846772544627
    outer loop
      vertex 10.923879532511286 6.9 49.61731656763491
      vertex 10.98078528040323 20 49.80490967798387
      vertex 10.923879532511286 20 49.61731656763491
    endloop
  endfacet
  facet normal -0.9569403357322086 0 -0.2902846772544627
    outer loop
      vertex 10.98078528040323 6.9 50.19509032201613
      vertex 10.923879532511286 20 50.38268343236509
      vertex 10.98078528040323 20 50.19509032201613
    endloop
  endfacet
  facet normal -0.9951847266721968 0 0.09801714032956084
    outer loop
      vertex 10.98078528040323 6.9 49.80490967798387
      vertex 11 20 50
      vertex 10.98078528040323 20 49.80490967798387
    endloop
  endfacet
  facet normal -0.9951847266721968 0 -0.09801714032956084
    outer loop
      vertex 11 6.9 50
      vertex 10.98078528040323 20 50.19509032201613
      vertex 11 20 50
    endloop
  endfacet
  facet normal 0.9951847266721968 0 0.09801714032956084
    outer loop
      vertex 9.01921471959677 6.9 99.80490967798387
      vertex 9.01921471959677 20 99.80490967798387
      vertex 9 6.9 100
    endloop
  endfacet
  facet normal 0.9951847266721968 0 -0.09801714032956084
    outer loop
      vertex 9 6.9 100
      vertex 9 20 100
      vertex 9.01921471959677 6.9 100.19509032201613
    endloop
  endfacet
  facet normal 0.9569403357322056 0 0.2902846772544728
    outer loop
      vertex 9.01921471959677 6.9 99.80490967798387
      vertex 9.076120467488714 6.9 99.61731656763492
      vertex 9.076120467488714 20 99.61731656763492
    endloop
  endfacet
  facet normal 0.9569403357322056 0 -0.2902846772544728
    outer loop
      vertex 9.01921471959677 6.9 100.19509032201613
      vertex 9.01921471959677 20 100.19509032201613
      vertex 9.076120467488714 6.9 100.38268343236508
    endloop
  endfacet
  facet normal 0.8819212643483689 0 0.4713967368259715
    outer loop
      vertex 9.168530387697455 6.9 99.44442976698039
      vertex 9.168530387697455 20 99.44442976698039
      vertex 9.076120467488714 6.9 99.61731656763492
    endloop
  endfacet
  facet normal 0.8819212643483689 0 -0.4713967368259715
    outer loop
      vertex 9.076120467488714 6.9 100.38268343236508
      vertex 9.076120467488714 20 100.38268343236508
      vertex 9.168530387697455 6.9 100.55557023301961
    endloop
  endfacet
  facet normal 0.7730104533627378 0 -0.6343932841636444
    outer loop
      vertex 9.168530387697455 6.9 100.55557023301961
      vertex 9.168530387697455 20 100.55557023301961
      vertex 9.292893218813452 6.9 100.70710678118655
    endloop
  endfacet
  facet normal 0.7730104533627378 0 0.6343932841636444
    outer loop
      vertex 9.168530387697455 6.9 99.44442976698039
      vertex 9.292893218813452 6.9 99.29289321881345
      vertex 9.292893218813452 20 99.29289321881345
    endloop
  endfacet
  facet normal 0.634393284163613 0 -0.7730104533627636
    outer loop
      vertex 9.292893218813452 6.9 100.70710678118655
      vertex 9.292893218813452 20 100.70710678118655
      vertex 9.444429766980399 6.9 100.83146961230254
    endloop
  endfacet
  facet normal 0.634393284163613 0 0.7730104533627636
    outer loop
      vertex 9.292893218813452 6.9 99.29289321881345
      vertex 9.444429766980399 6.9 99.16853038769746
      vertex 9.444429766980399 20 99.16853038769746
    endloop
  endfacet
  facet normal 0.47139673682604016 0 -0.8819212643483323
    outer loop
      vertex 9.444429766980399 6.9 100.83146961230254
      vertex 9.444429766980399 20 100.83146961230254
      vertex 9.61731656763491 6.9 100.9238795325113
    endloop
  endfacet
  facet normal 0.47139673682604016 0 0.8819212643483323
    outer loop
      vertex 9.444429766980399 6.9 99.16853038769746
      vertex 9.61731656763491 6.9 99.0761204674887
      vertex 9.61731656763491 20 99.0761204674887
    endloop
  endfacet
  facet normal 0.2902846772544072 0 -0.9569403357322256
    outer loop
      vertex 9.61731656763491 6.9 100.9238795325113
      vertex 9.61731656763491 20 100.9238795325113
      vertex 9.804909677983872 6.9 100.98078528040323
    endloop
  endfacet
  facet normal 0.2902846772544072 0 0.9569403357322256
    outer loop
      vertex 9.61731656763491 6.9 99.0761204674887
      vertex 9.804909677983872 6.9 99.01921471959677
      vertex 9.804909677983872 20 99.01921471959677
    endloop
  endfacet
  facet normal 0.09801714032958776 0 0.9951847266721943
    outer loop
      vertex 9.804909677983872 6.9 99.01921471959677
      vertex 10 6.9 99
      vertex 10 20 99
    endloop
  endfacet
  facet normal 0.09801714032958776 0 -0.9951847266721943
    outer loop
      vertex 9.804909677983872 6.9 100.98078528040323
      vertex 9.804909677983872 20 100.98078528040323
      vertex 10 6.9 101
    endloop
  endfacet
  facet normal 0.9951847266721968 0 0.09801714032956084
    outer loop
      vertex 9 6.9 100
      vertex 9.01921471959677 20 99.80490967798387
      vertex 9 20 100
    endloop
  endfacet
  facet normal 0.9951847266721968 0 -0.09801714032956084
    outer loop
      vertex 9.01921471959677 6.9 100.19509032201613
      vertex 9 20 100
      vertex 9.01921471959677 20 100.19509032201613
    endloop
  endfacet
  facet normal 0.9569403357322056 0 0.2902846772544728
    outer loop
      vertex 9.01921471959677 6.9 99.80490967798387
      vertex 9.076120467488714 20 99.61731656763492
      vertex 9.01921471959677 20 99.80490967798387
    endloop
  endfacet
  facet normal 0.9569403357322056 0 -0.2902846772544728
    outer loop
      vertex 9.076120467488714 6.9 100.38268343236508
      vertex 9.01921471959677 20 100.19509032201613
      vertex 9.076120467488714 20 100.38268343236508
    endloop
  endfacet
  facet normal 0.8819212643483689 0 0.4713967368259715
    outer loop
      vertex 9.076120467488714 6.9 99.61731656763492
      vertex 9.168530387697455 20 99.44442976698039
      vertex 9.076120467488714 20 99.61731656763492
    endloop
  endfacet
  facet normal 0.7730104533627378 0 0.6343932841636444
    outer loop
      vertex 9.168530387697455 6.9 99.44442976698039
      vertex 9.292893218813452 20 99.29289321881345
      vertex 9.168530387697455 20 99.44442976698039
    endloop
  endfacet
  facet normal 0.8819212643483689 0 -0.4713967368259715
    outer loop
      vertex 9.168530387697455 6.9 100.55557023301961
      vertex 9.076120467488714 20 100.38268343236508
      vertex 9.168530387697455 20 100.55557023301961
    endloop
  endfacet
  facet normal 0.634393284163613 0 0.7730104533627636
    outer loop
      vertex 9.292893218813452 6.9 99.29289321881345
      vertex 9.444429766980399 20 99.16853038769746
      vertex 9.292893218813452 20 99.29289321881345
    endloop
  endfacet
  facet normal 0.7730104533627378 0 -0.6343932841636444
    outer loop
      vertex 9.292893218813452 6.9 100.70710678118655
      vertex 9.168530387697455 20 100.55557023301961
      vertex 9.292893218813452 20 100.70710678118655
    endloop
  endfacet
  facet normal 0.47139673682604016 0 0.8819212643483323
    outer loop
      vertex 9.444429766980399 6.9 99.16853038769746
      vertex 9.61731656763491 20 99.0761204674887
      vertex 9.444429766980399 20 99.16853038769746
    endloop
  endfacet
  facet normal 0.634393284163613 0 -0.7730104533627636
    outer loop
      vertex 9.444429766980399 6.9 100.83146961230254
      vertex 9.292893218813452 20 100.70710678118655
      vertex 9.444429766980399 20 100.83146961230254
    endloop
  endfacet
  facet normal 0.2902846772544072 0 0.9569403357322256
    outer loop
      vertex 9.61731656763491 6.9 99.0761204674887
      vertex 9.804909677983872 20 99.01921471959677
      vertex 9.61731656763491 20 99.0761204674887
    endloop
  endfacet
  facet normal 0.47139673682604016 0 -0.8819212643483323
    outer loop
      vertex 9.61731656763491 6.9 100.9238795325113
      vertex 9.444429766980399 20 100.83146961230254
      vertex 9.61731656763491 20 100.9238795325113
    endloop
  endfacet
  facet normal 0.2902846772544072 0 -0.9569403357322256
    outer loop
      vertex 9.804909677983872 6.9 100.98078528040323
      vertex 9.61731656763491 20 100.9238795325113
      vertex 9.804909677983872 20 100.98078528040323
    endloop
  endfacet
  facet normal 0.09801714032958776 0 0.9951847266721943
    outer loop
      vertex 9.804909677983872 6.9 99.01921471959677
      vertex 10 20 99
      vertex 9.804909677983872 20 99.01921471959677
    endloop
  endfacet
  facet normal 0.09801714032958776 0 -0.9951847266721943
    outer loop
      vertex 10 6.9 101
      vertex 9.804909677983872 20 100.98078528040323
      vertex 10 20 101
    endloop
  endfacet
  facet normal -0.09801714032958776 0 0.9951847266721943
    outer loop
      vertex 10 6.9 99
      vertex 10.195090322016128 6.9 99.01921471959677
      vertex 10.195090322016128 20 99.01921471959677
    endloop
  endfacet
  facet normal -0.09801714032958776 0 -0.9951847266721943
    outer loop
      vertex 10 6.9 101
      vertex 10 20 101
      vertex 10.195090322016128 6.9 100.98078528040323
    endloop
  endfacet
  facet normal -0.2902846772544072 0 -0.9569403357322256
    outer loop
      vertex 10.195090322016128 6.9 100.98078528040323
      vertex 10.195090322016128 20 100.98078528040323
      vertex 10.38268343236509 6.9 100.9238795325113
    endloop
  endfacet
  facet normal -0.2902846772544072 0 0.9569403357322256
    outer loop
      vertex 10.195090322016128 6.9 99.01921471959677
      vertex 10.38268343236509 6.9 99.0761204674887
      vertex 10.38268343236509 20 99.0761204674887
    endloop
  endfacet
  facet normal -0.47139673682604016 0 -0.8819212643483323
    outer loop
      vertex 10.38268343236509 6.9 100.9238795325113
      vertex 10.38268343236509 20 100.9238795325113
      vertex 10.555570233019601 6.9 100.83146961230254
    endloop
  endfacet
  facet normal -0.47139673682604016 0 0.8819212643483323
    outer loop
      vertex 10.38268343236509 6.9 99.0761204674887
      vertex 10.555570233019601 6.9 99.16853038769746
      vertex 10.555570233019601 20 99.16853038769746
    endloop
  endfacet
  facet normal -0.634393284163613 0 -0.7730104533627636
    outer loop
      vertex 10.555570233019601 6.9 100.83146961230254
      vertex 10.555570233019601 20 100.83146961230254
      vertex 10.707106781186548 6.9 100.70710678118655
    endloop
  endfacet
  facet normal -0.634393284163613 0 0.7730104533627636
    outer loop
      vertex 10.555570233019601 6.9 99.16853038769746
      vertex 10.707106781186548 6.9 99.29289321881345
      vertex 10.707106781186548 20 99.29289321881345
    endloop
  endfacet
  facet normal -0.7730104533627378 0 -0.6343932841636444
    outer loop
      vertex 10.707106781186548 6.9 100.70710678118655
      vertex 10.707106781186548 20 100.70710678118655
      vertex 10.831469612302545 6.9 100.55557023301961
    endloop
  endfacet
  facet normal -0.7730104533627378 0 0.6343932841636444
    outer loop
      vertex 10.707106781186548 6.9 99.29289321881345
      vertex 10.831469612302545 6.9 99.44442976698039
      vertex 10.831469612302545 20 99.44442976698039
    endloop
  endfacet
  facet normal -0.8819212643483689 0 0.4713967368259715
    outer loop
      vertex 10.831469612302545 6.9 99.44442976698039
      vertex 10.923879532511286 6.9 99.61731656763492
      vertex 10.923879532511286 20 99.61731656763492
    endloop
  endfacet
  facet normal -0.8819212643483689 0 -0.4713967368259715
    outer loop
      vertex 10.831469612302545 6.9 100.55557023301961
      vertex 10.831469612302545 20 100.55557023301961
      vertex 10.923879532511286 6.9 100.38268343236508
    endloop
  endfacet
  facet normal -0.9569403357322056 0 0.2902846772544728
    outer loop
      vertex 10.923879532511286 6.9 99.61731656763492
      vertex 10.98078528040323 6.9 99.80490967798387
      vertex 10.98078528040323 20 99.80490967798387
    endloop
  endfacet
  facet normal -0.9569403357322056 0 -0.2902846772544728
    outer loop
      vertex 10.923879532511286 6.9 100.38268343236508
      vertex 10.923879532511286 20 100.38268343236508
      vertex 10.98078528040323 6.9 100.19509032201613
    endloop
  endfacet
  facet normal -0.9951847266721968 0 0.09801714032956084
    outer loop
      vertex 10.98078528040323 6.9 99.80490967798387
      vertex 11 6.9 100
      vertex 11 20 100
    endloop
  endfacet
  facet normal -0.9951847266721968 0 -0.09801714032956084
    outer loop
      vertex 10.98078528040323 6.9 100.19509032201613
      vertex 10.98078528040323 20 100.19509032201613
      vertex 11 6.9 100
    endloop
  endfacet
  facet normal -0.09801714032958776 0 0.9951847266721943
    outer loop
      vertex 10 6.9 99
      vertex 10.195090322016128 20 99.01921471959677
      vertex 10 20 99
    endloop
  endfacet
  facet normal -0.09801714032958776 0 -0.9951847266721943
    outer loop
      vertex 10.195090322016128 6.9 100.98078528040323
      vertex 10 20 101
      vertex 10.195090322016128 20 100.98078528040323
    endloop
  endfacet
  facet normal -0.2902846772544072 0 0.9569403357322256
    outer loop
      vertex 10.195090322016128 6.9 99.01921471959677
      vertex 10.38268343236509 20 99.0761204674887
      vertex 10.195090322016128 20 99.01921471959677
    endloop
  endfacet
  facet normal -0.47139673682604016 0 0.8819212643483323
    outer loop
      vertex 10.38268343236509 6.9 99.0761204674887
      vertex 10.555570233019601 20 99.16853038769746
      vertex 10.38268343236509 20 99.0761204674887
    endloop
  endfacet
  facet normal -0.2902846772544072 0 -0.9569403357322256
    outer loop
      vertex 10.38268343236509 6.9 100.9238795325113
      vertex 10.195090322016128 20 100.98078528040323
      vertex 10.38268343236509 20 100.9238795325113
    endloop
  endfacet
  facet normal -0.634393284163613 0 0.7730104533627636
    outer loop
      vertex 10.555570233019601 6.9 99.16853038769746
      vertex 10.707106781186548 20 99.29289321881345
      vertex 10.555570233019601 20 99.16853038769746
    endloop
  endfacet
  facet normal -0.47139673682604016 0 -0.8819212643483323
    outer loop
      vertex 10.555570233019601 6.9 100.83146961230254
      vertex 10.38268343236509 20 100.9238795325113
      vertex 10.555570233019601 20 100.83146961230254
    endloop
  endfacet
  facet normal -0.7730104533627378 0 0.6343932841636444
    outer loop
      vertex 10.707106781186548 6.9 99.29289321881345
      vertex 10.831469612302545 20 99.44442976698039
      vertex 10.707106781186548 20 99.29289321881345
    endloop
  endfacet
  facet normal -0.634393284163613 0 -0.7730104533627636
    outer loop
      vertex 10.707106781186548 6.9 100.70710678118655
      vertex 10.555570233019601 20 100.83146961230254
      vertex 10.707106781186548 20 100.70710678118655
    endloop
  endfacet
  facet normal -0.8819212643483689 0 0.4713967368259715
    outer loop
      vertex 10.831469612302545 6.9 99.44442976698039
      vertex 10.923879532511286 20 99.61731656763492
      vertex 10.831469612302545 20 99.44442976698039
    endloop
  endfacet
  facet normal -0.7730104533627378 0 -0.6343932841636444
    outer loop
      vertex 10.831469612302545 6.9 100.55557023301961
      vertex 10.707106781186548 20 100.70710678118655
      vertex 10.831469612302545 20 100.55557023301961
    endloop
  endfacet
  facet normal -0.8819212643483689 0 -0.4713967368259715
    outer loop
      vertex 10.923879532511286 6.9 100.38268343236508
      vertex 10.831469612302545 20 100.55557023301961
      vertex 10.923879532511286 20 100.38268343236508
    endloop
  endfacet
  facet normal -0.9569403357322056 0 0.2902846772544728
    outer loop
      vertex 10.923879532511286 6.9 99.61731656763492
      vertex 10.98078528040323 20 99.80490967798387
      vertex 10.923879532511286 20 99.61731656763492
    endloop
  endfacet
  facet normal -0.9569403357322056 0 -0.2902846772544728
    outer loop
      vertex 10.98078528040323 6.9 100.19509032201613
      vertex 10.923879532511286 20 100.38268343236508
      vertex 10.98078528040323 20 100.19509032201613
    endloop
  endfacet
  facet normal -0.9951847266721968 0 0.09801714032956084
    outer loop
      vertex 10.98078528040323 6.9 99.80490967798387
      vertex 11 20 100
      vertex 10.98078528040323 20 99.80490967798387
    endloop
  endfacet
  facet normal -0.9951847266721968 0 -0.09801714032956084
    outer loop
      vertex 11 6.9 100
      vertex 10.98078528040323 20 100.19509032201613
      vertex 11 20 100
    endloop
  endfacet
  facet normal 0 0.9951847266721975 0.09801714032955378
    outer loop
      vertex 6.9 9 225
      vertex 20 9 225
      vertex 6.9 9.01921471959677 224.80490967798386
    endloop
  endfacet
  facet normal 0 0.9951847266721975 -0.09801714032955378
    outer loop
      vertex 6.9 9 225
      vertex 6.9 9.01921471959677 225.19509032201614
      vertex 20 9.01921471959677 225.19509032201614
    endloop
  endfacet
  facet normal 0 0.9569403357322056 0.2902846772544728
    outer loop
      vertex 6.9 9.01921471959677 224.80490967798386
      vertex 20 9.01921471959677 224.80490967798386
      vertex 6.9 9.076120467488714 224.6173165676349
    endloop
  endfacet
  facet normal 0 0.9569403357322056 -0.2902846772544728
    outer loop
      vertex 6.9 9.01921471959677 225.19509032201614
      vertex 6.9 9.076120467488714 225.3826834323651
      vertex 20 9.076120467488714 225.3826834323651
    endloop
  endfacet
  facet normal 0 0.8819212643483528 0.4713967368260017
    outer loop
      vertex 6.9 9.076120467488714 224.6173165676349
      vertex 20 9.076120467488714 224.6173165676349
      vertex 6.9 9.168530387697455 224.4444297669804
    endloop
  endfacet
  facet normal 0 0.7730104533627378 0.6343932841636444
    outer loop
      vertex 6.9 9.168530387697455 224.4444297669804
      vertex 20 9.168530387697455 224.4444297669804
      vertex 6.9 9.292893218813452 224.29289321881345
    endloop
  endfacet
  facet normal 0 0.8819212643483528 -0.4713967368260017
    outer loop
      vertex 6.9 9.076120467488714 225.3826834323651
      vertex 6.9 9.168530387697455 225.5555702330196
      vertex 20 9.168530387697455 225.5555702330196
    endloop
  endfacet
  facet normal 0 0.6343932841636563 0.7730104533627281
    outer loop
      vertex 6.9 9.292893218813452 224.29289321881345
      vertex 20 9.292893218813452 224.29289321881345
      vertex 6.9 9.444429766980399 224.16853038769744
    endloop
  endfacet
  facet normal 0 0.7730104533627378 -0.6343932841636444
    outer loop
      vertex 6.9 9.168530387697455 225.5555702330196
      vertex 6.9 9.292893218813452 225.70710678118655
      vertex 20 9.292893218813452 225.70710678118655
    endloop
  endfacet
  facet normal 0 0.47139673682592736 0.8819212643483926
    outer loop
      vertex 6.9 9.444429766980399 224.16853038769744
      vertex 20 9.444429766980399 224.16853038769744
      vertex 6.9 9.61731656763491 224.07612046748872
    endloop
  endfacet
  facet normal 0 0.6343932841636563 -0.7730104533627281
    outer loop
      vertex 6.9 9.292893218813452 225.70710678118655
      vertex 6.9 9.444429766980399 225.83146961230256
      vertex 20 9.444429766980399 225.83146961230256
    endloop
  endfacet
  facet normal 0 0.2902846772545399 0.9569403357321853
    outer loop
      vertex 6.9 9.61731656763491 224.07612046748872
      vertex 20 9.61731656763491 224.07612046748872
      vertex 6.9 9.804909677983872 224.01921471959676
    endloop
  endfacet
  facet normal 0 0.47139673682592736 -0.8819212643483926
    outer loop
      vertex 6.9 9.444429766980399 225.83146961230256
      vertex 6.9 9.61731656763491 225.92387953251128
      vertex 20 9.61731656763491 225.92387953251128
    endloop
  endfacet
  facet normal 0 0.2902846772545399 -0.9569403357321853
    outer loop
      vertex 6.9 9.61731656763491 225.92387953251128
      vertex 6.9 9.804909677983872 225.98078528040324
      vertex 20 9.804909677983872 225.98078528040324
    endloop
  endfacet
  facet normal 0 0.09801714032951597 0.9951847266722013
    outer loop
      vertex 6.9 9.804909677983872 224.01921471959676
      vertex 20 9.804909677983872 224.01921471959676
      vertex 6.9 10 224
    endloop
  endfacet
  facet normal 0 0.09801714032951597 -0.9951847266722013
    outer loop
      vertex 6.9 9.804909677983872 225.98078528040324
      vertex 6.9 10 226
      vertex 20 10 226
    endloop
  endfacet
  facet normal 0 0.9951847266721975 0.09801714032955378
    outer loop
      vertex 6.9 9.01921471959677 224.80490967798386
      vertex 20 9 225
      vertex 20 9.01921471959677 224.80490967798386
    endloop
  endfacet
  facet normal 0 0.9951847266721975 -0.09801714032955378
    outer loop
      vertex 6.9 9 225
      vertex 20 9.01921471959677 225.19509032201614
      vertex 20 9 225
    endloop
  endfacet
  facet normal 0 0.9569403357322056 0.2902846772544728
    outer loop
      vertex 6.9 9.076120467488714 224.6173165676349
      vertex 20 9.01921471959677 224.80490967798386
      vertex 20 9.076120467488714 224.6173165676349
    endloop
  endfacet
  facet normal 0 0.9569403357322056 -0.2902846772544728
    outer loop
      vertex 6.9 9.01921471959677 225.19509032201614
      vertex 20 9.076120467488714 225.3826834323651
      vertex 20 9.01921471959677 225.19509032201614
    endloop
  endfacet
  facet normal 0 0.8819212643483528 0.4713967368260017
    outer loop
      vertex 6.9 9.168530387697455 224.4444297669804
      vertex 20 9.076120467488714 224.6173165676349
      vertex 20 9.168530387697455 224.4444297669804
    endloop
  endfacet
  facet normal 0 0.8819212643483528 -0.4713967368260017
    outer loop
      vertex 6.9 9.076120467488714 225.3826834323651
      vertex 20 9.168530387697455 225.5555702330196
      vertex 20 9.076120467488714 225.3826834323651
    endloop
  endfacet
  facet normal 0 0.7730104533627378 -0.6343932841636444
    outer loop
      vertex 6.9 9.168530387697455 225.5555702330196
      vertex 20 9.292893218813452 225.70710678118655
      vertex 20 9.168530387697455 225.5555702330196
    endloop
  endfacet
  facet normal 0 0.7730104533627378 0.6343932841636444
    outer loop
      vertex 6.9 9.292893218813452 224.29289321881345
      vertex 20 9.168530387697455 224.4444297669804
      vertex 20 9.292893218813452 224.29289321881345
    endloop
  endfacet
  facet normal 0 0.6343932841636563 -0.7730104533627281
    outer loop
      vertex 6.9 9.292893218813452 225.70710678118655
      vertex 20 9.444429766980399 225.83146961230256
      vertex 20 9.292893218813452 225.70710678118655
    endloop
  endfacet
  facet normal 0 0.6343932841636563 0.7730104533627281
    outer loop
      vertex 6.9 9.444429766980399 224.16853038769744
      vertex 20 9.292893218813452 224.29289321881345
      vertex 20 9.444429766980399 224.16853038769744
    endloop
  endfacet
  facet normal 0 0.47139673682592736 -0.8819212643483926
    outer loop
      vertex 6.9 9.444429766980399 225.83146961230256
      vertex 20 9.61731656763491 225.92387953251128
      vertex 20 9.444429766980399 225.83146961230256
    endloop
  endfacet
  facet normal 0 0.47139673682592736 0.8819212643483926
    outer loop
      vertex 6.9 9.61731656763491 224.07612046748872
      vertex 20 9.444429766980399 224.16853038769744
      vertex 20 9.61731656763491 224.07612046748872
    endloop
  endfacet
  facet normal 0 0.2902846772545399 -0.9569403357321853
    outer loop
      vertex 6.9 9.61731656763491 225.92387953251128
      vertex 20 9.804909677983872 225.98078528040324
      vertex 20 9.61731656763491 225.92387953251128
    endloop
  endfacet
  facet normal 0 0.2902846772545399 0.9569403357321853
    outer loop
      vertex 6.9 9.804909677983872 224.01921471959676
      vertex 20 9.61731656763491 224.07612046748872
      vertex 20 9.804909677983872 224.01921471959676
    endloop
  endfacet
  facet normal 0 0.09801714032951597 0.9951847266722013
    outer loop
      vertex 6.9 10 224
      vertex 20 9.804909677983872 224.01921471959676
      vertex 20 10 224
    endloop
  endfacet
  facet normal 0 0.09801714032951597 -0.9951847266722013
    outer loop
      vertex 6.9 9.804909677983872 225.98078528040324
      vertex 20 10 226
      vertex 20 9.804909677983872 225.98078528040324
    endloop
  endfacet
  facet normal 0 -0.09801714032951597 0.9951847266722013
    outer loop
      vertex 6.9 10 224
      vertex 20 10 224
      vertex 6.9 10.195090322016128 224.01921471959676
    endloop
  endfacet
  facet normal 0 -0.09801714032951597 -0.9951847266722013
    outer loop
      vertex 6.9 10 226
      vertex 6.9 10.195090322016128 225.98078528040324
      vertex 20 10.195090322016128 225.98078528040324
    endloop
  endfacet
  facet normal 0 -0.2902846772545399 0.9569403357321853
    outer loop
      vertex 6.9 10.195090322016128 224.01921471959676
      vertex 20 10.195090322016128 224.01921471959676
      vertex 6.9 10.38268343236509 224.07612046748872
    endloop
  endfacet
  facet normal 0 -0.47139673682592736 0.8819212643483926
    outer loop
      vertex 6.9 10.38268343236509 224.07612046748872
      vertex 20 10.38268343236509 224.07612046748872
      vertex 6.9 10.555570233019601 224.16853038769744
    endloop
  endfacet
  facet normal 0 -0.2902846772545399 -0.9569403357321853
    outer loop
      vertex 6.9 10.195090322016128 225.98078528040324
      vertex 6.9 10.38268343236509 225.92387953251128
      vertex 20 10.38268343236509 225.92387953251128
    endloop
  endfacet
  facet normal 0 -0.6343932841636563 0.7730104533627281
    outer loop
      vertex 6.9 10.555570233019601 224.16853038769744
      vertex 20 10.555570233019601 224.16853038769744
      vertex 6.9 10.707106781186548 224.29289321881345
    endloop
  endfacet
  facet normal 0 -0.47139673682592736 -0.8819212643483926
    outer loop
      vertex 6.9 10.38268343236509 225.92387953251128
      vertex 6.9 10.555570233019601 225.83146961230256
      vertex 20 10.555570233019601 225.83146961230256
    endloop
  endfacet
  facet normal 0 -0.7730104533627378 0.6343932841636444
    outer loop
      vertex 6.9 10.707106781186548 224.29289321881345
      vertex 20 10.707106781186548 224.29289321881345
      vertex 6.9 10.831469612302545 224.4444297669804
    endloop
  endfacet
  facet normal 0 -0.6343932841636563 -0.7730104533627281
    outer loop
      vertex 6.9 10.555570233019601 225.83146961230256
      vertex 6.9 10.707106781186548 225.70710678118655
      vertex 20 10.707106781186548 225.70710678118655
    endloop
  endfacet
  facet normal 0 -0.8819212643483528 0.4713967368260017
    outer loop
      vertex 6.9 10.831469612302545 224.4444297669804
      vertex 20 10.831469612302545 224.4444297669804
      vertex 6.9 10.923879532511286 224.6173165676349
    endloop
  endfacet
  facet normal 0 -0.7730104533627378 -0.6343932841636444
    outer loop
      vertex 6.9 10.707106781186548 225.70710678118655
      vertex 6.9 10.831469612302545 225.5555702330196
      vertex 20 10.831469612302545 225.5555702330196
    endloop
  endfacet
  facet normal 0 -0.8819212643483528 -0.4713967368260017
    outer loop
      vertex 6.9 10.831469612302545 225.5555702330196
      vertex 6.9 10.923879532511286 225.3826834323651
      vertex 20 10.923879532511286 225.3826834323651
    endloop
  endfacet
  facet normal 0 -0.9569403357322056 0.2902846772544728
    outer loop
      vertex 6.9 10.923879532511286 224.6173165676349
      vertex 20 10.923879532511286 224.6173165676349
      vertex 6.9 10.98078528040323 224.80490967798386
    endloop
  endfacet
  facet normal 0 -0.9569403357322056 -0.2902846772544728
    outer loop
      vertex 6.9 10.923879532511286 225.3826834323651
      vertex 6.9 10.98078528040323 225.19509032201614
      vertex 20 10.98078528040323 225.19509032201614
    endloop
  endfacet
  facet normal 0 -0.9951847266721975 0.09801714032955378
    outer loop
      vertex 6.9 10.98078528040323 224.80490967798386
      vertex 20 10.98078528040323 224.80490967798386
      vertex 6.9 11 225
    endloop
  endfacet
  facet normal 0 -0.9951847266721975 -0.09801714032955378
    outer loop
      vertex 6.9 11 225
      vertex 20 11 225
      vertex 6.9 10.98078528040323 225.19509032201614
    endloop
  endfacet
  facet normal 0 -0.09801714032951597 0.9951847266722013
    outer loop
      vertex 6.9 10.195090322016128 224.01921471959676
      vertex 20 10 224
      vertex 20 10.195090322016128 224.01921471959676
    endloop
  endfacet
  facet normal 0 -0.09801714032951597 -0.9951847266722013
    outer loop
      vertex 6.9 10 226
      vertex 20 10.195090322016128 225.98078528040324
      vertex 20 10 226
    endloop
  endfacet
  facet normal 0 -0.2902846772545399 -0.9569403357321853
    outer loop
      vertex 6.9 10.195090322016128 225.98078528040324
      vertex 20 10.38268343236509 225.92387953251128
      vertex 20 10.195090322016128 225.98078528040324
    endloop
  endfacet
  facet normal 0 -0.2902846772545399 0.9569403357321853
    outer loop
      vertex 6.9 10.38268343236509 224.07612046748872
      vertex 20 10.195090322016128 224.01921471959676
      vertex 20 10.38268343236509 224.07612046748872
    endloop
  endfacet
  facet normal 0 -0.47139673682592736 -0.8819212643483926
    outer loop
      vertex 6.9 10.38268343236509 225.92387953251128
      vertex 20 10.555570233019601 225.83146961230256
      vertex 20 10.38268343236509 225.92387953251128
    endloop
  endfacet
  facet normal 0 -0.47139673682592736 0.8819212643483926
    outer loop
      vertex 6.9 10.555570233019601 224.16853038769744
      vertex 20 10.38268343236509 224.07612046748872
      vertex 20 10.555570233019601 224.16853038769744
    endloop
  endfacet
  facet normal 0 -0.6343932841636563 -0.7730104533627281
    outer loop
      vertex 6.9 10.555570233019601 225.83146961230256
      vertex 20 10.707106781186548 225.70710678118655
      vertex 20 10.555570233019601 225.83146961230256
    endloop
  endfacet
  facet normal 0 -0.6343932841636563 0.7730104533627281
    outer loop
      vertex 6.9 10.707106781186548 224.29289321881345
      vertex 20 10.555570233019601 224.16853038769744
      vertex 20 10.707106781186548 224.29289321881345
    endloop
  endfacet
  facet normal 0 -0.7730104533627378 -0.6343932841636444
    outer loop
      vertex 6.9 10.707106781186548 225.70710678118655
      vertex 20 10.831469612302545 225.5555702330196
      vertex 20 10.707106781186548 225.70710678118655
    endloop
  endfacet
  facet normal 0 -0.7730104533627378 0.6343932841636444
    outer loop
      vertex 6.9 10.831469612302545 224.4444297669804
      vertex 20 10.707106781186548 224.29289321881345
      vertex 20 10.831469612302545 224.4444297669804
    endloop
  endfacet
  facet normal 0 -0.8819212643483528 0.4713967368260017
    outer loop
      vertex 6.9 10.923879532511286 224.6173165676349
      vertex 20 10.831469612302545 224.4444297669804
      vertex 20 10.923879532511286 224.6173165676349
    endloop
  endfacet
  facet normal 0 -0.8819212643483528 -0.4713967368260017
    outer loop
      vertex 6.9 10.831469612302545 225.5555702330196
      vertex 20 10.923879532511286 225.3826834323651
      vertex 20 10.831469612302545 225.5555702330196
    endloop
  endfacet
  facet normal 0 -0.9569403357322056 0.2902846772544728
    outer loop
      vertex 6.9 10.98078528040323 224.80490967798386
      vertex 20 10.923879532511286 224.6173165676349
      vertex 20 10.98078528040323 224.80490967798386
    endloop
  endfacet
  facet normal 0 -0.9569403357322056 -0.2902846772544728
    outer loop
      vertex 6.9 10.923879532511286 225.3826834323651
      vertex 20 10.98078528040323 225.19509032201614
      vertex 20 10.923879532511286 225.3826834323651
    endloop
  endfacet
  facet normal 0 -0.9951847266721975 0.09801714032955378
    outer loop
      vertex 6.9 11 225
      vertex 20 10.98078528040323 224.80490967798386
      vertex 20 11 225
    endloop
  endfacet
  facet normal 0 -0.9951847266721975 -0.09801714032955378
    outer loop
      vertex 6.9 10.98078528040323 225.19509032201614
      vertex 20 11 225
      vertex 20 10.98078528040323 225.19509032201614
    endloop
  endfacet
  facet normal 0 0.9569403357322056 0.2902846772544728
    outer loop
      vertex 6.9 9.01921471959677 174.80490967798386
      vertex 20 9.01921471959677 174.80490967798386
      vertex 6.9 9.076120467488714 174.6173165676349
    endloop
  endfacet
  facet normal 0 0.9951847266721975 0.09801714032955378
    outer loop
      vertex 6.9 9 175
      vertex 20 9 175
      vertex 6.9 9.01921471959677 174.80490967798386
    endloop
  endfacet
  facet normal 0 0.9951847266721975 -0.09801714032955378
    outer loop
      vertex 6.9 9 175
      vertex 6.9 9.01921471959677 175.19509032201614
      vertex 20 9.01921471959677 175.19509032201614
    endloop
  endfacet
  facet normal 0 0.9569403357322056 -0.2902846772544728
    outer loop
      vertex 6.9 9.01921471959677 175.19509032201614
      vertex 6.9 9.076120467488714 175.3826834323651
      vertex 20 9.076120467488714 175.3826834323651
    endloop
  endfacet
  facet normal 0 0.8819212643483528 0.4713967368260017
    outer loop
      vertex 6.9 9.076120467488714 174.6173165676349
      vertex 20 9.076120467488714 174.6173165676349
      vertex 6.9 9.168530387697455 174.4444297669804
    endloop
  endfacet
  facet normal 0 0.8819212643483528 -0.4713967368260017
    outer loop
      vertex 6.9 9.076120467488714 175.3826834323651
      vertex 6.9 9.168530387697455 175.5555702330196
      vertex 20 9.168530387697455 175.5555702330196
    endloop
  endfacet
  facet normal 0 0.7730104533627378 0.6343932841636444
    outer loop
      vertex 6.9 9.168530387697455 174.4444297669804
      vertex 20 9.168530387697455 174.4444297669804
      vertex 6.9 9.292893218813452 174.29289321881345
    endloop
  endfacet
  facet normal 0 0.7730104533627378 -0.6343932841636444
    outer loop
      vertex 6.9 9.168530387697455 175.5555702330196
      vertex 6.9 9.292893218813452 175.70710678118655
      vertex 20 9.292893218813452 175.70710678118655
    endloop
  endfacet
  facet normal 0 0.6343932841636563 0.7730104533627281
    outer loop
      vertex 6.9 9.444429766980399 174.16853038769744
      vertex 6.9 9.292893218813452 174.29289321881345
      vertex 20 9.292893218813452 174.29289321881345
    endloop
  endfacet
  facet normal 0 0.47139673682592736 0.8819212643483926
    outer loop
      vertex 6.9 9.444429766980399 174.16853038769744
      vertex 20 9.444429766980399 174.16853038769744
      vertex 6.9 9.61731656763491 174.07612046748872
    endloop
  endfacet
  facet normal 0 0.2902846772545399 0.9569403357321853
    outer loop
      vertex 6.9 9.61731656763491 174.07612046748872
      vertex 20 9.61731656763491 174.07612046748872
      vertex 6.9 9.804909677983872 174.01921471959676
    endloop
  endfacet
  facet normal 0 0.6343932841636563 -0.7730104533627281
    outer loop
      vertex 6.9 9.292893218813452 175.70710678118655
      vertex 6.9 9.444429766980399 175.83146961230256
      vertex 20 9.444429766980399 175.83146961230256
    endloop
  endfacet
  facet normal 0 0.47139673682592736 -0.8819212643483926
    outer loop
      vertex 6.9 9.444429766980399 175.83146961230256
      vertex 6.9 9.61731656763491 175.92387953251128
      vertex 20 9.61731656763491 175.92387953251128
    endloop
  endfacet
  facet normal 0 0.09801714032951597 0.9951847266722013
    outer loop
      vertex 6.9 9.804909677983872 174.01921471959676
      vertex 20 9.804909677983872 174.01921471959676
      vertex 6.9 10 174
    endloop
  endfacet
  facet normal 0 0.2902846772545399 -0.9569403357321853
    outer loop
      vertex 6.9 9.61731656763491 175.92387953251128
      vertex 6.9 9.804909677983872 175.98078528040324
      vertex 20 9.804909677983872 175.98078528040324
    endloop
  endfacet
  facet normal 0 0.09801714032951597 -0.9951847266722013
    outer loop
      vertex 6.9 9.804909677983872 175.98078528040324
      vertex 6.9 10 176
      vertex 20 10 176
    endloop
  endfacet
  facet normal 0 0.9569403357322056 0.2902846772544728
    outer loop
      vertex 6.9 9.076120467488714 174.6173165676349
      vertex 20 9.01921471959677 174.80490967798386
      vertex 20 9.076120467488714 174.6173165676349
    endloop
  endfacet
  facet normal 0 0.9951847266721975 0.09801714032955378
    outer loop
      vertex 6.9 9.01921471959677 174.80490967798386
      vertex 20 9 175
      vertex 20 9.01921471959677 174.80490967798386
    endloop
  endfacet
  facet normal 0 0.9951847266721975 -0.09801714032955378
    outer loop
      vertex 6.9 9 175
      vertex 20 9.01921471959677 175.19509032201614
      vertex 20 9 175
    endloop
  endfacet
  facet normal 0 0.9569403357322056 -0.2902846772544728
    outer loop
      vertex 6.9 9.01921471959677 175.19509032201614
      vertex 20 9.076120467488714 175.3826834323651
      vertex 20 9.01921471959677 175.19509032201614
    endloop
  endfacet
  facet normal 0 0.8819212643483528 0.4713967368260017
    outer loop
      vertex 6.9 9.168530387697455 174.4444297669804
      vertex 20 9.076120467488714 174.6173165676349
      vertex 20 9.168530387697455 174.4444297669804
    endloop
  endfacet
  facet normal 0 0.8819212643483528 -0.4713967368260017
    outer loop
      vertex 6.9 9.076120467488714 175.3826834323651
      vertex 20 9.168530387697455 175.5555702330196
      vertex 20 9.076120467488714 175.3826834323651
    endloop
  endfacet
  facet normal 0 0.7730104533627378 -0.6343932841636444
    outer loop
      vertex 6.9 9.168530387697455 175.5555702330196
      vertex 20 9.292893218813452 175.70710678118655
      vertex 20 9.168530387697455 175.5555702330196
    endloop
  endfacet
  facet normal 0 0.7730104533627378 0.6343932841636444
    outer loop
      vertex 6.9 9.292893218813452 174.29289321881345
      vertex 20 9.168530387697455 174.4444297669804
      vertex 20 9.292893218813452 174.29289321881345
    endloop
  endfacet
  facet normal 0 0.6343932841636563 -0.7730104533627281
    outer loop
      vertex 6.9 9.292893218813452 175.70710678118655
      vertex 20 9.444429766980399 175.83146961230256
      vertex 20 9.292893218813452 175.70710678118655
    endloop
  endfacet
  facet normal 0 0.6343932841636563 0.7730104533627281
    outer loop
      vertex 6.9 9.444429766980399 174.16853038769744
      vertex 20 9.292893218813452 174.29289321881345
      vertex 20 9.444429766980399 174.16853038769744
    endloop
  endfacet
  facet normal 0 0.47139673682592736 0.8819212643483926
    outer loop
      vertex 6.9 9.61731656763491 174.07612046748872
      vertex 20 9.444429766980399 174.16853038769744
      vertex 20 9.61731656763491 174.07612046748872
    endloop
  endfacet
  facet normal 0 0.47139673682592736 -0.8819212643483926
    outer loop
      vertex 6.9 9.444429766980399 175.83146961230256
      vertex 20 9.61731656763491 175.92387953251128
      vertex 20 9.444429766980399 175.83146961230256
    endloop
  endfacet
  facet normal 0 0.2902846772545399 -0.9569403357321853
    outer loop
      vertex 6.9 9.61731656763491 175.92387953251128
      vertex 20 9.804909677983872 175.98078528040324
      vertex 20 9.61731656763491 175.92387953251128
    endloop
  endfacet
  facet normal 0 0.2902846772545399 0.9569403357321853
    outer loop
      vertex 6.9 9.804909677983872 174.01921471959676
      vertex 20 9.61731656763491 174.07612046748872
      vertex 20 9.804909677983872 174.01921471959676
    endloop
  endfacet
  facet normal 0 0.09801714032951597 0.9951847266722013
    outer loop
      vertex 6.9 10 174
      vertex 20 9.804909677983872 174.01921471959676
      vertex 20 10 174
    endloop
  endfacet
  facet normal 0 0.09801714032951597 -0.9951847266722013
    outer loop
      vertex 6.9 9.804909677983872 175.98078528040324
      vertex 20 10 176
      vertex 20 9.804909677983872 175.98078528040324
    endloop
  endfacet
  facet normal 0 -0.09801714032951597 0.9951847266722013
    outer loop
      vertex 6.9 10 174
      vertex 20 10 174
      vertex 6.9 10.195090322016128 174.01921471959676
    endloop
  endfacet
  facet normal 0 -0.2902846772545399 0.9569403357321853
    outer loop
      vertex 6.9 10.195090322016128 174.01921471959676
      vertex 20 10.195090322016128 174.01921471959676
      vertex 6.9 10.38268343236509 174.07612046748872
    endloop
  endfacet
  facet normal 0 -0.09801714032951597 -0.9951847266722013
    outer loop
      vertex 6.9 10 176
      vertex 6.9 10.195090322016128 175.98078528040324
      vertex 20 10.195090322016128 175.98078528040324
    endloop
  endfacet
  facet normal 0 -0.47139673682592736 0.8819212643483926
    outer loop
      vertex 6.9 10.38268343236509 174.07612046748872
      vertex 20 10.38268343236509 174.07612046748872
      vertex 6.9 10.555570233019601 174.16853038769744
    endloop
  endfacet
  facet normal 0 -0.6343932841636563 0.7730104533627281
    outer loop
      vertex 6.9 10.555570233019601 174.16853038769744
      vertex 20 10.555570233019601 174.16853038769744
      vertex 6.9 10.707106781186548 174.29289321881345
    endloop
  endfacet
  facet normal 0 -0.2902846772545399 -0.9569403357321853
    outer loop
      vertex 6.9 10.195090322016128 175.98078528040324
      vertex 6.9 10.38268343236509 175.92387953251128
      vertex 20 10.38268343236509 175.92387953251128
    endloop
  endfacet
  facet normal 0 -0.47139673682592736 -0.8819212643483926
    outer loop
      vertex 6.9 10.38268343236509 175.92387953251128
      vertex 6.9 10.555570233019601 175.83146961230256
      vertex 20 10.555570233019601 175.83146961230256
    endloop
  endfacet
  facet normal 0 -0.6343932841636563 -0.7730104533627281
    outer loop
      vertex 6.9 10.707106781186548 175.70710678118655
      vertex 20 10.707106781186548 175.70710678118655
      vertex 6.9 10.555570233019601 175.83146961230256
    endloop
  endfacet
  facet normal 0 -0.7730104533627378 0.6343932841636444
    outer loop
      vertex 6.9 10.707106781186548 174.29289321881345
      vertex 20 10.707106781186548 174.29289321881345
      vertex 6.9 10.831469612302545 174.4444297669804
    endloop
  endfacet
  facet normal 0 -0.7730104533627378 -0.6343932841636444
    outer loop
      vertex 6.9 10.707106781186548 175.70710678118655
      vertex 6.9 10.831469612302545 175.5555702330196
      vertex 20 10.831469612302545 175.5555702330196
    endloop
  endfacet
  facet normal 0 -0.8819212643483528 0.4713967368260017
    outer loop
      vertex 6.9 10.831469612302545 174.4444297669804
      vertex 20 10.831469612302545 174.4444297669804
      vertex 6.9 10.923879532511286 174.6173165676349
    endloop
  endfacet
  facet normal 0 -0.8819212643483528 -0.4713967368260017
    outer loop
      vertex 6.9 10.831469612302545 175.5555702330196
      vertex 6.9 10.923879532511286 175.3826834323651
      vertex 20 10.923879532511286 175.3826834323651
    endloop
  endfacet
  facet normal 0 -0.9569403357322056 0.2902846772544728
    outer loop
      vertex 6.9 10.923879532511286 174.6173165676349
      vertex 20 10.923879532511286 174.6173165676349
      vertex 6.9 10.98078528040323 174.80490967798386
    endloop
  endfacet
  facet normal 0 -0.9569403357322056 -0.2902846772544728
    outer loop
      vertex 6.9 10.923879532511286 175.3826834323651
      vertex 6.9 10.98078528040323 175.19509032201614
      vertex 20 10.98078528040323 175.19509032201614
    endloop
  endfacet
  facet normal 0 -0.9951847266721975 0.09801714032955378
    outer loop
      vertex 6.9 10.98078528040323 174.80490967798386
      vertex 20 10.98078528040323 174.80490967798386
      vertex 6.9 11 175
    endloop
  endfacet
  facet normal 0 -0.9951847266721975 -0.09801714032955378
    outer loop
      vertex 6.9 10.98078528040323 175.19509032201614
      vertex 6.9 11 175
      vertex 20 11 175
    endloop
  endfacet
  facet normal 0 -0.09801714032951597 0.9951847266722013
    outer loop
      vertex 6.9 10.195090322016128 174.01921471959676
      vertex 20 10 174
      vertex 20 10.195090322016128 174.01921471959676
    endloop
  endfacet
  facet normal 0 -0.09801714032951597 -0.9951847266722013
    outer loop
      vertex 6.9 10 176
      vertex 20 10.195090322016128 175.98078528040324
      vertex 20 10 176
    endloop
  endfacet
  facet normal 0 -0.2902846772545399 -0.9569403357321853
    outer loop
      vertex 6.9 10.195090322016128 175.98078528040324
      vertex 20 10.38268343236509 175.92387953251128
      vertex 20 10.195090322016128 175.98078528040324
    endloop
  endfacet
  facet normal 0 -0.2902846772545399 0.9569403357321853
    outer loop
      vertex 6.9 10.38268343236509 174.07612046748872
      vertex 20 10.195090322016128 174.01921471959676
      vertex 20 10.38268343236509 174.07612046748872
    endloop
  endfacet
  facet normal 0 -0.47139673682592736 0.8819212643483926
    outer loop
      vertex 6.9 10.555570233019601 174.16853038769744
      vertex 20 10.38268343236509 174.07612046748872
      vertex 20 10.555570233019601 174.16853038769744
    endloop
  endfacet
  facet normal 0 -0.47139673682592736 -0.8819212643483926
    outer loop
      vertex 6.9 10.38268343236509 175.92387953251128
      vertex 20 10.555570233019601 175.83146961230256
      vertex 20 10.38268343236509 175.92387953251128
    endloop
  endfacet
  facet normal 0 -0.6343932841636563 -0.7730104533627281
    outer loop
      vertex 6.9 10.555570233019601 175.83146961230256
      vertex 20 10.707106781186548 175.70710678118655
      vertex 20 10.555570233019601 175.83146961230256
    endloop
  endfacet
  facet normal 0 -0.6343932841636563 0.7730104533627281
    outer loop
      vertex 6.9 10.707106781186548 174.29289321881345
      vertex 20 10.555570233019601 174.16853038769744
      vertex 20 10.707106781186548 174.29289321881345
    endloop
  endfacet
  facet normal 0 -0.7730104533627378 -0.6343932841636444
    outer loop
      vertex 6.9 10.707106781186548 175.70710678118655
      vertex 20 10.831469612302545 175.5555702330196
      vertex 20 10.707106781186548 175.70710678118655
    endloop
  endfacet
  facet normal 0 -0.7730104533627378 0.6343932841636444
    outer loop
      vertex 6.9 10.831469612302545 174.4444297669804
      vertex 20 10.707106781186548 174.29289321881345
      vertex 20 10.831469612302545 174.4444297669804
    endloop
  endfacet
  facet normal 0 -0.8819212643483528 0.4713967368260017
    outer loop
      vertex 6.9 10.923879532511286 174.6173165676349
      vertex 20 10.831469612302545 174.4444297669804
      vertex 20 10.923879532511286 174.6173165676349
    endloop
  endfacet
  facet normal 0 -0.8819212643483528 -0.4713967368260017
    outer loop
      vertex 6.9 10.831469612302545 175.5555702330196
      vertex 20 10.923879532511286 175.3826834323651
      vertex 20 10.831469612302545 175.5555702330196
    endloop
  endfacet
  facet normal 0 -0.9569403357322056 0.2902846772544728
    outer loop
      vertex 6.9 10.98078528040323 174.80490967798386
      vertex 20 10.923879532511286 174.6173165676349
      vertex 20 10.98078528040323 174.80490967798386
    endloop
  endfacet
  facet normal 0 -0.9569403357322056 -0.2902846772544728
    outer loop
      vertex 6.9 10.923879532511286 175.3826834323651
      vertex 20 10.98078528040323 175.19509032201614
      vertex 20 10.923879532511286 175.3826834323651
    endloop
  endfacet
  facet normal 0 -0.9951847266721975 0.09801714032955378
    outer loop
      vertex 6.9 11 175
      vertex 20 10.98078528040323 174.80490967798386
      vertex 20 11 175
    endloop
  endfacet
  facet normal 0 -0.9951847266721975 -0.09801714032955378
    outer loop
      vertex 6.9 10.98078528040323 175.19509032201614
      vertex 20 11 175
      vertex 20 10.98078528040323 175.19509032201614
    endloop
  endfacet
  facet normal 0 0.9951847266721968 0.09801714032956084
    outer loop
      vertex 6.9 9.01921471959677 124.80490967798387
      vertex 6.9 9 125
      vertex 20 9 125
    endloop
  endfacet
  facet normal 0 0.9569403357322056 0.2902846772544728
    outer loop
      vertex 6.9 9.01921471959677 124.80490967798387
      vertex 20 9.01921471959677 124.80490967798387
      vertex 6.9 9.076120467488714 124.61731656763492
    endloop
  endfacet
  facet normal 0 0.8819212643483689 0.4713967368259715
    outer loop
      vertex 6.9 9.076120467488714 124.61731656763492
      vertex 20 9.076120467488714 124.61731656763492
      vertex 6.9 9.168530387697455 124.44442976698039
    endloop
  endfacet
  facet normal 0 0.7730104533627378 0.6343932841636444
    outer loop
      vertex 6.9 9.168530387697455 124.44442976698039
      vertex 20 9.168530387697455 124.44442976698039
      vertex 6.9 9.292893218813452 124.29289321881345
    endloop
  endfacet
  facet normal 0 0.634393284163613 0.7730104533627636
    outer loop
      vertex 6.9 9.292893218813452 124.29289321881345
      vertex 20 9.292893218813452 124.29289321881345
      vertex 6.9 9.444429766980399 124.16853038769746
    endloop
  endfacet
  facet normal 0 0.47139673682604016 0.8819212643483323
    outer loop
      vertex 6.9 9.444429766980399 124.16853038769746
      vertex 20 9.444429766980399 124.16853038769746
      vertex 6.9 9.61731656763491 124.0761204674887
    endloop
  endfacet
  facet normal 0 0.2902846772544072 0.9569403357322256
    outer loop
      vertex 6.9 9.61731656763491 124.0761204674887
      vertex 20 9.61731656763491 124.0761204674887
      vertex 6.9 9.804909677983872 124.01921471959677
    endloop
  endfacet
  facet normal 0 0.09801714032958776 0.9951847266721943
    outer loop
      vertex 6.9 9.804909677983872 124.01921471959677
      vertex 20 9.804909677983872 124.01921471959677
      vertex 6.9 10 124
    endloop
  endfacet
  facet normal 0 0.9951847266721968 0.09801714032956084
    outer loop
      vertex 6.9 9.01921471959677 124.80490967798387
      vertex 20 9 125
      vertex 20 9.01921471959677 124.80490967798387
    endloop
  endfacet
  facet normal 0 0.9569403357322056 0.2902846772544728
    outer loop
      vertex 6.9 9.076120467488714 124.61731656763492
      vertex 20 9.01921471959677 124.80490967798387
      vertex 20 9.076120467488714 124.61731656763492
    endloop
  endfacet
  facet normal 0 0.8819212643483689 0.4713967368259715
    outer loop
      vertex 6.9 9.168530387697455 124.44442976698039
      vertex 20 9.076120467488714 124.61731656763492
      vertex 20 9.168530387697455 124.44442976698039
    endloop
  endfacet
  facet normal 0 0.7730104533627378 0.6343932841636444
    outer loop
      vertex 6.9 9.292893218813452 124.29289321881345
      vertex 20 9.168530387697455 124.44442976698039
      vertex 20 9.292893218813452 124.29289321881345
    endloop
  endfacet
  facet normal 0 0.634393284163613 0.7730104533627636
    outer loop
      vertex 6.9 9.444429766980399 124.16853038769746
      vertex 20 9.292893218813452 124.29289321881345
      vertex 20 9.444429766980399 124.16853038769746
    endloop
  endfacet
  facet normal 0 0.47139673682604016 0.8819212643483323
    outer loop
      vertex 6.9 9.61731656763491 124.0761204674887
      vertex 20 9.444429766980399 124.16853038769746
      vertex 20 9.61731656763491 124.0761204674887
    endloop
  endfacet
  facet normal 0 0.2902846772544072 0.9569403357322256
    outer loop
      vertex 6.9 9.804909677983872 124.01921471959677
      vertex 20 9.61731656763491 124.0761204674887
      vertex 20 9.804909677983872 124.01921471959677
    endloop
  endfacet
  facet normal 0 0.09801714032958776 0.9951847266721943
    outer loop
      vertex 6.9 10 124
      vertex 20 9.804909677983872 124.01921471959677
      vertex 20 10 124
    endloop
  endfacet
  facet normal 0 0.9951847266721968 -0.09801714032956084
    outer loop
      vertex 6.9 9 125
      vertex 6.9 9.01921471959677 125.19509032201613
      vertex 20 9.01921471959677 125.19509032201613
    endloop
  endfacet
  facet normal 0 0.9569403357322056 -0.2902846772544728
    outer loop
      vertex 6.9 9.01921471959677 125.19509032201613
      vertex 6.9 9.076120467488714 125.38268343236508
      vertex 20 9.076120467488714 125.38268343236508
    endloop
  endfacet
  facet normal 0 0.8819212643483689 -0.4713967368259715
    outer loop
      vertex 6.9 9.076120467488714 125.38268343236508
      vertex 6.9 9.168530387697455 125.55557023301961
      vertex 20 9.168530387697455 125.55557023301961
    endloop
  endfacet
  facet normal 0 0.7730104533627378 -0.6343932841636444
    outer loop
      vertex 6.9 9.168530387697455 125.55557023301961
      vertex 6.9 9.292893218813452 125.70710678118655
      vertex 20 9.292893218813452 125.70710678118655
    endloop
  endfacet
  facet normal 0 0.634393284163613 -0.7730104533627636
    outer loop
      vertex 6.9 9.292893218813452 125.70710678118655
      vertex 6.9 9.444429766980399 125.83146961230254
      vertex 20 9.444429766980399 125.83146961230254
    endloop
  endfacet
  facet normal 0 0.47139673682604016 -0.8819212643483323
    outer loop
      vertex 6.9 9.444429766980399 125.83146961230254
      vertex 6.9 9.61731656763491 125.9238795325113
      vertex 20 9.61731656763491 125.9238795325113
    endloop
  endfacet
  facet normal 0 0.2902846772544072 -0.9569403357322256
    outer loop
      vertex 6.9 9.61731656763491 125.9238795325113
      vertex 6.9 9.804909677983872 125.98078528040323
      vertex 20 9.804909677983872 125.98078528040323
    endloop
  endfacet
  facet normal 0 0.09801714032958776 -0.9951847266721943
    outer loop
      vertex 6.9 9.804909677983872 125.98078528040323
      vertex 6.9 10 126
      vertex 20 10 126
    endloop
  endfacet
  facet normal 0 0.9951847266721968 -0.09801714032956084
    outer loop
      vertex 6.9 9 125
      vertex 20 9.01921471959677 125.19509032201613
      vertex 20 9 125
    endloop
  endfacet
  facet normal 0 0.9569403357322056 -0.2902846772544728
    outer loop
      vertex 6.9 9.01921471959677 125.19509032201613
      vertex 20 9.076120467488714 125.38268343236508
      vertex 20 9.01921471959677 125.19509032201613
    endloop
  endfacet
  facet normal 0 0.8819212643483689 -0.4713967368259715
    outer loop
      vertex 6.9 9.076120467488714 125.38268343236508
      vertex 20 9.168530387697455 125.55557023301961
      vertex 20 9.076120467488714 125.38268343236508
    endloop
  endfacet
  facet normal 0 0.7730104533627378 -0.6343932841636444
    outer loop
      vertex 6.9 9.168530387697455 125.55557023301961
      vertex 20 9.292893218813452 125.70710678118655
      vertex 20 9.168530387697455 125.55557023301961
    endloop
  endfacet
  facet normal 0 0.634393284163613 -0.7730104533627636
    outer loop
      vertex 6.9 9.292893218813452 125.70710678118655
      vertex 20 9.444429766980399 125.83146961230254
      vertex 20 9.292893218813452 125.70710678118655
    endloop
  endfacet
  facet normal 0 0.47139673682604016 -0.8819212643483323
    outer loop
      vertex 6.9 9.444429766980399 125.83146961230254
      vertex 20 9.61731656763491 125.9238795325113
      vertex 20 9.444429766980399 125.83146961230254
    endloop
  endfacet
  facet normal 0 0.2902846772544072 -0.9569403357322256
    outer loop
      vertex 6.9 9.61731656763491 125.9238795325113
      vertex 20 9.804909677983872 125.98078528040323
      vertex 20 9.61731656763491 125.9238795325113
    endloop
  endfacet
  facet normal 0 0.09801714032958776 -0.9951847266721943
    outer loop
      vertex 6.9 9.804909677983872 125.98078528040323
      vertex 20 10 126
      vertex 20 9.804909677983872 125.98078528040323
    endloop
  endfacet
  facet normal 0 -0.09801714032958776 0.9951847266721943
    outer loop
      vertex 6.9 10 124
      vertex 20 10 124
      vertex 6.9 10.195090322016128 124.01921471959677
    endloop
  endfacet
  facet normal 0 -0.2902846772544072 0.9569403357322256
    outer loop
      vertex 6.9 10.195090322016128 124.01921471959677
      vertex 20 10.195090322016128 124.01921471959677
      vertex 6.9 10.38268343236509 124.0761204674887
    endloop
  endfacet
  facet normal 0 -0.47139673682604016 0.8819212643483323
    outer loop
      vertex 6.9 10.38268343236509 124.0761204674887
      vertex 20 10.38268343236509 124.0761204674887
      vertex 6.9 10.555570233019601 124.16853038769746
    endloop
  endfacet
  facet normal 0 -0.634393284163613 0.7730104533627636
    outer loop
      vertex 6.9 10.555570233019601 124.16853038769746
      vertex 20 10.555570233019601 124.16853038769746
      vertex 6.9 10.707106781186548 124.29289321881345
    endloop
  endfacet
  facet normal 0 -0.7730104533627378 0.6343932841636444
    outer loop
      vertex 6.9 10.707106781186548 124.29289321881345
      vertex 20 10.707106781186548 124.29289321881345
      vertex 6.9 10.831469612302545 124.44442976698039
    endloop
  endfacet
  facet normal 0 -0.8819212643483689 0.4713967368259715
    outer loop
      vertex 6.9 10.831469612302545 124.44442976698039
      vertex 20 10.831469612302545 124.44442976698039
      vertex 6.9 10.923879532511286 124.61731656763492
    endloop
  endfacet
  facet normal 0 -0.9569403357322056 0.2902846772544728
    outer loop
      vertex 6.9 10.923879532511286 124.61731656763492
      vertex 20 10.923879532511286 124.61731656763492
      vertex 6.9 10.98078528040323 124.80490967798387
    endloop
  endfacet
  facet normal 0 -0.9951847266721968 0.09801714032956084
    outer loop
      vertex 6.9 10.98078528040323 124.80490967798387
      vertex 20 10.98078528040323 124.80490967798387
      vertex 6.9 11 125
    endloop
  endfacet
  facet normal 0 -0.09801714032958776 0.9951847266721943
    outer loop
      vertex 6.9 10.195090322016128 124.01921471959677
      vertex 20 10 124
      vertex 20 10.195090322016128 124.01921471959677
    endloop
  endfacet
  facet normal 0 -0.2902846772544072 0.9569403357322256
    outer loop
      vertex 6.9 10.38268343236509 124.0761204674887
      vertex 20 10.195090322016128 124.01921471959677
      vertex 20 10.38268343236509 124.0761204674887
    endloop
  endfacet
  facet normal 0 -0.47139673682604016 0.8819212643483323
    outer loop
      vertex 6.9 10.555570233019601 124.16853038769746
      vertex 20 10.38268343236509 124.0761204674887
      vertex 20 10.555570233019601 124.16853038769746
    endloop
  endfacet
  facet normal 0 -0.634393284163613 0.7730104533627636
    outer loop
      vertex 6.9 10.707106781186548 124.29289321881345
      vertex 20 10.555570233019601 124.16853038769746
      vertex 20 10.707106781186548 124.29289321881345
    endloop
  endfacet
  facet normal 0 -0.7730104533627378 0.6343932841636444
    outer loop
      vertex 6.9 10.831469612302545 124.44442976698039
      vertex 20 10.707106781186548 124.29289321881345
      vertex 20 10.831469612302545 124.44442976698039
    endloop
  endfacet
  facet normal 0 -0.8819212643483689 0.4713967368259715
    outer loop
      vertex 6.9 10.923879532511286 124.61731656763492
      vertex 20 10.831469612302545 124.44442976698039
      vertex 20 10.923879532511286 124.61731656763492
    endloop
  endfacet
  facet normal 0 -0.9569403357322056 0.2902846772544728
    outer loop
      vertex 6.9 10.98078528040323 124.80490967798387
      vertex 20 10.923879532511286 124.61731656763492
      vertex 20 10.98078528040323 124.80490967798387
    endloop
  endfacet
  facet normal 0 -0.9951847266721968 0.09801714032956084
    outer loop
      vertex 6.9 11 125
      vertex 20 10.98078528040323 124.80490967798387
      vertex 20 11 125
    endloop
  endfacet
  facet normal 0 -0.09801714032958776 -0.9951847266721943
    outer loop
      vertex 6.9 10 126
      vertex 6.9 10.195090322016128 125.98078528040323
      vertex 20 10.195090322016128 125.98078528040323
    endloop
  endfacet
  facet normal 0 -0.2902846772544072 -0.9569403357322256
    outer loop
      vertex 6.9 10.195090322016128 125.98078528040323
      vertex 6.9 10.38268343236509 125.9238795325113
      vertex 20 10.38268343236509 125.9238795325113
    endloop
  endfacet
  facet normal 0 -0.47139673682604016 -0.8819212643483323
    outer loop
      vertex 6.9 10.38268343236509 125.9238795325113
      vertex 6.9 10.555570233019601 125.83146961230254
      vertex 20 10.555570233019601 125.83146961230254
    endloop
  endfacet
  facet normal 0 -0.634393284163613 -0.7730104533627636
    outer loop
      vertex 6.9 10.555570233019601 125.83146961230254
      vertex 6.9 10.707106781186548 125.70710678118655
      vertex 20 10.707106781186548 125.70710678118655
    endloop
  endfacet
  facet normal 0 -0.7730104533627378 -0.6343932841636444
    outer loop
      vertex 6.9 10.707106781186548 125.70710678118655
      vertex 6.9 10.831469612302545 125.55557023301961
      vertex 20 10.831469612302545 125.55557023301961
    endloop
  endfacet
  facet normal 0 -0.8819212643483689 -0.4713967368259715
    outer loop
      vertex 6.9 10.831469612302545 125.55557023301961
      vertex 6.9 10.923879532511286 125.38268343236508
      vertex 20 10.923879532511286 125.38268343236508
    endloop
  endfacet
  facet normal 0 -0.9569403357322056 -0.2902846772544728
    outer loop
      vertex 6.9 10.923879532511286 125.38268343236508
      vertex 6.9 10.98078528040323 125.19509032201613
      vertex 20 10.98078528040323 125.19509032201613
    endloop
  endfacet
  facet normal 0 -0.9951847266721968 -0.09801714032956084
    outer loop
      vertex 6.9 10.98078528040323 125.19509032201613
      vertex 6.9 11 125
      vertex 20 11 125
    endloop
  endfacet
  facet normal 0 -0.09801714032958776 -0.9951847266721943
    outer loop
      vertex 6.9 10 126
      vertex 20 10.195090322016128 125.98078528040323
      vertex 20 10 126
    endloop
  endfacet
  facet normal 0 -0.2902846772544072 -0.9569403357322256
    outer loop
      vertex 6.9 10.195090322016128 125.98078528040323
      vertex 20 10.38268343236509 125.9238795325113
      vertex 20 10.195090322016128 125.98078528040323
    endloop
  endfacet
  facet normal 0 -0.47139673682604016 -0.8819212643483323
    outer loop
      vertex 6.9 10.38268343236509 125.9238795325113
      vertex 20 10.555570233019601 125.83146961230254
      vertex 20 10.38268343236509 125.9238795325113
    endloop
  endfacet
  facet normal 0 -0.634393284163613 -0.7730104533627636
    outer loop
      vertex 6.9 10.555570233019601 125.83146961230254
      vertex 20 10.707106781186548 125.70710678118655
      vertex 20 10.555570233019601 125.83146961230254
    endloop
  endfacet
  facet normal 0 -0.7730104533627378 -0.6343932841636444
    outer loop
      vertex 6.9 10.707106781186548 125.70710678118655
      vertex 20 10.831469612302545 125.55557023301961
      vertex 20 10.707106781186548 125.70710678118655
    endloop
  endfacet
  facet normal 0 -0.8819212643483689 -0.4713967368259715
    outer loop
      vertex 6.9 10.831469612302545 125.55557023301961
      vertex 20 10.923879532511286 125.38268343236508
      vertex 20 10.831469612302545 125.55557023301961
    endloop
  endfacet
  facet normal 0 -0.9569403357322056 -0.2902846772544728
    outer loop
      vertex 6.9 10.923879532511286 125.38268343236508
      vertex 20 10.98078528040323 125.19509032201613
      vertex 20 10.923879532511286 125.38268343236508
    endloop
  endfacet
  facet normal 0 -0.9951847266721968 -0.09801714032956084
    outer loop
      vertex 6.9 10.98078528040323 125.19509032201613
      vertex 20 11 125
      vertex 20 10.98078528040323 125.19509032201613
    endloop
  endfacet
  facet normal 0 0.9951847266721968 0.09801714032956084
    outer loop
      vertex 6.9 9.01921471959677 24.804909677983872
      vertex 6.9 9 25
      vertex 20 9 25
    endloop
  endfacet
  facet normal 0 0.9951847266721968 -0.09801714032956084
    outer loop
      vertex 6.9 9 25
      vertex 6.9 9.01921471959677 25.195090322016128
      vertex 20 9.01921471959677 25.195090322016128
    endloop
  endfacet
  facet normal 0 0.9569403357322086 0.2902846772544627
    outer loop
      vertex 6.9 9.01921471959677 24.804909677983872
      vertex 20 9.01921471959677 24.804909677983872
      vertex 6.9 9.076120467488714 24.61731656763491
    endloop
  endfacet
  facet normal 0 0.9569403357322086 -0.2902846772544627
    outer loop
      vertex 6.9 9.01921471959677 25.195090322016128
      vertex 6.9 9.076120467488714 25.38268343236509
      vertex 20 9.076120467488714 25.38268343236509
    endloop
  endfacet
  facet normal 0 0.8819212643483528 0.4713967368260017
    outer loop
      vertex 6.9 9.076120467488714 24.61731656763491
      vertex 20 9.076120467488714 24.61731656763491
      vertex 6.9 9.168530387697455 24.4444297669804
    endloop
  endfacet
  facet normal 0 0.7730104533627378 0.6343932841636444
    outer loop
      vertex 6.9 9.168530387697455 24.4444297669804
      vertex 20 9.168530387697455 24.4444297669804
      vertex 6.9 9.292893218813452 24.292893218813454
    endloop
  endfacet
  facet normal 0 0.8819212643483528 -0.4713967368260017
    outer loop
      vertex 6.9 9.076120467488714 25.38268343236509
      vertex 6.9 9.168530387697455 25.5555702330196
      vertex 20 9.168530387697455 25.5555702330196
    endloop
  endfacet
  facet normal 0 0.6343932841636455 0.7730104533627371
    outer loop
      vertex 6.9 9.292893218813452 24.292893218813454
      vertex 20 9.292893218813452 24.292893218813454
      vertex 6.9 9.444429766980399 24.168530387697455
    endloop
  endfacet
  facet normal 0 0.7730104533627378 -0.6343932841636444
    outer loop
      vertex 6.9 9.168530387697455 25.5555702330196
      vertex 6.9 9.292893218813452 25.707106781186546
      vertex 20 9.292893218813452 25.707106781186546
    endloop
  endfacet
  facet normal 0 0.4713967368259979 0.881921264348355
    outer loop
      vertex 6.9 9.444429766980399 24.168530387697455
      vertex 20 9.444429766980399 24.168530387697455
      vertex 6.9 9.61731656763491 24.076120467488714
    endloop
  endfacet
  facet normal 0 0.6343932841636455 -0.7730104533627371
    outer loop
      vertex 6.9 9.292893218813452 25.707106781186546
      vertex 6.9 9.444429766980399 25.831469612302545
      vertex 20 9.444429766980399 25.831469612302545
    endloop
  endfacet
  facet normal 0 0.29028467725447354 0.9569403357322054
    outer loop
      vertex 6.9 9.61731656763491 24.076120467488714
      vertex 20 9.61731656763491 24.076120467488714
      vertex 6.9 9.804909677983872 24.019214719596768
    endloop
  endfacet
  facet normal 0 0.4713967368259979 -0.881921264348355
    outer loop
      vertex 6.9 9.444429766980399 25.831469612302545
      vertex 6.9 9.61731656763491 25.923879532511286
      vertex 20 9.61731656763491 25.923879532511286
    endloop
  endfacet
  facet normal 0 0.29028467725447354 -0.9569403357322054
    outer loop
      vertex 6.9 9.61731656763491 25.923879532511286
      vertex 6.9 9.804909677983872 25.980785280403232
      vertex 20 9.804909677983872 25.980785280403232
    endloop
  endfacet
  facet normal 0 0.09801714032955187 0.9951847266721977
    outer loop
      vertex 6.9 9.804909677983872 24.019214719596768
      vertex 20 9.804909677983872 24.019214719596768
      vertex 6.9 10 24
    endloop
  endfacet
  facet normal 0 0.09801714032955187 -0.9951847266721977
    outer loop
      vertex 6.9 9.804909677983872 25.980785280403232
      vertex 6.9 10 26
      vertex 20 10 26
    endloop
  endfacet
  facet normal 0 0.9951847266721968 0.09801714032956084
    outer loop
      vertex 6.9 9.01921471959677 24.804909677983872
      vertex 20 9 25
      vertex 20 9.01921471959677 24.804909677983872
    endloop
  endfacet
  facet normal 0 0.9951847266721968 -0.09801714032956084
    outer loop
      vertex 6.9 9 25
      vertex 20 9.01921471959677 25.195090322016128
      vertex 20 9 25
    endloop
  endfacet
  facet normal 0 0.9569403357322086 0.2902846772544627
    outer loop
      vertex 6.9 9.076120467488714 24.61731656763491
      vertex 20 9.01921471959677 24.804909677983872
      vertex 20 9.076120467488714 24.61731656763491
    endloop
  endfacet
  facet normal 0 0.9569403357322086 -0.2902846772544627
    outer loop
      vertex 6.9 9.01921471959677 25.195090322016128
      vertex 20 9.076120467488714 25.38268343236509
      vertex 20 9.01921471959677 25.195090322016128
    endloop
  endfacet
  facet normal 0 0.8819212643483528 0.4713967368260017
    outer loop
      vertex 6.9 9.168530387697455 24.4444297669804
      vertex 20 9.076120467488714 24.61731656763491
      vertex 20 9.168530387697455 24.4444297669804
    endloop
  endfacet
  facet normal 0 0.8819212643483528 -0.4713967368260017
    outer loop
      vertex 6.9 9.076120467488714 25.38268343236509
      vertex 20 9.168530387697455 25.5555702330196
      vertex 20 9.076120467488714 25.38268343236509
    endloop
  endfacet
  facet normal 0 0.7730104533627378 -0.6343932841636444
    outer loop
      vertex 6.9 9.168530387697455 25.5555702330196
      vertex 20 9.292893218813452 25.707106781186546
      vertex 20 9.168530387697455 25.5555702330196
    endloop
  endfacet
  facet normal 0 0.7730104533627378 0.6343932841636444
    outer loop
      vertex 6.9 9.292893218813452 24.292893218813454
      vertex 20 9.168530387697455 24.4444297669804
      vertex 20 9.292893218813452 24.292893218813454
    endloop
  endfacet
  facet normal 0 0.6343932841636455 -0.7730104533627371
    outer loop
      vertex 6.9 9.292893218813452 25.707106781186546
      vertex 20 9.444429766980399 25.831469612302545
      vertex 20 9.292893218813452 25.707106781186546
    endloop
  endfacet
  facet normal 0 0.6343932841636455 0.7730104533627371
    outer loop
      vertex 6.9 9.444429766980399 24.168530387697455
      vertex 20 9.292893218813452 24.292893218813454
      vertex 20 9.444429766980399 24.168530387697455
    endloop
  endfacet
  facet normal 0 0.4713967368259979 -0.881921264348355
    outer loop
      vertex 6.9 9.444429766980399 25.831469612302545
      vertex 20 9.61731656763491 25.923879532511286
      vertex 20 9.444429766980399 25.831469612302545
    endloop
  endfacet
  facet normal 0 0.4713967368259979 0.881921264348355
    outer loop
      vertex 6.9 9.61731656763491 24.076120467488714
      vertex 20 9.444429766980399 24.168530387697455
      vertex 20 9.61731656763491 24.076120467488714
    endloop
  endfacet
  facet normal 0 0.29028467725447354 -0.9569403357322054
    outer loop
      vertex 6.9 9.61731656763491 25.923879532511286
      vertex 20 9.804909677983872 25.980785280403232
      vertex 20 9.61731656763491 25.923879532511286
    endloop
  endfacet
  facet normal 0 0.29028467725447354 0.9569403357322054
    outer loop
      vertex 6.9 9.804909677983872 24.019214719596768
      vertex 20 9.61731656763491 24.076120467488714
      vertex 20 9.804909677983872 24.019214719596768
    endloop
  endfacet
  facet normal 0 0.09801714032955187 0.9951847266721977
    outer loop
      vertex 6.9 10 24
      vertex 20 9.804909677983872 24.019214719596768
      vertex 20 10 24
    endloop
  endfacet
  facet normal 0 0.09801714032955187 -0.9951847266721977
    outer loop
      vertex 6.9 9.804909677983872 25.980785280403232
      vertex 20 10 26
      vertex 20 9.804909677983872 25.980785280403232
    endloop
  endfacet
  facet normal 0 -0.09801714032955187 0.9951847266721977
    outer loop
      vertex 6.9 10 24
      vertex 20 10 24
      vertex 6.9 10.195090322016128 24.019214719596768
    endloop
  endfacet
  facet normal 0 -0.09801714032955187 -0.9951847266721977
    outer loop
      vertex 6.9 10 26
      vertex 6.9 10.195090322016128 25.980785280403232
      vertex 20 10.195090322016128 25.980785280403232
    endloop
  endfacet
  facet normal 0 -0.29028467725447354 0.9569403357322054
    outer loop
      vertex 6.9 10.195090322016128 24.019214719596768
      vertex 20 10.195090322016128 24.019214719596768
      vertex 6.9 10.38268343236509 24.076120467488714
    endloop
  endfacet
  facet normal 0 -0.4713967368259979 0.881921264348355
    outer loop
      vertex 6.9 10.38268343236509 24.076120467488714
      vertex 20 10.38268343236509 24.076120467488714
      vertex 6.9 10.555570233019601 24.168530387697455
    endloop
  endfacet
  facet normal 0 -0.29028467725447354 -0.9569403357322054
    outer loop
      vertex 6.9 10.195090322016128 25.980785280403232
      vertex 6.9 10.38268343236509 25.923879532511286
      vertex 20 10.38268343236509 25.923879532511286
    endloop
  endfacet
  facet normal 0 -0.6343932841636455 0.7730104533627371
    outer loop
      vertex 6.9 10.555570233019601 24.168530387697455
      vertex 20 10.555570233019601 24.168530387697455
      vertex 6.9 10.707106781186548 24.292893218813454
    endloop
  endfacet
  facet normal 0 -0.4713967368259979 -0.881921264348355
    outer loop
      vertex 6.9 10.38268343236509 25.923879532511286
      vertex 6.9 10.555570233019601 25.831469612302545
      vertex 20 10.555570233019601 25.831469612302545
    endloop
  endfacet
  facet normal 0 -0.7730104533627378 0.6343932841636444
    outer loop
      vertex 6.9 10.707106781186548 24.292893218813454
      vertex 20 10.707106781186548 24.292893218813454
      vertex 6.9 10.831469612302545 24.4444297669804
    endloop
  endfacet
  facet normal 0 -0.6343932841636455 -0.7730104533627371
    outer loop
      vertex 6.9 10.555570233019601 25.831469612302545
      vertex 6.9 10.707106781186548 25.707106781186546
      vertex 20 10.707106781186548 25.707106781186546
    endloop
  endfacet
  facet normal 0 -0.8819212643483528 0.4713967368260017
    outer loop
      vertex 6.9 10.831469612302545 24.4444297669804
      vertex 20 10.831469612302545 24.4444297669804
      vertex 6.9 10.923879532511286 24.61731656763491
    endloop
  endfacet
  facet normal 0 -0.7730104533627378 -0.6343932841636444
    outer loop
      vertex 6.9 10.707106781186548 25.707106781186546
      vertex 6.9 10.831469612302545 25.5555702330196
      vertex 20 10.831469612302545 25.5555702330196
    endloop
  endfacet
  facet normal 0 -0.8819212643483528 -0.4713967368260017
    outer loop
      vertex 6.9 10.831469612302545 25.5555702330196
      vertex 6.9 10.923879532511286 25.38268343236509
      vertex 20 10.923879532511286 25.38268343236509
    endloop
  endfacet
  facet normal 0 -0.9569403357322086 0.2902846772544627
    outer loop
      vertex 6.9 10.923879532511286 24.61731656763491
      vertex 20 10.923879532511286 24.61731656763491
      vertex 6.9 10.98078528040323 24.804909677983872
    endloop
  endfacet
  facet normal 0 -0.9569403357322086 -0.2902846772544627
    outer loop
      vertex 6.9 10.923879532511286 25.38268343236509
      vertex 6.9 10.98078528040323 25.195090322016128
      vertex 20 10.98078528040323 25.195090322016128
    endloop
  endfacet
  facet normal 0 -0.9951847266721968 0.09801714032956084
    outer loop
      vertex 6.9 10.98078528040323 24.804909677983872
      vertex 20 10.98078528040323 24.804909677983872
      vertex 6.9 11 25
    endloop
  endfacet
  facet normal 0 -0.9951847266721968 -0.09801714032956084
    outer loop
      vertex 6.9 10.98078528040323 25.195090322016128
      vertex 6.9 11 25
      vertex 20 11 25
    endloop
  endfacet
  facet normal 0 -0.09801714032955187 0.9951847266721977
    outer loop
      vertex 6.9 10.195090322016128 24.019214719596768
      vertex 20 10 24
      vertex 20 10.195090322016128 24.019214719596768
    endloop
  endfacet
  facet normal 0 -0.09801714032955187 -0.9951847266721977
    outer loop
      vertex 6.9 10 26
      vertex 20 10.195090322016128 25.980785280403232
      vertex 20 10 26
    endloop
  endfacet
  facet normal 0 -0.29028467725447354 -0.9569403357322054
    outer loop
      vertex 6.9 10.195090322016128 25.980785280403232
      vertex 20 10.38268343236509 25.923879532511286
      vertex 20 10.195090322016128 25.980785280403232
    endloop
  endfacet
  facet normal 0 -0.29028467725447354 0.9569403357322054
    outer loop
      vertex 6.9 10.38268343236509 24.076120467488714
      vertex 20 10.195090322016128 24.019214719596768
      vertex 20 10.38268343236509 24.076120467488714
    endloop
  endfacet
  facet normal 0 -0.4713967368259979 -0.881921264348355
    outer loop
      vertex 6.9 10.38268343236509 25.923879532511286
      vertex 20 10.555570233019601 25.831469612302545
      vertex 20 10.38268343236509 25.923879532511286
    endloop
  endfacet
  facet normal 0 -0.4713967368259979 0.881921264348355
    outer loop
      vertex 6.9 10.555570233019601 24.168530387697455
      vertex 20 10.38268343236509 24.076120467488714
      vertex 20 10.555570233019601 24.168530387697455
    endloop
  endfacet
  facet normal 0 -0.6343932841636455 -0.7730104533627371
    outer loop
      vertex 6.9 10.555570233019601 25.831469612302545
      vertex 20 10.707106781186548 25.707106781186546
      vertex 20 10.555570233019601 25.831469612302545
    endloop
  endfacet
  facet normal 0 -0.6343932841636455 0.7730104533627371
    outer loop
      vertex 6.9 10.707106781186548 24.292893218813454
      vertex 20 10.555570233019601 24.168530387697455
      vertex 20 10.707106781186548 24.292893218813454
    endloop
  endfacet
  facet normal 0 -0.7730104533627378 -0.6343932841636444
    outer loop
      vertex 6.9 10.707106781186548 25.707106781186546
      vertex 20 10.831469612302545 25.5555702330196
      vertex 20 10.707106781186548 25.707106781186546
    endloop
  endfacet
  facet normal 0 -0.7730104533627378 0.6343932841636444
    outer loop
      vertex 6.9 10.831469612302545 24.4444297669804
      vertex 20 10.707106781186548 24.292893218813454
      vertex 20 10.831469612302545 24.4444297669804
    endloop
  endfacet
  facet normal 0 -0.8819212643483528 0.4713967368260017
    outer loop
      vertex 6.9 10.923879532511286 24.61731656763491
      vertex 20 10.831469612302545 24.4444297669804
      vertex 20 10.923879532511286 24.61731656763491
    endloop
  endfacet
  facet normal 0 -0.8819212643483528 -0.4713967368260017
    outer loop
      vertex 6.9 10.831469612302545 25.5555702330196
      vertex 20 10.923879532511286 25.38268343236509
      vertex 20 10.831469612302545 25.5555702330196
    endloop
  endfacet
  facet normal 0 -0.9569403357322086 0.2902846772544627
    outer loop
      vertex 6.9 10.98078528040323 24.804909677983872
      vertex 20 10.923879532511286 24.61731656763491
      vertex 20 10.98078528040323 24.804909677983872
    endloop
  endfacet
  facet normal 0 -0.9569403357322086 -0.2902846772544627
    outer loop
      vertex 6.9 10.923879532511286 25.38268343236509
      vertex 20 10.98078528040323 25.195090322016128
      vertex 20 10.923879532511286 25.38268343236509
    endloop
  endfacet
  facet normal 0 -0.9951847266721968 0.09801714032956084
    outer loop
      vertex 6.9 11 25
      vertex 20 10.98078528040323 24.804909677983872
      vertex 20 11 25
    endloop
  endfacet
  facet normal 0 -0.9951847266721968 -0.09801714032956084
    outer loop
      vertex 6.9 10.98078528040323 25.195090322016128
      vertex 20 11 25
      vertex 20 10.98078528040323 25.195090322016128
    endloop
  endfacet
  facet normal 0 0.9951847266721968 0.09801714032956084
    outer loop
      vertex 6.9 9.01921471959677 74.80490967798387
      vertex 6.9 9 75
      vertex 20 9 75
    endloop
  endfacet
  facet normal 0 0.9951847266721968 -0.09801714032956084
    outer loop
      vertex 6.9 9 75
      vertex 6.9 9.01921471959677 75.19509032201613
      vertex 20 9.01921471959677 75.19509032201613
    endloop
  endfacet
  facet normal 0 0.9569403357322056 0.2902846772544728
    outer loop
      vertex 6.9 9.01921471959677 74.80490967798387
      vertex 20 9.01921471959677 74.80490967798387
      vertex 6.9 9.076120467488714 74.61731656763492
    endloop
  endfacet
  facet normal 0 0.9569403357322056 -0.2902846772544728
    outer loop
      vertex 6.9 9.01921471959677 75.19509032201613
      vertex 6.9 9.076120467488714 75.38268343236508
      vertex 20 9.076120467488714 75.38268343236508
    endloop
  endfacet
  facet normal 0 0.8819212643483689 0.4713967368259715
    outer loop
      vertex 6.9 9.076120467488714 74.61731656763492
      vertex 20 9.076120467488714 74.61731656763492
      vertex 6.9 9.168530387697455 74.44442976698039
    endloop
  endfacet
  facet normal 0 0.8819212643483689 -0.4713967368259715
    outer loop
      vertex 6.9 9.076120467488714 75.38268343236508
      vertex 6.9 9.168530387697455 75.55557023301961
      vertex 20 9.168530387697455 75.55557023301961
    endloop
  endfacet
  facet normal 0 0.7730104533627378 0.6343932841636444
    outer loop
      vertex 6.9 9.168530387697455 74.44442976698039
      vertex 20 9.168530387697455 74.44442976698039
      vertex 6.9 9.292893218813452 74.29289321881345
    endloop
  endfacet
  facet normal 0 0.7730104533627378 -0.6343932841636444
    outer loop
      vertex 6.9 9.168530387697455 75.55557023301961
      vertex 6.9 9.292893218813452 75.70710678118655
      vertex 20 9.292893218813452 75.70710678118655
    endloop
  endfacet
  facet normal 0 0.634393284163613 0.7730104533627636
    outer loop
      vertex 6.9 9.444429766980399 74.16853038769746
      vertex 6.9 9.292893218813452 74.29289321881345
      vertex 20 9.292893218813452 74.29289321881345
    endloop
  endfacet
  facet normal 0 0.47139673682604016 0.8819212643483323
    outer loop
      vertex 6.9 9.444429766980399 74.16853038769746
      vertex 20 9.444429766980399 74.16853038769746
      vertex 6.9 9.61731656763491 74.0761204674887
    endloop
  endfacet
  facet normal 0 0.2902846772544072 0.9569403357322256
    outer loop
      vertex 6.9 9.61731656763491 74.0761204674887
      vertex 20 9.61731656763491 74.0761204674887
      vertex 6.9 9.804909677983872 74.01921471959677
    endloop
  endfacet
  facet normal 0 0.634393284163613 -0.7730104533627636
    outer loop
      vertex 6.9 9.292893218813452 75.70710678118655
      vertex 6.9 9.444429766980399 75.83146961230254
      vertex 20 9.444429766980399 75.83146961230254
    endloop
  endfacet
  facet normal 0 0.47139673682604016 -0.8819212643483323
    outer loop
      vertex 6.9 9.444429766980399 75.83146961230254
      vertex 6.9 9.61731656763491 75.9238795325113
      vertex 20 9.61731656763491 75.9238795325113
    endloop
  endfacet
  facet normal 0 0.09801714032958776 0.9951847266721943
    outer loop
      vertex 6.9 9.804909677983872 74.01921471959677
      vertex 20 9.804909677983872 74.01921471959677
      vertex 6.9 10 74
    endloop
  endfacet
  facet normal 0 0.2902846772544072 -0.9569403357322256
    outer loop
      vertex 6.9 9.61731656763491 75.9238795325113
      vertex 6.9 9.804909677983872 75.98078528040323
      vertex 20 9.804909677983872 75.98078528040323
    endloop
  endfacet
  facet normal 0 0.09801714032958776 -0.9951847266721943
    outer loop
      vertex 6.9 9.804909677983872 75.98078528040323
      vertex 6.9 10 76
      vertex 20 10 76
    endloop
  endfacet
  facet normal 0 0.9951847266721968 0.09801714032956084
    outer loop
      vertex 6.9 9.01921471959677 74.80490967798387
      vertex 20 9 75
      vertex 20 9.01921471959677 74.80490967798387
    endloop
  endfacet
  facet normal 0 0.9951847266721968 -0.09801714032956084
    outer loop
      vertex 6.9 9 75
      vertex 20 9.01921471959677 75.19509032201613
      vertex 20 9 75
    endloop
  endfacet
  facet normal 0 0.9569403357322056 0.2902846772544728
    outer loop
      vertex 6.9 9.076120467488714 74.61731656763492
      vertex 20 9.01921471959677 74.80490967798387
      vertex 20 9.076120467488714 74.61731656763492
    endloop
  endfacet
  facet normal 0 0.9569403357322056 -0.2902846772544728
    outer loop
      vertex 6.9 9.01921471959677 75.19509032201613
      vertex 20 9.076120467488714 75.38268343236508
      vertex 20 9.01921471959677 75.19509032201613
    endloop
  endfacet
  facet normal 0 0.8819212643483689 0.4713967368259715
    outer loop
      vertex 6.9 9.168530387697455 74.44442976698039
      vertex 20 9.076120467488714 74.61731656763492
      vertex 20 9.168530387697455 74.44442976698039
    endloop
  endfacet
  facet normal 0 0.8819212643483689 -0.4713967368259715
    outer loop
      vertex 6.9 9.076120467488714 75.38268343236508
      vertex 20 9.168530387697455 75.55557023301961
      vertex 20 9.076120467488714 75.38268343236508
    endloop
  endfacet
  facet normal 0 0.7730104533627378 -0.6343932841636444
    outer loop
      vertex 6.9 9.168530387697455 75.55557023301961
      vertex 20 9.292893218813452 75.70710678118655
      vertex 20 9.168530387697455 75.55557023301961
    endloop
  endfacet
  facet normal 0 0.7730104533627378 0.6343932841636444
    outer loop
      vertex 6.9 9.292893218813452 74.29289321881345
      vertex 20 9.168530387697455 74.44442976698039
      vertex 20 9.292893218813452 74.29289321881345
    endloop
  endfacet
  facet normal 0 0.634393284163613 -0.7730104533627636
    outer loop
      vertex 6.9 9.292893218813452 75.70710678118655
      vertex 20 9.444429766980399 75.83146961230254
      vertex 20 9.292893218813452 75.70710678118655
    endloop
  endfacet
  facet normal 0 0.634393284163613 0.7730104533627636
    outer loop
      vertex 6.9 9.444429766980399 74.16853038769746
      vertex 20 9.292893218813452 74.29289321881345
      vertex 20 9.444429766980399 74.16853038769746
    endloop
  endfacet
  facet normal 0 0.47139673682604016 0.8819212643483323
    outer loop
      vertex 6.9 9.61731656763491 74.0761204674887
      vertex 20 9.444429766980399 74.16853038769746
      vertex 20 9.61731656763491 74.0761204674887
    endloop
  endfacet
  facet normal 0 0.47139673682604016 -0.8819212643483323
    outer loop
      vertex 6.9 9.444429766980399 75.83146961230254
      vertex 20 9.61731656763491 75.9238795325113
      vertex 20 9.444429766980399 75.83146961230254
    endloop
  endfacet
  facet normal 0 0.2902846772544072 -0.9569403357322256
    outer loop
      vertex 6.9 9.61731656763491 75.9238795325113
      vertex 20 9.804909677983872 75.98078528040323
      vertex 20 9.61731656763491 75.9238795325113
    endloop
  endfacet
  facet normal 0 0.2902846772544072 0.9569403357322256
    outer loop
      vertex 6.9 9.804909677983872 74.01921471959677
      vertex 20 9.61731656763491 74.0761204674887
      vertex 20 9.804909677983872 74.01921471959677
    endloop
  endfacet
  facet normal 0 0.09801714032958776 0.9951847266721943
    outer loop
      vertex 6.9 10 74
      vertex 20 9.804909677983872 74.01921471959677
      vertex 20 10 74
    endloop
  endfacet
  facet normal 0 0.09801714032958776 -0.9951847266721943
    outer loop
      vertex 6.9 9.804909677983872 75.98078528040323
      vertex 20 10 76
      vertex 20 9.804909677983872 75.98078528040323
    endloop
  endfacet
  facet normal 0 -0.09801714032958776 0.9951847266721943
    outer loop
      vertex 6.9 10 74
      vertex 20 10 74
      vertex 6.9 10.195090322016128 74.01921471959677
    endloop
  endfacet
  facet normal 0 -0.2902846772544072 0.9569403357322256
    outer loop
      vertex 6.9 10.195090322016128 74.01921471959677
      vertex 20 10.195090322016128 74.01921471959677
      vertex 6.9 10.38268343236509 74.0761204674887
    endloop
  endfacet
  facet normal 0 -0.09801714032958776 -0.9951847266721943
    outer loop
      vertex 6.9 10 76
      vertex 6.9 10.195090322016128 75.98078528040323
      vertex 20 10.195090322016128 75.98078528040323
    endloop
  endfacet
  facet normal 0 -0.47139673682604016 0.8819212643483323
    outer loop
      vertex 6.9 10.38268343236509 74.0761204674887
      vertex 20 10.38268343236509 74.0761204674887
      vertex 6.9 10.555570233019601 74.16853038769746
    endloop
  endfacet
  facet normal 0 -0.634393284163613 0.7730104533627636
    outer loop
      vertex 6.9 10.555570233019601 74.16853038769746
      vertex 20 10.555570233019601 74.16853038769746
      vertex 6.9 10.707106781186548 74.29289321881345
    endloop
  endfacet
  facet normal 0 -0.2902846772544072 -0.9569403357322256
    outer loop
      vertex 6.9 10.195090322016128 75.98078528040323
      vertex 6.9 10.38268343236509 75.9238795325113
      vertex 20 10.38268343236509 75.9238795325113
    endloop
  endfacet
  facet normal 0 -0.47139673682604016 -0.8819212643483323
    outer loop
      vertex 6.9 10.38268343236509 75.9238795325113
      vertex 6.9 10.555570233019601 75.83146961230254
      vertex 20 10.555570233019601 75.83146961230254
    endloop
  endfacet
  facet normal 0 -0.634393284163613 -0.7730104533627636
    outer loop
      vertex 6.9 10.707106781186548 75.70710678118655
      vertex 20 10.707106781186548 75.70710678118655
      vertex 6.9 10.555570233019601 75.83146961230254
    endloop
  endfacet
  facet normal 0 -0.7730104533627378 0.6343932841636444
    outer loop
      vertex 6.9 10.707106781186548 74.29289321881345
      vertex 20 10.707106781186548 74.29289321881345
      vertex 6.9 10.831469612302545 74.44442976698039
    endloop
  endfacet
  facet normal 0 -0.7730104533627378 -0.6343932841636444
    outer loop
      vertex 6.9 10.707106781186548 75.70710678118655
      vertex 6.9 10.831469612302545 75.55557023301961
      vertex 20 10.831469612302545 75.55557023301961
    endloop
  endfacet
  facet normal 0 -0.8819212643483689 0.4713967368259715
    outer loop
      vertex 6.9 10.831469612302545 74.44442976698039
      vertex 20 10.831469612302545 74.44442976698039
      vertex 6.9 10.923879532511286 74.61731656763492
    endloop
  endfacet
  facet normal 0 -0.8819212643483689 -0.4713967368259715
    outer loop
      vertex 6.9 10.831469612302545 75.55557023301961
      vertex 6.9 10.923879532511286 75.38268343236508
      vertex 20 10.923879532511286 75.38268343236508
    endloop
  endfacet
  facet normal 0 -0.9569403357322056 0.2902846772544728
    outer loop
      vertex 6.9 10.923879532511286 74.61731656763492
      vertex 20 10.923879532511286 74.61731656763492
      vertex 6.9 10.98078528040323 74.80490967798387
    endloop
  endfacet
  facet normal 0 -0.9951847266721968 0.09801714032956084
    outer loop
      vertex 6.9 10.98078528040323 74.80490967798387
      vertex 20 10.98078528040323 74.80490967798387
      vertex 6.9 11 75
    endloop
  endfacet
  facet normal 0 -0.9951847266721968 -0.09801714032956084
    outer loop
      vertex 6.9 10.98078528040323 75.19509032201613
      vertex 6.9 11 75
      vertex 20 11 75
    endloop
  endfacet
  facet normal 0 -0.9569403357322056 -0.2902846772544728
    outer loop
      vertex 6.9 10.923879532511286 75.38268343236508
      vertex 6.9 10.98078528040323 75.19509032201613
      vertex 20 10.98078528040323 75.19509032201613
    endloop
  endfacet
  facet normal 0 -0.09801714032958776 0.9951847266721943
    outer loop
      vertex 6.9 10.195090322016128 74.01921471959677
      vertex 20 10 74
      vertex 20 10.195090322016128 74.01921471959677
    endloop
  endfacet
  facet normal 0 -0.09801714032958776 -0.9951847266721943
    outer loop
      vertex 6.9 10 76
      vertex 20 10.195090322016128 75.98078528040323
      vertex 20 10 76
    endloop
  endfacet
  facet normal 0 -0.2902846772544072 -0.9569403357322256
    outer loop
      vertex 6.9 10.195090322016128 75.98078528040323
      vertex 20 10.38268343236509 75.9238795325113
      vertex 20 10.195090322016128 75.98078528040323
    endloop
  endfacet
  facet normal 0 -0.2902846772544072 0.9569403357322256
    outer loop
      vertex 6.9 10.38268343236509 74.0761204674887
      vertex 20 10.195090322016128 74.01921471959677
      vertex 20 10.38268343236509 74.0761204674887
    endloop
  endfacet
  facet normal 0 -0.47139673682604016 0.8819212643483323
    outer loop
      vertex 6.9 10.555570233019601 74.16853038769746
      vertex 20 10.38268343236509 74.0761204674887
      vertex 20 10.555570233019601 74.16853038769746
    endloop
  endfacet
  facet normal 0 -0.47139673682604016 -0.8819212643483323
    outer loop
      vertex 6.9 10.38268343236509 75.9238795325113
      vertex 20 10.555570233019601 75.83146961230254
      vertex 20 10.38268343236509 75.9238795325113
    endloop
  endfacet
  facet normal 0 -0.634393284163613 -0.7730104533627636
    outer loop
      vertex 6.9 10.555570233019601 75.83146961230254
      vertex 20 10.707106781186548 75.70710678118655
      vertex 20 10.555570233019601 75.83146961230254
    endloop
  endfacet
  facet normal 0 -0.634393284163613 0.7730104533627636
    outer loop
      vertex 6.9 10.707106781186548 74.29289321881345
      vertex 20 10.555570233019601 74.16853038769746
      vertex 20 10.707106781186548 74.29289321881345
    endloop
  endfacet
  facet normal 0 -0.7730104533627378 -0.6343932841636444
    outer loop
      vertex 6.9 10.707106781186548 75.70710678118655
      vertex 20 10.831469612302545 75.55557023301961
      vertex 20 10.707106781186548 75.70710678118655
    endloop
  endfacet
  facet normal 0 -0.7730104533627378 0.6343932841636444
    outer loop
      vertex 6.9 10.831469612302545 74.44442976698039
      vertex 20 10.707106781186548 74.29289321881345
      vertex 20 10.831469612302545 74.44442976698039
    endloop
  endfacet
  facet normal 0 -0.8819212643483689 0.4713967368259715
    outer loop
      vertex 6.9 10.923879532511286 74.61731656763492
      vertex 20 10.831469612302545 74.44442976698039
      vertex 20 10.923879532511286 74.61731656763492
    endloop
  endfacet
  facet normal 0 -0.8819212643483689 -0.4713967368259715
    outer loop
      vertex 6.9 10.831469612302545 75.55557023301961
      vertex 20 10.923879532511286 75.38268343236508
      vertex 20 10.831469612302545 75.55557023301961
    endloop
  endfacet
  facet normal 0 -0.9569403357322056 0.2902846772544728
    outer loop
      vertex 6.9 10.98078528040323 74.80490967798387
      vertex 20 10.923879532511286 74.61731656763492
      vertex 20 10.98078528040323 74.80490967798387
    endloop
  endfacet
  facet normal 0 -0.9951847266721968 0.09801714032956084
    outer loop
      vertex 6.9 11 75
      vertex 20 10.98078528040323 74.80490967798387
      vertex 20 11 75
    endloop
  endfacet
  facet normal 0 -0.9951847266721968 -0.09801714032956084
    outer loop
      vertex 6.9 10.98078528040323 75.19509032201613
      vertex 20 11 75
      vertex 20 10.98078528040323 75.19509032201613
    endloop
  endfacet
  facet normal 0 -0.9569403357322056 -0.2902846772544728
    outer loop
      vertex 6.9 10.923879532511286 75.38268343236508
      vertex 20 10.98078528040323 75.19509032201613
      vertex 20 10.923879532511286 75.38268343236508
    endloop
  endfacet
  facet normal 0.9535923921753661 -0.28607771765260914 0.09392065293606566
    outer loop
      vertex 8.4 4.9 200
      vertex 8.430743551354832 4.9 199.6878554847742
      vertex 9.01921471959677 6.9 199.80490967798386
    endloop
  endfacet
  facet normal 0.9535923921753661 -0.28607771765260914 -0.09392065293606566
    outer loop
      vertex 8.4 4.9 200
      vertex 9.01921471959677 6.9 200.19509032201614
      vertex 8.430743551354832 4.9 200.3121445152258
    endloop
  endfacet
  facet normal 0.9169463713248437 -0.2860777176526106 0.2781526407871678
    outer loop
      vertex 8.52179274798194 4.9 199.38770650821584
      vertex 9.076120467488714 6.9 199.6173165676349
      vertex 8.430743551354832 4.9 199.6878554847742
    endloop
  endfacet
  facet normal 0.9169463713248437 -0.2860777176526106 -0.2781526407871678
    outer loop
      vertex 8.430743551354832 4.9 200.3121445152258
      vertex 9.076120467488714 6.9 200.3826834323651
      vertex 8.52179274798194 4.9 200.61229349178416
    endloop
  endfacet
  facet normal 0.7407035775796693 -0.2860777176526071 0.6078797164105364
    outer loop
      vertex 8.669648620315927 4.9 199.11108762716864
      vertex 8.868629150101524 4.9 198.86862915010153
      vertex 9.292893218813452 6.9 199.29289321881345
    endloop
  endfacet
  facet normal 0.8450626156537383 -0.2860777176526081 0.4516953786426608
    outer loop
      vertex 8.52179274798194 4.9 199.38770650821584
      vertex 8.669648620315927 4.9 199.11108762716864
      vertex 9.168530387697455 6.9 199.4444297669804
    endloop
  endfacet
  facet normal 0.8450626156537383 -0.2860777176526081 -0.4516953786426608
    outer loop
      vertex 8.52179274798194 4.9 200.61229349178416
      vertex 9.168530387697455 6.9 200.5555702330196
      vertex 8.669648620315927 4.9 200.88891237283136
    endloop
  endfacet
  facet normal 0.7407035775796693 -0.2860777176526071 -0.6078797164105364
    outer loop
      vertex 8.669648620315927 4.9 200.88891237283136
      vertex 9.292893218813452 6.9 200.70710678118655
      vertex 8.868629150101524 4.9 201.13137084989847
    endloop
  endfacet
  facet normal 0.6078797164105251 -0.2860777176526062 0.7407035775796789
    outer loop
      vertex 8.868629150101524 4.9 198.86862915010153
      vertex 9.111087627168637 4.9 198.66964862031594
      vertex 9.292893218813452 6.9 199.29289321881345
    endloop
  endfacet
  facet normal 0.4516953786426473 -0.2860777176526016 0.8450626156537477
    outer loop
      vertex 9.111087627168637 4.9 198.66964862031594
      vertex 9.387706508215857 4.9 198.52179274798195
      vertex 9.444429766980399 6.9 199.16853038769744
    endloop
  endfacet
  facet normal 0.6078797164105251 -0.2860777176526062 -0.7407035775796789
    outer loop
      vertex 8.868629150101524 4.9 201.13137084989847
      vertex 9.292893218813452 6.9 200.70710678118655
      vertex 9.111087627168637 4.9 201.33035137968406
    endloop
  endfacet
  facet normal 0.4516953786426473 -0.2860777176526016 -0.8450626156537477
    outer loop
      vertex 9.444429766980399 6.9 200.83146961230256
      vertex 9.387706508215857 4.9 201.47820725201805
      vertex 9.111087627168637 4.9 201.33035137968406
    endloop
  endfacet
  facet normal 0.9535923921753664 -0.28607771765260975 0.09392065293606056
    outer loop
      vertex 8.4 4.9 200
      vertex 9.01921471959677 6.9 199.80490967798386
      vertex 9 6.9 200
    endloop
  endfacet
  facet normal 0.9535923921753664 -0.28607771765260975 -0.09392065293606056
    outer loop
      vertex 8.4 4.9 200
      vertex 9 6.9 200
      vertex 9.01921471959677 6.9 200.19509032201614
    endloop
  endfacet
  facet normal 0.9169463713248385 -0.28607771765260814 0.2781526407871874
    outer loop
      vertex 8.430743551354832 4.9 199.6878554847742
      vertex 9.076120467488714 6.9 199.6173165676349
      vertex 9.01921471959677 6.9 199.80490967798386
    endloop
  endfacet
  facet normal 0.9169463713248385 -0.28607771765260814 -0.2781526407871874
    outer loop
      vertex 8.430743551354832 4.9 200.3121445152258
      vertex 9.01921471959677 6.9 200.19509032201614
      vertex 9.076120467488714 6.9 200.3826834323651
    endloop
  endfacet
  facet normal 0.8450626156537496 -0.2860777176526111 0.4516953786426379
    outer loop
      vertex 8.52179274798194 4.9 199.38770650821584
      vertex 9.168530387697455 6.9 199.4444297669804
      vertex 9.076120467488714 6.9 199.6173165676349
    endloop
  endfacet
  facet normal 0.8450626156537496 -0.2860777176526111 -0.4516953786426379
    outer loop
      vertex 8.52179274798194 4.9 200.61229349178416
      vertex 9.076120467488714 6.9 200.3826834323651
      vertex 9.168530387697455 6.9 200.5555702330196
    endloop
  endfacet
  facet normal 0.7407035775796657 -0.2860777176526063 0.6078797164105412
    outer loop
      vertex 8.669648620315927 4.9 199.11108762716864
      vertex 9.292893218813452 6.9 199.29289321881345
      vertex 9.168530387697455 6.9 199.4444297669804
    endloop
  endfacet
  facet normal 0.7407035775796657 -0.2860777176526063 -0.6078797164105412
    outer loop
      vertex 8.669648620315927 4.9 200.88891237283136
      vertex 9.168530387697455 6.9 200.5555702330196
      vertex 9.292893218813452 6.9 200.70710678118655
    endloop
  endfacet
  facet normal 0.6078797164105533 -0.28607771765260204 0.7407035775796573
    outer loop
      vertex 9.111087627168637 4.9 198.66964862031594
      vertex 9.444429766980399 6.9 199.16853038769744
      vertex 9.292893218813452 6.9 199.29289321881345
    endloop
  endfacet
  facet normal 0.6078797164105533 -0.28607771765260204 -0.7407035775796573
    outer loop
      vertex 9.292893218813452 6.9 200.70710678118655
      vertex 9.444429766980399 6.9 200.83146961230256
      vertex 9.111087627168637 4.9 201.33035137968406
    endloop
  endfacet
  facet normal 0.27815264078721996 -0.28607771765261136 0.9169463713248276
    outer loop
      vertex 9.387706508215857 4.9 198.52179274798195
      vertex 9.687855484774195 4.9 198.43074355135482
      vertex 9.61731656763491 6.9 199.07612046748872
    endloop
  endfacet
  facet normal 0.27815264078721996 -0.2860777176526113 -0.9169463713248276
    outer loop
      vertex 9.61731656763491 6.9 200.92387953251128
      vertex 9.687855484774195 4.9 201.56925644864518
      vertex 9.387706508215857 4.9 201.47820725201805
    endloop
  endfacet
  facet normal 0.09392065293602428 -0.2860777176526084 0.9535923921753704
    outer loop
      vertex 9.687855484774195 4.9 198.43074355135482
      vertex 10 4.9 198.4
      vertex 9.804909677983872 6.9 199.01921471959676
    endloop
  endfacet
  facet normal 0.09392065293602428 -0.2860777176526084 -0.9535923921753704
    outer loop
      vertex 9.804909677983872 6.9 200.98078528040324
      vertex 10 4.9 201.6
      vertex 9.687855484774195 4.9 201.56925644864518
    endloop
  endfacet
  facet normal 0.4516953786425666 -0.28607771765261214 0.8450626156537873
    outer loop
      vertex 9.387706508215857 4.9 198.52179274798195
      vertex 9.61731656763491 6.9 199.07612046748872
      vertex 9.444429766980399 6.9 199.16853038769744
    endloop
  endfacet
  facet normal 0.4516953786425666 -0.28607771765261214 -0.8450626156537873
    outer loop
      vertex 9.444429766980399 6.9 200.83146961230256
      vertex 9.61731656763491 6.9 200.92387953251128
      vertex 9.387706508215857 4.9 201.47820725201805
    endloop
  endfacet
  facet normal 0.27815264078725177 -0.2860777176526075 0.916946371324819
    outer loop
      vertex 9.687855484774195 4.9 198.43074355135482
      vertex 9.804909677983872 6.9 199.01921471959676
      vertex 9.61731656763491 6.9 199.07612046748872
    endloop
  endfacet
  facet normal 0.09392065293602439 -0.28607771765260837 0.9535923921753704
    outer loop
      vertex 9.804909677983872 6.9 199.01921471959676
      vertex 10 4.9 198.4
      vertex 10 6.9 199
    endloop
  endfacet
  facet normal 0.27815264078725177 -0.2860777176526075 -0.916946371324819
    outer loop
      vertex 9.61731656763491 6.9 200.92387953251128
      vertex 9.804909677983872 6.9 200.98078528040324
      vertex 9.687855484774195 4.9 201.56925644864518
    endloop
  endfacet
  facet normal 0.09392065293602439 -0.28607771765260837 -0.9535923921753704
    outer loop
      vertex 9.804909677983872 6.9 200.98078528040324
      vertex 10 6.9 201
      vertex 10 4.9 201.6
    endloop
  endfacet
  facet normal -0.09392065293602428 -0.2860777176526084 0.9535923921753704
    outer loop
      vertex 10 4.9 198.4
      vertex 10.312144515225805 4.9 198.43074355135482
      vertex 10.195090322016128 6.9 199.01921471959676
    endloop
  endfacet
  facet normal -0.09392065293602428 -0.2860777176526084 -0.9535923921753704
    outer loop
      vertex 10.195090322016128 6.9 200.98078528040324
      vertex 10.312144515225805 4.9 201.56925644864518
      vertex 10 4.9 201.6
    endloop
  endfacet
  facet normal -0.27815264078721996 -0.28607771765261136 0.9169463713248276
    outer loop
      vertex 10.312144515225805 4.9 198.43074355135482
      vertex 10.612293491784143 4.9 198.52179274798195
      vertex 10.38268343236509 6.9 199.07612046748872
    endloop
  endfacet
  facet normal -0.27815264078721996 -0.2860777176526113 -0.9169463713248276
    outer loop
      vertex 10.38268343236509 6.9 200.92387953251128
      vertex 10.612293491784143 4.9 201.47820725201805
      vertex 10.312144515225805 4.9 201.56925644864518
    endloop
  endfacet
  facet normal -0.09392065293602439 -0.28607771765260837 0.9535923921753704
    outer loop
      vertex 10 4.9 198.4
      vertex 10.195090322016128 6.9 199.01921471959676
      vertex 10 6.9 199
    endloop
  endfacet
  facet normal -0.27815264078725177 -0.2860777176526075 0.916946371324819
    outer loop
      vertex 10.312144515225805 4.9 198.43074355135482
      vertex 10.38268343236509 6.9 199.07612046748872
      vertex 10.195090322016128 6.9 199.01921471959676
    endloop
  endfacet
  facet normal -0.09392065293602439 -0.28607771765260837 -0.9535923921753704
    outer loop
      vertex 10 6.9 201
      vertex 10.195090322016128 6.9 200.98078528040324
      vertex 10 4.9 201.6
    endloop
  endfacet
  facet normal -0.27815264078725177 -0.2860777176526075 -0.916946371324819
    outer loop
      vertex 10.195090322016128 6.9 200.98078528040324
      vertex 10.38268343236509 6.9 200.92387953251128
      vertex 10.312144515225805 4.9 201.56925644864518
    endloop
  endfacet
  facet normal -0.4516953786425666 -0.28607771765261214 0.8450626156537873
    outer loop
      vertex 10.612293491784143 4.9 198.52179274798195
      vertex 10.555570233019601 6.9 199.16853038769744
      vertex 10.38268343236509 6.9 199.07612046748872
    endloop
  endfacet
  facet normal -0.4516953786425666 -0.28607771765261214 -0.8450626156537873
    outer loop
      vertex 10.38268343236509 6.9 200.92387953251128
      vertex 10.555570233019601 6.9 200.83146961230256
      vertex 10.612293491784143 4.9 201.47820725201805
    endloop
  endfacet
  facet normal -0.4516953786426473 -0.2860777176526016 0.8450626156537477
    outer loop
      vertex 10.612293491784143 4.9 198.52179274798195
      vertex 10.888912372831363 4.9 198.66964862031594
      vertex 10.555570233019601 6.9 199.16853038769744
    endloop
  endfacet
  facet normal -0.6078797164105251 -0.2860777176526062 0.7407035775796789
    outer loop
      vertex 10.888912372831363 4.9 198.66964862031594
      vertex 11.131370849898476 4.9 198.86862915010153
      vertex 10.707106781186548 6.9 199.29289321881345
    endloop
  endfacet
  facet normal -0.4516953786426473 -0.2860777176526016 -0.8450626156537477
    outer loop
      vertex 10.555570233019601 6.9 200.83146961230256
      vertex 10.888912372831363 4.9 201.33035137968406
      vertex 10.612293491784143 4.9 201.47820725201805
    endloop
  endfacet
  facet normal -0.6078797164105251 -0.2860777176526062 -0.7407035775796789
    outer loop
      vertex 11.131370849898476 4.9 201.13137084989847
      vertex 10.888912372831363 4.9 201.33035137968406
      vertex 10.707106781186548 6.9 200.70710678118655
    endloop
  endfacet
  facet normal -0.7407035775796693 -0.28607771765260703 0.6078797164105364
    outer loop
      vertex 11.131370849898476 4.9 198.86862915010153
      vertex 11.330351379684073 4.9 199.11108762716864
      vertex 10.707106781186548 6.9 199.29289321881345
    endloop
  endfacet
  facet normal -0.7407035775796693 -0.28607771765260703 -0.6078797164105364
    outer loop
      vertex 11.131370849898476 4.9 201.13137084989847
      vertex 10.707106781186548 6.9 200.70710678118655
      vertex 11.330351379684073 4.9 200.88891237283136
    endloop
  endfacet
  facet normal -0.8450626156537383 -0.2860777176526081 0.4516953786426608
    outer loop
      vertex 10.831469612302545 6.9 199.4444297669804
      vertex 11.330351379684073 4.9 199.11108762716864
      vertex 11.47820725201806 4.9 199.38770650821584
    endloop
  endfacet
  facet normal -0.8450626156537383 -0.2860777176526081 -0.4516953786426608
    outer loop
      vertex 10.831469612302545 6.9 200.5555702330196
      vertex 11.47820725201806 4.9 200.61229349178416
      vertex 11.330351379684073 4.9 200.88891237283136
    endloop
  endfacet
  facet normal -0.6078797164105533 -0.28607771765260204 0.7407035775796573
    outer loop
      vertex 10.888912372831363 4.9 198.66964862031594
      vertex 10.707106781186548 6.9 199.29289321881345
      vertex 10.555570233019601 6.9 199.16853038769744
    endloop
  endfacet
  facet normal -0.6078797164105533 -0.28607771765260204 -0.7407035775796573
    outer loop
      vertex 10.555570233019601 6.9 200.83146961230256
      vertex 10.707106781186548 6.9 200.70710678118655
      vertex 10.888912372831363 4.9 201.33035137968406
    endloop
  endfacet
  facet normal -0.7407035775796657 -0.28607771765260637 0.6078797164105412
    outer loop
      vertex 10.707106781186548 6.9 199.29289321881345
      vertex 11.330351379684073 4.9 199.11108762716864
      vertex 10.831469612302545 6.9 199.4444297669804
    endloop
  endfacet
  facet normal -0.7407035775796657 -0.28607771765260637 -0.6078797164105412
    outer loop
      vertex 10.707106781186548 6.9 200.70710678118655
      vertex 10.831469612302545 6.9 200.5555702330196
      vertex 11.330351379684073 4.9 200.88891237283136
    endloop
  endfacet
  facet normal -0.8450626156537496 -0.2860777176526111 0.4516953786426379
    outer loop
      vertex 10.831469612302545 6.9 199.4444297669804
      vertex 11.47820725201806 4.9 199.38770650821584
      vertex 10.923879532511286 6.9 199.6173165676349
    endloop
  endfacet
  facet normal -0.8450626156537496 -0.2860777176526111 -0.4516953786426379
    outer loop
      vertex 10.831469612302545 6.9 200.5555702330196
      vertex 10.923879532511286 6.9 200.3826834323651
      vertex 11.47820725201806 4.9 200.61229349178416
    endloop
  endfacet
  facet normal -0.9169463713248385 -0.2860777176526082 0.2781526407871874
    outer loop
      vertex 10.923879532511286 6.9 199.6173165676349
      vertex 11.569256448645168 4.9 199.6878554847742
      vertex 10.98078528040323 6.9 199.80490967798386
    endloop
  endfacet
  facet normal -0.9169463713248385 -0.2860777176526082 -0.2781526407871874
    outer loop
      vertex 10.923879532511286 6.9 200.3826834323651
      vertex 10.98078528040323 6.9 200.19509032201614
      vertex 11.569256448645168 4.9 200.3121445152258
    endloop
  endfacet
  facet normal -0.9535923921753664 -0.28607771765260975 0.09392065293606056
    outer loop
      vertex 10.98078528040323 6.9 199.80490967798386
      vertex 11.6 4.9 200
      vertex 11 6.9 200
    endloop
  endfacet
  facet normal -0.9535923921753664 -0.28607771765260975 -0.09392065293606056
    outer loop
      vertex 10.98078528040323 6.9 200.19509032201614
      vertex 11 6.9 200
      vertex 11.6 4.9 200
    endloop
  endfacet
  facet normal -0.9169463713248437 -0.2860777176526106 0.2781526407871678
    outer loop
      vertex 10.923879532511286 6.9 199.6173165676349
      vertex 11.47820725201806 4.9 199.38770650821584
      vertex 11.569256448645168 4.9 199.6878554847742
    endloop
  endfacet
  facet normal -0.9169463713248437 -0.2860777176526106 -0.2781526407871678
    outer loop
      vertex 10.923879532511286 6.9 200.3826834323651
      vertex 11.569256448645168 4.9 200.3121445152258
      vertex 11.47820725201806 4.9 200.61229349178416
    endloop
  endfacet
  facet normal -0.9535923921753661 -0.28607771765260914 0.09392065293606566
    outer loop
      vertex 10.98078528040323 6.9 199.80490967798386
      vertex 11.569256448645168 4.9 199.6878554847742
      vertex 11.6 4.9 200
    endloop
  endfacet
  facet normal -0.9535923921753661 -0.28607771765260914 -0.09392065293606566
    outer loop
      vertex 10.98078528040323 6.9 200.19509032201614
      vertex 11.6 4.9 200
      vertex 11.569256448645168 4.9 200.3121445152258
    endloop
  endfacet
  facet normal 0.9535923921753661 -0.28607771765260914 0.09392065293606566
    outer loop
      vertex 8.4 4.9 150
      vertex 8.430743551354832 4.9 149.6878554847742
      vertex 9.01921471959677 6.9 149.80490967798386
    endloop
  endfacet
  facet normal 0.9535923921753661 -0.28607771765260914 -0.09392065293606566
    outer loop
      vertex 8.4 4.9 150
      vertex 9.01921471959677 6.9 150.19509032201614
      vertex 8.430743551354832 4.9 150.3121445152258
    endloop
  endfacet
  facet normal 0.9169463713248437 -0.2860777176526106 0.2781526407871678
    outer loop
      vertex 8.430743551354832 4.9 149.6878554847742
      vertex 8.52179274798194 4.9 149.38770650821584
      vertex 9.076120467488714 6.9 149.6173165676349
    endloop
  endfacet
  facet normal 0.9169463713248437 -0.2860777176526106 -0.2781526407871678
    outer loop
      vertex 8.430743551354832 4.9 150.3121445152258
      vertex 9.076120467488714 6.9 150.3826834323651
      vertex 8.52179274798194 4.9 150.61229349178416
    endloop
  endfacet
  facet normal 0.8450626156537383 -0.2860777176526081 0.4516953786426608
    outer loop
      vertex 8.52179274798194 4.9 149.38770650821584
      vertex 8.669648620315927 4.9 149.11108762716864
      vertex 9.168530387697455 6.9 149.4444297669804
    endloop
  endfacet
  facet normal 0.8450626156537383 -0.2860777176526081 -0.4516953786426608
    outer loop
      vertex 8.52179274798194 4.9 150.61229349178416
      vertex 9.168530387697455 6.9 150.5555702330196
      vertex 8.669648620315927 4.9 150.88891237283136
    endloop
  endfacet
  facet normal 0.7407035775796693 -0.2860777176526071 0.6078797164105364
    outer loop
      vertex 8.669648620315927 4.9 149.11108762716864
      vertex 8.868629150101524 4.9 148.86862915010153
      vertex 9.292893218813452 6.9 149.29289321881345
    endloop
  endfacet
  facet normal 0.7407035775796693 -0.2860777176526071 -0.6078797164105364
    outer loop
      vertex 8.669648620315927 4.9 150.88891237283136
      vertex 9.292893218813452 6.9 150.70710678118655
      vertex 8.868629150101524 4.9 151.13137084989847
    endloop
  endfacet
  facet normal 0.6078797164105251 -0.2860777176526062 0.7407035775796789
    outer loop
      vertex 8.868629150101524 4.9 148.86862915010153
      vertex 9.111087627168637 4.9 148.66964862031594
      vertex 9.292893218813452 6.9 149.29289321881345
    endloop
  endfacet
  facet normal 0.6078797164105251 -0.2860777176526062 -0.7407035775796789
    outer loop
      vertex 8.868629150101524 4.9 151.13137084989847
      vertex 9.292893218813452 6.9 150.70710678118655
      vertex 9.111087627168637 4.9 151.33035137968406
    endloop
  endfacet
  facet normal 0.4516953786426473 -0.2860777176526016 0.8450626156537477
    outer loop
      vertex 9.111087627168637 4.9 148.66964862031594
      vertex 9.387706508215857 4.9 148.52179274798195
      vertex 9.444429766980399 6.9 149.16853038769744
    endloop
  endfacet
  facet normal 0.4516953786426473 -0.2860777176526016 -0.8450626156537477
    outer loop
      vertex 9.111087627168637 4.9 151.33035137968406
      vertex 9.444429766980399 6.9 150.83146961230256
      vertex 9.387706508215857 4.9 151.47820725201805
    endloop
  endfacet
  facet normal 0.9535923921753664 -0.28607771765260975 0.09392065293606056
    outer loop
      vertex 8.4 4.9 150
      vertex 9.01921471959677 6.9 149.80490967798386
      vertex 9 6.9 150
    endloop
  endfacet
  facet normal 0.9535923921753664 -0.28607771765260975 -0.09392065293606056
    outer loop
      vertex 8.4 4.9 150
      vertex 9 6.9 150
      vertex 9.01921471959677 6.9 150.19509032201614
    endloop
  endfacet
  facet normal 0.9169463713248385 -0.28607771765260814 0.2781526407871874
    outer loop
      vertex 8.430743551354832 4.9 149.6878554847742
      vertex 9.076120467488714 6.9 149.6173165676349
      vertex 9.01921471959677 6.9 149.80490967798386
    endloop
  endfacet
  facet normal 0.9169463713248385 -0.28607771765260814 -0.2781526407871874
    outer loop
      vertex 8.430743551354832 4.9 150.3121445152258
      vertex 9.01921471959677 6.9 150.19509032201614
      vertex 9.076120467488714 6.9 150.3826834323651
    endloop
  endfacet
  facet normal 0.8450626156537496 -0.2860777176526111 0.4516953786426379
    outer loop
      vertex 8.52179274798194 4.9 149.38770650821584
      vertex 9.168530387697455 6.9 149.4444297669804
      vertex 9.076120467488714 6.9 149.6173165676349
    endloop
  endfacet
  facet normal 0.7407035775796657 -0.2860777176526063 0.6078797164105412
    outer loop
      vertex 8.669648620315927 4.9 149.11108762716864
      vertex 9.292893218813452 6.9 149.29289321881345
      vertex 9.168530387697455 6.9 149.4444297669804
    endloop
  endfacet
  facet normal 0.8450626156537496 -0.2860777176526111 -0.4516953786426379
    outer loop
      vertex 9.076120467488714 6.9 150.3826834323651
      vertex 9.168530387697455 6.9 150.5555702330196
      vertex 8.52179274798194 4.9 150.61229349178416
    endloop
  endfacet
  facet normal 0.7407035775796657 -0.2860777176526063 -0.6078797164105412
    outer loop
      vertex 8.669648620315927 4.9 150.88891237283136
      vertex 9.168530387697455 6.9 150.5555702330196
      vertex 9.292893218813452 6.9 150.70710678118655
    endloop
  endfacet
  facet normal 0.6078797164105533 -0.28607771765260204 0.7407035775796573
    outer loop
      vertex 9.111087627168637 4.9 148.66964862031594
      vertex 9.444429766980399 6.9 149.16853038769744
      vertex 9.292893218813452 6.9 149.29289321881345
    endloop
  endfacet
  facet normal 0.6078797164105533 -0.28607771765260204 -0.7407035775796573
    outer loop
      vertex 9.111087627168637 4.9 151.33035137968406
      vertex 9.292893218813452 6.9 150.70710678118655
      vertex 9.444429766980399 6.9 150.83146961230256
    endloop
  endfacet
  facet normal 0.27815264078721996 -0.28607771765261136 0.9169463713248276
    outer loop
      vertex 9.387706508215857 4.9 148.52179274798195
      vertex 9.687855484774195 4.9 148.43074355135482
      vertex 9.61731656763491 6.9 149.07612046748872
    endloop
  endfacet
  facet normal 0.27815264078721996 -0.28607771765261136 -0.9169463713248276
    outer loop
      vertex 9.387706508215857 4.9 151.47820725201805
      vertex 9.61731656763491 6.9 150.92387953251128
      vertex 9.687855484774195 4.9 151.56925644864518
    endloop
  endfacet
  facet normal 0.09392065293602428 -0.2860777176526084 0.9535923921753704
    outer loop
      vertex 9.687855484774195 4.9 148.43074355135482
      vertex 10 4.9 148.4
      vertex 9.804909677983872 6.9 149.01921471959676
    endloop
  endfacet
  facet normal 0.09392065293602428 -0.2860777176526084 -0.9535923921753704
    outer loop
      vertex 9.687855484774195 4.9 151.56925644864518
      vertex 9.804909677983872 6.9 150.98078528040324
      vertex 10 4.9 151.6
    endloop
  endfacet
  facet normal 0.4516953786425666 -0.28607771765261214 0.8450626156537873
    outer loop
      vertex 9.387706508215857 4.9 148.52179274798195
      vertex 9.61731656763491 6.9 149.07612046748872
      vertex 9.444429766980399 6.9 149.16853038769744
    endloop
  endfacet
  facet normal 0.4516953786425666 -0.28607771765261214 -0.8450626156537873
    outer loop
      vertex 9.387706508215857 4.9 151.47820725201805
      vertex 9.444429766980399 6.9 150.83146961230256
      vertex 9.61731656763491 6.9 150.92387953251128
    endloop
  endfacet
  facet normal 0.27815264078725177 -0.2860777176526075 0.916946371324819
    outer loop
      vertex 9.687855484774195 4.9 148.43074355135482
      vertex 9.804909677983872 6.9 149.01921471959676
      vertex 9.61731656763491 6.9 149.07612046748872
    endloop
  endfacet
  facet normal 0.27815264078725177 -0.2860777176526075 -0.916946371324819
    outer loop
      vertex 9.687855484774195 4.9 151.56925644864518
      vertex 9.61731656763491 6.9 150.92387953251128
      vertex 9.804909677983872 6.9 150.98078528040324
    endloop
  endfacet
  facet normal 0.09392065293602439 -0.28607771765260837 0.9535923921753704
    outer loop
      vertex 9.804909677983872 6.9 149.01921471959676
      vertex 10 4.9 148.4
      vertex 10 6.9 149
    endloop
  endfacet
  facet normal 0.09392065293602439 -0.28607771765260837 -0.9535923921753704
    outer loop
      vertex 9.804909677983872 6.9 150.98078528040324
      vertex 10 6.9 151
      vertex 10 4.9 151.6
    endloop
  endfacet
  facet normal -0.09392065293602428 -0.2860777176526084 0.9535923921753704
    outer loop
      vertex 10 4.9 148.4
      vertex 10.312144515225805 4.9 148.43074355135482
      vertex 10.195090322016128 6.9 149.01921471959676
    endloop
  endfacet
  facet normal -0.09392065293602428 -0.2860777176526084 -0.9535923921753704
    outer loop
      vertex 10 4.9 151.6
      vertex 10.195090322016128 6.9 150.98078528040324
      vertex 10.312144515225805 4.9 151.56925644864518
    endloop
  endfacet
  facet normal -0.27815264078721996 -0.28607771765261136 0.9169463713248276
    outer loop
      vertex 10.312144515225805 4.9 148.43074355135482
      vertex 10.612293491784143 4.9 148.52179274798195
      vertex 10.38268343236509 6.9 149.07612046748872
    endloop
  endfacet
  facet normal -0.27815264078721996 -0.28607771765261136 -0.9169463713248276
    outer loop
      vertex 10.312144515225805 4.9 151.56925644864518
      vertex 10.38268343236509 6.9 150.92387953251128
      vertex 10.612293491784143 4.9 151.47820725201805
    endloop
  endfacet
  facet normal -0.09392065293602439 -0.28607771765260837 0.9535923921753704
    outer loop
      vertex 10 4.9 148.4
      vertex 10.195090322016128 6.9 149.01921471959676
      vertex 10 6.9 149
    endloop
  endfacet
  facet normal -0.09392065293602439 -0.28607771765260837 -0.9535923921753704
    outer loop
      vertex 10 4.9 151.6
      vertex 10 6.9 151
      vertex 10.195090322016128 6.9 150.98078528040324
    endloop
  endfacet
  facet normal -0.27815264078725177 -0.2860777176526075 0.916946371324819
    outer loop
      vertex 10.312144515225805 4.9 148.43074355135482
      vertex 10.38268343236509 6.9 149.07612046748872
      vertex 10.195090322016128 6.9 149.01921471959676
    endloop
  endfacet
  facet normal -0.27815264078725177 -0.2860777176526075 -0.916946371324819
    outer loop
      vertex 10.312144515225805 4.9 151.56925644864518
      vertex 10.195090322016128 6.9 150.98078528040324
      vertex 10.38268343236509 6.9 150.92387953251128
    endloop
  endfacet
  facet normal -0.4516953786425666 -0.28607771765261214 0.8450626156537873
    outer loop
      vertex 10.612293491784143 4.9 148.52179274798195
      vertex 10.555570233019601 6.9 149.16853038769744
      vertex 10.38268343236509 6.9 149.07612046748872
    endloop
  endfacet
  facet normal -0.4516953786425666 -0.28607771765261214 -0.8450626156537873
    outer loop
      vertex 10.612293491784143 4.9 151.47820725201805
      vertex 10.38268343236509 6.9 150.92387953251128
      vertex 10.555570233019601 6.9 150.83146961230256
    endloop
  endfacet
  facet normal -0.4516953786426473 -0.2860777176526016 0.8450626156537477
    outer loop
      vertex 10.612293491784143 4.9 148.52179274798195
      vertex 10.888912372831363 4.9 148.66964862031594
      vertex 10.555570233019601 6.9 149.16853038769744
    endloop
  endfacet
  facet normal -0.4516953786426473 -0.2860777176526016 -0.8450626156537477
    outer loop
      vertex 10.612293491784143 4.9 151.47820725201805
      vertex 10.555570233019601 6.9 150.83146961230256
      vertex 10.888912372831363 4.9 151.33035137968406
    endloop
  endfacet
  facet normal -0.6078797164105251 -0.2860777176526062 0.7407035775796789
    outer loop
      vertex 10.888912372831363 4.9 148.66964862031594
      vertex 11.131370849898476 4.9 148.86862915010153
      vertex 10.707106781186548 6.9 149.29289321881345
    endloop
  endfacet
  facet normal -0.6078797164105251 -0.2860777176526062 -0.7407035775796789
    outer loop
      vertex 10.888912372831363 4.9 151.33035137968406
      vertex 10.707106781186548 6.9 150.70710678118655
      vertex 11.131370849898476 4.9 151.13137084989847
    endloop
  endfacet
  facet normal -0.7407035775796693 -0.28607771765260703 0.6078797164105364
    outer loop
      vertex 11.131370849898476 4.9 148.86862915010153
      vertex 11.330351379684073 4.9 149.11108762716864
      vertex 10.707106781186548 6.9 149.29289321881345
    endloop
  endfacet
  facet normal -0.7407035775796693 -0.28607771765260703 -0.6078797164105364
    outer loop
      vertex 11.131370849898476 4.9 151.13137084989847
      vertex 10.707106781186548 6.9 150.70710678118655
      vertex 11.330351379684073 4.9 150.88891237283136
    endloop
  endfacet
  facet normal -0.8450626156537383 -0.2860777176526081 0.4516953786426608
    outer loop
      vertex 10.831469612302545 6.9 149.4444297669804
      vertex 11.330351379684073 4.9 149.11108762716864
      vertex 11.47820725201806 4.9 149.38770650821584
    endloop
  endfacet
  facet normal -0.8450626156537383 -0.2860777176526081 -0.4516953786426608
    outer loop
      vertex 10.831469612302545 6.9 150.5555702330196
      vertex 11.47820725201806 4.9 150.61229349178416
      vertex 11.330351379684073 4.9 150.88891237283136
    endloop
  endfacet
  facet normal -0.6078797164105533 -0.28607771765260204 0.7407035775796573
    outer loop
      vertex 10.888912372831363 4.9 148.66964862031594
      vertex 10.707106781186548 6.9 149.29289321881345
      vertex 10.555570233019601 6.9 149.16853038769744
    endloop
  endfacet
  facet normal -0.6078797164105533 -0.28607771765260204 -0.7407035775796573
    outer loop
      vertex 10.888912372831363 4.9 151.33035137968406
      vertex 10.555570233019601 6.9 150.83146961230256
      vertex 10.707106781186548 6.9 150.70710678118655
    endloop
  endfacet
  facet normal -0.7407035775796657 -0.28607771765260637 0.6078797164105412
    outer loop
      vertex 10.707106781186548 6.9 149.29289321881345
      vertex 11.330351379684073 4.9 149.11108762716864
      vertex 10.831469612302545 6.9 149.4444297669804
    endloop
  endfacet
  facet normal -0.8450626156537496 -0.2860777176526111 0.4516953786426379
    outer loop
      vertex 10.831469612302545 6.9 149.4444297669804
      vertex 11.47820725201806 4.9 149.38770650821584
      vertex 10.923879532511286 6.9 149.6173165676349
    endloop
  endfacet
  facet normal -0.7407035775796657 -0.28607771765260637 -0.6078797164105412
    outer loop
      vertex 10.707106781186548 6.9 150.70710678118655
      vertex 10.831469612302545 6.9 150.5555702330196
      vertex 11.330351379684073 4.9 150.88891237283136
    endloop
  endfacet
  facet normal -0.8450626156537496 -0.2860777176526111 -0.4516953786426379
    outer loop
      vertex 10.923879532511286 6.9 150.3826834323651
      vertex 11.47820725201806 4.9 150.61229349178416
      vertex 10.831469612302545 6.9 150.5555702330196
    endloop
  endfacet
  facet normal -0.9169463713248385 -0.2860777176526082 0.2781526407871874
    outer loop
      vertex 10.923879532511286 6.9 149.6173165676349
      vertex 11.569256448645168 4.9 149.6878554847742
      vertex 10.98078528040323 6.9 149.80490967798386
    endloop
  endfacet
  facet normal -0.9169463713248385 -0.2860777176526082 -0.2781526407871874
    outer loop
      vertex 10.923879532511286 6.9 150.3826834323651
      vertex 10.98078528040323 6.9 150.19509032201614
      vertex 11.569256448645168 4.9 150.3121445152258
    endloop
  endfacet
  facet normal -0.9535923921753664 -0.28607771765260975 0.09392065293606056
    outer loop
      vertex 10.98078528040323 6.9 149.80490967798386
      vertex 11.6 4.9 150
      vertex 11 6.9 150
    endloop
  endfacet
  facet normal -0.9535923921753664 -0.28607771765260975 -0.09392065293606056
    outer loop
      vertex 10.98078528040323 6.9 150.19509032201614
      vertex 11 6.9 150
      vertex 11.6 4.9 150
    endloop
  endfacet
  facet normal -0.9169463713248437 -0.2860777176526106 0.2781526407871678
    outer loop
      vertex 10.923879532511286 6.9 149.6173165676349
      vertex 11.47820725201806 4.9 149.38770650821584
      vertex 11.569256448645168 4.9 149.6878554847742
    endloop
  endfacet
  facet normal -0.9535923921753661 -0.28607771765260914 0.09392065293606566
    outer loop
      vertex 10.98078528040323 6.9 149.80490967798386
      vertex 11.569256448645168 4.9 149.6878554847742
      vertex 11.6 4.9 150
    endloop
  endfacet
  facet normal -0.9535923921753661 -0.28607771765260914 -0.09392065293606566
    outer loop
      vertex 10.98078528040323 6.9 150.19509032201614
      vertex 11.6 4.9 150
      vertex 11.569256448645168 4.9 150.3121445152258
    endloop
  endfacet
  facet normal -0.9169463713248437 -0.2860777176526106 -0.2781526407871678
    outer loop
      vertex 10.923879532511286 6.9 150.3826834323651
      vertex 11.569256448645168 4.9 150.3121445152258
      vertex 11.47820725201806 4.9 150.61229349178416
    endloop
  endfacet
  facet normal 0.9535923921753658 -0.28607771765260953 0.09392065293606777
    outer loop
      vertex 8.4 4.9 50
      vertex 8.430743551354832 4.9 49.6878554847742
      vertex 9.01921471959677 6.9 49.80490967798387
    endloop
  endfacet
  facet normal 0.9535923921753658 -0.28607771765260953 -0.09392065293606777
    outer loop
      vertex 8.4 4.9 50
      vertex 9.01921471959677 6.9 50.19509032201613
      vertex 8.430743551354832 4.9 50.3121445152258
    endloop
  endfacet
  facet normal 0.916946371324842 -0.28607771765260986 0.27815264078717383
    outer loop
      vertex 8.430743551354832 4.9 49.6878554847742
      vertex 8.52179274798194 4.9 49.38770650821586
      vertex 9.076120467488714 6.9 49.61731656763491
    endloop
  endfacet
  facet normal 0.916946371324842 -0.28607771765260986 -0.27815264078717383
    outer loop
      vertex 8.430743551354832 4.9 50.3121445152258
      vertex 9.076120467488714 6.9 50.38268343236509
      vertex 8.52179274798194 4.9 50.61229349178414
    endloop
  endfacet
  facet normal 0.8450626156537523 -0.28607771765261025 0.4516953786426335
    outer loop
      vertex 8.52179274798194 4.9 49.38770650821586
      vertex 8.669648620315927 4.9 49.11108762716864
      vertex 9.168530387697455 6.9 49.4444297669804
    endloop
  endfacet
  facet normal 0.8450626156537523 -0.28607771765261025 -0.4516953786426335
    outer loop
      vertex 8.52179274798194 4.9 50.61229349178414
      vertex 9.168530387697455 6.9 50.5555702330196
      vertex 8.669648620315927 4.9 50.88891237283136
    endloop
  endfacet
  facet normal 0.74070357757966 -0.28607771765260936 0.6078797164105466
    outer loop
      vertex 8.669648620315927 4.9 49.11108762716864
      vertex 8.868629150101524 4.9 48.868629150101526
      vertex 9.292893218813452 6.9 49.292893218813454
    endloop
  endfacet
  facet normal 0.74070357757966 -0.28607771765260936 -0.6078797164105466
    outer loop
      vertex 8.669648620315927 4.9 50.88891237283136
      vertex 9.292893218813452 6.9 50.707106781186546
      vertex 8.868629150101524 4.9 51.131370849898474
    endloop
  endfacet
  facet normal 0.6078797164105504 -0.28607771765260953 0.7407035775796569
    outer loop
      vertex 9.111087627168637 4.9 48.669648620315925
      vertex 9.292893218813452 6.9 49.292893218813454
      vertex 8.868629150101524 4.9 48.868629150101526
    endloop
  endfacet
  facet normal 0.4516953786426294 -0.2860777176526094 0.8450626156537547
    outer loop
      vertex 9.111087627168637 4.9 48.669648620315925
      vertex 9.387706508215857 4.9 48.52179274798194
      vertex 9.444429766980399 6.9 49.16853038769745
    endloop
  endfacet
  facet normal 0.6078797164105504 -0.28607771765260953 -0.7407035775796569
    outer loop
      vertex 8.868629150101524 4.9 51.131370849898474
      vertex 9.292893218813452 6.9 50.707106781186546
      vertex 9.111087627168637 4.9 51.330351379684075
    endloop
  endfacet
  facet normal 0.4516953786426294 -0.2860777176526094 -0.8450626156537547
    outer loop
      vertex 9.111087627168637 4.9 51.330351379684075
      vertex 9.444429766980399 6.9 50.83146961230255
      vertex 9.387706508215857 4.9 51.47820725201806
    endloop
  endfacet
  facet normal 0.9535923921753657 -0.28607771765260953 0.09392065293606734
    outer loop
      vertex 8.4 4.9 50
      vertex 9.01921471959677 6.9 49.80490967798387
      vertex 9 6.9 50
    endloop
  endfacet
  facet normal 0.9535923921753657 -0.28607771765260953 -0.09392065293606734
    outer loop
      vertex 8.4 4.9 50
      vertex 9 6.9 50
      vertex 9.01921471959677 6.9 50.19509032201613
    endloop
  endfacet
  facet normal 0.9169463713248411 -0.28607771765260936 0.27815264078717766
    outer loop
      vertex 8.430743551354832 4.9 49.6878554847742
      vertex 9.076120467488714 6.9 49.61731656763491
      vertex 9.01921471959677 6.9 49.80490967798387
    endloop
  endfacet
  facet normal 0.9169463713248411 -0.28607771765260936 -0.27815264078717766
    outer loop
      vertex 8.430743551354832 4.9 50.3121445152258
      vertex 9.01921471959677 6.9 50.19509032201613
      vertex 9.076120467488714 6.9 50.38268343236509
    endloop
  endfacet
  facet normal 0.84506261565375 -0.28607771765260964 0.4516953786426381
    outer loop
      vertex 8.52179274798194 4.9 49.38770650821586
      vertex 9.168530387697455 6.9 49.4444297669804
      vertex 9.076120467488714 6.9 49.61731656763491
    endloop
  endfacet
  facet normal 0.84506261565375 -0.28607771765260964 -0.4516953786426381
    outer loop
      vertex 8.52179274798194 4.9 50.61229349178414
      vertex 9.076120467488714 6.9 50.38268343236509
      vertex 9.168530387697455 6.9 50.5555702330196
    endloop
  endfacet
  facet normal 0.7407035775796648 -0.28607771765261025 0.6078797164105404
    outer loop
      vertex 8.669648620315927 4.9 49.11108762716864
      vertex 9.292893218813452 6.9 49.292893218813454
      vertex 9.168530387697455 6.9 49.4444297669804
    endloop
  endfacet
  facet normal 0.7407035775796648 -0.28607771765261025 -0.6078797164105404
    outer loop
      vertex 8.669648620315927 4.9 50.88891237283136
      vertex 9.168530387697455 6.9 50.5555702330196
      vertex 9.292893218813452 6.9 50.707106781186546
    endloop
  endfacet
  facet normal 0.6078797164105519 -0.2860777176526093 0.7407035775796557
    outer loop
      vertex 9.111087627168637 4.9 48.669648620315925
      vertex 9.444429766980399 6.9 49.16853038769745
      vertex 9.292893218813452 6.9 49.292893218813454
    endloop
  endfacet
  facet normal 0.6078797164105519 -0.2860777176526093 -0.7407035775796557
    outer loop
      vertex 9.111087627168637 4.9 51.330351379684075
      vertex 9.292893218813452 6.9 50.707106781186546
      vertex 9.444429766980399 6.9 50.83146961230255
    endloop
  endfacet
  facet normal 0.27815264078718027 -0.2860777176526102 0.9169463713248399
    outer loop
      vertex 9.387706508215857 4.9 48.52179274798194
      vertex 9.687855484774195 4.9 48.43074355135483
      vertex 9.61731656763491 6.9 49.076120467488714
    endloop
  endfacet
  facet normal 0.27815264078718027 -0.2860777176526102 -0.9169463713248399
    outer loop
      vertex 9.387706508215857 4.9 51.47820725201806
      vertex 9.61731656763491 6.9 50.923879532511286
      vertex 9.687855484774195 4.9 51.56925644864517
    endloop
  endfacet
  facet normal 0.09392065293606723 -0.28607771765260953 0.9535923921753657
    outer loop
      vertex 9.687855484774195 4.9 48.43074355135483
      vertex 10 4.9 48.4
      vertex 9.804909677983872 6.9 49.01921471959677
    endloop
  endfacet
  facet normal 0.09392065293606723 -0.28607771765260953 -0.9535923921753657
    outer loop
      vertex 9.687855484774195 4.9 51.56925644864517
      vertex 9.804909677983872 6.9 50.98078528040323
      vertex 10 4.9 51.6
    endloop
  endfacet
  facet normal 0.4516953786426209 -0.28607771765261053 0.8450626156537588
    outer loop
      vertex 9.387706508215857 4.9 48.52179274798194
      vertex 9.61731656763491 6.9 49.076120467488714
      vertex 9.444429766980399 6.9 49.16853038769745
    endloop
  endfacet
  facet normal 0.4516953786426209 -0.28607771765261053 -0.8450626156537588
    outer loop
      vertex 9.387706508215857 4.9 51.47820725201806
      vertex 9.444429766980399 6.9 50.83146961230255
      vertex 9.61731656763491 6.9 50.923879532511286
    endloop
  endfacet
  facet normal 0.278152640787188 -0.2860777176526093 0.9169463713248379
    outer loop
      vertex 9.687855484774195 4.9 48.43074355135483
      vertex 9.804909677983872 6.9 49.01921471959677
      vertex 9.61731656763491 6.9 49.076120467488714
    endloop
  endfacet
  facet normal 0.09392065293605872 -0.2860777176526106 0.9535923921753664
    outer loop
      vertex 9.804909677983872 6.9 49.01921471959677
      vertex 10 4.9 48.4
      vertex 10 6.9 49
    endloop
  endfacet
  facet normal 0.278152640787188 -0.2860777176526093 -0.9169463713248379
    outer loop
      vertex 9.687855484774195 4.9 51.56925644864517
      vertex 9.61731656763491 6.9 50.923879532511286
      vertex 9.804909677983872 6.9 50.98078528040323
    endloop
  endfacet
  facet normal 0.09392065293605872 -0.2860777176526106 -0.9535923921753664
    outer loop
      vertex 9.804909677983872 6.9 50.98078528040323
      vertex 10 6.9 51
      vertex 10 4.9 51.6
    endloop
  endfacet
  facet normal -0.09392065293606723 -0.28607771765260953 0.9535923921753657
    outer loop
      vertex 10 4.9 48.4
      vertex 10.312144515225805 4.9 48.43074355135483
      vertex 10.195090322016128 6.9 49.01921471959677
    endloop
  endfacet
  facet normal -0.09392065293606723 -0.28607771765260953 -0.9535923921753657
    outer loop
      vertex 10 4.9 51.6
      vertex 10.195090322016128 6.9 50.98078528040323
      vertex 10.312144515225805 4.9 51.56925644864517
    endloop
  endfacet
  facet normal -0.27815264078718027 -0.2860777176526102 0.9169463713248399
    outer loop
      vertex 10.312144515225805 4.9 48.43074355135483
      vertex 10.612293491784143 4.9 48.52179274798194
      vertex 10.38268343236509 6.9 49.076120467488714
    endloop
  endfacet
  facet normal -0.27815264078718027 -0.2860777176526102 -0.9169463713248399
    outer loop
      vertex 10.312144515225805 4.9 51.56925644864517
      vertex 10.38268343236509 6.9 50.923879532511286
      vertex 10.612293491784143 4.9 51.47820725201806
    endloop
  endfacet
  facet normal -0.09392065293605872 -0.2860777176526106 0.9535923921753664
    outer loop
      vertex 10 4.9 48.4
      vertex 10.195090322016128 6.9 49.01921471959677
      vertex 10 6.9 49
    endloop
  endfacet
  facet normal -0.278152640787188 -0.2860777176526093 0.9169463713248379
    outer loop
      vertex 10.312144515225805 4.9 48.43074355135483
      vertex 10.38268343236509 6.9 49.076120467488714
      vertex 10.195090322016128 6.9 49.01921471959677
    endloop
  endfacet
  facet normal -0.09392065293605872 -0.2860777176526106 -0.9535923921753664
    outer loop
      vertex 10 4.9 51.6
      vertex 10 6.9 51
      vertex 10.195090322016128 6.9 50.98078528040323
    endloop
  endfacet
  facet normal -0.278152640787188 -0.2860777176526093 -0.9169463713248379
    outer loop
      vertex 10.312144515225805 4.9 51.56925644864517
      vertex 10.195090322016128 6.9 50.98078528040323
      vertex 10.38268343236509 6.9 50.923879532511286
    endloop
  endfacet
  facet normal -0.4516953786426209 -0.28607771765261053 0.8450626156537588
    outer loop
      vertex 10.612293491784143 4.9 48.52179274798194
      vertex 10.555570233019601 6.9 49.16853038769745
      vertex 10.38268343236509 6.9 49.076120467488714
    endloop
  endfacet
  facet normal -0.4516953786426209 -0.28607771765261053 -0.8450626156537588
    outer loop
      vertex 10.612293491784143 4.9 51.47820725201806
      vertex 10.38268343236509 6.9 50.923879532511286
      vertex 10.555570233019601 6.9 50.83146961230255
    endloop
  endfacet
  facet normal -0.4516953786426294 -0.28607771765260936 0.8450626156537547
    outer loop
      vertex 10.612293491784143 4.9 48.52179274798194
      vertex 10.888912372831363 4.9 48.669648620315925
      vertex 10.555570233019601 6.9 49.16853038769745
    endloop
  endfacet
  facet normal -0.6078797164105504 -0.28607771765260953 0.7407035775796569
    outer loop
      vertex 10.888912372831363 4.9 48.669648620315925
      vertex 11.131370849898476 4.9 48.868629150101526
      vertex 10.707106781186548 6.9 49.292893218813454
    endloop
  endfacet
  facet normal -0.4516953786426294 -0.28607771765260936 -0.8450626156537547
    outer loop
      vertex 10.612293491784143 4.9 51.47820725201806
      vertex 10.555570233019601 6.9 50.83146961230255
      vertex 10.888912372831363 4.9 51.330351379684075
    endloop
  endfacet
  facet normal -0.6078797164105504 -0.28607771765260953 -0.7407035775796569
    outer loop
      vertex 10.888912372831363 4.9 51.330351379684075
      vertex 10.707106781186548 6.9 50.707106781186546
      vertex 11.131370849898476 4.9 51.131370849898474
    endloop
  endfacet
  facet normal -0.74070357757966 -0.2860777176526094 0.6078797164105466
    outer loop
      vertex 11.131370849898476 4.9 48.868629150101526
      vertex 11.330351379684073 4.9 49.11108762716864
      vertex 10.707106781186548 6.9 49.292893218813454
    endloop
  endfacet
  facet normal -0.8450626156537523 -0.2860777176526102 0.4516953786426335
    outer loop
      vertex 10.831469612302545 6.9 49.4444297669804
      vertex 11.330351379684073 4.9 49.11108762716864
      vertex 11.47820725201806 4.9 49.38770650821586
    endloop
  endfacet
  facet normal -0.8450626156537523 -0.2860777176526102 -0.4516953786426335
    outer loop
      vertex 10.831469612302545 6.9 50.5555702330196
      vertex 11.47820725201806 4.9 50.61229349178414
      vertex 11.330351379684073 4.9 50.88891237283136
    endloop
  endfacet
  facet normal -0.74070357757966 -0.2860777176526094 -0.6078797164105466
    outer loop
      vertex 11.131370849898476 4.9 51.131370849898474
      vertex 10.707106781186548 6.9 50.707106781186546
      vertex 11.330351379684073 4.9 50.88891237283136
    endloop
  endfacet
  facet normal -0.6078797164105519 -0.2860777176526093 0.7407035775796557
    outer loop
      vertex 10.888912372831363 4.9 48.669648620315925
      vertex 10.707106781186548 6.9 49.292893218813454
      vertex 10.555570233019601 6.9 49.16853038769745
    endloop
  endfacet
  facet normal -0.6078797164105519 -0.2860777176526093 -0.7407035775796557
    outer loop
      vertex 10.888912372831363 4.9 51.330351379684075
      vertex 10.555570233019601 6.9 50.83146961230255
      vertex 10.707106781186548 6.9 50.707106781186546
    endloop
  endfacet
  facet normal -0.7407035775796648 -0.2860777176526103 0.6078797164105404
    outer loop
      vertex 10.707106781186548 6.9 49.292893218813454
      vertex 11.330351379684073 4.9 49.11108762716864
      vertex 10.831469612302545 6.9 49.4444297669804
    endloop
  endfacet
  facet normal -0.7407035775796648 -0.2860777176526103 -0.6078797164105404
    outer loop
      vertex 10.707106781186548 6.9 50.707106781186546
      vertex 10.831469612302545 6.9 50.5555702330196
      vertex 11.330351379684073 4.9 50.88891237283136
    endloop
  endfacet
  facet normal -0.84506261565375 -0.28607771765260964 0.4516953786426381
    outer loop
      vertex 10.831469612302545 6.9 49.4444297669804
      vertex 11.47820725201806 4.9 49.38770650821586
      vertex 10.923879532511286 6.9 49.61731656763491
    endloop
  endfacet
  facet normal -0.84506261565375 -0.28607771765260964 -0.4516953786426381
    outer loop
      vertex 10.831469612302545 6.9 50.5555702330196
      vertex 10.923879532511286 6.9 50.38268343236509
      vertex 11.47820725201806 4.9 50.61229349178414
    endloop
  endfacet
  facet normal -0.9169463713248411 -0.28607771765260936 0.27815264078717766
    outer loop
      vertex 10.923879532511286 6.9 49.61731656763491
      vertex 11.569256448645168 4.9 49.6878554847742
      vertex 10.98078528040323 6.9 49.80490967798387
    endloop
  endfacet
  facet normal -0.9169463713248411 -0.28607771765260936 -0.27815264078717766
    outer loop
      vertex 10.923879532511286 6.9 50.38268343236509
      vertex 10.98078528040323 6.9 50.19509032201613
      vertex 11.569256448645168 4.9 50.3121445152258
    endloop
  endfacet
  facet normal -0.9535923921753657 -0.28607771765260953 0.09392065293606734
    outer loop
      vertex 10.98078528040323 6.9 49.80490967798387
      vertex 11.6 4.9 50
      vertex 11 6.9 50
    endloop
  endfacet
  facet normal -0.9535923921753657 -0.28607771765260953 -0.09392065293606734
    outer loop
      vertex 10.98078528040323 6.9 50.19509032201613
      vertex 11 6.9 50
      vertex 11.6 4.9 50
    endloop
  endfacet
  facet normal -0.916946371324842 -0.2860777176526098 0.27815264078717383
    outer loop
      vertex 10.923879532511286 6.9 49.61731656763491
      vertex 11.47820725201806 4.9 49.38770650821586
      vertex 11.569256448645168 4.9 49.6878554847742
    endloop
  endfacet
  facet normal -0.916946371324842 -0.2860777176526098 -0.27815264078717383
    outer loop
      vertex 10.923879532511286 6.9 50.38268343236509
      vertex 11.569256448645168 4.9 50.3121445152258
      vertex 11.47820725201806 4.9 50.61229349178414
    endloop
  endfacet
  facet normal -0.9535923921753658 -0.28607771765260953 0.09392065293606777
    outer loop
      vertex 10.98078528040323 6.9 49.80490967798387
      vertex 11.569256448645168 4.9 49.6878554847742
      vertex 11.6 4.9 50
    endloop
  endfacet
  facet normal -0.9535923921753658 -0.28607771765260953 -0.09392065293606777
    outer loop
      vertex 10.98078528040323 6.9 50.19509032201613
      vertex 11.6 4.9 50
      vertex 11.569256448645168 4.9 50.3121445152258
    endloop
  endfacet
  facet normal 0.9169463713248399 -0.2860777176526109 0.2781526407871798
    outer loop
      vertex 8.52179274798194 4.9 99.38770650821586
      vertex 9.076120467488714 6.9 99.61731656763492
      vertex 8.430743551354832 4.9 99.68785548477419
    endloop
  endfacet
  facet normal 0.9535923921753658 -0.28607771765260975 0.09392065293606565
    outer loop
      vertex 8.4 4.9 100
      vertex 8.430743551354832 4.9 99.68785548477419
      vertex 9.01921471959677 6.9 99.80490967798387
    endloop
  endfacet
  facet normal 0.9535923921753658 -0.28607771765260975 -0.09392065293606565
    outer loop
      vertex 8.4 4.9 100
      vertex 9.01921471959677 6.9 100.19509032201613
      vertex 8.430743551354832 4.9 100.31214451522581
    endloop
  endfacet
  facet normal 0.9169463713248399 -0.2860777176526109 -0.2781526407871798
    outer loop
      vertex 8.430743551354832 4.9 100.31214451522581
      vertex 9.076120467488714 6.9 100.38268343236508
      vertex 8.52179274798194 4.9 100.61229349178414
    endloop
  endfacet
  facet normal 0.8450626156537481 -0.28607771765260753 0.4516953786426428
    outer loop
      vertex 8.52179274798194 4.9 99.38770650821586
      vertex 8.669648620315927 4.9 99.11108762716864
      vertex 9.168530387697455 6.9 99.44442976698039
    endloop
  endfacet
  facet normal 0.8450626156537481 -0.28607771765260753 -0.4516953786426428
    outer loop
      vertex 8.52179274798194 4.9 100.61229349178414
      vertex 9.168530387697455 6.9 100.55557023301961
      vertex 8.669648620315927 4.9 100.88891237283136
    endloop
  endfacet
  facet normal 0.7407035775796693 -0.2860777176526071 0.6078797164105364
    outer loop
      vertex 8.669648620315927 4.9 99.11108762716864
      vertex 8.868629150101524 4.9 98.86862915010153
      vertex 9.292893218813452 6.9 99.29289321881345
    endloop
  endfacet
  facet normal 0.7407035775796693 -0.2860777176526071 -0.6078797164105364
    outer loop
      vertex 8.669648620315927 4.9 100.88891237283136
      vertex 9.292893218813452 6.9 100.70710678118655
      vertex 8.868629150101524 4.9 101.13137084989847
    endloop
  endfacet
  facet normal 0.6078797164105508 -0.2860777176526071 0.7407035775796573
    outer loop
      vertex 8.868629150101524 4.9 98.86862915010153
      vertex 9.111087627168637 4.9 98.66964862031593
      vertex 9.292893218813452 6.9 99.29289321881345
    endloop
  endfacet
  facet normal 0.6078797164105508 -0.2860777176526071 -0.7407035775796573
    outer loop
      vertex 8.868629150101524 4.9 101.13137084989847
      vertex 9.292893218813452 6.9 100.70710678118655
      vertex 9.111087627168637 4.9 101.33035137968407
    endloop
  endfacet
  facet normal 0.45169537864261217 -0.2860777176526116 0.8450626156537632
    outer loop
      vertex 9.111087627168637 4.9 98.66964862031593
      vertex 9.387706508215857 4.9 98.52179274798195
      vertex 9.444429766980399 6.9 99.16853038769746
    endloop
  endfacet
  facet normal 0.45169537864261217 -0.2860777176526116 -0.8450626156537632
    outer loop
      vertex 9.111087627168637 4.9 101.33035137968407
      vertex 9.444429766980399 6.9 100.83146961230254
      vertex 9.387706508215857 4.9 101.47820725201805
    endloop
  endfacet
  facet normal 0.9535923921753657 -0.28607771765260953 0.09392065293606734
    outer loop
      vertex 8.4 4.9 100
      vertex 9.01921471959677 6.9 99.80490967798387
      vertex 9 6.9 100
    endloop
  endfacet
  facet normal 0.9535923921753657 -0.28607771765260953 -0.09392065293606734
    outer loop
      vertex 8.4 4.9 100
      vertex 9 6.9 100
      vertex 9.01921471959677 6.9 100.19509032201613
    endloop
  endfacet
  facet normal 0.9169463713248379 -0.28607771765261 0.27815264078718727
    outer loop
      vertex 8.430743551354832 4.9 99.68785548477419
      vertex 9.076120467488714 6.9 99.61731656763492
      vertex 9.01921471959677 6.9 99.80490967798387
    endloop
  endfacet
  facet normal 0.9169463713248379 -0.28607771765261 -0.27815264078718727
    outer loop
      vertex 8.430743551354832 4.9 100.31214451522581
      vertex 9.01921471959677 6.9 100.19509032201613
      vertex 9.076120467488714 6.9 100.38268343236508
    endloop
  endfacet
  facet normal 0.8450626156537647 -0.2860777176526119 0.4516953786426089
    outer loop
      vertex 8.52179274798194 4.9 99.38770650821586
      vertex 9.168530387697455 6.9 99.44442976698039
      vertex 9.076120467488714 6.9 99.61731656763492
    endloop
  endfacet
  facet normal 0.7407035775796657 -0.2860777176526063 0.6078797164105412
    outer loop
      vertex 8.669648620315927 4.9 99.11108762716864
      vertex 9.292893218813452 6.9 99.29289321881345
      vertex 9.168530387697455 6.9 99.44442976698039
    endloop
  endfacet
  facet normal 0.8450626156537647 -0.2860777176526119 -0.4516953786426089
    outer loop
      vertex 8.52179274798194 4.9 100.61229349178414
      vertex 9.076120467488714 6.9 100.38268343236508
      vertex 9.168530387697455 6.9 100.55557023301961
    endloop
  endfacet
  facet normal 0.7407035775796657 -0.2860777176526063 -0.6078797164105412
    outer loop
      vertex 8.669648620315927 4.9 100.88891237283136
      vertex 9.168530387697455 6.9 100.55557023301961
      vertex 9.292893218813452 6.9 100.70710678118655
    endloop
  endfacet
  facet normal 0.6078797164105096 -0.2860777176526132 0.7407035775796889
    outer loop
      vertex 9.111087627168637 4.9 98.66964862031593
      vertex 9.444429766980399 6.9 99.16853038769746
      vertex 9.292893218813452 6.9 99.29289321881345
    endloop
  endfacet
  facet normal 0.6078797164105096 -0.2860777176526132 -0.7407035775796889
    outer loop
      vertex 9.111087627168637 4.9 101.33035137968407
      vertex 9.292893218813452 6.9 100.70710678118655
      vertex 9.444429766980399 6.9 100.83146961230254
    endloop
  endfacet
  facet normal 0.27815264078718077 -0.28607771765260426 0.9169463713248416
    outer loop
      vertex 9.387706508215857 4.9 98.52179274798195
      vertex 9.687855484774195 4.9 98.43074355135484
      vertex 9.61731656763491 6.9 99.0761204674887
    endloop
  endfacet
  facet normal 0.27815264078718077 -0.28607771765260426 -0.9169463713248416
    outer loop
      vertex 9.387706508215857 4.9 101.47820725201805
      vertex 9.61731656763491 6.9 100.9238795325113
      vertex 9.687855484774195 4.9 101.56925644864516
    endloop
  endfacet
  facet normal 0.09392065293606723 -0.28607771765260953 0.9535923921753657
    outer loop
      vertex 9.687855484774195 4.9 98.43074355135484
      vertex 10 4.9 98.4
      vertex 9.804909677983872 6.9 99.01921471959677
    endloop
  endfacet
  facet normal 0.09392065293606723 -0.28607771765260953 -0.9535923921753657
    outer loop
      vertex 9.687855484774195 4.9 101.56925644864516
      vertex 9.804909677983872 6.9 100.98078528040323
      vertex 10 4.9 101.6
    endloop
  endfacet
  facet normal 0.45169537864267584 -0.2860777176526033 0.8450626156537319
    outer loop
      vertex 9.387706508215857 4.9 98.52179274798195
      vertex 9.61731656763491 6.9 99.0761204674887
      vertex 9.444429766980399 6.9 99.16853038769746
    endloop
  endfacet
  facet normal 0.45169537864267584 -0.2860777176526033 -0.8450626156537319
    outer loop
      vertex 9.387706508215857 4.9 101.47820725201805
      vertex 9.444429766980399 6.9 100.83146961230254
      vertex 9.61731656763491 6.9 100.9238795325113
    endloop
  endfacet
  facet normal 0.27815264078712426 -0.2860777176526111 0.9169463713248567
    outer loop
      vertex 9.687855484774195 4.9 98.43074355135484
      vertex 9.804909677983872 6.9 99.01921471959677
      vertex 9.61731656763491 6.9 99.0761204674887
    endloop
  endfacet
  facet normal 0.27815264078712426 -0.2860777176526111 -0.9169463713248567
    outer loop
      vertex 9.687855484774195 4.9 101.56925644864516
      vertex 9.61731656763491 6.9 100.9238795325113
      vertex 9.804909677983872 6.9 100.98078528040323
    endloop
  endfacet
  facet normal 0.09392065293609324 -0.28607771765260653 0.9535923921753642
    outer loop
      vertex 9.804909677983872 6.9 99.01921471959677
      vertex 10 4.9 98.4
      vertex 10 6.9 99
    endloop
  endfacet
  facet normal 0.09392065293609324 -0.28607771765260653 -0.9535923921753642
    outer loop
      vertex 9.804909677983872 6.9 100.98078528040323
      vertex 10 6.9 101
      vertex 10 4.9 101.6
    endloop
  endfacet
  facet normal -0.09392065293606723 -0.28607771765260953 0.9535923921753657
    outer loop
      vertex 10 4.9 98.4
      vertex 10.312144515225805 4.9 98.43074355135484
      vertex 10.195090322016128 6.9 99.01921471959677
    endloop
  endfacet
  facet normal -0.09392065293606723 -0.28607771765260953 -0.9535923921753657
    outer loop
      vertex 10 4.9 101.6
      vertex 10.195090322016128 6.9 100.98078528040323
      vertex 10.312144515225805 4.9 101.56925644864516
    endloop
  endfacet
  facet normal -0.27815264078718077 -0.28607771765260426 0.9169463713248416
    outer loop
      vertex 10.312144515225805 4.9 98.43074355135484
      vertex 10.612293491784143 4.9 98.52179274798195
      vertex 10.38268343236509 6.9 99.0761204674887
    endloop
  endfacet
  facet normal -0.27815264078718077 -0.28607771765260426 -0.9169463713248416
    outer loop
      vertex 10.312144515225805 4.9 101.56925644864516
      vertex 10.38268343236509 6.9 100.9238795325113
      vertex 10.612293491784143 4.9 101.47820725201805
    endloop
  endfacet
  facet normal -0.09392065293609324 -0.28607771765260653 0.9535923921753642
    outer loop
      vertex 10 4.9 98.4
      vertex 10.195090322016128 6.9 99.01921471959677
      vertex 10 6.9 99
    endloop
  endfacet
  facet normal -0.09392065293609324 -0.28607771765260653 -0.9535923921753642
    outer loop
      vertex 10 4.9 101.6
      vertex 10 6.9 101
      vertex 10.195090322016128 6.9 100.98078528040323
    endloop
  endfacet
  facet normal -0.27815264078712426 -0.2860777176526111 0.9169463713248567
    outer loop
      vertex 10.312144515225805 4.9 98.43074355135484
      vertex 10.38268343236509 6.9 99.0761204674887
      vertex 10.195090322016128 6.9 99.01921471959677
    endloop
  endfacet
  facet normal -0.27815264078712426 -0.2860777176526111 -0.9169463713248567
    outer loop
      vertex 10.312144515225805 4.9 101.56925644864516
      vertex 10.195090322016128 6.9 100.98078528040323
      vertex 10.38268343236509 6.9 100.9238795325113
    endloop
  endfacet
  facet normal -0.45169537864267584 -0.2860777176526033 0.8450626156537319
    outer loop
      vertex 10.612293491784143 4.9 98.52179274798195
      vertex 10.555570233019601 6.9 99.16853038769746
      vertex 10.38268343236509 6.9 99.0761204674887
    endloop
  endfacet
  facet normal -0.45169537864267584 -0.2860777176526033 -0.8450626156537319
    outer loop
      vertex 10.612293491784143 4.9 101.47820725201805
      vertex 10.38268343236509 6.9 100.9238795325113
      vertex 10.555570233019601 6.9 100.83146961230254
    endloop
  endfacet
  facet normal -0.45169537864261217 -0.2860777176526116 0.8450626156537632
    outer loop
      vertex 10.612293491784143 4.9 98.52179274798195
      vertex 10.888912372831363 4.9 98.66964862031593
      vertex 10.555570233019601 6.9 99.16853038769746
    endloop
  endfacet
  facet normal -0.45169537864261217 -0.2860777176526116 -0.8450626156537632
    outer loop
      vertex 10.612293491784143 4.9 101.47820725201805
      vertex 10.555570233019601 6.9 100.83146961230254
      vertex 10.888912372831363 4.9 101.33035137968407
    endloop
  endfacet
  facet normal -0.6078797164105508 -0.2860777176526071 0.7407035775796573
    outer loop
      vertex 10.888912372831363 4.9 98.66964862031593
      vertex 11.131370849898476 4.9 98.86862915010153
      vertex 10.707106781186548 6.9 99.29289321881345
    endloop
  endfacet
  facet normal -0.6078797164105508 -0.2860777176526071 -0.7407035775796573
    outer loop
      vertex 11.131370849898476 4.9 101.13137084989847
      vertex 10.888912372831363 4.9 101.33035137968407
      vertex 10.707106781186548 6.9 100.70710678118655
    endloop
  endfacet
  facet normal -0.7407035775796693 -0.28607771765260703 0.6078797164105364
    outer loop
      vertex 11.131370849898476 4.9 98.86862915010153
      vertex 11.330351379684073 4.9 99.11108762716864
      vertex 10.707106781186548 6.9 99.29289321881345
    endloop
  endfacet
  facet normal -0.7407035775796693 -0.28607771765260703 -0.6078797164105364
    outer loop
      vertex 11.131370849898476 4.9 101.13137084989847
      vertex 10.707106781186548 6.9 100.70710678118655
      vertex 11.330351379684073 4.9 100.88891237283136
    endloop
  endfacet
  facet normal -0.8450626156537481 -0.28607771765260753 0.4516953786426428
    outer loop
      vertex 10.831469612302545 6.9 99.44442976698039
      vertex 11.330351379684073 4.9 99.11108762716864
      vertex 11.47820725201806 4.9 99.38770650821586
    endloop
  endfacet
  facet normal -0.8450626156537481 -0.28607771765260753 -0.4516953786426428
    outer loop
      vertex 10.831469612302545 6.9 100.55557023301961
      vertex 11.47820725201806 4.9 100.61229349178414
      vertex 11.330351379684073 4.9 100.88891237283136
    endloop
  endfacet
  facet normal -0.6078797164105096 -0.2860777176526132 0.7407035775796889
    outer loop
      vertex 10.888912372831363 4.9 98.66964862031593
      vertex 10.707106781186548 6.9 99.29289321881345
      vertex 10.555570233019601 6.9 99.16853038769746
    endloop
  endfacet
  facet normal -0.6078797164105096 -0.2860777176526132 -0.7407035775796889
    outer loop
      vertex 10.888912372831363 4.9 101.33035137968407
      vertex 10.555570233019601 6.9 100.83146961230254
      vertex 10.707106781186548 6.9 100.70710678118655
    endloop
  endfacet
  facet normal -0.7407035775796657 -0.28607771765260637 0.6078797164105412
    outer loop
      vertex 10.707106781186548 6.9 99.29289321881345
      vertex 11.330351379684073 4.9 99.11108762716864
      vertex 10.831469612302545 6.9 99.44442976698039
    endloop
  endfacet
  facet normal -0.8450626156537647 -0.286077717652612 0.4516953786426089
    outer loop
      vertex 10.831469612302545 6.9 99.44442976698039
      vertex 11.47820725201806 4.9 99.38770650821586
      vertex 10.923879532511286 6.9 99.61731656763492
    endloop
  endfacet
  facet normal -0.7407035775796657 -0.28607771765260637 -0.6078797164105412
    outer loop
      vertex 10.707106781186548 6.9 100.70710678118655
      vertex 10.831469612302545 6.9 100.55557023301961
      vertex 11.330351379684073 4.9 100.88891237283136
    endloop
  endfacet
  facet normal -0.8450626156537647 -0.286077717652612 -0.4516953786426089
    outer loop
      vertex 10.831469612302545 6.9 100.55557023301961
      vertex 10.923879532511286 6.9 100.38268343236508
      vertex 11.47820725201806 4.9 100.61229349178414
    endloop
  endfacet
  facet normal -0.9169463713248379 -0.28607771765261003 0.27815264078718727
    outer loop
      vertex 10.923879532511286 6.9 99.61731656763492
      vertex 11.569256448645168 4.9 99.68785548477419
      vertex 10.98078528040323 6.9 99.80490967798387
    endloop
  endfacet
  facet normal -0.9169463713248379 -0.28607771765261003 -0.27815264078718727
    outer loop
      vertex 10.923879532511286 6.9 100.38268343236508
      vertex 10.98078528040323 6.9 100.19509032201613
      vertex 11.569256448645168 4.9 100.31214451522581
    endloop
  endfacet
  facet normal -0.9535923921753657 -0.28607771765260953 0.09392065293606734
    outer loop
      vertex 10.98078528040323 6.9 99.80490967798387
      vertex 11.6 4.9 100
      vertex 11 6.9 100
    endloop
  endfacet
  facet normal -0.9535923921753657 -0.28607771765260953 -0.09392065293606734
    outer loop
      vertex 10.98078528040323 6.9 100.19509032201613
      vertex 11 6.9 100
      vertex 11.6 4.9 100
    endloop
  endfacet
  facet normal -0.9169463713248399 -0.2860777176526109 0.2781526407871798
    outer loop
      vertex 11.47820725201806 4.9 99.38770650821586
      vertex 11.569256448645168 4.9 99.68785548477419
      vertex 10.923879532511286 6.9 99.61731656763492
    endloop
  endfacet
  facet normal -0.9169463713248399 -0.2860777176526109 -0.2781526407871798
    outer loop
      vertex 10.923879532511286 6.9 100.38268343236508
      vertex 11.569256448645168 4.9 100.31214451522581
      vertex 11.47820725201806 4.9 100.61229349178414
    endloop
  endfacet
  facet normal -0.9535923921753658 -0.2860777176526098 0.09392065293606565
    outer loop
      vertex 10.98078528040323 6.9 99.80490967798387
      vertex 11.569256448645168 4.9 99.68785548477419
      vertex 11.6 4.9 100
    endloop
  endfacet
  facet normal -0.9535923921753658 -0.2860777176526098 -0.09392065293606565
    outer loop
      vertex 10.98078528040323 6.9 100.19509032201613
      vertex 11.6 4.9 100
      vertex 11.569256448645168 4.9 100.31214451522581
    endloop
  endfacet
  facet normal -0.2860777176526106 0.9169463713248437 0.2781526407871678
    outer loop
      vertex 4.9 8.430743551354832 224.6878554847742
      vertex 6.9 9.076120467488714 224.6173165676349
      vertex 4.9 8.52179274798194 224.38770650821584
    endloop
  endfacet
  facet normal -0.28607771765260914 0.9535923921753661 0.09392065293606566
    outer loop
      vertex 4.9 8.4 225
      vertex 6.9 9.01921471959677 224.80490967798386
      vertex 4.9 8.430743551354832 224.6878554847742
    endloop
  endfacet
  facet normal -0.28607771765260914 0.9535923921753661 -0.09392065293606566
    outer loop
      vertex 4.9 8.4 225
      vertex 4.9 8.430743551354832 225.3121445152258
      vertex 6.9 9.01921471959677 225.19509032201614
    endloop
  endfacet
  facet normal -0.2860777176526106 0.9169463713248437 -0.2781526407871678
    outer loop
      vertex 4.9 8.430743551354832 225.3121445152258
      vertex 4.9 8.52179274798194 225.61229349178416
      vertex 6.9 9.076120467488714 225.3826834323651
    endloop
  endfacet
  facet normal -0.2860777176526081 0.8450626156537383 0.4516953786426608
    outer loop
      vertex 4.9 8.52179274798194 224.38770650821584
      vertex 6.9 9.168530387697455 224.4444297669804
      vertex 4.9 8.669648620315927 224.11108762716864
    endloop
  endfacet
  facet normal -0.2860777176526081 0.8450626156537383 -0.4516953786426608
    outer loop
      vertex 4.9 8.52179274798194 225.61229349178416
      vertex 4.9 8.669648620315927 225.88891237283136
      vertex 6.9 9.168530387697455 225.5555702330196
    endloop
  endfacet
  facet normal -0.2860777176526071 0.7407035775796693 0.6078797164105364
    outer loop
      vertex 4.9 8.669648620315927 224.11108762716864
      vertex 6.9 9.292893218813452 224.29289321881345
      vertex 4.9 8.868629150101524 223.86862915010153
    endloop
  endfacet
  facet normal -0.2860777176526071 0.7407035775796693 -0.6078797164105364
    outer loop
      vertex 4.9 8.669648620315927 225.88891237283136
      vertex 4.9 8.868629150101524 226.13137084989847
      vertex 6.9 9.292893218813452 225.70710678118655
    endloop
  endfacet
  facet normal -0.2860777176526062 0.6078797164105251 0.7407035775796789
    outer loop
      vertex 4.9 8.868629150101524 223.86862915010153
      vertex 6.9 9.292893218813452 224.29289321881345
      vertex 4.9 9.111087627168637 223.66964862031594
    endloop
  endfacet
  facet normal -0.2860777176526062 0.6078797164105251 -0.7407035775796789
    outer loop
      vertex 4.9 8.868629150101524 226.13137084989847
      vertex 4.9 9.111087627168637 226.33035137968406
      vertex 6.9 9.292893218813452 225.70710678118655
    endloop
  endfacet
  facet normal -0.2860777176526016 0.4516953786426473 0.8450626156537477
    outer loop
      vertex 4.9 9.111087627168637 223.66964862031594
      vertex 6.9 9.444429766980399 224.16853038769744
      vertex 4.9 9.387706508215857 223.52179274798195
    endloop
  endfacet
  facet normal -0.2860777176526016 0.4516953786426473 -0.8450626156537477
    outer loop
      vertex 4.9 9.111087627168637 226.33035137968406
      vertex 4.9 9.387706508215857 226.47820725201805
      vertex 6.9 9.444429766980399 225.83146961230256
    endloop
  endfacet
  facet normal -0.28607771765261136 0.27815264078721996 0.9169463713248276
    outer loop
      vertex 4.9 9.387706508215857 223.52179274798195
      vertex 6.9 9.61731656763491 224.07612046748872
      vertex 4.9 9.687855484774195 223.43074355135482
    endloop
  endfacet
  facet normal -0.28607771765261136 0.27815264078721996 -0.9169463713248276
    outer loop
      vertex 4.9 9.387706508215857 226.47820725201805
      vertex 4.9 9.687855484774195 226.56925644864518
      vertex 6.9 9.61731656763491 225.92387953251128
    endloop
  endfacet
  facet normal -0.2860777176526084 0.09392065293602428 0.9535923921753704
    outer loop
      vertex 4.9 9.687855484774195 223.43074355135482
      vertex 6.9 9.804909677983872 224.01921471959676
      vertex 4.9 10 223.4
    endloop
  endfacet
  facet normal -0.2860777176526084 0.09392065293602428 -0.9535923921753704
    outer loop
      vertex 4.9 9.687855484774195 226.56925644864518
      vertex 4.9 10 226.6
      vertex 6.9 9.804909677983872 225.98078528040324
    endloop
  endfacet
  facet normal -0.28607771765260975 0.9535923921753664 0.09392065293606056
    outer loop
      vertex 4.9 8.4 225
      vertex 6.9 9 225
      vertex 6.9 9.01921471959677 224.80490967798386
    endloop
  endfacet
  facet normal -0.28607771765260975 0.9535923921753664 -0.09392065293606056
    outer loop
      vertex 4.9 8.4 225
      vertex 6.9 9.01921471959677 225.19509032201614
      vertex 6.9 9 225
    endloop
  endfacet
  facet normal -0.28607771765260814 0.9169463713248385 0.2781526407871874
    outer loop
      vertex 4.9 8.430743551354832 224.6878554847742
      vertex 6.9 9.01921471959677 224.80490967798386
      vertex 6.9 9.076120467488714 224.6173165676349
    endloop
  endfacet
  facet normal -0.28607771765260814 0.9169463713248385 -0.2781526407871874
    outer loop
      vertex 4.9 8.430743551354832 225.3121445152258
      vertex 6.9 9.076120467488714 225.3826834323651
      vertex 6.9 9.01921471959677 225.19509032201614
    endloop
  endfacet
  facet normal -0.2860777176526111 0.8450626156537496 0.4516953786426379
    outer loop
      vertex 4.9 8.52179274798194 224.38770650821584
      vertex 6.9 9.076120467488714 224.6173165676349
      vertex 6.9 9.168530387697455 224.4444297669804
    endloop
  endfacet
  facet normal -0.2860777176526063 0.7407035775796657 0.6078797164105412
    outer loop
      vertex 4.9 8.669648620315927 224.11108762716864
      vertex 6.9 9.168530387697455 224.4444297669804
      vertex 6.9 9.292893218813452 224.29289321881345
    endloop
  endfacet
  facet normal -0.2860777176526111 0.8450626156537496 -0.4516953786426379
    outer loop
      vertex 4.9 8.52179274798194 225.61229349178416
      vertex 6.9 9.168530387697455 225.5555702330196
      vertex 6.9 9.076120467488714 225.3826834323651
    endloop
  endfacet
  facet normal -0.2860777176526063 0.7407035775796657 -0.6078797164105412
    outer loop
      vertex 4.9 8.669648620315927 225.88891237283136
      vertex 6.9 9.292893218813452 225.70710678118655
      vertex 6.9 9.168530387697455 225.5555702330196
    endloop
  endfacet
  facet normal -0.28607771765260204 0.6078797164105533 0.7407035775796573
    outer loop
      vertex 4.9 9.111087627168637 223.66964862031594
      vertex 6.9 9.292893218813452 224.29289321881345
      vertex 6.9 9.444429766980399 224.16853038769744
    endloop
  endfacet
  facet normal -0.28607771765260204 0.6078797164105533 -0.7407035775796573
    outer loop
      vertex 4.9 9.111087627168637 226.33035137968406
      vertex 6.9 9.444429766980399 225.83146961230256
      vertex 6.9 9.292893218813452 225.70710678118655
    endloop
  endfacet
  facet normal -0.28607771765261214 0.4516953786425666 0.8450626156537873
    outer loop
      vertex 4.9 9.387706508215857 223.52179274798195
      vertex 6.9 9.444429766980399 224.16853038769744
      vertex 6.9 9.61731656763491 224.07612046748872
    endloop
  endfacet
  facet normal -0.28607771765261214 0.4516953786425666 -0.8450626156537873
    outer loop
      vertex 4.9 9.387706508215857 226.47820725201805
      vertex 6.9 9.61731656763491 225.92387953251128
      vertex 6.9 9.444429766980399 225.83146961230256
    endloop
  endfacet
  facet normal -0.2860777176526075 0.27815264078725177 0.916946371324819
    outer loop
      vertex 4.9 9.687855484774195 223.43074355135482
      vertex 6.9 9.61731656763491 224.07612046748872
      vertex 6.9 9.804909677983872 224.01921471959676
    endloop
  endfacet
  facet normal -0.2860777176526075 0.27815264078725177 -0.916946371324819
    outer loop
      vertex 4.9 9.687855484774195 226.56925644864518
      vertex 6.9 9.804909677983872 225.98078528040324
      vertex 6.9 9.61731656763491 225.92387953251128
    endloop
  endfacet
  facet normal -0.28607771765260837 0.09392065293602439 0.9535923921753704
    outer loop
      vertex 6.9 9.804909677983872 224.01921471959676
      vertex 6.9 10 224
      vertex 4.9 10 223.4
    endloop
  endfacet
  facet normal -0.28607771765260837 0.09392065293602439 -0.9535923921753704
    outer loop
      vertex 6.9 9.804909677983872 225.98078528040324
      vertex 4.9 10 226.6
      vertex 6.9 10 226
    endloop
  endfacet
  facet normal -0.2860777176526084 -0.09392065293602428 0.9535923921753704
    outer loop
      vertex 4.9 10 223.4
      vertex 6.9 10.195090322016128 224.01921471959676
      vertex 4.9 10.312144515225805 223.43074355135482
    endloop
  endfacet
  facet normal -0.2860777176526084 -0.09392065293602428 -0.9535923921753704
    outer loop
      vertex 4.9 10 226.6
      vertex 4.9 10.312144515225805 226.56925644864518
      vertex 6.9 10.195090322016128 225.98078528040324
    endloop
  endfacet
  facet normal -0.28607771765261136 -0.27815264078721996 0.9169463713248276
    outer loop
      vertex 4.9 10.312144515225805 223.43074355135482
      vertex 6.9 10.38268343236509 224.07612046748872
      vertex 4.9 10.612293491784143 223.52179274798195
    endloop
  endfacet
  facet normal -0.28607771765261136 -0.27815264078721996 -0.9169463713248276
    outer loop
      vertex 4.9 10.312144515225805 226.56925644864518
      vertex 4.9 10.612293491784143 226.47820725201805
      vertex 6.9 10.38268343236509 225.92387953251128
    endloop
  endfacet
  facet normal -0.2860777176526016 -0.4516953786426473 0.8450626156537477
    outer loop
      vertex 4.9 10.612293491784143 223.52179274798195
      vertex 6.9 10.555570233019601 224.16853038769744
      vertex 4.9 10.888912372831363 223.66964862031594
    endloop
  endfacet
  facet normal -0.2860777176526016 -0.4516953786426473 -0.8450626156537477
    outer loop
      vertex 4.9 10.612293491784143 226.47820725201805
      vertex 4.9 10.888912372831363 226.33035137968406
      vertex 6.9 10.555570233019601 225.83146961230256
    endloop
  endfacet
  facet normal -0.2860777176526062 -0.6078797164105251 0.7407035775796789
    outer loop
      vertex 4.9 10.888912372831363 223.66964862031594
      vertex 6.9 10.707106781186548 224.29289321881345
      vertex 4.9 11.131370849898476 223.86862915010153
    endloop
  endfacet
  facet normal -0.2860777176526062 -0.6078797164105251 -0.7407035775796789
    outer loop
      vertex 4.9 10.888912372831363 226.33035137968406
      vertex 4.9 11.131370849898476 226.13137084989847
      vertex 6.9 10.707106781186548 225.70710678118655
    endloop
  endfacet
  facet normal -0.28607771765260703 -0.7407035775796693 0.6078797164105364
    outer loop
      vertex 4.9 11.131370849898476 223.86862915010153
      vertex 6.9 10.707106781186548 224.29289321881345
      vertex 4.9 11.330351379684073 224.11108762716864
    endloop
  endfacet
  facet normal -0.28607771765260703 -0.7407035775796693 -0.6078797164105364
    outer loop
      vertex 4.9 11.131370849898476 226.13137084989847
      vertex 4.9 11.330351379684073 225.88891237283136
      vertex 6.9 10.707106781186548 225.70710678118655
    endloop
  endfacet
  facet normal -0.2860777176526081 -0.8450626156537383 0.4516953786426608
    outer loop
      vertex 4.9 11.330351379684073 224.11108762716864
      vertex 6.9 10.831469612302545 224.4444297669804
      vertex 4.9 11.47820725201806 224.38770650821584
    endloop
  endfacet
  facet normal -0.2860777176526081 -0.8450626156537383 -0.4516953786426608
    outer loop
      vertex 4.9 11.330351379684073 225.88891237283136
      vertex 4.9 11.47820725201806 225.61229349178416
      vertex 6.9 10.831469612302545 225.5555702330196
    endloop
  endfacet
  facet normal -0.28607771765260837 -0.09392065293602439 0.9535923921753704
    outer loop
      vertex 4.9 10 223.4
      vertex 6.9 10 224
      vertex 6.9 10.195090322016128 224.01921471959676
    endloop
  endfacet
  facet normal -0.28607771765260837 -0.09392065293602439 -0.9535923921753704
    outer loop
      vertex 4.9 10 226.6
      vertex 6.9 10.195090322016128 225.98078528040324
      vertex 6.9 10 226
    endloop
  endfacet
  facet normal -0.2860777176526075 -0.27815264078725177 0.916946371324819
    outer loop
      vertex 4.9 10.312144515225805 223.43074355135482
      vertex 6.9 10.195090322016128 224.01921471959676
      vertex 6.9 10.38268343236509 224.07612046748872
    endloop
  endfacet
  facet normal -0.2860777176526075 -0.27815264078725177 -0.916946371324819
    outer loop
      vertex 4.9 10.312144515225805 226.56925644864518
      vertex 6.9 10.38268343236509 225.92387953251128
      vertex 6.9 10.195090322016128 225.98078528040324
    endloop
  endfacet
  facet normal -0.28607771765261214 -0.4516953786425666 0.8450626156537873
    outer loop
      vertex 4.9 10.612293491784143 223.52179274798195
      vertex 6.9 10.38268343236509 224.07612046748872
      vertex 6.9 10.555570233019601 224.16853038769744
    endloop
  endfacet
  facet normal -0.28607771765261214 -0.4516953786425666 -0.8450626156537873
    outer loop
      vertex 4.9 10.612293491784143 226.47820725201805
      vertex 6.9 10.555570233019601 225.83146961230256
      vertex 6.9 10.38268343236509 225.92387953251128
    endloop
  endfacet
  facet normal -0.28607771765260204 -0.6078797164105533 0.7407035775796573
    outer loop
      vertex 4.9 10.888912372831363 223.66964862031594
      vertex 6.9 10.555570233019601 224.16853038769744
      vertex 6.9 10.707106781186548 224.29289321881345
    endloop
  endfacet
  facet normal -0.28607771765260204 -0.6078797164105533 -0.7407035775796573
    outer loop
      vertex 4.9 10.888912372831363 226.33035137968406
      vertex 6.9 10.707106781186548 225.70710678118655
      vertex 6.9 10.555570233019601 225.83146961230256
    endloop
  endfacet
  facet normal -0.2860777176526063 -0.7407035775796657 0.6078797164105412
    outer loop
      vertex 4.9 11.330351379684073 224.11108762716864
      vertex 6.9 10.707106781186548 224.29289321881345
      vertex 6.9 10.831469612302545 224.4444297669804
    endloop
  endfacet
  facet normal -0.2860777176526111 -0.8450626156537496 0.4516953786426379
    outer loop
      vertex 4.9 11.47820725201806 224.38770650821584
      vertex 6.9 10.831469612302545 224.4444297669804
      vertex 6.9 10.923879532511286 224.6173165676349
    endloop
  endfacet
  facet normal -0.2860777176526063 -0.7407035775796657 -0.6078797164105412
    outer loop
      vertex 4.9 11.330351379684073 225.88891237283136
      vertex 6.9 10.831469612302545 225.5555702330196
      vertex 6.9 10.707106781186548 225.70710678118655
    endloop
  endfacet
  facet normal -0.2860777176526111 -0.8450626156537496 -0.4516953786426379
    outer loop
      vertex 4.9 11.47820725201806 225.61229349178416
      vertex 6.9 10.923879532511286 225.3826834323651
      vertex 6.9 10.831469612302545 225.5555702330196
    endloop
  endfacet
  facet normal -0.28607771765260814 -0.9169463713248385 0.2781526407871874
    outer loop
      vertex 4.9 11.569256448645168 224.6878554847742
      vertex 6.9 10.923879532511286 224.6173165676349
      vertex 6.9 10.98078528040323 224.80490967798386
    endloop
  endfacet
  facet normal -0.28607771765260814 -0.9169463713248385 -0.2781526407871874
    outer loop
      vertex 4.9 11.569256448645168 225.3121445152258
      vertex 6.9 10.98078528040323 225.19509032201614
      vertex 6.9 10.923879532511286 225.3826834323651
    endloop
  endfacet
  facet normal -0.28607771765260975 -0.9535923921753664 0.09392065293606056
    outer loop
      vertex 4.9 11.6 225
      vertex 6.9 10.98078528040323 224.80490967798386
      vertex 6.9 11 225
    endloop
  endfacet
  facet normal -0.28607771765260975 -0.9535923921753664 -0.09392065293606056
    outer loop
      vertex 4.9 11.6 225
      vertex 6.9 11 225
      vertex 6.9 10.98078528040323 225.19509032201614
    endloop
  endfacet
  facet normal -0.2860777176526106 -0.9169463713248437 0.2781526407871678
    outer loop
      vertex 4.9 11.47820725201806 224.38770650821584
      vertex 6.9 10.923879532511286 224.6173165676349
      vertex 4.9 11.569256448645168 224.6878554847742
    endloop
  endfacet
  facet normal -0.2860777176526106 -0.9169463713248437 -0.2781526407871678
    outer loop
      vertex 4.9 11.47820725201806 225.61229349178416
      vertex 4.9 11.569256448645168 225.3121445152258
      vertex 6.9 10.923879532511286 225.3826834323651
    endloop
  endfacet
  facet normal -0.28607771765260914 -0.9535923921753661 0.09392065293606566
    outer loop
      vertex 4.9 11.569256448645168 224.6878554847742
      vertex 6.9 10.98078528040323 224.80490967798386
      vertex 4.9 11.6 225
    endloop
  endfacet
  facet normal -0.28607771765260914 -0.9535923921753661 -0.09392065293606566
    outer loop
      vertex 4.9 11.6 225
      vertex 6.9 10.98078528040323 225.19509032201614
      vertex 4.9 11.569256448645168 225.3121445152258
    endloop
  endfacet
  facet normal -0.28607771765260914 0.9535923921753661 0.09392065293606566
    outer loop
      vertex 4.9 8.4 175
      vertex 6.9 9.01921471959677 174.80490967798386
      vertex 4.9 8.430743551354832 174.6878554847742
    endloop
  endfacet
  facet normal -0.28607771765260914 0.9535923921753661 -0.09392065293606566
    outer loop
      vertex 4.9 8.4 175
      vertex 4.9 8.430743551354832 175.3121445152258
      vertex 6.9 9.01921471959677 175.19509032201614
    endloop
  endfacet
  facet normal -0.2860777176526106 0.9169463713248437 0.2781526407871678
    outer loop
      vertex 4.9 8.430743551354832 174.6878554847742
      vertex 6.9 9.076120467488714 174.6173165676349
      vertex 4.9 8.52179274798194 174.38770650821584
    endloop
  endfacet
  facet normal -0.2860777176526106 0.9169463713248437 -0.2781526407871678
    outer loop
      vertex 4.9 8.430743551354832 175.3121445152258
      vertex 4.9 8.52179274798194 175.61229349178416
      vertex 6.9 9.076120467488714 175.3826834323651
    endloop
  endfacet
  facet normal -0.2860777176526081 0.8450626156537383 0.4516953786426608
    outer loop
      vertex 4.9 8.52179274798194 174.38770650821584
      vertex 6.9 9.168530387697455 174.4444297669804
      vertex 4.9 8.669648620315927 174.11108762716864
    endloop
  endfacet
  facet normal -0.2860777176526081 0.8450626156537383 -0.4516953786426608
    outer loop
      vertex 4.9 8.52179274798194 175.61229349178416
      vertex 4.9 8.669648620315927 175.88891237283136
      vertex 6.9 9.168530387697455 175.5555702330196
    endloop
  endfacet
  facet normal -0.2860777176526071 0.7407035775796693 0.6078797164105364
    outer loop
      vertex 4.9 8.669648620315927 174.11108762716864
      vertex 6.9 9.292893218813452 174.29289321881345
      vertex 4.9 8.868629150101524 173.86862915010153
    endloop
  endfacet
  facet normal -0.28607771765260703 0.7407035775796693 -0.6078797164105364
    outer loop
      vertex 6.9 9.292893218813452 175.70710678118655
      vertex 4.9 8.669648620315927 175.88891237283136
      vertex 4.9 8.868629150101524 176.13137084989847
    endloop
  endfacet
  facet normal -0.2860777176526062 0.6078797164105251 0.7407035775796789
    outer loop
      vertex 4.9 8.868629150101524 173.86862915010153
      vertex 6.9 9.292893218813452 174.29289321881345
      vertex 4.9 9.111087627168637 173.66964862031594
    endloop
  endfacet
  facet normal -0.2860777176526016 0.4516953786426473 0.8450626156537477
    outer loop
      vertex 4.9 9.111087627168637 173.66964862031594
      vertex 6.9 9.444429766980399 174.16853038769744
      vertex 4.9 9.387706508215857 173.52179274798195
    endloop
  endfacet
  facet normal -0.2860777176526062 0.6078797164105251 -0.7407035775796789
    outer loop
      vertex 6.9 9.292893218813452 175.70710678118655
      vertex 4.9 8.868629150101524 176.13137084989847
      vertex 4.9 9.111087627168637 176.33035137968406
    endloop
  endfacet
  facet normal -0.2860777176526016 0.4516953786426473 -0.8450626156537477
    outer loop
      vertex 4.9 9.111087627168637 176.33035137968406
      vertex 4.9 9.387706508215857 176.47820725201805
      vertex 6.9 9.444429766980399 175.83146961230256
    endloop
  endfacet
  facet normal -0.28607771765261136 0.27815264078721996 0.9169463713248276
    outer loop
      vertex 4.9 9.387706508215857 173.52179274798195
      vertex 6.9 9.61731656763491 174.07612046748872
      vertex 4.9 9.687855484774195 173.43074355135482
    endloop
  endfacet
  facet normal -0.28607771765261136 0.27815264078721996 -0.9169463713248276
    outer loop
      vertex 4.9 9.387706508215857 176.47820725201805
      vertex 4.9 9.687855484774195 176.56925644864518
      vertex 6.9 9.61731656763491 175.92387953251128
    endloop
  endfacet
  facet normal -0.2860777176526084 0.09392065293602428 0.9535923921753704
    outer loop
      vertex 4.9 9.687855484774195 173.43074355135482
      vertex 6.9 9.804909677983872 174.01921471959676
      vertex 4.9 10 173.4
    endloop
  endfacet
  facet normal -0.2860777176526084 0.09392065293602428 -0.9535923921753704
    outer loop
      vertex 4.9 9.687855484774195 176.56925644864518
      vertex 4.9 10 176.6
      vertex 6.9 9.804909677983872 175.98078528040324
    endloop
  endfacet
  facet normal -0.28607771765260975 0.9535923921753664 0.09392065293606056
    outer loop
      vertex 4.9 8.4 175
      vertex 6.9 9 175
      vertex 6.9 9.01921471959677 174.80490967798386
    endloop
  endfacet
  facet normal -0.28607771765260975 0.9535923921753664 -0.09392065293606056
    outer loop
      vertex 4.9 8.4 175
      vertex 6.9 9.01921471959677 175.19509032201614
      vertex 6.9 9 175
    endloop
  endfacet
  facet normal -0.28607771765260814 0.9169463713248385 0.2781526407871874
    outer loop
      vertex 4.9 8.430743551354832 174.6878554847742
      vertex 6.9 9.01921471959677 174.80490967798386
      vertex 6.9 9.076120467488714 174.6173165676349
    endloop
  endfacet
  facet normal -0.28607771765260814 0.9169463713248385 -0.2781526407871874
    outer loop
      vertex 4.9 8.430743551354832 175.3121445152258
      vertex 6.9 9.076120467488714 175.3826834323651
      vertex 6.9 9.01921471959677 175.19509032201614
    endloop
  endfacet
  facet normal -0.2860777176526111 0.8450626156537496 0.4516953786426379
    outer loop
      vertex 4.9 8.52179274798194 174.38770650821584
      vertex 6.9 9.076120467488714 174.6173165676349
      vertex 6.9 9.168530387697455 174.4444297669804
    endloop
  endfacet
  facet normal -0.2860777176526111 0.8450626156537496 -0.4516953786426379
    outer loop
      vertex 4.9 8.52179274798194 175.61229349178416
      vertex 6.9 9.168530387697455 175.5555702330196
      vertex 6.9 9.076120467488714 175.3826834323651
    endloop
  endfacet
  facet normal -0.2860777176526063 0.7407035775796657 0.6078797164105412
    outer loop
      vertex 4.9 8.669648620315927 174.11108762716864
      vertex 6.9 9.168530387697455 174.4444297669804
      vertex 6.9 9.292893218813452 174.29289321881345
    endloop
  endfacet
  facet normal -0.2860777176526063 0.7407035775796657 -0.6078797164105412
    outer loop
      vertex 6.9 9.168530387697455 175.5555702330196
      vertex 4.9 8.669648620315927 175.88891237283136
      vertex 6.9 9.292893218813452 175.70710678118655
    endloop
  endfacet
  facet normal -0.28607771765260204 0.6078797164105533 0.7407035775796573
    outer loop
      vertex 4.9 9.111087627168637 173.66964862031594
      vertex 6.9 9.292893218813452 174.29289321881345
      vertex 6.9 9.444429766980399 174.16853038769744
    endloop
  endfacet
  facet normal -0.28607771765260204 0.6078797164105533 -0.7407035775796573
    outer loop
      vertex 6.9 9.292893218813452 175.70710678118655
      vertex 4.9 9.111087627168637 176.33035137968406
      vertex 6.9 9.444429766980399 175.83146961230256
    endloop
  endfacet
  facet normal -0.28607771765261214 0.4516953786425666 0.8450626156537873
    outer loop
      vertex 4.9 9.387706508215857 173.52179274798195
      vertex 6.9 9.444429766980399 174.16853038769744
      vertex 6.9 9.61731656763491 174.07612046748872
    endloop
  endfacet
  facet normal -0.28607771765261214 0.4516953786425666 -0.8450626156537873
    outer loop
      vertex 4.9 9.387706508215857 176.47820725201805
      vertex 6.9 9.61731656763491 175.92387953251128
      vertex 6.9 9.444429766980399 175.83146961230256
    endloop
  endfacet
  facet normal -0.2860777176526075 0.27815264078725177 0.916946371324819
    outer loop
      vertex 4.9 9.687855484774195 173.43074355135482
      vertex 6.9 9.61731656763491 174.07612046748872
      vertex 6.9 9.804909677983872 174.01921471959676
    endloop
  endfacet
  facet normal -0.28607771765260837 0.09392065293602439 0.9535923921753704
    outer loop
      vertex 6.9 9.804909677983872 174.01921471959676
      vertex 6.9 10 174
      vertex 4.9 10 173.4
    endloop
  endfacet
  facet normal -0.2860777176526075 0.27815264078725177 -0.916946371324819
    outer loop
      vertex 4.9 9.687855484774195 176.56925644864518
      vertex 6.9 9.804909677983872 175.98078528040324
      vertex 6.9 9.61731656763491 175.92387953251128
    endloop
  endfacet
  facet normal -0.28607771765260837 0.09392065293602439 -0.9535923921753704
    outer loop
      vertex 6.9 9.804909677983872 175.98078528040324
      vertex 4.9 10 176.6
      vertex 6.9 10 176
    endloop
  endfacet
  facet normal -0.2860777176526084 -0.09392065293602428 0.9535923921753704
    outer loop
      vertex 4.9 10 173.4
      vertex 6.9 10.195090322016128 174.01921471959676
      vertex 4.9 10.312144515225805 173.43074355135482
    endloop
  endfacet
  facet normal -0.2860777176526084 -0.09392065293602428 -0.9535923921753704
    outer loop
      vertex 4.9 10 176.6
      vertex 4.9 10.312144515225805 176.56925644864518
      vertex 6.9 10.195090322016128 175.98078528040324
    endloop
  endfacet
  facet normal -0.28607771765261136 -0.27815264078721996 0.9169463713248276
    outer loop
      vertex 4.9 10.312144515225805 173.43074355135482
      vertex 6.9 10.38268343236509 174.07612046748872
      vertex 4.9 10.612293491784143 173.52179274798195
    endloop
  endfacet
  facet normal -0.28607771765261136 -0.27815264078721996 -0.9169463713248276
    outer loop
      vertex 4.9 10.312144515225805 176.56925644864518
      vertex 4.9 10.612293491784143 176.47820725201805
      vertex 6.9 10.38268343236509 175.92387953251128
    endloop
  endfacet
  facet normal -0.2860777176526016 -0.4516953786426473 0.8450626156537477
    outer loop
      vertex 4.9 10.612293491784143 173.52179274798195
      vertex 6.9 10.555570233019601 174.16853038769744
      vertex 4.9 10.888912372831363 173.66964862031594
    endloop
  endfacet
  facet normal -0.2860777176526062 -0.6078797164105251 0.7407035775796789
    outer loop
      vertex 4.9 10.888912372831363 173.66964862031594
      vertex 6.9 10.707106781186548 174.29289321881345
      vertex 4.9 11.131370849898476 173.86862915010153
    endloop
  endfacet
  facet normal -0.2860777176526016 -0.4516953786426473 -0.8450626156537477
    outer loop
      vertex 4.9 10.612293491784143 176.47820725201805
      vertex 4.9 10.888912372831363 176.33035137968406
      vertex 6.9 10.555570233019601 175.83146961230256
    endloop
  endfacet
  facet normal -0.2860777176526062 -0.6078797164105251 -0.7407035775796789
    outer loop
      vertex 6.9 10.707106781186548 175.70710678118655
      vertex 4.9 10.888912372831363 176.33035137968406
      vertex 4.9 11.131370849898476 176.13137084989847
    endloop
  endfacet
  facet normal -0.28607771765260703 -0.7407035775796693 0.6078797164105364
    outer loop
      vertex 4.9 11.131370849898476 173.86862915010153
      vertex 6.9 10.707106781186548 174.29289321881345
      vertex 4.9 11.330351379684073 174.11108762716864
    endloop
  endfacet
  facet normal -0.2860777176526081 -0.8450626156537383 0.4516953786426608
    outer loop
      vertex 4.9 11.330351379684073 174.11108762716864
      vertex 6.9 10.831469612302545 174.4444297669804
      vertex 4.9 11.47820725201806 174.38770650821584
    endloop
  endfacet
  facet normal -0.2860777176526081 -0.8450626156537383 -0.4516953786426608
    outer loop
      vertex 4.9 11.47820725201806 175.61229349178416
      vertex 6.9 10.831469612302545 175.5555702330196
      vertex 4.9 11.330351379684073 175.88891237283136
    endloop
  endfacet
  facet normal -0.28607771765260703 -0.7407035775796693 -0.6078797164105364
    outer loop
      vertex 6.9 10.707106781186548 175.70710678118655
      vertex 4.9 11.131370849898476 176.13137084989847
      vertex 4.9 11.330351379684073 175.88891237283136
    endloop
  endfacet
  facet normal -0.28607771765260837 -0.09392065293602439 0.9535923921753704
    outer loop
      vertex 4.9 10 173.4
      vertex 6.9 10 174
      vertex 6.9 10.195090322016128 174.01921471959676
    endloop
  endfacet
  facet normal -0.2860777176526075 -0.27815264078725177 0.916946371324819
    outer loop
      vertex 4.9 10.312144515225805 173.43074355135482
      vertex 6.9 10.195090322016128 174.01921471959676
      vertex 6.9 10.38268343236509 174.07612046748872
    endloop
  endfacet
  facet normal -0.28607771765260837 -0.09392065293602439 -0.9535923921753704
    outer loop
      vertex 4.9 10 176.6
      vertex 6.9 10.195090322016128 175.98078528040324
      vertex 6.9 10 176
    endloop
  endfacet
  facet normal -0.2860777176526075 -0.27815264078725177 -0.916946371324819
    outer loop
      vertex 4.9 10.312144515225805 176.56925644864518
      vertex 6.9 10.38268343236509 175.92387953251128
      vertex 6.9 10.195090322016128 175.98078528040324
    endloop
  endfacet
  facet normal -0.28607771765261214 -0.4516953786425666 0.8450626156537873
    outer loop
      vertex 4.9 10.612293491784143 173.52179274798195
      vertex 6.9 10.38268343236509 174.07612046748872
      vertex 6.9 10.555570233019601 174.16853038769744
    endloop
  endfacet
  facet normal -0.28607771765261214 -0.4516953786425666 -0.8450626156537873
    outer loop
      vertex 4.9 10.612293491784143 176.47820725201805
      vertex 6.9 10.555570233019601 175.83146961230256
      vertex 6.9 10.38268343236509 175.92387953251128
    endloop
  endfacet
  facet normal -0.28607771765260204 -0.6078797164105533 0.7407035775796573
    outer loop
      vertex 4.9 10.888912372831363 173.66964862031594
      vertex 6.9 10.555570233019601 174.16853038769744
      vertex 6.9 10.707106781186548 174.29289321881345
    endloop
  endfacet
  facet normal -0.28607771765260204 -0.6078797164105533 -0.7407035775796573
    outer loop
      vertex 6.9 10.707106781186548 175.70710678118655
      vertex 6.9 10.555570233019601 175.83146961230256
      vertex 4.9 10.888912372831363 176.33035137968406
    endloop
  endfacet
  facet normal -0.2860777176526063 -0.7407035775796657 0.6078797164105412
    outer loop
      vertex 4.9 11.330351379684073 174.11108762716864
      vertex 6.9 10.707106781186548 174.29289321881345
      vertex 6.9 10.831469612302545 174.4444297669804
    endloop
  endfacet
  facet normal -0.28607771765260637 -0.7407035775796657 -0.6078797164105412
    outer loop
      vertex 6.9 10.707106781186548 175.70710678118655
      vertex 4.9 11.330351379684073 175.88891237283136
      vertex 6.9 10.831469612302545 175.5555702330196
    endloop
  endfacet
  facet normal -0.2860777176526111 -0.8450626156537496 0.4516953786426379
    outer loop
      vertex 4.9 11.47820725201806 174.38770650821584
      vertex 6.9 10.831469612302545 174.4444297669804
      vertex 6.9 10.923879532511286 174.6173165676349
    endloop
  endfacet
  facet normal -0.2860777176526111 -0.8450626156537496 -0.4516953786426379
    outer loop
      vertex 4.9 11.47820725201806 175.61229349178416
      vertex 6.9 10.923879532511286 175.3826834323651
      vertex 6.9 10.831469612302545 175.5555702330196
    endloop
  endfacet
  facet normal -0.28607771765260814 -0.9169463713248385 0.2781526407871874
    outer loop
      vertex 4.9 11.569256448645168 174.6878554847742
      vertex 6.9 10.923879532511286 174.6173165676349
      vertex 6.9 10.98078528040323 174.80490967798386
    endloop
  endfacet
  facet normal -0.28607771765260814 -0.9169463713248385 -0.2781526407871874
    outer loop
      vertex 4.9 11.569256448645168 175.3121445152258
      vertex 6.9 10.98078528040323 175.19509032201614
      vertex 6.9 10.923879532511286 175.3826834323651
    endloop
  endfacet
  facet normal -0.28607771765260975 -0.9535923921753664 0.09392065293606056
    outer loop
      vertex 4.9 11.6 175
      vertex 6.9 10.98078528040323 174.80490967798386
      vertex 6.9 11 175
    endloop
  endfacet
  facet normal -0.28607771765260975 -0.9535923921753664 -0.09392065293606056
    outer loop
      vertex 4.9 11.6 175
      vertex 6.9 11 175
      vertex 6.9 10.98078528040323 175.19509032201614
    endloop
  endfacet
  facet normal -0.2860777176526106 -0.9169463713248437 0.2781526407871678
    outer loop
      vertex 4.9 11.47820725201806 174.38770650821584
      vertex 6.9 10.923879532511286 174.6173165676349
      vertex 4.9 11.569256448645168 174.6878554847742
    endloop
  endfacet
  facet normal -0.2860777176526106 -0.9169463713248437 -0.2781526407871678
    outer loop
      vertex 4.9 11.47820725201806 175.61229349178416
      vertex 4.9 11.569256448645168 175.3121445152258
      vertex 6.9 10.923879532511286 175.3826834323651
    endloop
  endfacet
  facet normal -0.28607771765260914 -0.9535923921753661 0.09392065293606566
    outer loop
      vertex 4.9 11.569256448645168 174.6878554847742
      vertex 6.9 10.98078528040323 174.80490967798386
      vertex 4.9 11.6 175
    endloop
  endfacet
  facet normal -0.28607771765260914 -0.9535923921753661 -0.09392065293606566
    outer loop
      vertex 4.9 11.6 175
      vertex 6.9 10.98078528040323 175.19509032201614
      vertex 4.9 11.569256448645168 175.3121445152258
    endloop
  endfacet
  facet normal -0.28607771765260975 0.9535923921753658 0.09392065293606565
    outer loop
      vertex 4.9 8.430743551354832 124.68785548477419
      vertex 4.9 8.4 125
      vertex 6.9 9.01921471959677 124.80490967798387
    endloop
  endfacet
  facet normal -0.2860777176526109 0.9169463713248399 0.2781526407871798
    outer loop
      vertex 4.9 8.430743551354832 124.68785548477419
      vertex 6.9 9.076120467488714 124.61731656763492
      vertex 4.9 8.52179274798194 124.38770650821586
    endloop
  endfacet
  facet normal -0.28607771765260753 0.8450626156537481 0.4516953786426428
    outer loop
      vertex 4.9 8.52179274798194 124.38770650821586
      vertex 6.9 9.168530387697455 124.44442976698039
      vertex 4.9 8.669648620315927 124.11108762716864
    endloop
  endfacet
  facet normal -0.2860777176526071 0.7407035775796693 0.6078797164105364
    outer loop
      vertex 4.9 8.669648620315927 124.11108762716864
      vertex 6.9 9.292893218813452 124.29289321881345
      vertex 4.9 8.868629150101524 123.86862915010153
    endloop
  endfacet
  facet normal -0.2860777176526071 0.6078797164105508 0.7407035775796573
    outer loop
      vertex 4.9 8.868629150101524 123.86862915010153
      vertex 6.9 9.292893218813452 124.29289321881345
      vertex 4.9 9.111087627168637 123.66964862031593
    endloop
  endfacet
  facet normal -0.2860777176526116 0.45169537864261217 0.8450626156537632
    outer loop
      vertex 4.9 9.111087627168637 123.66964862031593
      vertex 6.9 9.444429766980399 124.16853038769746
      vertex 4.9 9.387706508215857 123.52179274798195
    endloop
  endfacet
  facet normal -0.28607771765260426 0.27815264078718077 0.9169463713248416
    outer loop
      vertex 4.9 9.387706508215857 123.52179274798195
      vertex 6.9 9.61731656763491 124.0761204674887
      vertex 4.9 9.687855484774195 123.43074355135484
    endloop
  endfacet
  facet normal -0.28607771765260953 0.09392065293606723 0.9535923921753657
    outer loop
      vertex 4.9 9.687855484774195 123.43074355135484
      vertex 6.9 9.804909677983872 124.01921471959677
      vertex 4.9 10 123.4
    endloop
  endfacet
  facet normal -0.28607771765260953 0.9535923921753657 0.09392065293606734
    outer loop
      vertex 6.9 9.01921471959677 124.80490967798387
      vertex 4.9 8.4 125
      vertex 6.9 9 125
    endloop
  endfacet
  facet normal -0.28607771765261 0.9169463713248379 0.27815264078718727
    outer loop
      vertex 4.9 8.430743551354832 124.68785548477419
      vertex 6.9 9.01921471959677 124.80490967798387
      vertex 6.9 9.076120467488714 124.61731656763492
    endloop
  endfacet
  facet normal -0.2860777176526119 0.8450626156537647 0.4516953786426089
    outer loop
      vertex 4.9 8.52179274798194 124.38770650821586
      vertex 6.9 9.076120467488714 124.61731656763492
      vertex 6.9 9.168530387697455 124.44442976698039
    endloop
  endfacet
  facet normal -0.2860777176526063 0.7407035775796657 0.6078797164105412
    outer loop
      vertex 4.9 8.669648620315927 124.11108762716864
      vertex 6.9 9.168530387697455 124.44442976698039
      vertex 6.9 9.292893218813452 124.29289321881345
    endloop
  endfacet
  facet normal -0.2860777176526132 0.6078797164105096 0.7407035775796889
    outer loop
      vertex 4.9 9.111087627168637 123.66964862031593
      vertex 6.9 9.292893218813452 124.29289321881345
      vertex 6.9 9.444429766980399 124.16853038769746
    endloop
  endfacet
  facet normal -0.2860777176526033 0.45169537864267584 0.8450626156537319
    outer loop
      vertex 4.9 9.387706508215857 123.52179274798195
      vertex 6.9 9.444429766980399 124.16853038769746
      vertex 6.9 9.61731656763491 124.0761204674887
    endloop
  endfacet
  facet normal -0.2860777176526111 0.27815264078712426 0.9169463713248567
    outer loop
      vertex 4.9 9.687855484774195 123.43074355135484
      vertex 6.9 9.61731656763491 124.0761204674887
      vertex 6.9 9.804909677983872 124.01921471959677
    endloop
  endfacet
  facet normal -0.28607771765260653 0.09392065293609324 0.9535923921753642
    outer loop
      vertex 6.9 9.804909677983872 124.01921471959677
      vertex 6.9 10 124
      vertex 4.9 10 123.4
    endloop
  endfacet
  facet normal -0.28607771765260975 0.9535923921753658 -0.09392065293606565
    outer loop
      vertex 4.9 8.4 125
      vertex 4.9 8.430743551354832 125.31214451522581
      vertex 6.9 9.01921471959677 125.19509032201613
    endloop
  endfacet
  facet normal -0.2860777176526109 0.9169463713248399 -0.2781526407871798
    outer loop
      vertex 4.9 8.430743551354832 125.31214451522581
      vertex 4.9 8.52179274798194 125.61229349178414
      vertex 6.9 9.076120467488714 125.38268343236508
    endloop
  endfacet
  facet normal -0.28607771765260753 0.8450626156537481 -0.4516953786426428
    outer loop
      vertex 4.9 8.52179274798194 125.61229349178414
      vertex 4.9 8.669648620315927 125.88891237283136
      vertex 6.9 9.168530387697455 125.55557023301961
    endloop
  endfacet
  facet normal -0.2860777176526071 0.7407035775796693 -0.6078797164105364
    outer loop
      vertex 4.9 8.669648620315927 125.88891237283136
      vertex 4.9 8.868629150101524 126.13137084989847
      vertex 6.9 9.292893218813452 125.70710678118655
    endloop
  endfacet
  facet normal -0.2860777176526071 0.6078797164105508 -0.7407035775796573
    outer loop
      vertex 4.9 8.868629150101524 126.13137084989847
      vertex 4.9 9.111087627168637 126.33035137968407
      vertex 6.9 9.292893218813452 125.70710678118655
    endloop
  endfacet
  facet normal -0.2860777176526116 0.45169537864261217 -0.8450626156537632
    outer loop
      vertex 4.9 9.111087627168637 126.33035137968407
      vertex 4.9 9.387706508215857 126.47820725201805
      vertex 6.9 9.444429766980399 125.83146961230254
    endloop
  endfacet
  facet normal -0.28607771765260426 0.27815264078718077 -0.9169463713248416
    outer loop
      vertex 4.9 9.387706508215857 126.47820725201805
      vertex 4.9 9.687855484774195 126.56925644864516
      vertex 6.9 9.61731656763491 125.9238795325113
    endloop
  endfacet
  facet normal -0.28607771765260953 0.09392065293606723 -0.9535923921753657
    outer loop
      vertex 4.9 9.687855484774195 126.56925644864516
      vertex 4.9 10 126.6
      vertex 6.9 9.804909677983872 125.98078528040323
    endloop
  endfacet
  facet normal -0.28607771765260953 0.9535923921753657 -0.09392065293606734
    outer loop
      vertex 4.9 8.4 125
      vertex 6.9 9.01921471959677 125.19509032201613
      vertex 6.9 9 125
    endloop
  endfacet
  facet normal -0.28607771765261 0.9169463713248379 -0.27815264078718727
    outer loop
      vertex 4.9 8.430743551354832 125.31214451522581
      vertex 6.9 9.076120467488714 125.38268343236508
      vertex 6.9 9.01921471959677 125.19509032201613
    endloop
  endfacet
  facet normal -0.2860777176526119 0.8450626156537647 -0.4516953786426089
    outer loop
      vertex 4.9 8.52179274798194 125.61229349178414
      vertex 6.9 9.168530387697455 125.55557023301961
      vertex 6.9 9.076120467488714 125.38268343236508
    endloop
  endfacet
  facet normal -0.2860777176526063 0.7407035775796657 -0.6078797164105412
    outer loop
      vertex 4.9 8.669648620315927 125.88891237283136
      vertex 6.9 9.292893218813452 125.70710678118655
      vertex 6.9 9.168530387697455 125.55557023301961
    endloop
  endfacet
  facet normal -0.2860777176526132 0.6078797164105096 -0.7407035775796889
    outer loop
      vertex 4.9 9.111087627168637 126.33035137968407
      vertex 6.9 9.444429766980399 125.83146961230254
      vertex 6.9 9.292893218813452 125.70710678118655
    endloop
  endfacet
  facet normal -0.2860777176526033 0.45169537864267584 -0.8450626156537319
    outer loop
      vertex 4.9 9.387706508215857 126.47820725201805
      vertex 6.9 9.61731656763491 125.9238795325113
      vertex 6.9 9.444429766980399 125.83146961230254
    endloop
  endfacet
  facet normal -0.2860777176526111 0.27815264078712426 -0.9169463713248567
    outer loop
      vertex 4.9 9.687855484774195 126.56925644864516
      vertex 6.9 9.804909677983872 125.98078528040323
      vertex 6.9 9.61731656763491 125.9238795325113
    endloop
  endfacet
  facet normal -0.28607771765260653 0.09392065293609324 -0.9535923921753642
    outer loop
      vertex 6.9 9.804909677983872 125.98078528040323
      vertex 4.9 10 126.6
      vertex 6.9 10 126
    endloop
  endfacet
  facet normal -0.28607771765260953 -0.09392065293606723 0.9535923921753657
    outer loop
      vertex 4.9 10 123.4
      vertex 6.9 10.195090322016128 124.01921471959677
      vertex 4.9 10.312144515225805 123.43074355135484
    endloop
  endfacet
  facet normal -0.28607771765260426 -0.27815264078718077 0.9169463713248416
    outer loop
      vertex 4.9 10.312144515225805 123.43074355135484
      vertex 6.9 10.38268343236509 124.0761204674887
      vertex 4.9 10.612293491784143 123.52179274798195
    endloop
  endfacet
  facet normal -0.2860777176526116 -0.45169537864261217 0.8450626156537632
    outer loop
      vertex 4.9 10.612293491784143 123.52179274798195
      vertex 6.9 10.555570233019601 124.16853038769746
      vertex 4.9 10.888912372831363 123.66964862031593
    endloop
  endfacet
  facet normal -0.2860777176526071 -0.6078797164105508 0.7407035775796573
    outer loop
      vertex 4.9 10.888912372831363 123.66964862031593
      vertex 6.9 10.707106781186548 124.29289321881345
      vertex 4.9 11.131370849898476 123.86862915010153
    endloop
  endfacet
  facet normal -0.28607771765260703 -0.7407035775796693 0.6078797164105364
    outer loop
      vertex 4.9 11.131370849898476 123.86862915010153
      vertex 6.9 10.707106781186548 124.29289321881345
      vertex 4.9 11.330351379684073 124.11108762716864
    endloop
  endfacet
  facet normal -0.2860777176526076 -0.8450626156537481 0.4516953786426428
    outer loop
      vertex 4.9 11.330351379684073 124.11108762716864
      vertex 6.9 10.831469612302545 124.44442976698039
      vertex 4.9 11.47820725201806 124.38770650821586
    endloop
  endfacet
  facet normal -0.28607771765260653 -0.09392065293609324 0.9535923921753642
    outer loop
      vertex 4.9 10 123.4
      vertex 6.9 10 124
      vertex 6.9 10.195090322016128 124.01921471959677
    endloop
  endfacet
  facet normal -0.2860777176526111 -0.27815264078712426 0.9169463713248567
    outer loop
      vertex 4.9 10.312144515225805 123.43074355135484
      vertex 6.9 10.195090322016128 124.01921471959677
      vertex 6.9 10.38268343236509 124.0761204674887
    endloop
  endfacet
  facet normal -0.2860777176526033 -0.45169537864267584 0.8450626156537319
    outer loop
      vertex 4.9 10.612293491784143 123.52179274798195
      vertex 6.9 10.38268343236509 124.0761204674887
      vertex 6.9 10.555570233019601 124.16853038769746
    endloop
  endfacet
  facet normal -0.2860777176526132 -0.6078797164105096 0.7407035775796889
    outer loop
      vertex 4.9 10.888912372831363 123.66964862031593
      vertex 6.9 10.555570233019601 124.16853038769746
      vertex 6.9 10.707106781186548 124.29289321881345
    endloop
  endfacet
  facet normal -0.2860777176526063 -0.7407035775796657 0.6078797164105412
    outer loop
      vertex 4.9 11.330351379684073 124.11108762716864
      vertex 6.9 10.707106781186548 124.29289321881345
      vertex 6.9 10.831469612302545 124.44442976698039
    endloop
  endfacet
  facet normal -0.2860777176526119 -0.8450626156537647 0.4516953786426089
    outer loop
      vertex 4.9 11.47820725201806 124.38770650821586
      vertex 6.9 10.831469612302545 124.44442976698039
      vertex 6.9 10.923879532511286 124.61731656763492
    endloop
  endfacet
  facet normal -0.28607771765261 -0.9169463713248379 0.27815264078718727
    outer loop
      vertex 4.9 11.569256448645168 124.68785548477419
      vertex 6.9 10.923879532511286 124.61731656763492
      vertex 6.9 10.98078528040323 124.80490967798387
    endloop
  endfacet
  facet normal -0.28607771765260953 -0.9535923921753657 0.09392065293606734
    outer loop
      vertex 6.9 10.98078528040323 124.80490967798387
      vertex 6.9 11 125
      vertex 4.9 11.6 125
    endloop
  endfacet
  facet normal -0.2860777176526109 -0.9169463713248399 0.2781526407871798
    outer loop
      vertex 4.9 11.47820725201806 124.38770650821586
      vertex 6.9 10.923879532511286 124.61731656763492
      vertex 4.9 11.569256448645168 124.68785548477419
    endloop
  endfacet
  facet normal -0.28607771765260975 -0.9535923921753658 0.09392065293606565
    outer loop
      vertex 4.9 11.569256448645168 124.68785548477419
      vertex 6.9 10.98078528040323 124.80490967798387
      vertex 4.9 11.6 125
    endloop
  endfacet
  facet normal -0.28607771765260953 -0.09392065293606723 -0.9535923921753657
    outer loop
      vertex 4.9 10 126.6
      vertex 4.9 10.312144515225805 126.56925644864516
      vertex 6.9 10.195090322016128 125.98078528040323
    endloop
  endfacet
  facet normal -0.28607771765260426 -0.27815264078718077 -0.9169463713248416
    outer loop
      vertex 4.9 10.312144515225805 126.56925644864516
      vertex 4.9 10.612293491784143 126.47820725201805
      vertex 6.9 10.38268343236509 125.9238795325113
    endloop
  endfacet
  facet normal -0.2860777176526116 -0.45169537864261217 -0.8450626156537632
    outer loop
      vertex 4.9 10.612293491784143 126.47820725201805
      vertex 4.9 10.888912372831363 126.33035137968407
      vertex 6.9 10.555570233019601 125.83146961230254
    endloop
  endfacet
  facet normal -0.2860777176526071 -0.6078797164105508 -0.7407035775796573
    outer loop
      vertex 4.9 10.888912372831363 126.33035137968407
      vertex 4.9 11.131370849898476 126.13137084989847
      vertex 6.9 10.707106781186548 125.70710678118655
    endloop
  endfacet
  facet normal -0.28607771765260703 -0.7407035775796693 -0.6078797164105364
    outer loop
      vertex 4.9 11.131370849898476 126.13137084989847
      vertex 4.9 11.330351379684073 125.88891237283136
      vertex 6.9 10.707106781186548 125.70710678118655
    endloop
  endfacet
  facet normal -0.2860777176526076 -0.8450626156537481 -0.4516953786426428
    outer loop
      vertex 4.9 11.330351379684073 125.88891237283136
      vertex 4.9 11.47820725201806 125.61229349178414
      vertex 6.9 10.831469612302545 125.55557023301961
    endloop
  endfacet
  facet normal -0.28607771765260653 -0.09392065293609324 -0.9535923921753642
    outer loop
      vertex 4.9 10 126.6
      vertex 6.9 10.195090322016128 125.98078528040323
      vertex 6.9 10 126
    endloop
  endfacet
  facet normal -0.2860777176526111 -0.27815264078712426 -0.9169463713248567
    outer loop
      vertex 4.9 10.312144515225805 126.56925644864516
      vertex 6.9 10.38268343236509 125.9238795325113
      vertex 6.9 10.195090322016128 125.98078528040323
    endloop
  endfacet
  facet normal -0.2860777176526033 -0.45169537864267584 -0.8450626156537319
    outer loop
      vertex 4.9 10.612293491784143 126.47820725201805
      vertex 6.9 10.555570233019601 125.83146961230254
      vertex 6.9 10.38268343236509 125.9238795325113
    endloop
  endfacet
  facet normal -0.2860777176526132 -0.6078797164105096 -0.7407035775796889
    outer loop
      vertex 4.9 10.888912372831363 126.33035137968407
      vertex 6.9 10.707106781186548 125.70710678118655
      vertex 6.9 10.555570233019601 125.83146961230254
    endloop
  endfacet
  facet normal -0.2860777176526063 -0.7407035775796657 -0.6078797164105412
    outer loop
      vertex 4.9 11.330351379684073 125.88891237283136
      vertex 6.9 10.831469612302545 125.55557023301961
      vertex 6.9 10.707106781186548 125.70710678118655
    endloop
  endfacet
  facet normal -0.2860777176526119 -0.8450626156537647 -0.4516953786426089
    outer loop
      vertex 4.9 11.47820725201806 125.61229349178414
      vertex 6.9 10.923879532511286 125.38268343236508
      vertex 6.9 10.831469612302545 125.55557023301961
    endloop
  endfacet
  facet normal -0.28607771765261 -0.9169463713248379 -0.27815264078718727
    outer loop
      vertex 4.9 11.569256448645168 125.31214451522581
      vertex 6.9 10.98078528040323 125.19509032201613
      vertex 6.9 10.923879532511286 125.38268343236508
    endloop
  endfacet
  facet normal -0.28607771765260953 -0.9535923921753657 -0.09392065293606734
    outer loop
      vertex 4.9 11.6 125
      vertex 6.9 11 125
      vertex 6.9 10.98078528040323 125.19509032201613
    endloop
  endfacet
  facet normal -0.2860777176526109 -0.9169463713248399 -0.2781526407871798
    outer loop
      vertex 4.9 11.47820725201806 125.61229349178414
      vertex 4.9 11.569256448645168 125.31214451522581
      vertex 6.9 10.923879532511286 125.38268343236508
    endloop
  endfacet
  facet normal -0.28607771765260975 -0.9535923921753658 -0.09392065293606565
    outer loop
      vertex 4.9 11.569256448645168 125.31214451522581
      vertex 4.9 11.6 125
      vertex 6.9 10.98078528040323 125.19509032201613
    endloop
  endfacet
  facet normal -0.28607771765260964 0.9535923921753658 0.0939206529360667
    outer loop
      vertex 4.9 8.430743551354832 24.687855484774193
      vertex 4.9 8.4 25
      vertex 6.9 9.01921471959677 24.804909677983872
    endloop
  endfacet
  facet normal -0.28607771765260964 0.9535923921753658 -0.0939206529360667
    outer loop
      vertex 4.9 8.4 25
      vertex 4.9 8.430743551354832 25.312144515225807
      vertex 6.9 9.01921471959677 25.195090322016128
    endloop
  endfacet
  facet normal -0.2860777176526099 0.9169463713248411 0.2781526407871769
    outer loop
      vertex 4.9 8.430743551354832 24.687855484774193
      vertex 6.9 9.076120467488714 24.61731656763491
      vertex 4.9 8.52179274798194 24.387706508215857
    endloop
  endfacet
  facet normal -0.2860777176526099 0.9169463713248411 -0.2781526407871769
    outer loop
      vertex 4.9 8.430743551354832 25.312144515225807
      vertex 4.9 8.52179274798194 25.612293491784143
      vertex 6.9 9.076120467488714 25.38268343236509
    endloop
  endfacet
  facet normal -0.28607771765261025 0.8450626156537523 0.4516953786426335
    outer loop
      vertex 4.9 8.52179274798194 24.387706508215857
      vertex 6.9 9.168530387697455 24.4444297669804
      vertex 4.9 8.669648620315927 24.111087627168637
    endloop
  endfacet
  facet normal -0.28607771765261025 0.8450626156537523 -0.4516953786426335
    outer loop
      vertex 4.9 8.52179274798194 25.612293491784143
      vertex 4.9 8.669648620315927 25.888912372831363
      vertex 6.9 9.168530387697455 25.5555702330196
    endloop
  endfacet
  facet normal -0.2860777176526102 0.7407035775796642 0.6078797164105412
    outer loop
      vertex 4.9 8.669648620315927 24.111087627168637
      vertex 6.9 9.292893218813452 24.292893218813454
      vertex 4.9 8.868629150101524 23.868629150101523
    endloop
  endfacet
  facet normal -0.2860777176526102 0.7407035775796642 -0.6078797164105412
    outer loop
      vertex 4.9 8.669648620315927 25.888912372831363
      vertex 4.9 8.868629150101524 26.131370849898477
      vertex 6.9 9.292893218813452 25.707106781186546
    endloop
  endfacet
  facet normal -0.2860777176526103 0.6078797164105373 0.7407035775796673
    outer loop
      vertex 4.9 8.868629150101524 23.868629150101523
      vertex 6.9 9.292893218813452 24.292893218813454
      vertex 4.9 9.111087627168637 23.66964862031593
    endloop
  endfacet
  facet normal -0.2860777176526103 0.6078797164105373 -0.7407035775796673
    outer loop
      vertex 4.9 8.868629150101524 26.131370849898477
      vertex 4.9 9.111087627168637 26.33035137968407
      vertex 6.9 9.292893218813452 25.707106781186546
    endloop
  endfacet
  facet normal -0.28607771765260964 0.45169537864263776 0.8450626156537502
    outer loop
      vertex 4.9 9.111087627168637 23.66964862031593
      vertex 6.9 9.444429766980399 24.168530387697455
      vertex 4.9 9.387706508215857 23.52179274798194
    endloop
  endfacet
  facet normal -0.28607771765260964 0.45169537864263776 -0.8450626156537502
    outer loop
      vertex 4.9 9.111087627168637 26.33035137968407
      vertex 4.9 9.387706508215857 26.47820725201806
      vertex 6.9 9.444429766980399 25.831469612302545
    endloop
  endfacet
  facet normal -0.2860777176526102 0.27815264078718027 0.9169463713248399
    outer loop
      vertex 4.9 9.387706508215857 23.52179274798194
      vertex 6.9 9.61731656763491 24.076120467488714
      vertex 4.9 9.687855484774195 23.43074355135483
    endloop
  endfacet
  facet normal -0.2860777176526102 0.27815264078718027 -0.9169463713248399
    outer loop
      vertex 4.9 9.387706508215857 26.47820725201806
      vertex 4.9 9.687855484774195 26.56925644864517
      vertex 6.9 9.61731656763491 25.923879532511286
    endloop
  endfacet
  facet normal -0.28607771765260953 0.09392065293606723 0.9535923921753657
    outer loop
      vertex 4.9 9.687855484774195 23.43074355135483
      vertex 6.9 9.804909677983872 24.019214719596768
      vertex 4.9 10 23.4
    endloop
  endfacet
  facet normal -0.28607771765260953 0.09392065293606723 -0.9535923921753657
    outer loop
      vertex 4.9 9.687855484774195 26.56925644864517
      vertex 4.9 10 26.6
      vertex 6.9 9.804909677983872 25.980785280403232
    endloop
  endfacet
  facet normal -0.28607771765260953 0.9535923921753657 0.09392065293606734
    outer loop
      vertex 4.9 8.4 25
      vertex 6.9 9 25
      vertex 6.9 9.01921471959677 24.804909677983872
    endloop
  endfacet
  facet normal -0.28607771765260953 0.9535923921753657 -0.09392065293606734
    outer loop
      vertex 4.9 8.4 25
      vertex 6.9 9.01921471959677 25.195090322016128
      vertex 6.9 9 25
    endloop
  endfacet
  facet normal -0.2860777176526098 0.9169463713248408 0.2781526407871776
    outer loop
      vertex 4.9 8.430743551354832 24.687855484774193
      vertex 6.9 9.01921471959677 24.804909677983872
      vertex 6.9 9.076120467488714 24.61731656763491
    endloop
  endfacet
  facet normal -0.2860777176526098 0.9169463713248408 -0.2781526407871776
    outer loop
      vertex 4.9 8.430743551354832 25.312144515225807
      vertex 6.9 9.076120467488714 25.38268343236509
      vertex 6.9 9.01921471959677 25.195090322016128
    endloop
  endfacet
  facet normal -0.28607771765260964 0.84506261565375 0.4516953786426381
    outer loop
      vertex 4.9 8.52179274798194 24.387706508215857
      vertex 6.9 9.076120467488714 24.61731656763491
      vertex 6.9 9.168530387697455 24.4444297669804
    endloop
  endfacet
  facet normal -0.28607771765261025 0.7407035775796648 0.6078797164105404
    outer loop
      vertex 4.9 8.669648620315927 24.111087627168637
      vertex 6.9 9.168530387697455 24.4444297669804
      vertex 6.9 9.292893218813452 24.292893218813454
    endloop
  endfacet
  facet normal -0.28607771765260964 0.84506261565375 -0.4516953786426381
    outer loop
      vertex 4.9 8.52179274798194 25.612293491784143
      vertex 6.9 9.168530387697455 25.5555702330196
      vertex 6.9 9.076120467488714 25.38268343236509
    endloop
  endfacet
  facet normal -0.28607771765261025 0.7407035775796648 -0.6078797164105404
    outer loop
      vertex 4.9 8.669648620315927 25.888912372831363
      vertex 6.9 9.292893218813452 25.707106781186546
      vertex 6.9 9.168530387697455 25.5555702330196
    endloop
  endfacet
  facet normal -0.2860777176526096 0.6078797164105414 0.7407035775796641
    outer loop
      vertex 4.9 9.111087627168637 23.66964862031593
      vertex 6.9 9.292893218813452 24.292893218813454
      vertex 6.9 9.444429766980399 24.168530387697455
    endloop
  endfacet
  facet normal -0.2860777176526096 0.6078797164105414 -0.7407035775796641
    outer loop
      vertex 4.9 9.111087627168637 26.33035137968407
      vertex 6.9 9.444429766980399 25.831469612302545
      vertex 6.9 9.292893218813452 25.707106781186546
    endloop
  endfacet
  facet normal -0.2860777176526101 0.4516953786426344 0.8450626156537517
    outer loop
      vertex 4.9 9.387706508215857 23.52179274798194
      vertex 6.9 9.444429766980399 24.168530387697455
      vertex 6.9 9.61731656763491 24.076120467488714
    endloop
  endfacet
  facet normal -0.2860777176526101 0.4516953786426344 -0.8450626156537517
    outer loop
      vertex 4.9 9.387706508215857 26.47820725201806
      vertex 6.9 9.61731656763491 25.923879532511286
      vertex 6.9 9.444429766980399 25.831469612302545
    endloop
  endfacet
  facet normal -0.2860777176526093 0.278152640787188 0.9169463713248379
    outer loop
      vertex 4.9 9.687855484774195 23.43074355135483
      vertex 6.9 9.61731656763491 24.076120467488714
      vertex 6.9 9.804909677983872 24.019214719596768
    endloop
  endfacet
  facet normal -0.2860777176526093 0.278152640787188 -0.9169463713248379
    outer loop
      vertex 4.9 9.687855484774195 26.56925644864517
      vertex 6.9 9.804909677983872 25.980785280403232
      vertex 6.9 9.61731656763491 25.923879532511286
    endloop
  endfacet
  facet normal -0.2860777176526106 0.09392065293605872 0.9535923921753664
    outer loop
      vertex 6.9 9.804909677983872 24.019214719596768
      vertex 6.9 10 24
      vertex 4.9 10 23.4
    endloop
  endfacet
  facet normal -0.2860777176526106 0.09392065293605872 -0.9535923921753664
    outer loop
      vertex 6.9 9.804909677983872 25.980785280403232
      vertex 4.9 10 26.6
      vertex 6.9 10 26
    endloop
  endfacet
  facet normal -0.28607771765260953 -0.09392065293606723 0.9535923921753657
    outer loop
      vertex 4.9 10 23.4
      vertex 6.9 10.195090322016128 24.019214719596768
      vertex 4.9 10.312144515225805 23.43074355135483
    endloop
  endfacet
  facet normal -0.28607771765260953 -0.09392065293606723 -0.9535923921753657
    outer loop
      vertex 4.9 10.312144515225805 26.56925644864517
      vertex 6.9 10.195090322016128 25.980785280403232
      vertex 4.9 10 26.6
    endloop
  endfacet
  facet normal -0.2860777176526102 -0.27815264078718027 0.9169463713248399
    outer loop
      vertex 4.9 10.312144515225805 23.43074355135483
      vertex 6.9 10.38268343236509 24.076120467488714
      vertex 4.9 10.612293491784143 23.52179274798194
    endloop
  endfacet
  facet normal -0.2860777176526102 -0.27815264078718027 -0.9169463713248399
    outer loop
      vertex 4.9 10.312144515225805 26.56925644864517
      vertex 4.9 10.612293491784143 26.47820725201806
      vertex 6.9 10.38268343236509 25.923879532511286
    endloop
  endfacet
  facet normal -0.28607771765260964 -0.45169537864263776 0.8450626156537502
    outer loop
      vertex 4.9 10.612293491784143 23.52179274798194
      vertex 6.9 10.555570233019601 24.168530387697455
      vertex 4.9 10.888912372831363 23.66964862031593
    endloop
  endfacet
  facet normal -0.28607771765260964 -0.45169537864263776 -0.8450626156537502
    outer loop
      vertex 4.9 10.612293491784143 26.47820725201806
      vertex 4.9 10.888912372831363 26.33035137968407
      vertex 6.9 10.555570233019601 25.831469612302545
    endloop
  endfacet
  facet normal -0.28607771765261025 -0.6078797164105373 0.7407035775796673
    outer loop
      vertex 4.9 10.888912372831363 23.66964862031593
      vertex 6.9 10.707106781186548 24.292893218813454
      vertex 4.9 11.131370849898476 23.868629150101523
    endloop
  endfacet
  facet normal -0.28607771765261025 -0.6078797164105373 -0.7407035775796673
    outer loop
      vertex 4.9 10.888912372831363 26.33035137968407
      vertex 4.9 11.131370849898476 26.131370849898477
      vertex 6.9 10.707106781186548 25.707106781186546
    endloop
  endfacet
  facet normal -0.2860777176526102 -0.7407035775796642 0.6078797164105412
    outer loop
      vertex 4.9 11.131370849898476 23.868629150101523
      vertex 6.9 10.707106781186548 24.292893218813454
      vertex 4.9 11.330351379684073 24.111087627168637
    endloop
  endfacet
  facet normal -0.2860777176526102 -0.7407035775796642 -0.6078797164105412
    outer loop
      vertex 4.9 11.131370849898476 26.131370849898477
      vertex 4.9 11.330351379684073 25.888912372831363
      vertex 6.9 10.707106781186548 25.707106781186546
    endloop
  endfacet
  facet normal -0.2860777176526102 -0.8450626156537523 0.4516953786426335
    outer loop
      vertex 4.9 11.330351379684073 24.111087627168637
      vertex 6.9 10.831469612302545 24.4444297669804
      vertex 4.9 11.47820725201806 24.387706508215857
    endloop
  endfacet
  facet normal -0.2860777176526102 -0.8450626156537523 -0.4516953786426335
    outer loop
      vertex 4.9 11.330351379684073 25.888912372831363
      vertex 4.9 11.47820725201806 25.612293491784143
      vertex 6.9 10.831469612302545 25.5555702330196
    endloop
  endfacet
  facet normal -0.2860777176526106 -0.09392065293605872 0.9535923921753664
    outer loop
      vertex 4.9 10 23.4
      vertex 6.9 10 24
      vertex 6.9 10.195090322016128 24.019214719596768
    endloop
  endfacet
  facet normal -0.2860777176526106 -0.09392065293605872 -0.9535923921753664
    outer loop
      vertex 4.9 10 26.6
      vertex 6.9 10.195090322016128 25.980785280403232
      vertex 6.9 10 26
    endloop
  endfacet
  facet normal -0.2860777176526093 -0.278152640787188 0.9169463713248379
    outer loop
      vertex 4.9 10.312144515225805 23.43074355135483
      vertex 6.9 10.195090322016128 24.019214719596768
      vertex 6.9 10.38268343236509 24.076120467488714
    endloop
  endfacet
  facet normal -0.2860777176526093 -0.278152640787188 -0.9169463713248379
    outer loop
      vertex 4.9 10.312144515225805 26.56925644864517
      vertex 6.9 10.38268343236509 25.923879532511286
      vertex 6.9 10.195090322016128 25.980785280403232
    endloop
  endfacet
  facet normal -0.2860777176526101 -0.4516953786426344 0.8450626156537517
    outer loop
      vertex 4.9 10.612293491784143 23.52179274798194
      vertex 6.9 10.38268343236509 24.076120467488714
      vertex 6.9 10.555570233019601 24.168530387697455
    endloop
  endfacet
  facet normal -0.2860777176526101 -0.4516953786426344 -0.8450626156537517
    outer loop
      vertex 4.9 10.612293491784143 26.47820725201806
      vertex 6.9 10.555570233019601 25.831469612302545
      vertex 6.9 10.38268343236509 25.923879532511286
    endloop
  endfacet
  facet normal -0.2860777176526096 -0.6078797164105414 0.7407035775796641
    outer loop
      vertex 4.9 10.888912372831363 23.66964862031593
      vertex 6.9 10.555570233019601 24.168530387697455
      vertex 6.9 10.707106781186548 24.292893218813454
    endloop
  endfacet
  facet normal -0.2860777176526096 -0.6078797164105414 -0.7407035775796641
    outer loop
      vertex 4.9 10.888912372831363 26.33035137968407
      vertex 6.9 10.707106781186548 25.707106781186546
      vertex 6.9 10.555570233019601 25.831469612302545
    endloop
  endfacet
  facet normal -0.28607771765261025 -0.7407035775796648 0.6078797164105404
    outer loop
      vertex 4.9 11.330351379684073 24.111087627168637
      vertex 6.9 10.707106781186548 24.292893218813454
      vertex 6.9 10.831469612302545 24.4444297669804
    endloop
  endfacet
  facet normal -0.28607771765260964 -0.84506261565375 0.4516953786426381
    outer loop
      vertex 4.9 11.47820725201806 24.387706508215857
      vertex 6.9 10.831469612302545 24.4444297669804
      vertex 6.9 10.923879532511286 24.61731656763491
    endloop
  endfacet
  facet normal -0.28607771765261025 -0.7407035775796648 -0.6078797164105404
    outer loop
      vertex 4.9 11.330351379684073 25.888912372831363
      vertex 6.9 10.831469612302545 25.5555702330196
      vertex 6.9 10.707106781186548 25.707106781186546
    endloop
  endfacet
  facet normal -0.28607771765260964 -0.84506261565375 -0.4516953786426381
    outer loop
      vertex 4.9 11.47820725201806 25.612293491784143
      vertex 6.9 10.923879532511286 25.38268343236509
      vertex 6.9 10.831469612302545 25.5555702330196
    endloop
  endfacet
  facet normal -0.2860777176526098 -0.9169463713248408 0.2781526407871776
    outer loop
      vertex 4.9 11.569256448645168 24.687855484774193
      vertex 6.9 10.923879532511286 24.61731656763491
      vertex 6.9 10.98078528040323 24.804909677983872
    endloop
  endfacet
  facet normal -0.2860777176526098 -0.9169463713248408 -0.2781526407871776
    outer loop
      vertex 4.9 11.569256448645168 25.312144515225807
      vertex 6.9 10.98078528040323 25.195090322016128
      vertex 6.9 10.923879532511286 25.38268343236509
    endloop
  endfacet
  facet normal -0.28607771765260953 -0.9535923921753657 0.09392065293606734
    outer loop
      vertex 4.9 11.6 25
      vertex 6.9 10.98078528040323 24.804909677983872
      vertex 6.9 11 25
    endloop
  endfacet
  facet normal -0.28607771765260953 -0.9535923921753657 -0.09392065293606734
    outer loop
      vertex 4.9 11.6 25
      vertex 6.9 11 25
      vertex 6.9 10.98078528040323 25.195090322016128
    endloop
  endfacet
  facet normal -0.2860777176526099 -0.9169463713248411 0.2781526407871769
    outer loop
      vertex 4.9 11.47820725201806 24.387706508215857
      vertex 6.9 10.923879532511286 24.61731656763491
      vertex 4.9 11.569256448645168 24.687855484774193
    endloop
  endfacet
  facet normal -0.28607771765260964 -0.9535923921753658 0.0939206529360667
    outer loop
      vertex 4.9 11.569256448645168 24.687855484774193
      vertex 6.9 10.98078528040323 24.804909677983872
      vertex 4.9 11.6 25
    endloop
  endfacet
  facet normal -0.28607771765260964 -0.9535923921753658 -0.0939206529360667
    outer loop
      vertex 4.9 11.569256448645168 25.312144515225807
      vertex 4.9 11.6 25
      vertex 6.9 10.98078528040323 25.195090322016128
    endloop
  endfacet
  facet normal -0.2860777176526099 -0.9169463713248411 -0.2781526407871769
    outer loop
      vertex 4.9 11.47820725201806 25.612293491784143
      vertex 4.9 11.569256448645168 25.312144515225807
      vertex 6.9 10.923879532511286 25.38268343236509
    endloop
  endfacet
  facet normal -0.28607771765260975 0.9535923921753658 0.09392065293606565
    outer loop
      vertex 4.9 8.430743551354832 74.68785548477419
      vertex 4.9 8.4 75
      vertex 6.9 9.01921471959677 74.80490967798387
    endloop
  endfacet
  facet normal -0.28607771765260975 0.9535923921753658 -0.09392065293606565
    outer loop
      vertex 4.9 8.4 75
      vertex 4.9 8.430743551354832 75.31214451522581
      vertex 6.9 9.01921471959677 75.19509032201613
    endloop
  endfacet
  facet normal -0.2860777176526109 0.9169463713248399 0.2781526407871798
    outer loop
      vertex 4.9 8.430743551354832 74.68785548477419
      vertex 6.9 9.076120467488714 74.61731656763492
      vertex 4.9 8.52179274798194 74.38770650821586
    endloop
  endfacet
  facet normal -0.2860777176526109 0.9169463713248399 -0.2781526407871798
    outer loop
      vertex 4.9 8.430743551354832 75.31214451522581
      vertex 4.9 8.52179274798194 75.61229349178414
      vertex 6.9 9.076120467488714 75.38268343236508
    endloop
  endfacet
  facet normal -0.2860777176526071 0.7407035775796693 0.6078797164105364
    outer loop
      vertex 4.9 8.669648620315927 74.11108762716864
      vertex 6.9 9.292893218813452 74.29289321881345
      vertex 4.9 8.868629150101524 73.86862915010153
    endloop
  endfacet
  facet normal -0.2860777176526076 0.8450626156537481 0.4516953786426428
    outer loop
      vertex 4.9 8.669648620315927 74.11108762716864
      vertex 4.9 8.52179274798194 74.38770650821586
      vertex 6.9 9.168530387697455 74.44442976698039
    endloop
  endfacet
  facet normal -0.28607771765260753 0.8450626156537481 -0.4516953786426428
    outer loop
      vertex 4.9 8.52179274798194 75.61229349178414
      vertex 4.9 8.669648620315927 75.88891237283136
      vertex 6.9 9.168530387697455 75.55557023301961
    endloop
  endfacet
  facet normal -0.2860777176526071 0.7407035775796693 -0.6078797164105364
    outer loop
      vertex 4.9 8.669648620315927 75.88891237283136
      vertex 4.9 8.868629150101524 76.13137084989847
      vertex 6.9 9.292893218813452 75.70710678118655
    endloop
  endfacet
  facet normal -0.2860777176526071 0.6078797164105508 0.7407035775796573
    outer loop
      vertex 4.9 8.868629150101524 73.86862915010153
      vertex 6.9 9.292893218813452 74.29289321881345
      vertex 4.9 9.111087627168637 73.66964862031593
    endloop
  endfacet
  facet normal -0.2860777176526116 0.45169537864261217 0.8450626156537632
    outer loop
      vertex 4.9 9.111087627168637 73.66964862031593
      vertex 6.9 9.444429766980399 74.16853038769746
      vertex 4.9 9.387706508215857 73.52179274798195
    endloop
  endfacet
  facet normal -0.2860777176526071 0.6078797164105508 -0.7407035775796573
    outer loop
      vertex 4.9 8.868629150101524 76.13137084989847
      vertex 4.9 9.111087627168637 76.33035137968407
      vertex 6.9 9.292893218813452 75.70710678118655
    endloop
  endfacet
  facet normal -0.2860777176526116 0.45169537864261217 -0.8450626156537632
    outer loop
      vertex 4.9 9.111087627168637 76.33035137968407
      vertex 4.9 9.387706508215857 76.47820725201805
      vertex 6.9 9.444429766980399 75.83146961230254
    endloop
  endfacet
  facet normal -0.28607771765260426 0.27815264078718077 0.9169463713248416
    outer loop
      vertex 4.9 9.387706508215857 73.52179274798195
      vertex 6.9 9.61731656763491 74.0761204674887
      vertex 4.9 9.687855484774195 73.43074355135484
    endloop
  endfacet
  facet normal -0.28607771765260426 0.27815264078718077 -0.9169463713248416
    outer loop
      vertex 4.9 9.387706508215857 76.47820725201805
      vertex 4.9 9.687855484774195 76.56925644864516
      vertex 6.9 9.61731656763491 75.9238795325113
    endloop
  endfacet
  facet normal -0.28607771765260953 0.09392065293606723 0.9535923921753657
    outer loop
      vertex 4.9 9.687855484774195 73.43074355135484
      vertex 6.9 9.804909677983872 74.01921471959677
      vertex 4.9 10 73.4
    endloop
  endfacet
  facet normal -0.28607771765260953 0.09392065293606723 -0.9535923921753657
    outer loop
      vertex 4.9 9.687855484774195 76.56925644864516
      vertex 4.9 10 76.6
      vertex 6.9 9.804909677983872 75.98078528040323
    endloop
  endfacet
  facet normal -0.28607771765260953 0.9535923921753657 0.09392065293606734
    outer loop
      vertex 4.9 8.4 75
      vertex 6.9 9 75
      vertex 6.9 9.01921471959677 74.80490967798387
    endloop
  endfacet
  facet normal -0.28607771765260953 0.9535923921753657 -0.09392065293606734
    outer loop
      vertex 4.9 8.4 75
      vertex 6.9 9.01921471959677 75.19509032201613
      vertex 6.9 9 75
    endloop
  endfacet
  facet normal -0.28607771765261 0.9169463713248379 0.27815264078718727
    outer loop
      vertex 4.9 8.430743551354832 74.68785548477419
      vertex 6.9 9.01921471959677 74.80490967798387
      vertex 6.9 9.076120467488714 74.61731656763492
    endloop
  endfacet
  facet normal -0.28607771765261 0.9169463713248379 -0.27815264078718727
    outer loop
      vertex 4.9 8.430743551354832 75.31214451522581
      vertex 6.9 9.076120467488714 75.38268343236508
      vertex 6.9 9.01921471959677 75.19509032201613
    endloop
  endfacet
  facet normal -0.2860777176526119 0.8450626156537647 0.4516953786426089
    outer loop
      vertex 4.9 8.52179274798194 74.38770650821586
      vertex 6.9 9.076120467488714 74.61731656763492
      vertex 6.9 9.168530387697455 74.44442976698039
    endloop
  endfacet
  facet normal -0.2860777176526119 0.8450626156537647 -0.4516953786426089
    outer loop
      vertex 4.9 8.52179274798194 75.61229349178414
      vertex 6.9 9.168530387697455 75.55557023301961
      vertex 6.9 9.076120467488714 75.38268343236508
    endloop
  endfacet
  facet normal -0.2860777176526063 0.7407035775796657 0.6078797164105412
    outer loop
      vertex 4.9 8.669648620315927 74.11108762716864
      vertex 6.9 9.168530387697455 74.44442976698039
      vertex 6.9 9.292893218813452 74.29289321881345
    endloop
  endfacet
  facet normal -0.2860777176526063 0.7407035775796657 -0.6078797164105412
    outer loop
      vertex 4.9 8.669648620315927 75.88891237283136
      vertex 6.9 9.292893218813452 75.70710678118655
      vertex 6.9 9.168530387697455 75.55557023301961
    endloop
  endfacet
  facet normal -0.2860777176526132 0.6078797164105096 0.7407035775796889
    outer loop
      vertex 4.9 9.111087627168637 73.66964862031593
      vertex 6.9 9.292893218813452 74.29289321881345
      vertex 6.9 9.444429766980399 74.16853038769746
    endloop
  endfacet
  facet normal -0.2860777176526132 0.6078797164105096 -0.7407035775796889
    outer loop
      vertex 4.9 9.111087627168637 76.33035137968407
      vertex 6.9 9.444429766980399 75.83146961230254
      vertex 6.9 9.292893218813452 75.70710678118655
    endloop
  endfacet
  facet normal -0.2860777176526033 0.45169537864267584 0.8450626156537319
    outer loop
      vertex 4.9 9.387706508215857 73.52179274798195
      vertex 6.9 9.444429766980399 74.16853038769746
      vertex 6.9 9.61731656763491 74.0761204674887
    endloop
  endfacet
  facet normal -0.2860777176526033 0.45169537864267584 -0.8450626156537319
    outer loop
      vertex 4.9 9.387706508215857 76.47820725201805
      vertex 6.9 9.61731656763491 75.9238795325113
      vertex 6.9 9.444429766980399 75.83146961230254
    endloop
  endfacet
  facet normal -0.2860777176526111 0.27815264078712426 0.9169463713248567
    outer loop
      vertex 4.9 9.687855484774195 73.43074355135484
      vertex 6.9 9.61731656763491 74.0761204674887
      vertex 6.9 9.804909677983872 74.01921471959677
    endloop
  endfacet
  facet normal -0.28607771765260653 0.09392065293609324 0.9535923921753642
    outer loop
      vertex 6.9 9.804909677983872 74.01921471959677
      vertex 6.9 10 74
      vertex 4.9 10 73.4
    endloop
  endfacet
  facet normal -0.2860777176526111 0.27815264078712426 -0.9169463713248567
    outer loop
      vertex 4.9 9.687855484774195 76.56925644864516
      vertex 6.9 9.804909677983872 75.98078528040323
      vertex 6.9 9.61731656763491 75.9238795325113
    endloop
  endfacet
  facet normal -0.28607771765260653 0.09392065293609324 -0.9535923921753642
    outer loop
      vertex 6.9 9.804909677983872 75.98078528040323
      vertex 4.9 10 76.6
      vertex 6.9 10 76
    endloop
  endfacet
  facet normal -0.28607771765260953 -0.09392065293606723 0.9535923921753657
    outer loop
      vertex 4.9 10 73.4
      vertex 6.9 10.195090322016128 74.01921471959677
      vertex 4.9 10.312144515225805 73.43074355135484
    endloop
  endfacet
  facet normal -0.28607771765260953 -0.09392065293606723 -0.9535923921753657
    outer loop
      vertex 4.9 10 76.6
      vertex 4.9 10.312144515225805 76.56925644864516
      vertex 6.9 10.195090322016128 75.98078528040323
    endloop
  endfacet
  facet normal -0.28607771765260426 -0.27815264078718077 0.9169463713248416
    outer loop
      vertex 4.9 10.312144515225805 73.43074355135484
      vertex 6.9 10.38268343236509 74.0761204674887
      vertex 4.9 10.612293491784143 73.52179274798195
    endloop
  endfacet
  facet normal -0.28607771765260426 -0.27815264078718077 -0.9169463713248416
    outer loop
      vertex 4.9 10.312144515225805 76.56925644864516
      vertex 4.9 10.612293491784143 76.47820725201805
      vertex 6.9 10.38268343236509 75.9238795325113
    endloop
  endfacet
  facet normal -0.2860777176526116 -0.45169537864261217 0.8450626156537632
    outer loop
      vertex 4.9 10.612293491784143 73.52179274798195
      vertex 6.9 10.555570233019601 74.16853038769746
      vertex 4.9 10.888912372831363 73.66964862031593
    endloop
  endfacet
  facet normal -0.2860777176526071 -0.6078797164105508 0.7407035775796573
    outer loop
      vertex 4.9 10.888912372831363 73.66964862031593
      vertex 6.9 10.707106781186548 74.29289321881345
      vertex 4.9 11.131370849898476 73.86862915010153
    endloop
  endfacet
  facet normal -0.2860777176526116 -0.45169537864261217 -0.8450626156537632
    outer loop
      vertex 4.9 10.612293491784143 76.47820725201805
      vertex 4.9 10.888912372831363 76.33035137968407
      vertex 6.9 10.555570233019601 75.83146961230254
    endloop
  endfacet
  facet normal -0.2860777176526071 -0.6078797164105508 -0.7407035775796573
    outer loop
      vertex 4.9 10.888912372831363 76.33035137968407
      vertex 4.9 11.131370849898476 76.13137084989847
      vertex 6.9 10.707106781186548 75.70710678118655
    endloop
  endfacet
  facet normal -0.28607771765260703 -0.7407035775796693 0.6078797164105364
    outer loop
      vertex 4.9 11.131370849898476 73.86862915010153
      vertex 6.9 10.707106781186548 74.29289321881345
      vertex 4.9 11.330351379684073 74.11108762716864
    endloop
  endfacet
  facet normal -0.28607771765260703 -0.7407035775796693 -0.6078797164105364
    outer loop
      vertex 4.9 11.131370849898476 76.13137084989847
      vertex 4.9 11.330351379684073 75.88891237283136
      vertex 6.9 10.707106781186548 75.70710678118655
    endloop
  endfacet
  facet normal -0.2860777176526076 -0.8450626156537481 0.4516953786426428
    outer loop
      vertex 4.9 11.330351379684073 74.11108762716864
      vertex 6.9 10.831469612302545 74.44442976698039
      vertex 4.9 11.47820725201806 74.38770650821586
    endloop
  endfacet
  facet normal -0.2860777176526076 -0.8450626156537481 -0.4516953786426428
    outer loop
      vertex 4.9 11.330351379684073 75.88891237283136
      vertex 4.9 11.47820725201806 75.61229349178414
      vertex 6.9 10.831469612302545 75.55557023301961
    endloop
  endfacet
  facet normal -0.28607771765260653 -0.09392065293609324 0.9535923921753642
    outer loop
      vertex 4.9 10 73.4
      vertex 6.9 10 74
      vertex 6.9 10.195090322016128 74.01921471959677
    endloop
  endfacet
  facet normal -0.2860777176526111 -0.27815264078712426 0.9169463713248567
    outer loop
      vertex 4.9 10.312144515225805 73.43074355135484
      vertex 6.9 10.195090322016128 74.01921471959677
      vertex 6.9 10.38268343236509 74.0761204674887
    endloop
  endfacet
  facet normal -0.28607771765260653 -0.09392065293609324 -0.9535923921753642
    outer loop
      vertex 4.9 10 76.6
      vertex 6.9 10.195090322016128 75.98078528040323
      vertex 6.9 10 76
    endloop
  endfacet
  facet normal -0.2860777176526111 -0.27815264078712426 -0.9169463713248567
    outer loop
      vertex 4.9 10.312144515225805 76.56925644864516
      vertex 6.9 10.38268343236509 75.9238795325113
      vertex 6.9 10.195090322016128 75.98078528040323
    endloop
  endfacet
  facet normal -0.2860777176526033 -0.45169537864267584 0.8450626156537319
    outer loop
      vertex 4.9 10.612293491784143 73.52179274798195
      vertex 6.9 10.38268343236509 74.0761204674887
      vertex 6.9 10.555570233019601 74.16853038769746
    endloop
  endfacet
  facet normal -0.2860777176526033 -0.45169537864267584 -0.8450626156537319
    outer loop
      vertex 4.9 10.612293491784143 76.47820725201805
      vertex 6.9 10.555570233019601 75.83146961230254
      vertex 6.9 10.38268343236509 75.9238795325113
    endloop
  endfacet
  facet normal -0.2860777176526132 -0.6078797164105096 0.7407035775796889
    outer loop
      vertex 4.9 10.888912372831363 73.66964862031593
      vertex 6.9 10.555570233019601 74.16853038769746
      vertex 6.9 10.707106781186548 74.29289321881345
    endloop
  endfacet
  facet normal -0.2860777176526132 -0.6078797164105096 -0.7407035775796889
    outer loop
      vertex 4.9 10.888912372831363 76.33035137968407
      vertex 6.9 10.707106781186548 75.70710678118655
      vertex 6.9 10.555570233019601 75.83146961230254
    endloop
  endfacet
  facet normal -0.2860777176526063 -0.7407035775796657 0.6078797164105412
    outer loop
      vertex 4.9 11.330351379684073 74.11108762716864
      vertex 6.9 10.707106781186548 74.29289321881345
      vertex 6.9 10.831469612302545 74.44442976698039
    endloop
  endfacet
  facet normal -0.2860777176526063 -0.7407035775796657 -0.6078797164105412
    outer loop
      vertex 4.9 11.330351379684073 75.88891237283136
      vertex 6.9 10.831469612302545 75.55557023301961
      vertex 6.9 10.707106781186548 75.70710678118655
    endloop
  endfacet
  facet normal -0.2860777176526119 -0.8450626156537647 0.4516953786426089
    outer loop
      vertex 4.9 11.47820725201806 74.38770650821586
      vertex 6.9 10.831469612302545 74.44442976698039
      vertex 6.9 10.923879532511286 74.61731656763492
    endloop
  endfacet
  facet normal -0.2860777176526119 -0.8450626156537647 -0.4516953786426089
    outer loop
      vertex 4.9 11.47820725201806 75.61229349178414
      vertex 6.9 10.923879532511286 75.38268343236508
      vertex 6.9 10.831469612302545 75.55557023301961
    endloop
  endfacet
  facet normal -0.28607771765261 -0.9169463713248379 0.27815264078718727
    outer loop
      vertex 4.9 11.569256448645168 74.68785548477419
      vertex 6.9 10.923879532511286 74.61731656763492
      vertex 6.9 10.98078528040323 74.80490967798387
    endloop
  endfacet
  facet normal -0.28607771765261 -0.9169463713248379 -0.27815264078718727
    outer loop
      vertex 4.9 11.569256448645168 75.31214451522581
      vertex 6.9 10.98078528040323 75.19509032201613
      vertex 6.9 10.923879532511286 75.38268343236508
    endloop
  endfacet
  facet normal -0.28607771765260953 -0.9535923921753657 0.09392065293606734
    outer loop
      vertex 4.9 11.6 75
      vertex 6.9 10.98078528040323 74.80490967798387
      vertex 6.9 11 75
    endloop
  endfacet
  facet normal -0.28607771765260953 -0.9535923921753657 -0.09392065293606734
    outer loop
      vertex 4.9 11.6 75
      vertex 6.9 11 75
      vertex 6.9 10.98078528040323 75.19509032201613
    endloop
  endfacet
  facet normal -0.2860777176526109 -0.9169463713248399 0.2781526407871798
    outer loop
      vertex 4.9 11.47820725201806 74.38770650821586
      vertex 6.9 10.923879532511286 74.61731656763492
      vertex 4.9 11.569256448645168 74.68785548477419
    endloop
  endfacet
  facet normal -0.2860777176526109 -0.9169463713248399 -0.2781526407871798
    outer loop
      vertex 4.9 11.47820725201806 75.61229349178414
      vertex 4.9 11.569256448645168 75.31214451522581
      vertex 6.9 10.923879532511286 75.38268343236508
    endloop
  endfacet
  facet normal -0.28607771765260975 -0.9535923921753658 0.09392065293606565
    outer loop
      vertex 4.9 11.569256448645168 74.68785548477419
      vertex 6.9 10.98078528040323 74.80490967798387
      vertex 4.9 11.6 75
    endloop
  endfacet
  facet normal -0.28607771765260975 -0.9535923921753658 -0.09392065293606565
    outer loop
      vertex 4.9 11.569256448645168 75.31214451522581
      vertex 4.9 11.6 75
      vertex 6.9 10.98078528040323 75.19509032201613
    endloop
  endfacet
  facet normal 0.995184726672197 0 -0.09801714032955908
    outer loop
      vertex 8.4 4.9 200
      vertex 8.430743551354832 0 200.3121445152258
      vertex 8.4 0 200
    endloop
  endfacet
  facet normal 0.995184726672197 0 0.09801714032955908
    outer loop
      vertex 8.430743551354832 4.9 199.6878554847742
      vertex 8.4 0 200
      vertex 8.430743551354832 0 199.6878554847742
    endloop
  endfacet
  facet normal 0.8819212643483404 0 0.4713967368260251
    outer loop
      vertex 8.669648620315927 4.9 199.11108762716864
      vertex 8.52179274798194 0 199.38770650821584
      vertex 8.669648620315927 0 199.11108762716864
    endloop
  endfacet
  facet normal 0.9569403357322118 0 0.29028467725445256
    outer loop
      vertex 8.52179274798194 4.9 199.38770650821584
      vertex 8.430743551354832 0 199.6878554847742
      vertex 8.52179274798194 0 199.38770650821584
    endloop
  endfacet
  facet normal 0.9569403357322118 0 -0.29028467725445256
    outer loop
      vertex 8.430743551354832 4.9 200.3121445152258
      vertex 8.52179274798194 0 200.61229349178416
      vertex 8.430743551354832 0 200.3121445152258
    endloop
  endfacet
  facet normal 0.8819212643483404 0 -0.4713967368260251
    outer loop
      vertex 8.52179274798194 4.9 200.61229349178416
      vertex 8.669648620315927 0 200.88891237283136
      vertex 8.52179274798194 0 200.61229349178416
    endloop
  endfacet
  facet normal 0.7730104533627418 0 -0.6343932841636396
    outer loop
      vertex 8.669648620315927 4.9 200.88891237283136
      vertex 8.868629150101524 0 201.13137084989847
      vertex 8.669648620315927 0 200.88891237283136
    endloop
  endfacet
  facet normal 0.7730104533627418 0 0.6343932841636396
    outer loop
      vertex 8.868629150101524 4.9 198.86862915010153
      vertex 8.669648620315927 0 199.11108762716864
      vertex 8.868629150101524 0 198.86862915010153
    endloop
  endfacet
  facet normal 0.6343932841636276 0 0.7730104533627515
    outer loop
      vertex 9.111087627168637 4.9 198.66964862031594
      vertex 8.868629150101524 0 198.86862915010153
      vertex 9.111087627168637 0 198.66964862031594
    endloop
  endfacet
  facet normal 0.6343932841636276 0 -0.7730104533627515
    outer loop
      vertex 8.868629150101524 4.9 201.13137084989847
      vertex 9.111087627168637 0 201.33035137968406
      vertex 8.868629150101524 0 201.13137084989847
    endloop
  endfacet
  facet normal 0.4713967368260102 0 0.8819212643483484
    outer loop
      vertex 9.387706508215857 4.9 198.52179274798195
      vertex 9.111087627168637 0 198.66964862031594
      vertex 9.387706508215857 0 198.52179274798195
    endloop
  endfacet
  facet normal 0.4713967368260102 0 -0.8819212643483484
    outer loop
      vertex 9.111087627168637 4.9 201.33035137968406
      vertex 9.387706508215857 0 201.47820725201805
      vertex 9.111087627168637 0 201.33035137968406
    endloop
  endfacet
  facet normal 0.2902846772545071 0 0.9569403357321953
    outer loop
      vertex 9.687855484774195 4.9 198.43074355135482
      vertex 9.387706508215857 0 198.52179274798195
      vertex 9.687855484774195 0 198.43074355135482
    endloop
  endfacet
  facet normal 0.2902846772545071 0 -0.9569403357321953
    outer loop
      vertex 9.387706508215857 4.9 201.47820725201805
      vertex 9.687855484774195 0 201.56925644864518
      vertex 9.387706508215857 0 201.47820725201805
    endloop
  endfacet
  facet normal 0.09801714032951586 0 0.9951847266722013
    outer loop
      vertex 10 4.9 198.4
      vertex 9.687855484774195 0 198.43074355135482
      vertex 10 0 198.4
    endloop
  endfacet
  facet normal 0.09801714032951586 0 -0.9951847266722013
    outer loop
      vertex 9.687855484774195 4.9 201.56925644864518
      vertex 10 0 201.6
      vertex 9.687855484774195 0 201.56925644864518
    endloop
  endfacet
  facet normal 0.995184726672197 0 0.09801714032955908
    outer loop
      vertex 8.4 4.9 200
      vertex 8.4 0 200
      vertex 8.430743551354832 4.9 199.6878554847742
    endloop
  endfacet
  facet normal 0.995184726672197 0 -0.09801714032955908
    outer loop
      vertex 8.4 4.9 200
      vertex 8.430743551354832 4.9 200.3121445152258
      vertex 8.430743551354832 0 200.3121445152258
    endloop
  endfacet
  facet normal 0.7730104533627418 0 0.6343932841636396
    outer loop
      vertex 8.669648620315927 4.9 199.11108762716864
      vertex 8.669648620315927 0 199.11108762716864
      vertex 8.868629150101524 4.9 198.86862915010153
    endloop
  endfacet
  facet normal 0.9569403357322118 0 0.29028467725445256
    outer loop
      vertex 8.52179274798194 4.9 199.38770650821584
      vertex 8.430743551354832 4.9 199.6878554847742
      vertex 8.430743551354832 0 199.6878554847742
    endloop
  endfacet
  facet normal 0.9569403357322118 0 -0.29028467725445256
    outer loop
      vertex 8.430743551354832 4.9 200.3121445152258
      vertex 8.52179274798194 4.9 200.61229349178416
      vertex 8.52179274798194 0 200.61229349178416
    endloop
  endfacet
  facet normal 0.8819212643483404 0 0.4713967368260251
    outer loop
      vertex 8.52179274798194 4.9 199.38770650821584
      vertex 8.52179274798194 0 199.38770650821584
      vertex 8.669648620315927 4.9 199.11108762716864
    endloop
  endfacet
  facet normal 0.8819212643483404 0 -0.4713967368260251
    outer loop
      vertex 8.52179274798194 4.9 200.61229349178416
      vertex 8.669648620315927 4.9 200.88891237283136
      vertex 8.669648620315927 0 200.88891237283136
    endloop
  endfacet
  facet normal 0.6343932841636276 0 0.7730104533627515
    outer loop
      vertex 8.868629150101524 4.9 198.86862915010153
      vertex 8.868629150101524 0 198.86862915010153
      vertex 9.111087627168637 4.9 198.66964862031594
    endloop
  endfacet
  facet normal 0.7730104533627418 0 -0.6343932841636396
    outer loop
      vertex 8.669648620315927 4.9 200.88891237283136
      vertex 8.868629150101524 4.9 201.13137084989847
      vertex 8.868629150101524 0 201.13137084989847
    endloop
  endfacet
  facet normal 0.6343932841636276 0 -0.7730104533627515
    outer loop
      vertex 8.868629150101524 4.9 201.13137084989847
      vertex 9.111087627168637 4.9 201.33035137968406
      vertex 9.111087627168637 0 201.33035137968406
    endloop
  endfacet
  facet normal 0.4713967368260102 0 0.8819212643483484
    outer loop
      vertex 9.111087627168637 4.9 198.66964862031594
      vertex 9.111087627168637 0 198.66964862031594
      vertex 9.387706508215857 4.9 198.52179274798195
    endloop
  endfacet
  facet normal 0.4713967368260102 0 -0.8819212643483484
    outer loop
      vertex 9.111087627168637 4.9 201.33035137968406
      vertex 9.387706508215857 4.9 201.47820725201805
      vertex 9.387706508215857 0 201.47820725201805
    endloop
  endfacet
  facet normal 0.2902846772545071 0 0.9569403357321953
    outer loop
      vertex 9.387706508215857 4.9 198.52179274798195
      vertex 9.387706508215857 0 198.52179274798195
      vertex 9.687855484774195 4.9 198.43074355135482
    endloop
  endfacet
  facet normal 0.2902846772545071 0 -0.9569403357321953
    outer loop
      vertex 9.387706508215857 4.9 201.47820725201805
      vertex 9.687855484774195 4.9 201.56925644864518
      vertex 9.687855484774195 0 201.56925644864518
    endloop
  endfacet
  facet normal 0.09801714032951586 0 0.9951847266722013
    outer loop
      vertex 9.687855484774195 4.9 198.43074355135482
      vertex 9.687855484774195 0 198.43074355135482
      vertex 10 4.9 198.4
    endloop
  endfacet
  facet normal 0.09801714032951586 0 -0.9951847266722013
    outer loop
      vertex 9.687855484774195 4.9 201.56925644864518
      vertex 10 4.9 201.6
      vertex 10 0 201.6
    endloop
  endfacet
  facet normal -0.09801714032951586 0 0.9951847266722013
    outer loop
      vertex 10.312144515225805 4.9 198.43074355135482
      vertex 10 0 198.4
      vertex 10.312144515225805 0 198.43074355135482
    endloop
  endfacet
  facet normal -0.09801714032951586 0 -0.9951847266722013
    outer loop
      vertex 10 4.9 201.6
      vertex 10.312144515225805 0 201.56925644864518
      vertex 10 0 201.6
    endloop
  endfacet
  facet normal -0.2902846772545071 0 0.9569403357321953
    outer loop
      vertex 10.612293491784143 4.9 198.52179274798195
      vertex 10.312144515225805 0 198.43074355135482
      vertex 10.612293491784143 0 198.52179274798195
    endloop
  endfacet
  facet normal -0.2902846772545071 0 -0.9569403357321953
    outer loop
      vertex 10.312144515225805 4.9 201.56925644864518
      vertex 10.612293491784143 0 201.47820725201805
      vertex 10.312144515225805 0 201.56925644864518
    endloop
  endfacet
  facet normal -0.4713967368260102 0 0.8819212643483484
    outer loop
      vertex 10.888912372831363 4.9 198.66964862031594
      vertex 10.612293491784143 0 198.52179274798195
      vertex 10.888912372831363 0 198.66964862031594
    endloop
  endfacet
  facet normal -0.4713967368260102 0 -0.8819212643483484
    outer loop
      vertex 10.612293491784143 4.9 201.47820725201805
      vertex 10.888912372831363 0 201.33035137968406
      vertex 10.612293491784143 0 201.47820725201805
    endloop
  endfacet
  facet normal -0.6343932841636276 0 0.7730104533627515
    outer loop
      vertex 11.131370849898476 4.9 198.86862915010153
      vertex 10.888912372831363 0 198.66964862031594
      vertex 11.131370849898476 0 198.86862915010153
    endloop
  endfacet
  facet normal -0.6343932841636276 0 -0.7730104533627515
    outer loop
      vertex 10.888912372831363 4.9 201.33035137968406
      vertex 11.131370849898476 0 201.13137084989847
      vertex 10.888912372831363 0 201.33035137968406
    endloop
  endfacet
  facet normal -0.7730104533627418 0 -0.6343932841636396
    outer loop
      vertex 11.131370849898476 4.9 201.13137084989847
      vertex 11.330351379684073 0 200.88891237283136
      vertex 11.131370849898476 0 201.13137084989847
    endloop
  endfacet
  facet normal -0.7730104533627418 0 0.6343932841636396
    outer loop
      vertex 11.330351379684073 4.9 199.11108762716864
      vertex 11.131370849898476 0 198.86862915010153
      vertex 11.330351379684073 0 199.11108762716864
    endloop
  endfacet
  facet normal -0.8819212643483404 0 -0.4713967368260251
    outer loop
      vertex 11.330351379684073 4.9 200.88891237283136
      vertex 11.47820725201806 0 200.61229349178416
      vertex 11.330351379684073 0 200.88891237283136
    endloop
  endfacet
  facet normal -0.8819212643483404 0 0.4713967368260251
    outer loop
      vertex 11.47820725201806 4.9 199.38770650821584
      vertex 11.330351379684073 0 199.11108762716864
      vertex 11.47820725201806 0 199.38770650821584
    endloop
  endfacet
  facet normal -0.9569403357322118 0 0.29028467725445256
    outer loop
      vertex 11.569256448645168 4.9 199.6878554847742
      vertex 11.47820725201806 0 199.38770650821584
      vertex 11.569256448645168 0 199.6878554847742
    endloop
  endfacet
  facet normal -0.9569403357322118 0 -0.29028467725445256
    outer loop
      vertex 11.47820725201806 4.9 200.61229349178416
      vertex 11.569256448645168 0 200.3121445152258
      vertex 11.47820725201806 0 200.61229349178416
    endloop
  endfacet
  facet normal -0.995184726672197 0 0.09801714032955908
    outer loop
      vertex 11.6 4.9 200
      vertex 11.569256448645168 0 199.6878554847742
      vertex 11.6 0 200
    endloop
  endfacet
  facet normal -0.995184726672197 0 -0.09801714032955908
    outer loop
      vertex 11.569256448645168 4.9 200.3121445152258
      vertex 11.6 0 200
      vertex 11.569256448645168 0 200.3121445152258
    endloop
  endfacet
  facet normal -0.09801714032951586 0 0.9951847266722013
    outer loop
      vertex 10 4.9 198.4
      vertex 10 0 198.4
      vertex 10.312144515225805 4.9 198.43074355135482
    endloop
  endfacet
  facet normal -0.09801714032951586 0 -0.9951847266722013
    outer loop
      vertex 10 4.9 201.6
      vertex 10.312144515225805 4.9 201.56925644864518
      vertex 10.312144515225805 0 201.56925644864518
    endloop
  endfacet
  facet normal -0.2902846772545071 0 0.9569403357321953
    outer loop
      vertex 10.312144515225805 4.9 198.43074355135482
      vertex 10.312144515225805 0 198.43074355135482
      vertex 10.612293491784143 4.9 198.52179274798195
    endloop
  endfacet
  facet normal -0.2902846772545071 0 -0.9569403357321953
    outer loop
      vertex 10.312144515225805 4.9 201.56925644864518
      vertex 10.612293491784143 4.9 201.47820725201805
      vertex 10.612293491784143 0 201.47820725201805
    endloop
  endfacet
  facet normal -0.4713967368260102 0 0.8819212643483484
    outer loop
      vertex 10.612293491784143 4.9 198.52179274798195
      vertex 10.612293491784143 0 198.52179274798195
      vertex 10.888912372831363 4.9 198.66964862031594
    endloop
  endfacet
  facet normal -0.4713967368260102 0 -0.8819212643483484
    outer loop
      vertex 10.612293491784143 4.9 201.47820725201805
      vertex 10.888912372831363 4.9 201.33035137968406
      vertex 10.888912372831363 0 201.33035137968406
    endloop
  endfacet
  facet normal -0.6343932841636276 0 0.7730104533627515
    outer loop
      vertex 10.888912372831363 4.9 198.66964862031594
      vertex 10.888912372831363 0 198.66964862031594
      vertex 11.131370849898476 4.9 198.86862915010153
    endloop
  endfacet
  facet normal -0.7730104533627418 0 0.6343932841636396
    outer loop
      vertex 11.131370849898476 4.9 198.86862915010153
      vertex 11.131370849898476 0 198.86862915010153
      vertex 11.330351379684073 4.9 199.11108762716864
    endloop
  endfacet
  facet normal -0.6343932841636276 0 -0.7730104533627515
    outer loop
      vertex 11.131370849898476 4.9 201.13137084989847
      vertex 11.131370849898476 0 201.13137084989847
      vertex 10.888912372831363 4.9 201.33035137968406
    endloop
  endfacet
  facet normal -0.8819212643483404 0 0.4713967368260251
    outer loop
      vertex 11.330351379684073 4.9 199.11108762716864
      vertex 11.330351379684073 0 199.11108762716864
      vertex 11.47820725201806 4.9 199.38770650821584
    endloop
  endfacet
  facet normal -0.7730104533627418 0 -0.6343932841636396
    outer loop
      vertex 11.131370849898476 4.9 201.13137084989847
      vertex 11.330351379684073 4.9 200.88891237283136
      vertex 11.330351379684073 0 200.88891237283136
    endloop
  endfacet
  facet normal -0.8819212643483404 0 -0.4713967368260251
    outer loop
      vertex 11.330351379684073 4.9 200.88891237283136
      vertex 11.47820725201806 4.9 200.61229349178416
      vertex 11.47820725201806 0 200.61229349178416
    endloop
  endfacet
  facet normal -0.9569403357322118 0 0.29028467725445256
    outer loop
      vertex 11.47820725201806 4.9 199.38770650821584
      vertex 11.47820725201806 0 199.38770650821584
      vertex 11.569256448645168 4.9 199.6878554847742
    endloop
  endfacet
  facet normal -0.9569403357322118 0 -0.29028467725445256
    outer loop
      vertex 11.569256448645168 4.9 200.3121445152258
      vertex 11.569256448645168 0 200.3121445152258
      vertex 11.47820725201806 4.9 200.61229349178416
    endloop
  endfacet
  facet normal -0.995184726672197 0 0.09801714032955908
    outer loop
      vertex 11.569256448645168 4.9 199.6878554847742
      vertex 11.569256448645168 0 199.6878554847742
      vertex 11.6 4.9 200
    endloop
  endfacet
  facet normal -0.995184726672197 0 -0.09801714032955908
    outer loop
      vertex 11.6 4.9 200
      vertex 11.6 0 200
      vertex 11.569256448645168 4.9 200.3121445152258
    endloop
  endfacet
  facet normal 0.995184726672197 0 0.09801714032955908
    outer loop
      vertex 8.430743551354832 4.9 149.6878554847742
      vertex 8.4 0 150
      vertex 8.430743551354832 0 149.6878554847742
    endloop
  endfacet
  facet normal 0.995184726672197 0 -0.09801714032955908
    outer loop
      vertex 8.4 4.9 150
      vertex 8.430743551354832 0 150.3121445152258
      vertex 8.4 0 150
    endloop
  endfacet
  facet normal 0.9569403357322118 0 0.29028467725445256
    outer loop
      vertex 8.52179274798194 4.9 149.38770650821584
      vertex 8.430743551354832 0 149.6878554847742
      vertex 8.52179274798194 0 149.38770650821584
    endloop
  endfacet
  facet normal 0.9569403357322118 0 -0.29028467725445256
    outer loop
      vertex 8.430743551354832 4.9 150.3121445152258
      vertex 8.52179274798194 0 150.61229349178416
      vertex 8.430743551354832 0 150.3121445152258
    endloop
  endfacet
  facet normal 0.8819212643483404 0 -0.4713967368260251
    outer loop
      vertex 8.52179274798194 4.9 150.61229349178416
      vertex 8.669648620315927 0 150.88891237283136
      vertex 8.52179274798194 0 150.61229349178416
    endloop
  endfacet
  facet normal 0.8819212643483404 0 0.4713967368260251
    outer loop
      vertex 8.669648620315927 4.9 149.11108762716864
      vertex 8.52179274798194 0 149.38770650821584
      vertex 8.669648620315927 0 149.11108762716864
    endloop
  endfacet
  facet normal 0.7730104533627418 0 -0.6343932841636396
    outer loop
      vertex 8.669648620315927 4.9 150.88891237283136
      vertex 8.868629150101524 0 151.13137084989847
      vertex 8.669648620315927 0 150.88891237283136
    endloop
  endfacet
  facet normal 0.7730104533627418 0 0.6343932841636396
    outer loop
      vertex 8.868629150101524 4.9 148.86862915010153
      vertex 8.669648620315927 0 149.11108762716864
      vertex 8.868629150101524 0 148.86862915010153
    endloop
  endfacet
  facet normal 0.6343932841636276 0 0.7730104533627515
    outer loop
      vertex 9.111087627168637 4.9 148.66964862031594
      vertex 8.868629150101524 0 148.86862915010153
      vertex 9.111087627168637 0 148.66964862031594
    endloop
  endfacet
  facet normal 0.6343932841636276 0 -0.7730104533627515
    outer loop
      vertex 8.868629150101524 4.9 151.13137084989847
      vertex 9.111087627168637 0 151.33035137968406
      vertex 8.868629150101524 0 151.13137084989847
    endloop
  endfacet
  facet normal 0.4713967368260102 0 -0.8819212643483484
    outer loop
      vertex 9.111087627168637 4.9 151.33035137968406
      vertex 9.387706508215857 0 151.47820725201805
      vertex 9.111087627168637 0 151.33035137968406
    endloop
  endfacet
  facet normal 0.4713967368260102 0 0.8819212643483484
    outer loop
      vertex 9.387706508215857 4.9 148.52179274798195
      vertex 9.111087627168637 0 148.66964862031594
      vertex 9.387706508215857 0 148.52179274798195
    endloop
  endfacet
  facet normal 0.09801714032951586 0 0.9951847266722013
    outer loop
      vertex 10 4.9 148.4
      vertex 9.687855484774195 0 148.43074355135482
      vertex 10 0 148.4
    endloop
  endfacet
  facet normal 0.2902846772545071 0 -0.9569403357321953
    outer loop
      vertex 9.387706508215857 4.9 151.47820725201805
      vertex 9.687855484774195 0 151.56925644864518
      vertex 9.387706508215857 0 151.47820725201805
    endloop
  endfacet
  facet normal 0.2902846772545071 0 0.9569403357321953
    outer loop
      vertex 9.687855484774195 4.9 148.43074355135482
      vertex 9.387706508215857 0 148.52179274798195
      vertex 9.687855484774195 0 148.43074355135482
    endloop
  endfacet
  facet normal 0.09801714032951586 0 -0.9951847266722013
    outer loop
      vertex 9.687855484774195 4.9 151.56925644864518
      vertex 10 0 151.6
      vertex 9.687855484774195 0 151.56925644864518
    endloop
  endfacet
  facet normal 0.995184726672197 0 0.09801714032955908
    outer loop
      vertex 8.4 4.9 150
      vertex 8.4 0 150
      vertex 8.430743551354832 4.9 149.6878554847742
    endloop
  endfacet
  facet normal 0.995184726672197 0 -0.09801714032955908
    outer loop
      vertex 8.4 4.9 150
      vertex 8.430743551354832 4.9 150.3121445152258
      vertex 8.430743551354832 0 150.3121445152258
    endloop
  endfacet
  facet normal 0.9569403357322118 0 0.29028467725445256
    outer loop
      vertex 8.430743551354832 4.9 149.6878554847742
      vertex 8.430743551354832 0 149.6878554847742
      vertex 8.52179274798194 4.9 149.38770650821584
    endloop
  endfacet
  facet normal 0.8819212643483404 0 0.4713967368260251
    outer loop
      vertex 8.52179274798194 4.9 149.38770650821584
      vertex 8.52179274798194 0 149.38770650821584
      vertex 8.669648620315927 4.9 149.11108762716864
    endloop
  endfacet
  facet normal 0.9569403357322118 0 -0.29028467725445256
    outer loop
      vertex 8.430743551354832 4.9 150.3121445152258
      vertex 8.52179274798194 4.9 150.61229349178416
      vertex 8.52179274798194 0 150.61229349178416
    endloop
  endfacet
  facet normal 0.7730104533627418 0 0.6343932841636396
    outer loop
      vertex 8.669648620315927 4.9 149.11108762716864
      vertex 8.669648620315927 0 149.11108762716864
      vertex 8.868629150101524 4.9 148.86862915010153
    endloop
  endfacet
  facet normal 0.8819212643483404 0 -0.4713967368260251
    outer loop
      vertex 8.52179274798194 4.9 150.61229349178416
      vertex 8.669648620315927 4.9 150.88891237283136
      vertex 8.669648620315927 0 150.88891237283136
    endloop
  endfacet
  facet normal 0.7730104533627418 0 -0.6343932841636396
    outer loop
      vertex 8.669648620315927 4.9 150.88891237283136
      vertex 8.868629150101524 4.9 151.13137084989847
      vertex 8.868629150101524 0 151.13137084989847
    endloop
  endfacet
  facet normal 0.6343932841636276 0 0.7730104533627515
    outer loop
      vertex 8.868629150101524 4.9 148.86862915010153
      vertex 8.868629150101524 0 148.86862915010153
      vertex 9.111087627168637 4.9 148.66964862031594
    endloop
  endfacet
  facet normal 0.6343932841636276 0 -0.7730104533627515
    outer loop
      vertex 8.868629150101524 4.9 151.13137084989847
      vertex 9.111087627168637 4.9 151.33035137968406
      vertex 9.111087627168637 0 151.33035137968406
    endloop
  endfacet
  facet normal 0.4713967368260102 0 0.8819212643483484
    outer loop
      vertex 9.111087627168637 4.9 148.66964862031594
      vertex 9.111087627168637 0 148.66964862031594
      vertex 9.387706508215857 4.9 148.52179274798195
    endloop
  endfacet
  facet normal 0.4713967368260102 0 -0.8819212643483484
    outer loop
      vertex 9.111087627168637 4.9 151.33035137968406
      vertex 9.387706508215857 4.9 151.47820725201805
      vertex 9.387706508215857 0 151.47820725201805
    endloop
  endfacet
  facet normal 0.09801714032951586 0 0.9951847266722013
    outer loop
      vertex 9.687855484774195 4.9 148.43074355135482
      vertex 9.687855484774195 0 148.43074355135482
      vertex 10 4.9 148.4
    endloop
  endfacet
  facet normal 0.2902846772545071 0 0.9569403357321953
    outer loop
      vertex 9.387706508215857 4.9 148.52179274798195
      vertex 9.387706508215857 0 148.52179274798195
      vertex 9.687855484774195 4.9 148.43074355135482
    endloop
  endfacet
  facet normal 0.2902846772545071 0 -0.9569403357321953
    outer loop
      vertex 9.387706508215857 4.9 151.47820725201805
      vertex 9.687855484774195 4.9 151.56925644864518
      vertex 9.687855484774195 0 151.56925644864518
    endloop
  endfacet
  facet normal 0.09801714032951586 0 -0.9951847266722013
    outer loop
      vertex 9.687855484774195 4.9 151.56925644864518
      vertex 10 4.9 151.6
      vertex 10 0 151.6
    endloop
  endfacet
  facet normal -0.09801714032951586 0 0.9951847266722013
    outer loop
      vertex 10.312144515225805 4.9 148.43074355135482
      vertex 10 0 148.4
      vertex 10.312144515225805 0 148.43074355135482
    endloop
  endfacet
  facet normal -0.09801714032951586 0 -0.9951847266722013
    outer loop
      vertex 10 4.9 151.6
      vertex 10.312144515225805 0 151.56925644864518
      vertex 10 0 151.6
    endloop
  endfacet
  facet normal -0.2902846772545071 0 -0.9569403357321953
    outer loop
      vertex 10.312144515225805 4.9 151.56925644864518
      vertex 10.612293491784143 0 151.47820725201805
      vertex 10.312144515225805 0 151.56925644864518
    endloop
  endfacet
  facet normal -0.2902846772545071 0 0.9569403357321953
    outer loop
      vertex 10.612293491784143 4.9 148.52179274798195
      vertex 10.312144515225805 0 148.43074355135482
      vertex 10.612293491784143 0 148.52179274798195
    endloop
  endfacet
  facet normal -0.4713967368260102 0 -0.8819212643483484
    outer loop
      vertex 10.612293491784143 4.9 151.47820725201805
      vertex 10.888912372831363 0 151.33035137968406
      vertex 10.612293491784143 0 151.47820725201805
    endloop
  endfacet
  facet normal -0.4713967368260102 0 0.8819212643483484
    outer loop
      vertex 10.888912372831363 4.9 148.66964862031594
      vertex 10.612293491784143 0 148.52179274798195
      vertex 10.888912372831363 0 148.66964862031594
    endloop
  endfacet
  facet normal -0.6343932841636276 0 0.7730104533627515
    outer loop
      vertex 11.131370849898476 4.9 148.86862915010153
      vertex 10.888912372831363 0 148.66964862031594
      vertex 11.131370849898476 0 148.86862915010153
    endloop
  endfacet
  facet normal -0.6343932841636276 0 -0.7730104533627515
    outer loop
      vertex 10.888912372831363 4.9 151.33035137968406
      vertex 11.131370849898476 0 151.13137084989847
      vertex 10.888912372831363 0 151.33035137968406
    endloop
  endfacet
  facet normal -0.7730104533627418 0 -0.6343932841636396
    outer loop
      vertex 11.131370849898476 4.9 151.13137084989847
      vertex 11.330351379684073 0 150.88891237283136
      vertex 11.131370849898476 0 151.13137084989847
    endloop
  endfacet
  facet normal -0.7730104533627418 0 0.6343932841636396
    outer loop
      vertex 11.330351379684073 4.9 149.11108762716864
      vertex 11.131370849898476 0 148.86862915010153
      vertex 11.330351379684073 0 149.11108762716864
    endloop
  endfacet
  facet normal -0.8819212643483404 0 -0.4713967368260251
    outer loop
      vertex 11.330351379684073 4.9 150.88891237283136
      vertex 11.47820725201806 0 150.61229349178416
      vertex 11.330351379684073 0 150.88891237283136
    endloop
  endfacet
  facet normal -0.8819212643483404 0 0.4713967368260251
    outer loop
      vertex 11.47820725201806 4.9 149.38770650821584
      vertex 11.330351379684073 0 149.11108762716864
      vertex 11.47820725201806 0 149.38770650821584
    endloop
  endfacet
  facet normal -0.9569403357322118 0 0.29028467725445256
    outer loop
      vertex 11.569256448645168 4.9 149.6878554847742
      vertex 11.47820725201806 0 149.38770650821584
      vertex 11.569256448645168 0 149.6878554847742
    endloop
  endfacet
  facet normal -0.9569403357322118 0 -0.29028467725445256
    outer loop
      vertex 11.47820725201806 4.9 150.61229349178416
      vertex 11.569256448645168 0 150.3121445152258
      vertex 11.47820725201806 0 150.61229349178416
    endloop
  endfacet
  facet normal -0.995184726672197 0 0.09801714032955908
    outer loop
      vertex 11.6 4.9 150
      vertex 11.569256448645168 0 149.6878554847742
      vertex 11.6 0 150
    endloop
  endfacet
  facet normal -0.995184726672197 0 -0.09801714032955908
    outer loop
      vertex 11.569256448645168 4.9 150.3121445152258
      vertex 11.6 0 150
      vertex 11.569256448645168 0 150.3121445152258
    endloop
  endfacet
  facet normal -0.09801714032951586 0 0.9951847266722013
    outer loop
      vertex 10 4.9 148.4
      vertex 10 0 148.4
      vertex 10.312144515225805 4.9 148.43074355135482
    endloop
  endfacet
  facet normal -0.09801714032951586 0 -0.9951847266722013
    outer loop
      vertex 10 4.9 151.6
      vertex 10.312144515225805 4.9 151.56925644864518
      vertex 10.312144515225805 0 151.56925644864518
    endloop
  endfacet
  facet normal -0.2902846772545071 0 0.9569403357321953
    outer loop
      vertex 10.312144515225805 4.9 148.43074355135482
      vertex 10.312144515225805 0 148.43074355135482
      vertex 10.612293491784143 4.9 148.52179274798195
    endloop
  endfacet
  facet normal -0.2902846772545071 0 -0.9569403357321953
    outer loop
      vertex 10.312144515225805 4.9 151.56925644864518
      vertex 10.612293491784143 4.9 151.47820725201805
      vertex 10.612293491784143 0 151.47820725201805
    endloop
  endfacet
  facet normal -0.4713967368260102 0 0.8819212643483484
    outer loop
      vertex 10.612293491784143 4.9 148.52179274798195
      vertex 10.612293491784143 0 148.52179274798195
      vertex 10.888912372831363 4.9 148.66964862031594
    endloop
  endfacet
  facet normal -0.4713967368260102 0 -0.8819212643483484
    outer loop
      vertex 10.612293491784143 4.9 151.47820725201805
      vertex 10.888912372831363 4.9 151.33035137968406
      vertex 10.888912372831363 0 151.33035137968406
    endloop
  endfacet
  facet normal -0.6343932841636276 0 0.7730104533627515
    outer loop
      vertex 10.888912372831363 4.9 148.66964862031594
      vertex 10.888912372831363 0 148.66964862031594
      vertex 11.131370849898476 4.9 148.86862915010153
    endloop
  endfacet
  facet normal -0.6343932841636276 0 -0.7730104533627515
    outer loop
      vertex 10.888912372831363 4.9 151.33035137968406
      vertex 11.131370849898476 4.9 151.13137084989847
      vertex 11.131370849898476 0 151.13137084989847
    endloop
  endfacet
  facet normal -0.7730104533627418 0 0.6343932841636396
    outer loop
      vertex 11.131370849898476 4.9 148.86862915010153
      vertex 11.131370849898476 0 148.86862915010153
      vertex 11.330351379684073 4.9 149.11108762716864
    endloop
  endfacet
  facet normal -0.8819212643483404 0 0.4713967368260251
    outer loop
      vertex 11.330351379684073 4.9 149.11108762716864
      vertex 11.330351379684073 0 149.11108762716864
      vertex 11.47820725201806 4.9 149.38770650821584
    endloop
  endfacet
  facet normal -0.7730104533627418 0 -0.6343932841636396
    outer loop
      vertex 11.131370849898476 4.9 151.13137084989847
      vertex 11.330351379684073 4.9 150.88891237283136
      vertex 11.330351379684073 0 150.88891237283136
    endloop
  endfacet
  facet normal -0.9569403357322118 0 0.29028467725445256
    outer loop
      vertex 11.47820725201806 4.9 149.38770650821584
      vertex 11.47820725201806 0 149.38770650821584
      vertex 11.569256448645168 4.9 149.6878554847742
    endloop
  endfacet
  facet normal -0.8819212643483404 0 -0.4713967368260251
    outer loop
      vertex 11.330351379684073 4.9 150.88891237283136
      vertex 11.47820725201806 4.9 150.61229349178416
      vertex 11.47820725201806 0 150.61229349178416
    endloop
  endfacet
  facet normal -0.9569403357322118 0 -0.29028467725445256
    outer loop
      vertex 11.569256448645168 4.9 150.3121445152258
      vertex 11.569256448645168 0 150.3121445152258
      vertex 11.47820725201806 4.9 150.61229349178416
    endloop
  endfacet
  facet normal -0.995184726672197 0 0.09801714032955908
    outer loop
      vertex 11.569256448645168 4.9 149.6878554847742
      vertex 11.569256448645168 0 149.6878554847742
      vertex 11.6 4.9 150
    endloop
  endfacet
  facet normal -0.995184726672197 0 -0.09801714032955908
    outer loop
      vertex 11.6 4.9 150
      vertex 11.6 0 150
      vertex 11.569256448645168 4.9 150.3121445152258
    endloop
  endfacet
  facet normal 0.9951847266721968 0 0.09801714032956128
    outer loop
      vertex 8.430743551354832 4.9 49.6878554847742
      vertex 8.4 0 50
      vertex 8.430743551354832 0 49.6878554847742
    endloop
  endfacet
  facet normal 0.9951847266721968 0 -0.09801714032956128
    outer loop
      vertex 8.4 4.9 50
      vertex 8.430743551354832 0 50.3121445152258
      vertex 8.4 0 50
    endloop
  endfacet
  facet normal 0.9569403357322099 0 0.29028467725445883
    outer loop
      vertex 8.52179274798194 4.9 49.38770650821586
      vertex 8.430743551354832 0 49.6878554847742
      vertex 8.52179274798194 0 49.38770650821586
    endloop
  endfacet
  facet normal 0.9569403357322099 0 -0.29028467725445883
    outer loop
      vertex 8.430743551354832 4.9 50.3121445152258
      vertex 8.52179274798194 0 50.61229349178414
      vertex 8.430743551354832 0 50.3121445152258
    endloop
  endfacet
  facet normal 0.8819212643483554 0 -0.47139673682599686
    outer loop
      vertex 8.52179274798194 4.9 50.61229349178414
      vertex 8.669648620315927 0 50.88891237283136
      vertex 8.52179274798194 0 50.61229349178414
    endloop
  endfacet
  facet normal 0.8819212643483554 0 0.47139673682599686
    outer loop
      vertex 8.669648620315927 4.9 49.11108762716864
      vertex 8.52179274798194 0 49.38770650821586
      vertex 8.669648620315927 0 49.11108762716864
    endloop
  endfacet
  facet normal 0.7730104533627327 0 -0.6343932841636507
    outer loop
      vertex 8.669648620315927 4.9 50.88891237283136
      vertex 8.868629150101524 0 51.131370849898474
      vertex 8.669648620315927 0 50.88891237283136
    endloop
  endfacet
  facet normal 0.7730104533627327 0 0.6343932841636507
    outer loop
      vertex 8.868629150101524 4.9 48.868629150101526
      vertex 8.669648620315927 0 49.11108762716864
      vertex 8.868629150101524 0 48.868629150101526
    endloop
  endfacet
  facet normal 0.6343932841636548 0 0.7730104533627294
    outer loop
      vertex 9.111087627168637 4.9 48.669648620315925
      vertex 8.868629150101524 0 48.868629150101526
      vertex 9.111087627168637 0 48.669648620315925
    endloop
  endfacet
  facet normal 0.6343932841636548 0 -0.7730104533627294
    outer loop
      vertex 8.868629150101524 4.9 51.131370849898474
      vertex 9.111087627168637 0 51.330351379684075
      vertex 8.868629150101524 0 51.131370849898474
    endloop
  endfacet
  facet normal 0.4713967368259925 0 0.8819212643483577
    outer loop
      vertex 9.387706508215857 4.9 48.52179274798194
      vertex 9.111087627168637 0 48.669648620315925
      vertex 9.387706508215857 0 48.52179274798194
    endloop
  endfacet
  facet normal 0.4713967368259925 0 -0.8819212643483577
    outer loop
      vertex 9.111087627168637 4.9 51.330351379684075
      vertex 9.387706508215857 0 51.47820725201806
      vertex 9.111087627168637 0 51.330351379684075
    endloop
  endfacet
  facet normal 0.2902846772544656 0 0.9569403357322079
    outer loop
      vertex 9.687855484774195 4.9 48.43074355135483
      vertex 9.387706508215857 0 48.52179274798194
      vertex 9.687855484774195 0 48.43074355135483
    endloop
  endfacet
  facet normal 0.2902846772544656 0 -0.9569403357322079
    outer loop
      vertex 9.387706508215857 4.9 51.47820725201806
      vertex 9.687855484774195 0 51.56925644864517
      vertex 9.387706508215857 0 51.47820725201806
    endloop
  endfacet
  facet normal 0.09801714032956073 0 0.9951847266721968
    outer loop
      vertex 10 4.9 48.4
      vertex 9.687855484774195 0 48.43074355135483
      vertex 10 0 48.4
    endloop
  endfacet
  facet normal 0.09801714032956073 0 -0.9951847266721968
    outer loop
      vertex 9.687855484774195 4.9 51.56925644864517
      vertex 10 0 51.6
      vertex 9.687855484774195 0 51.56925644864517
    endloop
  endfacet
  facet normal 0.9951847266721968 0 0.09801714032956128
    outer loop
      vertex 8.4 4.9 50
      vertex 8.4 0 50
      vertex 8.430743551354832 4.9 49.6878554847742
    endloop
  endfacet
  facet normal 0.9951847266721968 0 -0.09801714032956128
    outer loop
      vertex 8.4 4.9 50
      vertex 8.430743551354832 4.9 50.3121445152258
      vertex 8.430743551354832 0 50.3121445152258
    endloop
  endfacet
  facet normal 0.9569403357322099 0 0.29028467725445883
    outer loop
      vertex 8.430743551354832 4.9 49.6878554847742
      vertex 8.430743551354832 0 49.6878554847742
      vertex 8.52179274798194 4.9 49.38770650821586
    endloop
  endfacet
  facet normal 0.9569403357322099 0 -0.29028467725445883
    outer loop
      vertex 8.430743551354832 4.9 50.3121445152258
      vertex 8.52179274798194 4.9 50.61229349178414
      vertex 8.52179274798194 0 50.61229349178414
    endloop
  endfacet
  facet normal 0.8819212643483554 0 0.47139673682599686
    outer loop
      vertex 8.52179274798194 4.9 49.38770650821586
      vertex 8.52179274798194 0 49.38770650821586
      vertex 8.669648620315927 4.9 49.11108762716864
    endloop
  endfacet
  facet normal 0.7730104533627327 0 0.6343932841636507
    outer loop
      vertex 8.669648620315927 4.9 49.11108762716864
      vertex 8.669648620315927 0 49.11108762716864
      vertex 8.868629150101524 4.9 48.868629150101526
    endloop
  endfacet
  facet normal 0.8819212643483554 0 -0.47139673682599686
    outer loop
      vertex 8.52179274798194 4.9 50.61229349178414
      vertex 8.669648620315927 4.9 50.88891237283136
      vertex 8.669648620315927 0 50.88891237283136
    endloop
  endfacet
  facet normal 0.6343932841636548 0 0.7730104533627294
    outer loop
      vertex 9.111087627168637 4.9 48.669648620315925
      vertex 8.868629150101524 4.9 48.868629150101526
      vertex 8.868629150101524 0 48.868629150101526
    endloop
  endfacet
  facet normal 0.7730104533627327 0 -0.6343932841636507
    outer loop
      vertex 8.669648620315927 4.9 50.88891237283136
      vertex 8.868629150101524 4.9 51.131370849898474
      vertex 8.868629150101524 0 51.131370849898474
    endloop
  endfacet
  facet normal 0.6343932841636548 0 -0.7730104533627294
    outer loop
      vertex 8.868629150101524 4.9 51.131370849898474
      vertex 9.111087627168637 4.9 51.330351379684075
      vertex 9.111087627168637 0 51.330351379684075
    endloop
  endfacet
  facet normal 0.4713967368259925 0 0.8819212643483577
    outer loop
      vertex 9.111087627168637 4.9 48.669648620315925
      vertex 9.111087627168637 0 48.669648620315925
      vertex 9.387706508215857 4.9 48.52179274798194
    endloop
  endfacet
  facet normal 0.4713967368259925 0 -0.8819212643483577
    outer loop
      vertex 9.111087627168637 4.9 51.330351379684075
      vertex 9.387706508215857 4.9 51.47820725201806
      vertex 9.387706508215857 0 51.47820725201806
    endloop
  endfacet
  facet normal 0.2902846772544656 0 0.9569403357322079
    outer loop
      vertex 9.387706508215857 4.9 48.52179274798194
      vertex 9.387706508215857 0 48.52179274798194
      vertex 9.687855484774195 4.9 48.43074355135483
    endloop
  endfacet
  facet normal 0.2902846772544656 0 -0.9569403357322079
    outer loop
      vertex 9.387706508215857 4.9 51.47820725201806
      vertex 9.687855484774195 4.9 51.56925644864517
      vertex 9.687855484774195 0 51.56925644864517
    endloop
  endfacet
  facet normal 0.09801714032956073 0 0.9951847266721968
    outer loop
      vertex 9.687855484774195 4.9 48.43074355135483
      vertex 9.687855484774195 0 48.43074355135483
      vertex 10 4.9 48.4
    endloop
  endfacet
  facet normal 0.09801714032956073 0 -0.9951847266721968
    outer loop
      vertex 9.687855484774195 4.9 51.56925644864517
      vertex 10 4.9 51.6
      vertex 10 0 51.6
    endloop
  endfacet
  facet normal -0.09801714032956073 0 0.9951847266721968
    outer loop
      vertex 10.312144515225805 4.9 48.43074355135483
      vertex 10 0 48.4
      vertex 10.312144515225805 0 48.43074355135483
    endloop
  endfacet
  facet normal -0.09801714032956073 0 -0.9951847266721968
    outer loop
      vertex 10 4.9 51.6
      vertex 10.312144515225805 0 51.56925644864517
      vertex 10 0 51.6
    endloop
  endfacet
  facet normal -0.2902846772544656 0 0.9569403357322079
    outer loop
      vertex 10.612293491784143 4.9 48.52179274798194
      vertex 10.312144515225805 0 48.43074355135483
      vertex 10.612293491784143 0 48.52179274798194
    endloop
  endfacet
  facet normal -0.2902846772544656 0 -0.9569403357322079
    outer loop
      vertex 10.312144515225805 4.9 51.56925644864517
      vertex 10.612293491784143 0 51.47820725201806
      vertex 10.312144515225805 0 51.56925644864517
    endloop
  endfacet
  facet normal -0.4713967368259925 0 0.8819212643483577
    outer loop
      vertex 10.888912372831363 4.9 48.669648620315925
      vertex 10.612293491784143 0 48.52179274798194
      vertex 10.888912372831363 0 48.669648620315925
    endloop
  endfacet
  facet normal -0.4713967368259925 0 -0.8819212643483577
    outer loop
      vertex 10.612293491784143 4.9 51.47820725201806
      vertex 10.888912372831363 0 51.330351379684075
      vertex 10.612293491784143 0 51.47820725201806
    endloop
  endfacet
  facet normal -0.6343932841636548 0 0.7730104533627294
    outer loop
      vertex 11.131370849898476 4.9 48.868629150101526
      vertex 10.888912372831363 0 48.669648620315925
      vertex 11.131370849898476 0 48.868629150101526
    endloop
  endfacet
  facet normal -0.6343932841636548 0 -0.7730104533627294
    outer loop
      vertex 10.888912372831363 4.9 51.330351379684075
      vertex 11.131370849898476 0 51.131370849898474
      vertex 10.888912372831363 0 51.330351379684075
    endloop
  endfacet
  facet normal -0.7730104533627327 0 -0.6343932841636507
    outer loop
      vertex 11.131370849898476 4.9 51.131370849898474
      vertex 11.330351379684073 0 50.88891237283136
      vertex 11.131370849898476 0 51.131370849898474
    endloop
  endfacet
  facet normal -0.7730104533627327 0 0.6343932841636507
    outer loop
      vertex 11.330351379684073 4.9 49.11108762716864
      vertex 11.131370849898476 0 48.868629150101526
      vertex 11.330351379684073 0 49.11108762716864
    endloop
  endfacet
  facet normal -0.8819212643483554 0 0.47139673682599686
    outer loop
      vertex 11.47820725201806 4.9 49.38770650821586
      vertex 11.330351379684073 0 49.11108762716864
      vertex 11.47820725201806 0 49.38770650821586
    endloop
  endfacet
  facet normal -0.9569403357322099 0 0.29028467725445883
    outer loop
      vertex 11.569256448645168 4.9 49.6878554847742
      vertex 11.47820725201806 0 49.38770650821586
      vertex 11.569256448645168 0 49.6878554847742
    endloop
  endfacet
  facet normal -0.9569403357322099 0 -0.29028467725445883
    outer loop
      vertex 11.47820725201806 4.9 50.61229349178414
      vertex 11.569256448645168 0 50.3121445152258
      vertex 11.47820725201806 0 50.61229349178414
    endloop
  endfacet
  facet normal -0.8819212643483554 0 -0.47139673682599686
    outer loop
      vertex 11.330351379684073 4.9 50.88891237283136
      vertex 11.47820725201806 0 50.61229349178414
      vertex 11.330351379684073 0 50.88891237283136
    endloop
  endfacet
  facet normal -0.9951847266721968 0 -0.09801714032956128
    outer loop
      vertex 11.569256448645168 4.9 50.3121445152258
      vertex 11.6 0 50
      vertex 11.569256448645168 0 50.3121445152258
    endloop
  endfacet
  facet normal -0.9951847266721968 0 0.09801714032956128
    outer loop
      vertex 11.6 4.9 50
      vertex 11.569256448645168 0 49.6878554847742
      vertex 11.6 0 50
    endloop
  endfacet
  facet normal -0.09801714032956073 0 0.9951847266721968
    outer loop
      vertex 10 4.9 48.4
      vertex 10 0 48.4
      vertex 10.312144515225805 4.9 48.43074355135483
    endloop
  endfacet
  facet normal -0.09801714032956073 0 -0.9951847266721968
    outer loop
      vertex 10 4.9 51.6
      vertex 10.312144515225805 4.9 51.56925644864517
      vertex 10.312144515225805 0 51.56925644864517
    endloop
  endfacet
  facet normal -0.2902846772544656 0 0.9569403357322079
    outer loop
      vertex 10.312144515225805 4.9 48.43074355135483
      vertex 10.312144515225805 0 48.43074355135483
      vertex 10.612293491784143 4.9 48.52179274798194
    endloop
  endfacet
  facet normal -0.2902846772544656 0 -0.9569403357322079
    outer loop
      vertex 10.312144515225805 4.9 51.56925644864517
      vertex 10.612293491784143 4.9 51.47820725201806
      vertex 10.612293491784143 0 51.47820725201806
    endloop
  endfacet
  facet normal -0.4713967368259925 0 0.8819212643483577
    outer loop
      vertex 10.612293491784143 4.9 48.52179274798194
      vertex 10.612293491784143 0 48.52179274798194
      vertex 10.888912372831363 4.9 48.669648620315925
    endloop
  endfacet
  facet normal -0.4713967368259925 0 -0.8819212643483577
    outer loop
      vertex 10.612293491784143 4.9 51.47820725201806
      vertex 10.888912372831363 4.9 51.330351379684075
      vertex 10.888912372831363 0 51.330351379684075
    endloop
  endfacet
  facet normal -0.6343932841636548 0 0.7730104533627294
    outer loop
      vertex 10.888912372831363 4.9 48.669648620315925
      vertex 10.888912372831363 0 48.669648620315925
      vertex 11.131370849898476 4.9 48.868629150101526
    endloop
  endfacet
  facet normal -0.7730104533627327 0 0.6343932841636507
    outer loop
      vertex 11.131370849898476 4.9 48.868629150101526
      vertex 11.131370849898476 0 48.868629150101526
      vertex 11.330351379684073 4.9 49.11108762716864
    endloop
  endfacet
  facet normal -0.6343932841636548 0 -0.7730104533627294
    outer loop
      vertex 10.888912372831363 4.9 51.330351379684075
      vertex 11.131370849898476 4.9 51.131370849898474
      vertex 11.131370849898476 0 51.131370849898474
    endloop
  endfacet
  facet normal -0.8819212643483554 0 0.47139673682599686
    outer loop
      vertex 11.330351379684073 4.9 49.11108762716864
      vertex 11.330351379684073 0 49.11108762716864
      vertex 11.47820725201806 4.9 49.38770650821586
    endloop
  endfacet
  facet normal -0.8819212643483554 0 -0.47139673682599686
    outer loop
      vertex 11.330351379684073 4.9 50.88891237283136
      vertex 11.47820725201806 4.9 50.61229349178414
      vertex 11.47820725201806 0 50.61229349178414
    endloop
  endfacet
  facet normal -0.9569403357322099 0 0.29028467725445883
    outer loop
      vertex 11.47820725201806 4.9 49.38770650821586
      vertex 11.47820725201806 0 49.38770650821586
      vertex 11.569256448645168 4.9 49.6878554847742
    endloop
  endfacet
  facet normal -0.9569403357322099 0 -0.29028467725445883
    outer loop
      vertex 11.569256448645168 4.9 50.3121445152258
      vertex 11.569256448645168 0 50.3121445152258
      vertex 11.47820725201806 4.9 50.61229349178414
    endloop
  endfacet
  facet normal -0.7730104533627327 0 -0.6343932841636507
    outer loop
      vertex 11.131370849898476 4.9 51.131370849898474
      vertex 11.330351379684073 4.9 50.88891237283136
      vertex 11.330351379684073 0 50.88891237283136
    endloop
  endfacet
  facet normal -0.9951847266721968 0 0.09801714032956128
    outer loop
      vertex 11.569256448645168 4.9 49.6878554847742
      vertex 11.569256448645168 0 49.6878554847742
      vertex 11.6 4.9 50
    endloop
  endfacet
  facet normal -0.9951847266721968 0 -0.09801714032956128
    outer loop
      vertex 11.569256448645168 4.9 50.3121445152258
      vertex 11.6 4.9 50
      vertex 11.6 0 50
    endloop
  endfacet
  facet normal 0.995184726672197 0 0.09801714032955908
    outer loop
      vertex 8.430743551354832 4.9 99.68785548477419
      vertex 8.4 0 100
      vertex 8.430743551354832 0 99.68785548477419
    endloop
  endfacet
  facet normal 0.995184726672197 0 -0.09801714032955908
    outer loop
      vertex 8.4 4.9 100
      vertex 8.430743551354832 0 100.31214451522581
      vertex 8.4 0 100
    endloop
  endfacet
  facet normal 0.9569403357322079 0 0.2902846772544651
    outer loop
      vertex 8.52179274798194 4.9 99.38770650821586
      vertex 8.430743551354832 0 99.68785548477419
      vertex 8.52179274798194 0 99.38770650821586
    endloop
  endfacet
  facet normal 0.9569403357322079 0 -0.2902846772544651
    outer loop
      vertex 8.430743551354832 4.9 100.31214451522581
      vertex 8.52179274798194 0 100.61229349178414
      vertex 8.430743551354832 0 100.31214451522581
    endloop
  endfacet
  facet normal 0.8819212643483504 0 -0.47139673682600636
    outer loop
      vertex 8.52179274798194 4.9 100.61229349178414
      vertex 8.669648620315927 0 100.88891237283136
      vertex 8.52179274798194 0 100.61229349178414
    endloop
  endfacet
  facet normal 0.8819212643483504 0 0.47139673682600636
    outer loop
      vertex 8.669648620315927 4.9 99.11108762716864
      vertex 8.52179274798194 0 99.38770650821586
      vertex 8.669648620315927 0 99.11108762716864
    endloop
  endfacet
  facet normal 0.7730104533627418 0 -0.6343932841636396
    outer loop
      vertex 8.669648620315927 4.9 100.88891237283136
      vertex 8.868629150101524 0 101.13137084989847
      vertex 8.669648620315927 0 100.88891237283136
    endloop
  endfacet
  facet normal 0.7730104533627418 0 0.6343932841636396
    outer loop
      vertex 8.868629150101524 4.9 98.86862915010153
      vertex 8.669648620315927 0 99.11108762716864
      vertex 8.868629150101524 0 98.86862915010153
    endloop
  endfacet
  facet normal 0.6343932841636548 0 0.7730104533627294
    outer loop
      vertex 9.111087627168637 4.9 98.66964862031593
      vertex 8.868629150101524 0 98.86862915010153
      vertex 9.111087627168637 0 98.66964862031593
    endloop
  endfacet
  facet normal 0.6343932841636548 0 -0.7730104533627294
    outer loop
      vertex 8.868629150101524 4.9 101.13137084989847
      vertex 9.111087627168637 0 101.33035137968407
      vertex 8.868629150101524 0 101.13137084989847
    endloop
  endfacet
  facet normal 0.4713967368259748 0 -0.8819212643483672
    outer loop
      vertex 9.111087627168637 4.9 101.33035137968407
      vertex 9.387706508215857 0 101.47820725201805
      vertex 9.111087627168637 0 101.33035137968407
    endloop
  endfacet
  facet normal 0.4713967368259748 0 0.8819212643483672
    outer loop
      vertex 9.387706508215857 4.9 98.52179274798195
      vertex 9.111087627168637 0 98.66964862031593
      vertex 9.387706508215857 0 98.52179274798195
    endloop
  endfacet
  facet normal 0.2902846772544656 0 -0.9569403357322079
    outer loop
      vertex 9.387706508215857 4.9 101.47820725201805
      vertex 9.687855484774195 0 101.56925644864516
      vertex 9.387706508215857 0 101.47820725201805
    endloop
  endfacet
  facet normal 0.2902846772544656 0 0.9569403357322079
    outer loop
      vertex 9.687855484774195 4.9 98.43074355135484
      vertex 9.387706508215857 0 98.52179274798195
      vertex 9.687855484774195 0 98.43074355135484
    endloop
  endfacet
  facet normal 0.09801714032956073 0 0.9951847266721968
    outer loop
      vertex 10 4.9 98.4
      vertex 9.687855484774195 0 98.43074355135484
      vertex 10 0 98.4
    endloop
  endfacet
  facet normal 0.09801714032956073 0 -0.9951847266721968
    outer loop
      vertex 9.687855484774195 4.9 101.56925644864516
      vertex 10 0 101.6
      vertex 9.687855484774195 0 101.56925644864516
    endloop
  endfacet
  facet normal 0.995184726672197 0 0.09801714032955908
    outer loop
      vertex 8.4 4.9 100
      vertex 8.4 0 100
      vertex 8.430743551354832 4.9 99.68785548477419
    endloop
  endfacet
  facet normal 0.995184726672197 0 -0.09801714032955908
    outer loop
      vertex 8.4 4.9 100
      vertex 8.430743551354832 4.9 100.31214451522581
      vertex 8.430743551354832 0 100.31214451522581
    endloop
  endfacet
  facet normal 0.9569403357322079 0 0.2902846772544651
    outer loop
      vertex 8.52179274798194 4.9 99.38770650821586
      vertex 8.430743551354832 4.9 99.68785548477419
      vertex 8.430743551354832 0 99.68785548477419
    endloop
  endfacet
  facet normal 0.8819212643483504 0 0.47139673682600636
    outer loop
      vertex 8.52179274798194 4.9 99.38770650821586
      vertex 8.52179274798194 0 99.38770650821586
      vertex 8.669648620315927 4.9 99.11108762716864
    endloop
  endfacet
  facet normal 0.9569403357322079 0 -0.2902846772544651
    outer loop
      vertex 8.430743551354832 4.9 100.31214451522581
      vertex 8.52179274798194 4.9 100.61229349178414
      vertex 8.52179274798194 0 100.61229349178414
    endloop
  endfacet
  facet normal 0.7730104533627418 0 0.6343932841636396
    outer loop
      vertex 8.669648620315927 4.9 99.11108762716864
      vertex 8.669648620315927 0 99.11108762716864
      vertex 8.868629150101524 4.9 98.86862915010153
    endloop
  endfacet
  facet normal 0.8819212643483504 0 -0.47139673682600636
    outer loop
      vertex 8.52179274798194 4.9 100.61229349178414
      vertex 8.669648620315927 4.9 100.88891237283136
      vertex 8.669648620315927 0 100.88891237283136
    endloop
  endfacet
  facet normal 0.7730104533627418 0 -0.6343932841636396
    outer loop
      vertex 8.669648620315927 4.9 100.88891237283136
      vertex 8.868629150101524 4.9 101.13137084989847
      vertex 8.868629150101524 0 101.13137084989847
    endloop
  endfacet
  facet normal 0.6343932841636548 0 0.7730104533627294
    outer loop
      vertex 8.868629150101524 4.9 98.86862915010153
      vertex 8.868629150101524 0 98.86862915010153
      vertex 9.111087627168637 4.9 98.66964862031593
    endloop
  endfacet
  facet normal 0.6343932841636548 0 -0.7730104533627294
    outer loop
      vertex 8.868629150101524 4.9 101.13137084989847
      vertex 9.111087627168637 4.9 101.33035137968407
      vertex 9.111087627168637 0 101.33035137968407
    endloop
  endfacet
  facet normal 0.4713967368259748 0 0.8819212643483672
    outer loop
      vertex 9.111087627168637 4.9 98.66964862031593
      vertex 9.111087627168637 0 98.66964862031593
      vertex 9.387706508215857 4.9 98.52179274798195
    endloop
  endfacet
  facet normal 0.4713967368259748 0 -0.8819212643483672
    outer loop
      vertex 9.111087627168637 4.9 101.33035137968407
      vertex 9.387706508215857 4.9 101.47820725201805
      vertex 9.387706508215857 0 101.47820725201805
    endloop
  endfacet
  facet normal 0.2902846772544656 0 0.9569403357322079
    outer loop
      vertex 9.387706508215857 4.9 98.52179274798195
      vertex 9.387706508215857 0 98.52179274798195
      vertex 9.687855484774195 4.9 98.43074355135484
    endloop
  endfacet
  facet normal 0.2902846772544656 0 -0.9569403357322079
    outer loop
      vertex 9.387706508215857 4.9 101.47820725201805
      vertex 9.687855484774195 4.9 101.56925644864516
      vertex 9.687855484774195 0 101.56925644864516
    endloop
  endfacet
  facet normal 0.09801714032956073 0 0.9951847266721968
    outer loop
      vertex 9.687855484774195 4.9 98.43074355135484
      vertex 9.687855484774195 0 98.43074355135484
      vertex 10 4.9 98.4
    endloop
  endfacet
  facet normal 0.09801714032956073 0 -0.9951847266721968
    outer loop
      vertex 9.687855484774195 4.9 101.56925644864516
      vertex 10 4.9 101.6
      vertex 10 0 101.6
    endloop
  endfacet
  facet normal -0.09801714032956073 0 0.9951847266721968
    outer loop
      vertex 10.312144515225805 4.9 98.43074355135484
      vertex 10 0 98.4
      vertex 10.312144515225805 0 98.43074355135484
    endloop
  endfacet
  facet normal -0.2902846772544656 0 -0.9569403357322079
    outer loop
      vertex 10.312144515225805 4.9 101.56925644864516
      vertex 10.612293491784143 0 101.47820725201805
      vertex 10.312144515225805 0 101.56925644864516
    endloop
  endfacet
  facet normal -0.2902846772544656 0 0.9569403357322079
    outer loop
      vertex 10.612293491784143 4.9 98.52179274798195
      vertex 10.312144515225805 0 98.43074355135484
      vertex 10.612293491784143 0 98.52179274798195
    endloop
  endfacet
  facet normal -0.09801714032956073 0 -0.9951847266721968
    outer loop
      vertex 10 4.9 101.6
      vertex 10.312144515225805 0 101.56925644864516
      vertex 10 0 101.6
    endloop
  endfacet
  facet normal -0.4713967368259748 0 -0.8819212643483672
    outer loop
      vertex 10.612293491784143 4.9 101.47820725201805
      vertex 10.888912372831363 0 101.33035137968407
      vertex 10.612293491784143 0 101.47820725201805
    endloop
  endfacet
  facet normal -0.4713967368259748 0 0.8819212643483672
    outer loop
      vertex 10.888912372831363 4.9 98.66964862031593
      vertex 10.612293491784143 0 98.52179274798195
      vertex 10.888912372831363 0 98.66964862031593
    endloop
  endfacet
  facet normal -0.6343932841636548 0 0.7730104533627294
    outer loop
      vertex 11.131370849898476 4.9 98.86862915010153
      vertex 10.888912372831363 0 98.66964862031593
      vertex 11.131370849898476 0 98.86862915010153
    endloop
  endfacet
  facet normal -0.6343932841636548 0 -0.7730104533627294
    outer loop
      vertex 10.888912372831363 4.9 101.33035137968407
      vertex 11.131370849898476 0 101.13137084989847
      vertex 10.888912372831363 0 101.33035137968407
    endloop
  endfacet
  facet normal -0.7730104533627418 0 -0.6343932841636396
    outer loop
      vertex 11.131370849898476 4.9 101.13137084989847
      vertex 11.330351379684073 0 100.88891237283136
      vertex 11.131370849898476 0 101.13137084989847
    endloop
  endfacet
  facet normal -0.7730104533627418 0 0.6343932841636396
    outer loop
      vertex 11.330351379684073 4.9 99.11108762716864
      vertex 11.131370849898476 0 98.86862915010153
      vertex 11.330351379684073 0 99.11108762716864
    endloop
  endfacet
  facet normal -0.8819212643483504 0 -0.47139673682600636
    outer loop
      vertex 11.330351379684073 4.9 100.88891237283136
      vertex 11.47820725201806 0 100.61229349178414
      vertex 11.330351379684073 0 100.88891237283136
    endloop
  endfacet
  facet normal -0.8819212643483504 0 0.47139673682600636
    outer loop
      vertex 11.47820725201806 4.9 99.38770650821586
      vertex 11.330351379684073 0 99.11108762716864
      vertex 11.47820725201806 0 99.38770650821586
    endloop
  endfacet
  facet normal -0.9569403357322079 0 0.2902846772544651
    outer loop
      vertex 11.569256448645168 4.9 99.68785548477419
      vertex 11.47820725201806 0 99.38770650821586
      vertex 11.569256448645168 0 99.68785548477419
    endloop
  endfacet
  facet normal -0.9569403357322079 0 -0.2902846772544651
    outer loop
      vertex 11.47820725201806 4.9 100.61229349178414
      vertex 11.569256448645168 0 100.31214451522581
      vertex 11.47820725201806 0 100.61229349178414
    endloop
  endfacet
  facet normal -0.995184726672197 0 0.09801714032955908
    outer loop
      vertex 11.6 4.9 100
      vertex 11.569256448645168 0 99.68785548477419
      vertex 11.6 0 100
    endloop
  endfacet
  facet normal -0.995184726672197 0 -0.09801714032955908
    outer loop
      vertex 11.569256448645168 4.9 100.31214451522581
      vertex 11.6 0 100
      vertex 11.569256448645168 0 100.31214451522581
    endloop
  endfacet
  facet normal -0.09801714032956073 0 0.9951847266721968
    outer loop
      vertex 10 4.9 98.4
      vertex 10 0 98.4
      vertex 10.312144515225805 4.9 98.43074355135484
    endloop
  endfacet
  facet normal -0.2902846772544656 0 0.9569403357322079
    outer loop
      vertex 10.312144515225805 4.9 98.43074355135484
      vertex 10.312144515225805 0 98.43074355135484
      vertex 10.612293491784143 4.9 98.52179274798195
    endloop
  endfacet
  facet normal -0.2902846772544656 0 -0.9569403357322079
    outer loop
      vertex 10.312144515225805 4.9 101.56925644864516
      vertex 10.612293491784143 4.9 101.47820725201805
      vertex 10.612293491784143 0 101.47820725201805
    endloop
  endfacet
  facet normal -0.09801714032956073 0 -0.9951847266721968
    outer loop
      vertex 10 4.9 101.6
      vertex 10.312144515225805 4.9 101.56925644864516
      vertex 10.312144515225805 0 101.56925644864516
    endloop
  endfacet
  facet normal -0.4713967368259748 0 0.8819212643483672
    outer loop
      vertex 10.612293491784143 4.9 98.52179274798195
      vertex 10.612293491784143 0 98.52179274798195
      vertex 10.888912372831363 4.9 98.66964862031593
    endloop
  endfacet
  facet normal -0.4713967368259748 0 -0.8819212643483672
    outer loop
      vertex 10.612293491784143 4.9 101.47820725201805
      vertex 10.888912372831363 4.9 101.33035137968407
      vertex 10.888912372831363 0 101.33035137968407
    endloop
  endfacet
  facet normal -0.6343932841636548 0 0.7730104533627294
    outer loop
      vertex 10.888912372831363 4.9 98.66964862031593
      vertex 10.888912372831363 0 98.66964862031593
      vertex 11.131370849898476 4.9 98.86862915010153
    endloop
  endfacet
  facet normal -0.6343932841636548 0 -0.7730104533627294
    outer loop
      vertex 11.131370849898476 4.9 101.13137084989847
      vertex 11.131370849898476 0 101.13137084989847
      vertex 10.888912372831363 4.9 101.33035137968407
    endloop
  endfacet
  facet normal -0.7730104533627418 0 0.6343932841636396
    outer loop
      vertex 11.131370849898476 4.9 98.86862915010153
      vertex 11.131370849898476 0 98.86862915010153
      vertex 11.330351379684073 4.9 99.11108762716864
    endloop
  endfacet
  facet normal -0.8819212643483504 0 0.47139673682600636
    outer loop
      vertex 11.330351379684073 4.9 99.11108762716864
      vertex 11.330351379684073 0 99.11108762716864
      vertex 11.47820725201806 4.9 99.38770650821586
    endloop
  endfacet
  facet normal -0.7730104533627418 0 -0.6343932841636396
    outer loop
      vertex 11.131370849898476 4.9 101.13137084989847
      vertex 11.330351379684073 4.9 100.88891237283136
      vertex 11.330351379684073 0 100.88891237283136
    endloop
  endfacet
  facet normal -0.9569403357322079 0 0.2902846772544651
    outer loop
      vertex 11.47820725201806 4.9 99.38770650821586
      vertex 11.47820725201806 0 99.38770650821586
      vertex 11.569256448645168 4.9 99.68785548477419
    endloop
  endfacet
  facet normal -0.8819212643483504 0 -0.47139673682600636
    outer loop
      vertex 11.330351379684073 4.9 100.88891237283136
      vertex 11.47820725201806 4.9 100.61229349178414
      vertex 11.47820725201806 0 100.61229349178414
    endloop
  endfacet
  facet normal -0.9569403357322079 0 -0.2902846772544651
    outer loop
      vertex 11.569256448645168 4.9 100.31214451522581
      vertex 11.569256448645168 0 100.31214451522581
      vertex 11.47820725201806 4.9 100.61229349178414
    endloop
  endfacet
  facet normal -0.995184726672197 0 0.09801714032955908
    outer loop
      vertex 11.569256448645168 4.9 99.68785548477419
      vertex 11.569256448645168 0 99.68785548477419
      vertex 11.6 4.9 100
    endloop
  endfacet
  facet normal -0.995184726672197 0 -0.09801714032955908
    outer loop
      vertex 11.569256448645168 4.9 100.31214451522581
      vertex 11.6 4.9 100
      vertex 11.6 0 100
    endloop
  endfacet
  facet normal 0 0.995184726672197 0.09801714032955908
    outer loop
      vertex 4.9 8.4 225
      vertex 0 8.430743551354832 224.6878554847742
      vertex 0 8.4 225
    endloop
  endfacet
  facet normal 0 0.995184726672197 -0.09801714032955908
    outer loop
      vertex 4.9 8.430743551354832 225.3121445152258
      vertex 0 8.4 225
      vertex 0 8.430743551354832 225.3121445152258
    endloop
  endfacet
  facet normal 0 0.9569403357322118 0.29028467725445256
    outer loop
      vertex 4.9 8.430743551354832 224.6878554847742
      vertex 0 8.52179274798194 224.38770650821584
      vertex 0 8.430743551354832 224.6878554847742
    endloop
  endfacet
  facet normal 0 0.8819212643483404 0.4713967368260251
    outer loop
      vertex 4.9 8.52179274798194 224.38770650821584
      vertex 0 8.669648620315927 224.11108762716864
      vertex 0 8.52179274798194 224.38770650821584
    endloop
  endfacet
  facet normal 0 0.9569403357322118 -0.29028467725445256
    outer loop
      vertex 4.9 8.52179274798194 225.61229349178416
      vertex 0 8.430743551354832 225.3121445152258
      vertex 0 8.52179274798194 225.61229349178416
    endloop
  endfacet
  facet normal 0 0.7730104533627418 0.6343932841636396
    outer loop
      vertex 4.9 8.669648620315927 224.11108762716864
      vertex 0 8.868629150101524 223.86862915010153
      vertex 0 8.669648620315927 224.11108762716864
    endloop
  endfacet
  facet normal 0 0.8819212643483404 -0.4713967368260251
    outer loop
      vertex 4.9 8.669648620315927 225.88891237283136
      vertex 0 8.52179274798194 225.61229349178416
      vertex 0 8.669648620315927 225.88891237283136
    endloop
  endfacet
  facet normal 0 0.7730104533627418 -0.6343932841636396
    outer loop
      vertex 4.9 8.868629150101524 226.13137084989847
      vertex 0 8.669648620315927 225.88891237283136
      vertex 0 8.868629150101524 226.13137084989847
    endloop
  endfacet
  facet normal 0 0.6343932841636276 0.7730104533627515
    outer loop
      vertex 4.9 8.868629150101524 223.86862915010153
      vertex 0 9.111087627168637 223.66964862031594
      vertex 0 8.868629150101524 223.86862915010153
    endloop
  endfacet
  facet normal 0 0.6343932841636276 -0.7730104533627515
    outer loop
      vertex 4.9 9.111087627168637 226.33035137968406
      vertex 0 8.868629150101524 226.13137084989847
      vertex 0 9.111087627168637 226.33035137968406
    endloop
  endfacet
  facet normal 0 0.4713967368260102 0.8819212643483484
    outer loop
      vertex 4.9 9.111087627168637 223.66964862031594
      vertex 0 9.387706508215857 223.52179274798195
      vertex 0 9.111087627168637 223.66964862031594
    endloop
  endfacet
  facet normal 0 0.4713967368260102 -0.8819212643483484
    outer loop
      vertex 4.9 9.387706508215857 226.47820725201805
      vertex 0 9.111087627168637 226.33035137968406
      vertex 0 9.387706508215857 226.47820725201805
    endloop
  endfacet
  facet normal 0 0.2902846772545071 0.9569403357321953
    outer loop
      vertex 4.9 9.387706508215857 223.52179274798195
      vertex 0 9.687855484774195 223.43074355135482
      vertex 0 9.387706508215857 223.52179274798195
    endloop
  endfacet
  facet normal 0 0.2902846772545071 -0.9569403357321953
    outer loop
      vertex 4.9 9.687855484774195 226.56925644864518
      vertex 0 9.387706508215857 226.47820725201805
      vertex 0 9.687855484774195 226.56925644864518
    endloop
  endfacet
  facet normal 0 0.09801714032951586 0.9951847266722013
    outer loop
      vertex 4.9 9.687855484774195 223.43074355135482
      vertex 0 10 223.4
      vertex 0 9.687855484774195 223.43074355135482
    endloop
  endfacet
  facet normal 0 0.09801714032951586 -0.9951847266722013
    outer loop
      vertex 4.9 10 226.6
      vertex 0 9.687855484774195 226.56925644864518
      vertex 0 10 226.6
    endloop
  endfacet
  facet normal 0 0.995184726672197 0.09801714032955908
    outer loop
      vertex 4.9 8.4 225
      vertex 4.9 8.430743551354832 224.6878554847742
      vertex 0 8.430743551354832 224.6878554847742
    endloop
  endfacet
  facet normal 0 0.995184726672197 -0.09801714032955908
    outer loop
      vertex 4.9 8.4 225
      vertex 0 8.4 225
      vertex 4.9 8.430743551354832 225.3121445152258
    endloop
  endfacet
  facet normal 0 0.9569403357322118 0.29028467725445256
    outer loop
      vertex 4.9 8.430743551354832 224.6878554847742
      vertex 4.9 8.52179274798194 224.38770650821584
      vertex 0 8.52179274798194 224.38770650821584
    endloop
  endfacet
  facet normal 0 0.9569403357322118 -0.29028467725445256
    outer loop
      vertex 4.9 8.430743551354832 225.3121445152258
      vertex 0 8.430743551354832 225.3121445152258
      vertex 4.9 8.52179274798194 225.61229349178416
    endloop
  endfacet
  facet normal 0 0.8819212643483404 -0.4713967368260251
    outer loop
      vertex 4.9 8.52179274798194 225.61229349178416
      vertex 0 8.52179274798194 225.61229349178416
      vertex 4.9 8.669648620315927 225.88891237283136
    endloop
  endfacet
  facet normal 0 0.8819212643483404 0.4713967368260251
    outer loop
      vertex 4.9 8.52179274798194 224.38770650821584
      vertex 4.9 8.669648620315927 224.11108762716864
      vertex 0 8.669648620315927 224.11108762716864
    endloop
  endfacet
  facet normal 0 0.7730104533627418 -0.6343932841636396
    outer loop
      vertex 4.9 8.669648620315927 225.88891237283136
      vertex 0 8.669648620315927 225.88891237283136
      vertex 4.9 8.868629150101524 226.13137084989847
    endloop
  endfacet
  facet normal 0 0.7730104533627418 0.6343932841636396
    outer loop
      vertex 4.9 8.669648620315927 224.11108762716864
      vertex 4.9 8.868629150101524 223.86862915010153
      vertex 0 8.868629150101524 223.86862915010153
    endloop
  endfacet
  facet normal 0 0.6343932841636276 0.7730104533627515
    outer loop
      vertex 4.9 8.868629150101524 223.86862915010153
      vertex 4.9 9.111087627168637 223.66964862031594
      vertex 0 9.111087627168637 223.66964862031594
    endloop
  endfacet
  facet normal 0 0.6343932841636276 -0.7730104533627515
    outer loop
      vertex 4.9 8.868629150101524 226.13137084989847
      vertex 0 8.868629150101524 226.13137084989847
      vertex 4.9 9.111087627168637 226.33035137968406
    endloop
  endfacet
  facet normal 0 0.4713967368260102 -0.8819212643483484
    outer loop
      vertex 4.9 9.111087627168637 226.33035137968406
      vertex 0 9.111087627168637 226.33035137968406
      vertex 4.9 9.387706508215857 226.47820725201805
    endloop
  endfacet
  facet normal 0 0.4713967368260102 0.8819212643483484
    outer loop
      vertex 4.9 9.111087627168637 223.66964862031594
      vertex 4.9 9.387706508215857 223.52179274798195
      vertex 0 9.387706508215857 223.52179274798195
    endloop
  endfacet
  facet normal 0 0.2902846772545071 -0.9569403357321953
    outer loop
      vertex 4.9 9.387706508215857 226.47820725201805
      vertex 0 9.387706508215857 226.47820725201805
      vertex 4.9 9.687855484774195 226.56925644864518
    endloop
  endfacet
  facet normal 0 0.2902846772545071 0.9569403357321953
    outer loop
      vertex 4.9 9.387706508215857 223.52179274798195
      vertex 4.9 9.687855484774195 223.43074355135482
      vertex 0 9.687855484774195 223.43074355135482
    endloop
  endfacet
  facet normal 0 0.09801714032951586 0.9951847266722013
    outer loop
      vertex 4.9 9.687855484774195 223.43074355135482
      vertex 4.9 10 223.4
      vertex 0 10 223.4
    endloop
  endfacet
  facet normal 0 0.09801714032951586 -0.9951847266722013
    outer loop
      vertex 4.9 9.687855484774195 226.56925644864518
      vertex 0 9.687855484774195 226.56925644864518
      vertex 4.9 10 226.6
    endloop
  endfacet
  facet normal 0 -0.09801714032951586 0.9951847266722013
    outer loop
      vertex 4.9 10 223.4
      vertex 0 10.312144515225805 223.43074355135482
      vertex 0 10 223.4
    endloop
  endfacet
  facet normal 0 -0.2902846772545071 0.9569403357321953
    outer loop
      vertex 4.9 10.312144515225805 223.43074355135482
      vertex 0 10.612293491784143 223.52179274798195
      vertex 0 10.312144515225805 223.43074355135482
    endloop
  endfacet
  facet normal 0 -0.2902846772545071 -0.9569403357321953
    outer loop
      vertex 4.9 10.612293491784143 226.47820725201805
      vertex 0 10.312144515225805 226.56925644864518
      vertex 0 10.612293491784143 226.47820725201805
    endloop
  endfacet
  facet normal 0 -0.09801714032951586 -0.9951847266722013
    outer loop
      vertex 4.9 10.312144515225805 226.56925644864518
      vertex 0 10 226.6
      vertex 0 10.312144515225805 226.56925644864518
    endloop
  endfacet
  facet normal 0 -0.4713967368260102 0.8819212643483484
    outer loop
      vertex 4.9 10.612293491784143 223.52179274798195
      vertex 0 10.888912372831363 223.66964862031594
      vertex 0 10.612293491784143 223.52179274798195
    endloop
  endfacet
  facet normal 0 -0.4713967368260102 -0.8819212643483484
    outer loop
      vertex 4.9 10.888912372831363 226.33035137968406
      vertex 0 10.612293491784143 226.47820725201805
      vertex 0 10.888912372831363 226.33035137968406
    endloop
  endfacet
  facet normal 0 -0.6343932841636276 0.7730104533627515
    outer loop
      vertex 4.9 10.888912372831363 223.66964862031594
      vertex 0 11.131370849898476 223.86862915010153
      vertex 0 10.888912372831363 223.66964862031594
    endloop
  endfacet
  facet normal 0 -0.6343932841636276 -0.7730104533627515
    outer loop
      vertex 4.9 11.131370849898476 226.13137084989847
      vertex 0 10.888912372831363 226.33035137968406
      vertex 0 11.131370849898476 226.13137084989847
    endloop
  endfacet
  facet normal 0 -0.7730104533627418 0.6343932841636396
    outer loop
      vertex 4.9 11.131370849898476 223.86862915010153
      vertex 0 11.330351379684073 224.11108762716864
      vertex 0 11.131370849898476 223.86862915010153
    endloop
  endfacet
  facet normal 0 -0.8819212643483404 0.4713967368260251
    outer loop
      vertex 4.9 11.330351379684073 224.11108762716864
      vertex 0 11.47820725201806 224.38770650821584
      vertex 0 11.330351379684073 224.11108762716864
    endloop
  endfacet
  facet normal 0 -0.7730104533627418 -0.6343932841636396
    outer loop
      vertex 4.9 11.330351379684073 225.88891237283136
      vertex 0 11.131370849898476 226.13137084989847
      vertex 0 11.330351379684073 225.88891237283136
    endloop
  endfacet
  facet normal 0 -0.9569403357322118 0.29028467725445256
    outer loop
      vertex 4.9 11.47820725201806 224.38770650821584
      vertex 0 11.569256448645168 224.6878554847742
      vertex 0 11.47820725201806 224.38770650821584
    endloop
  endfacet
  facet normal 0 -0.8819212643483404 -0.4713967368260251
    outer loop
      vertex 4.9 11.47820725201806 225.61229349178416
      vertex 0 11.330351379684073 225.88891237283136
      vertex 0 11.47820725201806 225.61229349178416
    endloop
  endfacet
  facet normal 0 -0.9569403357322118 -0.29028467725445256
    outer loop
      vertex 4.9 11.569256448645168 225.3121445152258
      vertex 0 11.47820725201806 225.61229349178416
      vertex 0 11.569256448645168 225.3121445152258
    endloop
  endfacet
  facet normal 0 -0.995184726672197 0.09801714032955908
    outer loop
      vertex 4.9 11.569256448645168 224.6878554847742
      vertex 0 11.6 225
      vertex 0 11.569256448645168 224.6878554847742
    endloop
  endfacet
  facet normal 0 -0.995184726672197 -0.09801714032955908
    outer loop
      vertex 4.9 11.6 225
      vertex 0 11.569256448645168 225.3121445152258
      vertex 0 11.6 225
    endloop
  endfacet
  facet normal 0 -0.09801714032951586 0.9951847266722013
    outer loop
      vertex 4.9 10 223.4
      vertex 4.9 10.312144515225805 223.43074355135482
      vertex 0 10.312144515225805 223.43074355135482
    endloop
  endfacet
  facet normal 0 -0.2902846772545071 -0.9569403357321953
    outer loop
      vertex 4.9 10.312144515225805 226.56925644864518
      vertex 0 10.312144515225805 226.56925644864518
      vertex 4.9 10.612293491784143 226.47820725201805
    endloop
  endfacet
  facet normal 0 -0.2902846772545071 0.9569403357321953
    outer loop
      vertex 4.9 10.312144515225805 223.43074355135482
      vertex 4.9 10.612293491784143 223.52179274798195
      vertex 0 10.612293491784143 223.52179274798195
    endloop
  endfacet
  facet normal 0 -0.09801714032951586 -0.9951847266722013
    outer loop
      vertex 4.9 10 226.6
      vertex 0 10 226.6
      vertex 4.9 10.312144515225805 226.56925644864518
    endloop
  endfacet
  facet normal 0 -0.4713967368260102 -0.8819212643483484
    outer loop
      vertex 4.9 10.612293491784143 226.47820725201805
      vertex 0 10.612293491784143 226.47820725201805
      vertex 4.9 10.888912372831363 226.33035137968406
    endloop
  endfacet
  facet normal 0 -0.4713967368260102 0.8819212643483484
    outer loop
      vertex 4.9 10.612293491784143 223.52179274798195
      vertex 4.9 10.888912372831363 223.66964862031594
      vertex 0 10.888912372831363 223.66964862031594
    endloop
  endfacet
  facet normal 0 -0.6343932841636276 0.7730104533627515
    outer loop
      vertex 4.9 10.888912372831363 223.66964862031594
      vertex 4.9 11.131370849898476 223.86862915010153
      vertex 0 11.131370849898476 223.86862915010153
    endloop
  endfacet
  facet normal 0 -0.6343932841636276 -0.7730104533627515
    outer loop
      vertex 4.9 10.888912372831363 226.33035137968406
      vertex 0 10.888912372831363 226.33035137968406
      vertex 4.9 11.131370849898476 226.13137084989847
    endloop
  endfacet
  facet normal 0 -0.7730104533627418 -0.6343932841636396
    outer loop
      vertex 4.9 11.131370849898476 226.13137084989847
      vertex 0 11.131370849898476 226.13137084989847
      vertex 4.9 11.330351379684073 225.88891237283136
    endloop
  endfacet
  facet normal 0 -0.7730104533627418 0.6343932841636396
    outer loop
      vertex 4.9 11.131370849898476 223.86862915010153
      vertex 4.9 11.330351379684073 224.11108762716864
      vertex 0 11.330351379684073 224.11108762716864
    endloop
  endfacet
  facet normal 0 -0.8819212643483404 -0.4713967368260251
    outer loop
      vertex 4.9 11.330351379684073 225.88891237283136
      vertex 0 11.330351379684073 225.88891237283136
      vertex 4.9 11.47820725201806 225.61229349178416
    endloop
  endfacet
  facet normal 0 -0.8819212643483404 0.4713967368260251
    outer loop
      vertex 4.9 11.330351379684073 224.11108762716864
      vertex 4.9 11.47820725201806 224.38770650821584
      vertex 0 11.47820725201806 224.38770650821584
    endloop
  endfacet
  facet normal 0 -0.9569403357322118 0.29028467725445256
    outer loop
      vertex 4.9 11.47820725201806 224.38770650821584
      vertex 4.9 11.569256448645168 224.6878554847742
      vertex 0 11.569256448645168 224.6878554847742
    endloop
  endfacet
  facet normal 0 -0.9569403357322118 -0.29028467725445256
    outer loop
      vertex 4.9 11.47820725201806 225.61229349178416
      vertex 0 11.47820725201806 225.61229349178416
      vertex 4.9 11.569256448645168 225.3121445152258
    endloop
  endfacet
  facet normal 0 -0.995184726672197 0.09801714032955908
    outer loop
      vertex 4.9 11.569256448645168 224.6878554847742
      vertex 4.9 11.6 225
      vertex 0 11.6 225
    endloop
  endfacet
  facet normal 0 -0.995184726672197 -0.09801714032955908
    outer loop
      vertex 4.9 11.6 225
      vertex 4.9 11.569256448645168 225.3121445152258
      vertex 0 11.569256448645168 225.3121445152258
    endloop
  endfacet
  facet normal 0 0.995184726672197 0.09801714032955908
    outer loop
      vertex 4.9 8.4 175
      vertex 0 8.430743551354832 174.6878554847742
      vertex 0 8.4 175
    endloop
  endfacet
  facet normal 0 0.995184726672197 -0.09801714032955908
    outer loop
      vertex 4.9 8.430743551354832 175.3121445152258
      vertex 0 8.4 175
      vertex 0 8.430743551354832 175.3121445152258
    endloop
  endfacet
  facet normal 0 0.9569403357322118 0.29028467725445256
    outer loop
      vertex 4.9 8.430743551354832 174.6878554847742
      vertex 0 8.52179274798194 174.38770650821584
      vertex 0 8.430743551354832 174.6878554847742
    endloop
  endfacet
  facet normal 0 0.9569403357322118 -0.29028467725445256
    outer loop
      vertex 4.9 8.52179274798194 175.61229349178416
      vertex 0 8.430743551354832 175.3121445152258
      vertex 0 8.52179274798194 175.61229349178416
    endloop
  endfacet
  facet normal 0 0.8819212643483404 0.4713967368260251
    outer loop
      vertex 4.9 8.52179274798194 174.38770650821584
      vertex 0 8.669648620315927 174.11108762716864
      vertex 0 8.52179274798194 174.38770650821584
    endloop
  endfacet
  facet normal 0 0.7730104533627418 0.6343932841636396
    outer loop
      vertex 4.9 8.669648620315927 174.11108762716864
      vertex 0 8.868629150101524 173.86862915010153
      vertex 0 8.669648620315927 174.11108762716864
    endloop
  endfacet
  facet normal 0 0.8819212643483404 -0.4713967368260251
    outer loop
      vertex 4.9 8.669648620315927 175.88891237283136
      vertex 0 8.52179274798194 175.61229349178416
      vertex 0 8.669648620315927 175.88891237283136
    endloop
  endfacet
  facet normal 0 0.6343932841636276 0.7730104533627515
    outer loop
      vertex 4.9 8.868629150101524 173.86862915010153
      vertex 0 9.111087627168637 173.66964862031594
      vertex 0 8.868629150101524 173.86862915010153
    endloop
  endfacet
  facet normal 0 0.7730104533627418 -0.6343932841636396
    outer loop
      vertex 4.9 8.868629150101524 176.13137084989847
      vertex 0 8.669648620315927 175.88891237283136
      vertex 0 8.868629150101524 176.13137084989847
    endloop
  endfacet
  facet normal 0 0.6343932841636276 -0.7730104533627515
    outer loop
      vertex 4.9 9.111087627168637 176.33035137968406
      vertex 0 8.868629150101524 176.13137084989847
      vertex 0 9.111087627168637 176.33035137968406
    endloop
  endfacet
  facet normal 0 0.4713967368260102 0.8819212643483484
    outer loop
      vertex 4.9 9.111087627168637 173.66964862031594
      vertex 0 9.387706508215857 173.52179274798195
      vertex 0 9.111087627168637 173.66964862031594
    endloop
  endfacet
  facet normal 0 0.4713967368260102 -0.8819212643483484
    outer loop
      vertex 4.9 9.387706508215857 176.47820725201805
      vertex 0 9.111087627168637 176.33035137968406
      vertex 0 9.387706508215857 176.47820725201805
    endloop
  endfacet
  facet normal 0 0.2902846772545071 0.9569403357321953
    outer loop
      vertex 4.9 9.387706508215857 173.52179274798195
      vertex 0 9.687855484774195 173.43074355135482
      vertex 0 9.387706508215857 173.52179274798195
    endloop
  endfacet
  facet normal 0 0.2902846772545071 -0.9569403357321953
    outer loop
      vertex 4.9 9.687855484774195 176.56925644864518
      vertex 0 9.387706508215857 176.47820725201805
      vertex 0 9.687855484774195 176.56925644864518
    endloop
  endfacet
  facet normal 0 0.09801714032951586 0.9951847266722013
    outer loop
      vertex 4.9 9.687855484774195 173.43074355135482
      vertex 0 10 173.4
      vertex 0 9.687855484774195 173.43074355135482
    endloop
  endfacet
  facet normal 0 0.09801714032951586 -0.9951847266722013
    outer loop
      vertex 4.9 10 176.6
      vertex 0 9.687855484774195 176.56925644864518
      vertex 0 10 176.6
    endloop
  endfacet
  facet normal 0 0.995184726672197 0.09801714032955908
    outer loop
      vertex 4.9 8.4 175
      vertex 4.9 8.430743551354832 174.6878554847742
      vertex 0 8.430743551354832 174.6878554847742
    endloop
  endfacet
  facet normal 0 0.995184726672197 -0.09801714032955908
    outer loop
      vertex 4.9 8.4 175
      vertex 0 8.4 175
      vertex 4.9 8.430743551354832 175.3121445152258
    endloop
  endfacet
  facet normal 0 0.9569403357322118 0.29028467725445256
    outer loop
      vertex 4.9 8.430743551354832 174.6878554847742
      vertex 4.9 8.52179274798194 174.38770650821584
      vertex 0 8.52179274798194 174.38770650821584
    endloop
  endfacet
  facet normal 0 0.9569403357322118 -0.29028467725445256
    outer loop
      vertex 4.9 8.430743551354832 175.3121445152258
      vertex 0 8.430743551354832 175.3121445152258
      vertex 4.9 8.52179274798194 175.61229349178416
    endloop
  endfacet
  facet normal 0 0.8819212643483404 -0.4713967368260251
    outer loop
      vertex 4.9 8.52179274798194 175.61229349178416
      vertex 0 8.52179274798194 175.61229349178416
      vertex 4.9 8.669648620315927 175.88891237283136
    endloop
  endfacet
  facet normal 0 0.8819212643483404 0.4713967368260251
    outer loop
      vertex 4.9 8.52179274798194 174.38770650821584
      vertex 4.9 8.669648620315927 174.11108762716864
      vertex 0 8.669648620315927 174.11108762716864
    endloop
  endfacet
  facet normal 0 0.7730104533627418 -0.6343932841636396
    outer loop
      vertex 4.9 8.669648620315927 175.88891237283136
      vertex 0 8.669648620315927 175.88891237283136
      vertex 4.9 8.868629150101524 176.13137084989847
    endloop
  endfacet
  facet normal 0 0.7730104533627418 0.6343932841636396
    outer loop
      vertex 4.9 8.669648620315927 174.11108762716864
      vertex 4.9 8.868629150101524 173.86862915010153
      vertex 0 8.868629150101524 173.86862915010153
    endloop
  endfacet
  facet normal 0 0.6343932841636276 0.7730104533627515
    outer loop
      vertex 4.9 8.868629150101524 173.86862915010153
      vertex 4.9 9.111087627168637 173.66964862031594
      vertex 0 9.111087627168637 173.66964862031594
    endloop
  endfacet
  facet normal 0 0.6343932841636276 -0.7730104533627515
    outer loop
      vertex 4.9 8.868629150101524 176.13137084989847
      vertex 0 8.868629150101524 176.13137084989847
      vertex 4.9 9.111087627168637 176.33035137968406
    endloop
  endfacet
  facet normal 0 0.4713967368260102 0.8819212643483484
    outer loop
      vertex 4.9 9.111087627168637 173.66964862031594
      vertex 4.9 9.387706508215857 173.52179274798195
      vertex 0 9.387706508215857 173.52179274798195
    endloop
  endfacet
  facet normal 0 0.4713967368260102 -0.8819212643483484
    outer loop
      vertex 4.9 9.111087627168637 176.33035137968406
      vertex 0 9.111087627168637 176.33035137968406
      vertex 4.9 9.387706508215857 176.47820725201805
    endloop
  endfacet
  facet normal 0 0.2902846772545071 0.9569403357321953
    outer loop
      vertex 4.9 9.387706508215857 173.52179274798195
      vertex 4.9 9.687855484774195 173.43074355135482
      vertex 0 9.687855484774195 173.43074355135482
    endloop
  endfacet
  facet normal 0 0.2902846772545071 -0.9569403357321953
    outer loop
      vertex 4.9 9.387706508215857 176.47820725201805
      vertex 0 9.387706508215857 176.47820725201805
      vertex 4.9 9.687855484774195 176.56925644864518
    endloop
  endfacet
  facet normal 0 0.09801714032951586 0.9951847266722013
    outer loop
      vertex 4.9 9.687855484774195 173.43074355135482
      vertex 4.9 10 173.4
      vertex 0 10 173.4
    endloop
  endfacet
  facet normal 0 0.09801714032951586 -0.9951847266722013
    outer loop
      vertex 4.9 9.687855484774195 176.56925644864518
      vertex 0 9.687855484774195 176.56925644864518
      vertex 4.9 10 176.6
    endloop
  endfacet
  facet normal 0 -0.09801714032951586 0.9951847266722013
    outer loop
      vertex 4.9 10 173.4
      vertex 0 10.312144515225805 173.43074355135482
      vertex 0 10 173.4
    endloop
  endfacet
  facet normal 0 -0.09801714032951586 -0.9951847266722013
    outer loop
      vertex 4.9 10.312144515225805 176.56925644864518
      vertex 0 10 176.6
      vertex 0 10.312144515225805 176.56925644864518
    endloop
  endfacet
  facet normal 0 -0.2902846772545071 0.9569403357321953
    outer loop
      vertex 4.9 10.312144515225805 173.43074355135482
      vertex 0 10.612293491784143 173.52179274798195
      vertex 0 10.312144515225805 173.43074355135482
    endloop
  endfacet
  facet normal 0 -0.2902846772545071 -0.9569403357321953
    outer loop
      vertex 4.9 10.612293491784143 176.47820725201805
      vertex 0 10.312144515225805 176.56925644864518
      vertex 0 10.612293491784143 176.47820725201805
    endloop
  endfacet
  facet normal 0 -0.4713967368260102 0.8819212643483484
    outer loop
      vertex 4.9 10.612293491784143 173.52179274798195
      vertex 0 10.888912372831363 173.66964862031594
      vertex 0 10.612293491784143 173.52179274798195
    endloop
  endfacet
  facet normal 0 -0.4713967368260102 -0.8819212643483484
    outer loop
      vertex 4.9 10.888912372831363 176.33035137968406
      vertex 0 10.612293491784143 176.47820725201805
      vertex 0 10.888912372831363 176.33035137968406
    endloop
  endfacet
  facet normal 0 -0.6343932841636276 0.7730104533627515
    outer loop
      vertex 4.9 10.888912372831363 173.66964862031594
      vertex 0 11.131370849898476 173.86862915010153
      vertex 0 10.888912372831363 173.66964862031594
    endloop
  endfacet
  facet normal 0 -0.7730104533627418 0.6343932841636396
    outer loop
      vertex 4.9 11.131370849898476 173.86862915010153
      vertex 0 11.330351379684073 174.11108762716864
      vertex 0 11.131370849898476 173.86862915010153
    endloop
  endfacet
  facet normal 0 -0.6343932841636276 -0.7730104533627515
    outer loop
      vertex 4.9 11.131370849898476 176.13137084989847
      vertex 0 10.888912372831363 176.33035137968406
      vertex 0 11.131370849898476 176.13137084989847
    endloop
  endfacet
  facet normal 0 -0.8819212643483404 0.4713967368260251
    outer loop
      vertex 4.9 11.330351379684073 174.11108762716864
      vertex 0 11.47820725201806 174.38770650821584
      vertex 0 11.330351379684073 174.11108762716864
    endloop
  endfacet
  facet normal 0 -0.8819212643483404 -0.4713967368260251
    outer loop
      vertex 4.9 11.47820725201806 175.61229349178416
      vertex 0 11.330351379684073 175.88891237283136
      vertex 0 11.47820725201806 175.61229349178416
    endloop
  endfacet
  facet normal 0 -0.9569403357322118 0.29028467725445256
    outer loop
      vertex 4.9 11.47820725201806 174.38770650821584
      vertex 0 11.569256448645168 174.6878554847742
      vertex 0 11.47820725201806 174.38770650821584
    endloop
  endfacet
  facet normal 0 -0.9569403357322118 -0.29028467725445256
    outer loop
      vertex 4.9 11.569256448645168 175.3121445152258
      vertex 0 11.47820725201806 175.61229349178416
      vertex 0 11.569256448645168 175.3121445152258
    endloop
  endfacet
  facet normal 0 -0.7730104533627418 -0.6343932841636396
    outer loop
      vertex 4.9 11.330351379684073 175.88891237283136
      vertex 0 11.131370849898476 176.13137084989847
      vertex 0 11.330351379684073 175.88891237283136
    endloop
  endfacet
  facet normal 0 -0.995184726672197 0.09801714032955908
    outer loop
      vertex 4.9 11.569256448645168 174.6878554847742
      vertex 0 11.6 175
      vertex 0 11.569256448645168 174.6878554847742
    endloop
  endfacet
  facet normal 0 -0.995184726672197 -0.09801714032955908
    outer loop
      vertex 4.9 11.6 175
      vertex 0 11.569256448645168 175.3121445152258
      vertex 0 11.6 175
    endloop
  endfacet
  facet normal 0 -0.09801714032951586 0.9951847266722013
    outer loop
      vertex 4.9 10 173.4
      vertex 4.9 10.312144515225805 173.43074355135482
      vertex 0 10.312144515225805 173.43074355135482
    endloop
  endfacet
  facet normal 0 -0.09801714032951586 -0.9951847266722013
    outer loop
      vertex 4.9 10 176.6
      vertex 0 10 176.6
      vertex 4.9 10.312144515225805 176.56925644864518
    endloop
  endfacet
  facet normal 0 -0.2902846772545071 0.9569403357321953
    outer loop
      vertex 4.9 10.312144515225805 173.43074355135482
      vertex 4.9 10.612293491784143 173.52179274798195
      vertex 0 10.612293491784143 173.52179274798195
    endloop
  endfacet
  facet normal 0 -0.2902846772545071 -0.9569403357321953
    outer loop
      vertex 4.9 10.312144515225805 176.56925644864518
      vertex 0 10.312144515225805 176.56925644864518
      vertex 4.9 10.612293491784143 176.47820725201805
    endloop
  endfacet
  facet normal 0 -0.4713967368260102 0.8819212643483484
    outer loop
      vertex 4.9 10.612293491784143 173.52179274798195
      vertex 4.9 10.888912372831363 173.66964862031594
      vertex 0 10.888912372831363 173.66964862031594
    endloop
  endfacet
  facet normal 0 -0.4713967368260102 -0.8819212643483484
    outer loop
      vertex 4.9 10.612293491784143 176.47820725201805
      vertex 0 10.612293491784143 176.47820725201805
      vertex 4.9 10.888912372831363 176.33035137968406
    endloop
  endfacet
  facet normal 0 -0.6343932841636276 0.7730104533627515
    outer loop
      vertex 4.9 10.888912372831363 173.66964862031594
      vertex 4.9 11.131370849898476 173.86862915010153
      vertex 0 11.131370849898476 173.86862915010153
    endloop
  endfacet
  facet normal 0 -0.6343932841636276 -0.7730104533627515
    outer loop
      vertex 4.9 10.888912372831363 176.33035137968406
      vertex 0 10.888912372831363 176.33035137968406
      vertex 4.9 11.131370849898476 176.13137084989847
    endloop
  endfacet
  facet normal 0 -0.7730104533627418 -0.6343932841636396
    outer loop
      vertex 4.9 11.131370849898476 176.13137084989847
      vertex 0 11.131370849898476 176.13137084989847
      vertex 4.9 11.330351379684073 175.88891237283136
    endloop
  endfacet
  facet normal 0 -0.7730104533627418 0.6343932841636396
    outer loop
      vertex 4.9 11.131370849898476 173.86862915010153
      vertex 4.9 11.330351379684073 174.11108762716864
      vertex 0 11.330351379684073 174.11108762716864
    endloop
  endfacet
  facet normal 0 -0.8819212643483404 0.4713967368260251
    outer loop
      vertex 4.9 11.330351379684073 174.11108762716864
      vertex 4.9 11.47820725201806 174.38770650821584
      vertex 0 11.47820725201806 174.38770650821584
    endloop
  endfacet
  facet normal 0 -0.9569403357322118 0.29028467725445256
    outer loop
      vertex 4.9 11.47820725201806 174.38770650821584
      vertex 4.9 11.569256448645168 174.6878554847742
      vertex 0 11.569256448645168 174.6878554847742
    endloop
  endfacet
  facet normal 0 -0.9569403357322118 -0.29028467725445256
    outer loop
      vertex 4.9 11.47820725201806 175.61229349178416
      vertex 0 11.47820725201806 175.61229349178416
      vertex 4.9 11.569256448645168 175.3121445152258
    endloop
  endfacet
  facet normal 0 -0.8819212643483404 -0.4713967368260251
    outer loop
      vertex 4.9 11.47820725201806 175.61229349178416
      vertex 4.9 11.330351379684073 175.88891237283136
      vertex 0 11.330351379684073 175.88891237283136
    endloop
  endfacet
  facet normal 0 -0.995184726672197 -0.09801714032955908
    outer loop
      vertex 4.9 11.6 175
      vertex 4.9 11.569256448645168 175.3121445152258
      vertex 0 11.569256448645168 175.3121445152258
    endloop
  endfacet
  facet normal 0 -0.995184726672197 0.09801714032955908
    outer loop
      vertex 4.9 11.569256448645168 174.6878554847742
      vertex 4.9 11.6 175
      vertex 0 11.6 175
    endloop
  endfacet
  facet normal 0 0.995184726672197 0.09801714032955908
    outer loop
      vertex 4.9 8.4 125
      vertex 0 8.430743551354832 124.68785548477419
      vertex 0 8.4 125
    endloop
  endfacet
  facet normal 0 0.9569403357322079 0.2902846772544651
    outer loop
      vertex 4.9 8.430743551354832 124.68785548477419
      vertex 0 8.52179274798194 124.38770650821586
      vertex 0 8.430743551354832 124.68785548477419
    endloop
  endfacet
  facet normal 0 0.8819212643483504 0.47139673682600636
    outer loop
      vertex 4.9 8.52179274798194 124.38770650821586
      vertex 0 8.669648620315927 124.11108762716864
      vertex 0 8.52179274798194 124.38770650821586
    endloop
  endfacet
  facet normal 0 0.7730104533627418 0.6343932841636396
    outer loop
      vertex 4.9 8.669648620315927 124.11108762716864
      vertex 0 8.868629150101524 123.86862915010153
      vertex 0 8.669648620315927 124.11108762716864
    endloop
  endfacet
  facet normal 0 0.6343932841636548 0.7730104533627294
    outer loop
      vertex 4.9 8.868629150101524 123.86862915010153
      vertex 0 9.111087627168637 123.66964862031593
      vertex 0 8.868629150101524 123.86862915010153
    endloop
  endfacet
  facet normal 0 0.4713967368259748 0.8819212643483672
    outer loop
      vertex 4.9 9.111087627168637 123.66964862031593
      vertex 0 9.387706508215857 123.52179274798195
      vertex 0 9.111087627168637 123.66964862031593
    endloop
  endfacet
  facet normal 0 0.2902846772544656 0.9569403357322079
    outer loop
      vertex 4.9 9.387706508215857 123.52179274798195
      vertex 0 9.687855484774195 123.43074355135484
      vertex 0 9.387706508215857 123.52179274798195
    endloop
  endfacet
  facet normal 0 0.09801714032956073 0.9951847266721968
    outer loop
      vertex 4.9 9.687855484774195 123.43074355135484
      vertex 0 10 123.4
      vertex 0 9.687855484774195 123.43074355135484
    endloop
  endfacet
  facet normal 0 0.995184726672197 0.09801714032955908
    outer loop
      vertex 4.9 8.430743551354832 124.68785548477419
      vertex 0 8.430743551354832 124.68785548477419
      vertex 4.9 8.4 125
    endloop
  endfacet
  facet normal 0 0.9569403357322079 0.2902846772544651
    outer loop
      vertex 4.9 8.430743551354832 124.68785548477419
      vertex 4.9 8.52179274798194 124.38770650821586
      vertex 0 8.52179274798194 124.38770650821586
    endloop
  endfacet
  facet normal 0 0.8819212643483504 0.47139673682600636
    outer loop
      vertex 4.9 8.52179274798194 124.38770650821586
      vertex 4.9 8.669648620315927 124.11108762716864
      vertex 0 8.669648620315927 124.11108762716864
    endloop
  endfacet
  facet normal 0 0.7730104533627418 0.6343932841636396
    outer loop
      vertex 4.9 8.669648620315927 124.11108762716864
      vertex 4.9 8.868629150101524 123.86862915010153
      vertex 0 8.868629150101524 123.86862915010153
    endloop
  endfacet
  facet normal 0 0.6343932841636548 0.7730104533627294
    outer loop
      vertex 4.9 8.868629150101524 123.86862915010153
      vertex 4.9 9.111087627168637 123.66964862031593
      vertex 0 9.111087627168637 123.66964862031593
    endloop
  endfacet
  facet normal 0 0.4713967368259748 0.8819212643483672
    outer loop
      vertex 4.9 9.111087627168637 123.66964862031593
      vertex 4.9 9.387706508215857 123.52179274798195
      vertex 0 9.387706508215857 123.52179274798195
    endloop
  endfacet
  facet normal 0 0.2902846772544656 0.9569403357322079
    outer loop
      vertex 4.9 9.387706508215857 123.52179274798195
      vertex 4.9 9.687855484774195 123.43074355135484
      vertex 0 9.687855484774195 123.43074355135484
    endloop
  endfacet
  facet normal 0 0.09801714032956073 0.9951847266721968
    outer loop
      vertex 4.9 9.687855484774195 123.43074355135484
      vertex 4.9 10 123.4
      vertex 0 10 123.4
    endloop
  endfacet
  facet normal 0 0.995184726672197 -0.09801714032955908
    outer loop
      vertex 4.9 8.430743551354832 125.31214451522581
      vertex 0 8.4 125
      vertex 0 8.430743551354832 125.31214451522581
    endloop
  endfacet
  facet normal 0 0.9569403357322079 -0.2902846772544651
    outer loop
      vertex 4.9 8.52179274798194 125.61229349178414
      vertex 0 8.430743551354832 125.31214451522581
      vertex 0 8.52179274798194 125.61229349178414
    endloop
  endfacet
  facet normal 0 0.8819212643483504 -0.47139673682600636
    outer loop
      vertex 4.9 8.669648620315927 125.88891237283136
      vertex 0 8.52179274798194 125.61229349178414
      vertex 0 8.669648620315927 125.88891237283136
    endloop
  endfacet
  facet normal 0 0.7730104533627418 -0.6343932841636396
    outer loop
      vertex 4.9 8.868629150101524 126.13137084989847
      vertex 0 8.669648620315927 125.88891237283136
      vertex 0 8.868629150101524 126.13137084989847
    endloop
  endfacet
  facet normal 0 0.6343932841636548 -0.7730104533627294
    outer loop
      vertex 4.9 9.111087627168637 126.33035137968407
      vertex 0 8.868629150101524 126.13137084989847
      vertex 0 9.111087627168637 126.33035137968407
    endloop
  endfacet
  facet normal 0 0.4713967368259748 -0.8819212643483672
    outer loop
      vertex 4.9 9.387706508215857 126.47820725201805
      vertex 0 9.111087627168637 126.33035137968407
      vertex 0 9.387706508215857 126.47820725201805
    endloop
  endfacet
  facet normal 0 0.2902846772544656 -0.9569403357322079
    outer loop
      vertex 4.9 9.687855484774195 126.56925644864516
      vertex 0 9.387706508215857 126.47820725201805
      vertex 0 9.687855484774195 126.56925644864516
    endloop
  endfacet
  facet normal 0 0.09801714032956073 -0.9951847266721968
    outer loop
      vertex 4.9 10 126.6
      vertex 0 9.687855484774195 126.56925644864516
      vertex 0 10 126.6
    endloop
  endfacet
  facet normal 0 0.995184726672197 -0.09801714032955908
    outer loop
      vertex 4.9 8.4 125
      vertex 0 8.4 125
      vertex 4.9 8.430743551354832 125.31214451522581
    endloop
  endfacet
  facet normal 0 0.9569403357322079 -0.2902846772544651
    outer loop
      vertex 4.9 8.430743551354832 125.31214451522581
      vertex 0 8.430743551354832 125.31214451522581
      vertex 4.9 8.52179274798194 125.61229349178414
    endloop
  endfacet
  facet normal 0 0.8819212643483504 -0.47139673682600636
    outer loop
      vertex 4.9 8.52179274798194 125.61229349178414
      vertex 0 8.52179274798194 125.61229349178414
      vertex 4.9 8.669648620315927 125.88891237283136
    endloop
  endfacet
  facet normal 0 0.7730104533627418 -0.6343932841636396
    outer loop
      vertex 4.9 8.669648620315927 125.88891237283136
      vertex 0 8.669648620315927 125.88891237283136
      vertex 4.9 8.868629150101524 126.13137084989847
    endloop
  endfacet
  facet normal 0 0.6343932841636548 -0.7730104533627294
    outer loop
      vertex 4.9 8.868629150101524 126.13137084989847
      vertex 0 8.868629150101524 126.13137084989847
      vertex 4.9 9.111087627168637 126.33035137968407
    endloop
  endfacet
  facet normal 0 0.4713967368259748 -0.8819212643483672
    outer loop
      vertex 4.9 9.111087627168637 126.33035137968407
      vertex 0 9.111087627168637 126.33035137968407
      vertex 4.9 9.387706508215857 126.47820725201805
    endloop
  endfacet
  facet normal 0 0.2902846772544656 -0.9569403357322079
    outer loop
      vertex 4.9 9.387706508215857 126.47820725201805
      vertex 0 9.387706508215857 126.47820725201805
      vertex 4.9 9.687855484774195 126.56925644864516
    endloop
  endfacet
  facet normal 0 0.09801714032956073 -0.9951847266721968
    outer loop
      vertex 4.9 9.687855484774195 126.56925644864516
      vertex 0 9.687855484774195 126.56925644864516
      vertex 4.9 10 126.6
    endloop
  endfacet
  facet normal 0 -0.09801714032956073 0.9951847266721968
    outer loop
      vertex 4.9 10 123.4
      vertex 0 10.312144515225805 123.43074355135484
      vertex 0 10 123.4
    endloop
  endfacet
  facet normal 0 -0.2902846772544656 0.9569403357322079
    outer loop
      vertex 4.9 10.312144515225805 123.43074355135484
      vertex 0 10.612293491784143 123.52179274798195
      vertex 0 10.312144515225805 123.43074355135484
    endloop
  endfacet
  facet normal 0 -0.4713967368259748 0.8819212643483672
    outer loop
      vertex 4.9 10.612293491784143 123.52179274798195
      vertex 0 10.888912372831363 123.66964862031593
      vertex 0 10.612293491784143 123.52179274798195
    endloop
  endfacet
  facet normal 0 -0.6343932841636548 0.7730104533627294
    outer loop
      vertex 4.9 10.888912372831363 123.66964862031593
      vertex 0 11.131370849898476 123.86862915010153
      vertex 0 10.888912372831363 123.66964862031593
    endloop
  endfacet
  facet normal 0 -0.7730104533627418 0.6343932841636396
    outer loop
      vertex 4.9 11.131370849898476 123.86862915010153
      vertex 0 11.330351379684073 124.11108762716864
      vertex 0 11.131370849898476 123.86862915010153
    endloop
  endfacet
  facet normal 0 -0.8819212643483504 0.47139673682600636
    outer loop
      vertex 4.9 11.330351379684073 124.11108762716864
      vertex 0 11.47820725201806 124.38770650821586
      vertex 0 11.330351379684073 124.11108762716864
    endloop
  endfacet
  facet normal 0 -0.9569403357322079 0.2902846772544651
    outer loop
      vertex 4.9 11.47820725201806 124.38770650821586
      vertex 0 11.569256448645168 124.68785548477419
      vertex 0 11.47820725201806 124.38770650821586
    endloop
  endfacet
  facet normal 0 -0.995184726672197 0.09801714032955908
    outer loop
      vertex 4.9 11.569256448645168 124.68785548477419
      vertex 0 11.6 125
      vertex 0 11.569256448645168 124.68785548477419
    endloop
  endfacet
  facet normal 0 -0.09801714032956073 0.9951847266721968
    outer loop
      vertex 4.9 10 123.4
      vertex 4.9 10.312144515225805 123.43074355135484
      vertex 0 10.312144515225805 123.43074355135484
    endloop
  endfacet
  facet normal 0 -0.2902846772544656 0.9569403357322079
    outer loop
      vertex 4.9 10.312144515225805 123.43074355135484
      vertex 4.9 10.612293491784143 123.52179274798195
      vertex 0 10.612293491784143 123.52179274798195
    endloop
  endfacet
  facet normal 0 -0.4713967368259748 0.8819212643483672
    outer loop
      vertex 4.9 10.612293491784143 123.52179274798195
      vertex 4.9 10.888912372831363 123.66964862031593
      vertex 0 10.888912372831363 123.66964862031593
    endloop
  endfacet
  facet normal 0 -0.6343932841636548 0.7730104533627294
    outer loop
      vertex 4.9 10.888912372831363 123.66964862031593
      vertex 4.9 11.131370849898476 123.86862915010153
      vertex 0 11.131370849898476 123.86862915010153
    endloop
  endfacet
  facet normal 0 -0.7730104533627418 0.6343932841636396
    outer loop
      vertex 4.9 11.131370849898476 123.86862915010153
      vertex 4.9 11.330351379684073 124.11108762716864
      vertex 0 11.330351379684073 124.11108762716864
    endloop
  endfacet
  facet normal 0 -0.8819212643483504 0.47139673682600636
    outer loop
      vertex 4.9 11.330351379684073 124.11108762716864
      vertex 4.9 11.47820725201806 124.38770650821586
      vertex 0 11.47820725201806 124.38770650821586
    endloop
  endfacet
  facet normal 0 -0.9569403357322079 0.2902846772544651
    outer loop
      vertex 4.9 11.47820725201806 124.38770650821586
      vertex 4.9 11.569256448645168 124.68785548477419
      vertex 0 11.569256448645168 124.68785548477419
    endloop
  endfacet
  facet normal 0 -0.995184726672197 0.09801714032955908
    outer loop
      vertex 4.9 11.569256448645168 124.68785548477419
      vertex 4.9 11.6 125
      vertex 0 11.6 125
    endloop
  endfacet
  facet normal 0 -0.09801714032956073 -0.9951847266721968
    outer loop
      vertex 4.9 10.312144515225805 126.56925644864516
      vertex 0 10 126.6
      vertex 0 10.312144515225805 126.56925644864516
    endloop
  endfacet
  facet normal 0 -0.2902846772544656 -0.9569403357322079
    outer loop
      vertex 4.9 10.612293491784143 126.47820725201805
      vertex 0 10.312144515225805 126.56925644864516
      vertex 0 10.612293491784143 126.47820725201805
    endloop
  endfacet
  facet normal 0 -0.4713967368259748 -0.8819212643483672
    outer loop
      vertex 4.9 10.888912372831363 126.33035137968407
      vertex 0 10.612293491784143 126.47820725201805
      vertex 0 10.888912372831363 126.33035137968407
    endloop
  endfacet
  facet normal 0 -0.6343932841636548 -0.7730104533627294
    outer loop
      vertex 4.9 11.131370849898476 126.13137084989847
      vertex 0 10.888912372831363 126.33035137968407
      vertex 0 11.131370849898476 126.13137084989847
    endloop
  endfacet
  facet normal 0 -0.7730104533627418 -0.6343932841636396
    outer loop
      vertex 4.9 11.330351379684073 125.88891237283136
      vertex 0 11.131370849898476 126.13137084989847
      vertex 0 11.330351379684073 125.88891237283136
    endloop
  endfacet
  facet normal 0 -0.8819212643483504 -0.47139673682600636
    outer loop
      vertex 4.9 11.47820725201806 125.61229349178414
      vertex 0 11.330351379684073 125.88891237283136
      vertex 0 11.47820725201806 125.61229349178414
    endloop
  endfacet
  facet normal 0 -0.9569403357322079 -0.2902846772544651
    outer loop
      vertex 4.9 11.569256448645168 125.31214451522581
      vertex 0 11.47820725201806 125.61229349178414
      vertex 0 11.569256448645168 125.31214451522581
    endloop
  endfacet
  facet normal 0 -0.995184726672197 -0.09801714032955908
    outer loop
      vertex 4.9 11.6 125
      vertex 0 11.569256448645168 125.31214451522581
      vertex 0 11.6 125
    endloop
  endfacet
  facet normal 0 -0.09801714032956073 -0.9951847266721968
    outer loop
      vertex 4.9 10 126.6
      vertex 0 10 126.6
      vertex 4.9 10.312144515225805 126.56925644864516
    endloop
  endfacet
  facet normal 0 -0.2902846772544656 -0.9569403357322079
    outer loop
      vertex 4.9 10.312144515225805 126.56925644864516
      vertex 0 10.312144515225805 126.56925644864516
      vertex 4.9 10.612293491784143 126.47820725201805
    endloop
  endfacet
  facet normal 0 -0.4713967368259748 -0.8819212643483672
    outer loop
      vertex 4.9 10.612293491784143 126.47820725201805
      vertex 0 10.612293491784143 126.47820725201805
      vertex 4.9 10.888912372831363 126.33035137968407
    endloop
  endfacet
  facet normal 0 -0.6343932841636548 -0.7730104533627294
    outer loop
      vertex 4.9 10.888912372831363 126.33035137968407
      vertex 0 10.888912372831363 126.33035137968407
      vertex 4.9 11.131370849898476 126.13137084989847
    endloop
  endfacet
  facet normal 0 -0.7730104533627418 -0.6343932841636396
    outer loop
      vertex 4.9 11.131370849898476 126.13137084989847
      vertex 0 11.131370849898476 126.13137084989847
      vertex 4.9 11.330351379684073 125.88891237283136
    endloop
  endfacet
  facet normal 0 -0.8819212643483504 -0.47139673682600636
    outer loop
      vertex 4.9 11.330351379684073 125.88891237283136
      vertex 0 11.330351379684073 125.88891237283136
      vertex 4.9 11.47820725201806 125.61229349178414
    endloop
  endfacet
  facet normal 0 -0.9569403357322079 -0.2902846772544651
    outer loop
      vertex 4.9 11.47820725201806 125.61229349178414
      vertex 0 11.47820725201806 125.61229349178414
      vertex 4.9 11.569256448645168 125.31214451522581
    endloop
  endfacet
  facet normal 0 -0.995184726672197 -0.09801714032955908
    outer loop
      vertex 4.9 11.569256448645168 125.31214451522581
      vertex 0 11.569256448645168 125.31214451522581
      vertex 4.9 11.6 125
    endloop
  endfacet
  facet normal 0 0.9951847266721969 0.09801714032956017
    outer loop
      vertex 4.9 8.4 25
      vertex 0 8.430743551354832 24.687855484774193
      vertex 0 8.4 25
    endloop
  endfacet
  facet normal 0 0.9951847266721969 -0.09801714032956017
    outer loop
      vertex 4.9 8.430743551354832 25.312144515225807
      vertex 0 8.4 25
      vertex 0 8.430743551354832 25.312144515225807
    endloop
  endfacet
  facet normal 0 0.956940335732209 0.290284677254462
    outer loop
      vertex 4.9 8.430743551354832 24.687855484774193
      vertex 0 8.52179274798194 24.387706508215857
      vertex 0 8.430743551354832 24.687855484774193
    endloop
  endfacet
  facet normal 0 0.8819212643483554 0.47139673682599686
    outer loop
      vertex 4.9 8.52179274798194 24.387706508215857
      vertex 0 8.669648620315927 24.111087627168637
      vertex 0 8.52179274798194 24.387706508215857
    endloop
  endfacet
  facet normal 0 0.956940335732209 -0.290284677254462
    outer loop
      vertex 4.9 8.52179274798194 25.612293491784143
      vertex 0 8.430743551354832 25.312144515225807
      vertex 0 8.52179274798194 25.612293491784143
    endloop
  endfacet
  facet normal 0 0.7730104533627372 0.6343932841636453
    outer loop
      vertex 4.9 8.669648620315927 24.111087627168637
      vertex 0 8.868629150101524 23.868629150101523
      vertex 0 8.669648620315927 24.111087627168637
    endloop
  endfacet
  facet normal 0 0.8819212643483554 -0.47139673682599686
    outer loop
      vertex 4.9 8.669648620315927 25.888912372831363
      vertex 0 8.52179274798194 25.612293491784143
      vertex 0 8.669648620315927 25.888912372831363
    endloop
  endfacet
  facet normal 0 0.7730104533627372 -0.6343932841636453
    outer loop
      vertex 4.9 8.868629150101524 26.131370849898477
      vertex 0 8.669648620315927 25.888912372831363
      vertex 0 8.868629150101524 26.131370849898477
    endloop
  endfacet
  facet normal 0 0.6343932841636413 0.7730104533627405
    outer loop
      vertex 4.9 8.868629150101524 23.868629150101523
      vertex 0 9.111087627168637 23.66964862031593
      vertex 0 8.868629150101524 23.868629150101523
    endloop
  endfacet
  facet normal 0 0.6343932841636413 -0.7730104533627405
    outer loop
      vertex 4.9 9.111087627168637 26.33035137968407
      vertex 0 8.868629150101524 26.131370849898477
      vertex 0 9.111087627168637 26.33035137968407
    endloop
  endfacet
  facet normal 0 0.47139673682600136 0.881921264348353
    outer loop
      vertex 4.9 9.111087627168637 23.66964862031593
      vertex 0 9.387706508215857 23.52179274798194
      vertex 0 9.111087627168637 23.66964862031593
    endloop
  endfacet
  facet normal 0 0.47139673682600136 -0.881921264348353
    outer loop
      vertex 4.9 9.387706508215857 26.47820725201806
      vertex 0 9.111087627168637 26.33035137968407
      vertex 0 9.387706508215857 26.47820725201806
    endloop
  endfacet
  facet normal 0 0.09801714032956073 0.9951847266721968
    outer loop
      vertex 4.9 9.687855484774195 23.43074355135483
      vertex 0 10 23.4
      vertex 0 9.687855484774195 23.43074355135483
    endloop
  endfacet
  facet normal 0 0.2902846772544656 0.9569403357322079
    outer loop
      vertex 4.9 9.387706508215857 23.52179274798194
      vertex 0 9.687855484774195 23.43074355135483
      vertex 0 9.387706508215857 23.52179274798194
    endloop
  endfacet
  facet normal 0 0.2902846772544656 -0.9569403357322079
    outer loop
      vertex 4.9 9.687855484774195 26.56925644864517
      vertex 0 9.387706508215857 26.47820725201806
      vertex 0 9.687855484774195 26.56925644864517
    endloop
  endfacet
  facet normal 0 0.09801714032956073 -0.9951847266721968
    outer loop
      vertex 4.9 10 26.6
      vertex 0 9.687855484774195 26.56925644864517
      vertex 0 10 26.6
    endloop
  endfacet
  facet normal 0 0.9951847266721969 0.09801714032956017
    outer loop
      vertex 4.9 8.430743551354832 24.687855484774193
      vertex 0 8.430743551354832 24.687855484774193
      vertex 4.9 8.4 25
    endloop
  endfacet
  facet normal 0 0.9951847266721969 -0.09801714032956017
    outer loop
      vertex 4.9 8.4 25
      vertex 0 8.4 25
      vertex 4.9 8.430743551354832 25.312144515225807
    endloop
  endfacet
  facet normal 0 0.956940335732209 0.290284677254462
    outer loop
      vertex 4.9 8.430743551354832 24.687855484774193
      vertex 4.9 8.52179274798194 24.387706508215857
      vertex 0 8.52179274798194 24.387706508215857
    endloop
  endfacet
  facet normal 0 0.956940335732209 -0.290284677254462
    outer loop
      vertex 4.9 8.430743551354832 25.312144515225807
      vertex 0 8.430743551354832 25.312144515225807
      vertex 4.9 8.52179274798194 25.612293491784143
    endloop
  endfacet
  facet normal 0 0.8819212643483554 -0.47139673682599686
    outer loop
      vertex 4.9 8.52179274798194 25.612293491784143
      vertex 0 8.52179274798194 25.612293491784143
      vertex 4.9 8.669648620315927 25.888912372831363
    endloop
  endfacet
  facet normal 0 0.8819212643483554 0.47139673682599686
    outer loop
      vertex 4.9 8.52179274798194 24.387706508215857
      vertex 4.9 8.669648620315927 24.111087627168637
      vertex 0 8.669648620315927 24.111087627168637
    endloop
  endfacet
  facet normal 0 0.7730104533627372 -0.6343932841636453
    outer loop
      vertex 4.9 8.669648620315927 25.888912372831363
      vertex 0 8.669648620315927 25.888912372831363
      vertex 4.9 8.868629150101524 26.131370849898477
    endloop
  endfacet
  facet normal 0 0.7730104533627372 0.6343932841636453
    outer loop
      vertex 4.9 8.669648620315927 24.111087627168637
      vertex 4.9 8.868629150101524 23.868629150101523
      vertex 0 8.868629150101524 23.868629150101523
    endloop
  endfacet
  facet normal 0 0.6343932841636413 0.7730104533627405
    outer loop
      vertex 4.9 8.868629150101524 23.868629150101523
      vertex 4.9 9.111087627168637 23.66964862031593
      vertex 0 9.111087627168637 23.66964862031593
    endloop
  endfacet
  facet normal 0 0.6343932841636413 -0.7730104533627405
    outer loop
      vertex 4.9 8.868629150101524 26.131370849898477
      vertex 0 8.868629150101524 26.131370849898477
      vertex 4.9 9.111087627168637 26.33035137968407
    endloop
  endfacet
  facet normal 0 0.47139673682600136 -0.881921264348353
    outer loop
      vertex 4.9 9.111087627168637 26.33035137968407
      vertex 0 9.111087627168637 26.33035137968407
      vertex 4.9 9.387706508215857 26.47820725201806
    endloop
  endfacet
  facet normal 0 0.47139673682600136 0.881921264348353
    outer loop
      vertex 4.9 9.111087627168637 23.66964862031593
      vertex 4.9 9.387706508215857 23.52179274798194
      vertex 0 9.387706508215857 23.52179274798194
    endloop
  endfacet
  facet normal 0 0.09801714032956073 0.9951847266721968
    outer loop
      vertex 4.9 9.687855484774195 23.43074355135483
      vertex 4.9 10 23.4
      vertex 0 10 23.4
    endloop
  endfacet
  facet normal 0 0.2902846772544656 -0.9569403357322079
    outer loop
      vertex 4.9 9.387706508215857 26.47820725201806
      vertex 0 9.387706508215857 26.47820725201806
      vertex 4.9 9.687855484774195 26.56925644864517
    endloop
  endfacet
  facet normal 0 0.2902846772544656 0.9569403357322079
    outer loop
      vertex 4.9 9.387706508215857 23.52179274798194
      vertex 4.9 9.687855484774195 23.43074355135483
      vertex 0 9.687855484774195 23.43074355135483
    endloop
  endfacet
  facet normal 0 0.09801714032956073 -0.9951847266721968
    outer loop
      vertex 4.9 9.687855484774195 26.56925644864517
      vertex 0 9.687855484774195 26.56925644864517
      vertex 4.9 10 26.6
    endloop
  endfacet
  facet normal 0 -0.09801714032956073 0.9951847266721968
    outer loop
      vertex 4.9 10 23.4
      vertex 0 10.312144515225805 23.43074355135483
      vertex 0 10 23.4
    endloop
  endfacet
  facet normal 0 -0.09801714032956073 -0.9951847266721968
    outer loop
      vertex 4.9 10.312144515225805 26.56925644864517
      vertex 0 10 26.6
      vertex 0 10.312144515225805 26.56925644864517
    endloop
  endfacet
  facet normal 0 -0.2902846772544656 0.9569403357322079
    outer loop
      vertex 4.9 10.312144515225805 23.43074355135483
      vertex 0 10.612293491784143 23.52179274798194
      vertex 0 10.312144515225805 23.43074355135483
    endloop
  endfacet
  facet normal 0 -0.2902846772544656 -0.9569403357322079
    outer loop
      vertex 4.9 10.612293491784143 26.47820725201806
      vertex 0 10.312144515225805 26.56925644864517
      vertex 0 10.612293491784143 26.47820725201806
    endloop
  endfacet
  facet normal 0 -0.47139673682600136 0.881921264348353
    outer loop
      vertex 4.9 10.612293491784143 23.52179274798194
      vertex 0 10.888912372831363 23.66964862031593
      vertex 0 10.612293491784143 23.52179274798194
    endloop
  endfacet
  facet normal 0 -0.47139673682600136 -0.881921264348353
    outer loop
      vertex 4.9 10.888912372831363 26.33035137968407
      vertex 0 10.612293491784143 26.47820725201806
      vertex 0 10.888912372831363 26.33035137968407
    endloop
  endfacet
  facet normal 0 -0.6343932841636413 0.7730104533627405
    outer loop
      vertex 4.9 10.888912372831363 23.66964862031593
      vertex 0 11.131370849898476 23.868629150101523
      vertex 0 10.888912372831363 23.66964862031593
    endloop
  endfacet
  facet normal 0 -0.6343932841636413 -0.7730104533627405
    outer loop
      vertex 4.9 11.131370849898476 26.131370849898477
      vertex 0 10.888912372831363 26.33035137968407
      vertex 0 11.131370849898476 26.131370849898477
    endloop
  endfacet
  facet normal 0 -0.7730104533627372 0.6343932841636453
    outer loop
      vertex 4.9 11.131370849898476 23.868629150101523
      vertex 0 11.330351379684073 24.111087627168637
      vertex 0 11.131370849898476 23.868629150101523
    endloop
  endfacet
  facet normal 0 -0.8819212643483554 0.47139673682599686
    outer loop
      vertex 4.9 11.330351379684073 24.111087627168637
      vertex 0 11.47820725201806 24.387706508215857
      vertex 0 11.330351379684073 24.111087627168637
    endloop
  endfacet
  facet normal 0 -0.7730104533627372 -0.6343932841636453
    outer loop
      vertex 4.9 11.330351379684073 25.888912372831363
      vertex 0 11.131370849898476 26.131370849898477
      vertex 0 11.330351379684073 25.888912372831363
    endloop
  endfacet
  facet normal 0 -0.956940335732209 0.290284677254462
    outer loop
      vertex 4.9 11.47820725201806 24.387706508215857
      vertex 0 11.569256448645168 24.687855484774193
      vertex 0 11.47820725201806 24.387706508215857
    endloop
  endfacet
  facet normal 0 -0.8819212643483554 -0.47139673682599686
    outer loop
      vertex 4.9 11.47820725201806 25.612293491784143
      vertex 0 11.330351379684073 25.888912372831363
      vertex 0 11.47820725201806 25.612293491784143
    endloop
  endfacet
  facet normal 0 -0.956940335732209 -0.290284677254462
    outer loop
      vertex 4.9 11.569256448645168 25.312144515225807
      vertex 0 11.47820725201806 25.612293491784143
      vertex 0 11.569256448645168 25.312144515225807
    endloop
  endfacet
  facet normal 0 -0.9951847266721969 0.09801714032956017
    outer loop
      vertex 4.9 11.569256448645168 24.687855484774193
      vertex 0 11.6 25
      vertex 0 11.569256448645168 24.687855484774193
    endloop
  endfacet
  facet normal 0 -0.9951847266721969 -0.09801714032956017
    outer loop
      vertex 4.9 11.6 25
      vertex 0 11.569256448645168 25.312144515225807
      vertex 0 11.6 25
    endloop
  endfacet
  facet normal 0 -0.09801714032956073 0.9951847266721968
    outer loop
      vertex 4.9 10 23.4
      vertex 4.9 10.312144515225805 23.43074355135483
      vertex 0 10.312144515225805 23.43074355135483
    endloop
  endfacet
  facet normal 0 -0.09801714032956073 -0.9951847266721968
    outer loop
      vertex 4.9 10.312144515225805 26.56925644864517
      vertex 4.9 10 26.6
      vertex 0 10 26.6
    endloop
  endfacet
  facet normal 0 -0.2902846772544656 -0.9569403357322079
    outer loop
      vertex 4.9 10.312144515225805 26.56925644864517
      vertex 0 10.312144515225805 26.56925644864517
      vertex 4.9 10.612293491784143 26.47820725201806
    endloop
  endfacet
  facet normal 0 -0.2902846772544656 0.9569403357322079
    outer loop
      vertex 4.9 10.312144515225805 23.43074355135483
      vertex 4.9 10.612293491784143 23.52179274798194
      vertex 0 10.612293491784143 23.52179274798194
    endloop
  endfacet
  facet normal 0 -0.47139673682600136 -0.881921264348353
    outer loop
      vertex 4.9 10.612293491784143 26.47820725201806
      vertex 0 10.612293491784143 26.47820725201806
      vertex 4.9 10.888912372831363 26.33035137968407
    endloop
  endfacet
  facet normal 0 -0.47139673682600136 0.881921264348353
    outer loop
      vertex 4.9 10.612293491784143 23.52179274798194
      vertex 4.9 10.888912372831363 23.66964862031593
      vertex 0 10.888912372831363 23.66964862031593
    endloop
  endfacet
  facet normal 0 -0.6343932841636413 0.7730104533627405
    outer loop
      vertex 4.9 10.888912372831363 23.66964862031593
      vertex 4.9 11.131370849898476 23.868629150101523
      vertex 0 11.131370849898476 23.868629150101523
    endloop
  endfacet
  facet normal 0 -0.6343932841636413 -0.7730104533627405
    outer loop
      vertex 4.9 10.888912372831363 26.33035137968407
      vertex 0 10.888912372831363 26.33035137968407
      vertex 4.9 11.131370849898476 26.131370849898477
    endloop
  endfacet
  facet normal 0 -0.7730104533627372 -0.6343932841636453
    outer loop
      vertex 4.9 11.131370849898476 26.131370849898477
      vertex 0 11.131370849898476 26.131370849898477
      vertex 4.9 11.330351379684073 25.888912372831363
    endloop
  endfacet
  facet normal 0 -0.7730104533627372 0.6343932841636453
    outer loop
      vertex 4.9 11.131370849898476 23.868629150101523
      vertex 4.9 11.330351379684073 24.111087627168637
      vertex 0 11.330351379684073 24.111087627168637
    endloop
  endfacet
  facet normal 0 -0.8819212643483554 -0.47139673682599686
    outer loop
      vertex 4.9 11.330351379684073 25.888912372831363
      vertex 0 11.330351379684073 25.888912372831363
      vertex 4.9 11.47820725201806 25.612293491784143
    endloop
  endfacet
  facet normal 0 -0.8819212643483554 0.47139673682599686
    outer loop
      vertex 4.9 11.330351379684073 24.111087627168637
      vertex 4.9 11.47820725201806 24.387706508215857
      vertex 0 11.47820725201806 24.387706508215857
    endloop
  endfacet
  facet normal 0 -0.956940335732209 0.290284677254462
    outer loop
      vertex 4.9 11.47820725201806 24.387706508215857
      vertex 4.9 11.569256448645168 24.687855484774193
      vertex 0 11.569256448645168 24.687855484774193
    endloop
  endfacet
  facet normal 0 -0.956940335732209 -0.290284677254462
    outer loop
      vertex 4.9 11.47820725201806 25.612293491784143
      vertex 0 11.47820725201806 25.612293491784143
      vertex 4.9 11.569256448645168 25.312144515225807
    endloop
  endfacet
  facet normal 0 -0.9951847266721969 0.09801714032956017
    outer loop
      vertex 4.9 11.569256448645168 24.687855484774193
      vertex 4.9 11.6 25
      vertex 0 11.6 25
    endloop
  endfacet
  facet normal 0 -0.9951847266721969 -0.09801714032956017
    outer loop
      vertex 4.9 11.569256448645168 25.312144515225807
      vertex 0 11.569256448645168 25.312144515225807
      vertex 4.9 11.6 25
    endloop
  endfacet
  facet normal 0 0.995184726672197 0.09801714032955908
    outer loop
      vertex 4.9 8.4 75
      vertex 0 8.430743551354832 74.68785548477419
      vertex 0 8.4 75
    endloop
  endfacet
  facet normal 0 0.995184726672197 -0.09801714032955908
    outer loop
      vertex 4.9 8.430743551354832 75.31214451522581
      vertex 0 8.4 75
      vertex 0 8.430743551354832 75.31214451522581
    endloop
  endfacet
  facet normal 0 0.7730104533627418 0.6343932841636396
    outer loop
      vertex 4.9 8.669648620315927 74.11108762716864
      vertex 0 8.868629150101524 73.86862915010153
      vertex 0 8.669648620315927 74.11108762716864
    endloop
  endfacet
  facet normal 0 0.9569403357322079 0.2902846772544651
    outer loop
      vertex 4.9 8.430743551354832 74.68785548477419
      vertex 0 8.52179274798194 74.38770650821586
      vertex 0 8.430743551354832 74.68785548477419
    endloop
  endfacet
  facet normal 0 0.9569403357322079 -0.2902846772544651
    outer loop
      vertex 4.9 8.52179274798194 75.61229349178414
      vertex 0 8.430743551354832 75.31214451522581
      vertex 0 8.52179274798194 75.61229349178414
    endloop
  endfacet
  facet normal 0 0.8819212643483504 0.47139673682600636
    outer loop
      vertex 4.9 8.52179274798194 74.38770650821586
      vertex 0 8.669648620315927 74.11108762716864
      vertex 0 8.52179274798194 74.38770650821586
    endloop
  endfacet
  facet normal 0 0.8819212643483504 -0.47139673682600636
    outer loop
      vertex 4.9 8.669648620315927 75.88891237283136
      vertex 0 8.52179274798194 75.61229349178414
      vertex 0 8.669648620315927 75.88891237283136
    endloop
  endfacet
  facet normal 0 0.6343932841636548 0.7730104533627294
    outer loop
      vertex 4.9 8.868629150101524 73.86862915010153
      vertex 0 9.111087627168637 73.66964862031593
      vertex 0 8.868629150101524 73.86862915010153
    endloop
  endfacet
  facet normal 0 0.7730104533627418 -0.6343932841636396
    outer loop
      vertex 4.9 8.868629150101524 76.13137084989847
      vertex 0 8.669648620315927 75.88891237283136
      vertex 0 8.868629150101524 76.13137084989847
    endloop
  endfacet
  facet normal 0 0.6343932841636548 -0.7730104533627294
    outer loop
      vertex 4.9 9.111087627168637 76.33035137968407
      vertex 0 8.868629150101524 76.13137084989847
      vertex 0 9.111087627168637 76.33035137968407
    endloop
  endfacet
  facet normal 0 0.4713967368259748 0.8819212643483672
    outer loop
      vertex 4.9 9.111087627168637 73.66964862031593
      vertex 0 9.387706508215857 73.52179274798195
      vertex 0 9.111087627168637 73.66964862031593
    endloop
  endfacet
  facet normal 0 0.4713967368259748 -0.8819212643483672
    outer loop
      vertex 4.9 9.387706508215857 76.47820725201805
      vertex 0 9.111087627168637 76.33035137968407
      vertex 0 9.387706508215857 76.47820725201805
    endloop
  endfacet
  facet normal 0 0.2902846772544656 0.9569403357322079
    outer loop
      vertex 4.9 9.387706508215857 73.52179274798195
      vertex 0 9.687855484774195 73.43074355135484
      vertex 0 9.387706508215857 73.52179274798195
    endloop
  endfacet
  facet normal 0 0.2902846772544656 -0.9569403357322079
    outer loop
      vertex 4.9 9.687855484774195 76.56925644864516
      vertex 0 9.387706508215857 76.47820725201805
      vertex 0 9.687855484774195 76.56925644864516
    endloop
  endfacet
  facet normal 0 0.09801714032956073 0.9951847266721968
    outer loop
      vertex 4.9 9.687855484774195 73.43074355135484
      vertex 0 10 73.4
      vertex 0 9.687855484774195 73.43074355135484
    endloop
  endfacet
  facet normal 0 0.09801714032956073 -0.9951847266721968
    outer loop
      vertex 4.9 10 76.6
      vertex 0 9.687855484774195 76.56925644864516
      vertex 0 10 76.6
    endloop
  endfacet
  facet normal 0 0.995184726672197 -0.09801714032955908
    outer loop
      vertex 4.9 8.4 75
      vertex 0 8.4 75
      vertex 4.9 8.430743551354832 75.31214451522581
    endloop
  endfacet
  facet normal 0 0.995184726672197 0.09801714032955908
    outer loop
      vertex 4.9 8.430743551354832 74.68785548477419
      vertex 0 8.430743551354832 74.68785548477419
      vertex 4.9 8.4 75
    endloop
  endfacet
  facet normal 0 0.8819212643483504 0.47139673682600636
    outer loop
      vertex 4.9 8.669648620315927 74.11108762716864
      vertex 0 8.669648620315927 74.11108762716864
      vertex 4.9 8.52179274798194 74.38770650821586
    endloop
  endfacet
  facet normal 0 0.9569403357322079 0.2902846772544651
    outer loop
      vertex 4.9 8.430743551354832 74.68785548477419
      vertex 4.9 8.52179274798194 74.38770650821586
      vertex 0 8.52179274798194 74.38770650821586
    endloop
  endfacet
  facet normal 0 0.9569403357322079 -0.2902846772544651
    outer loop
      vertex 4.9 8.430743551354832 75.31214451522581
      vertex 0 8.430743551354832 75.31214451522581
      vertex 4.9 8.52179274798194 75.61229349178414
    endloop
  endfacet
  facet normal 0 0.8819212643483504 -0.47139673682600636
    outer loop
      vertex 4.9 8.52179274798194 75.61229349178414
      vertex 0 8.52179274798194 75.61229349178414
      vertex 4.9 8.669648620315927 75.88891237283136
    endloop
  endfacet
  facet normal 0 0.7730104533627418 -0.6343932841636396
    outer loop
      vertex 4.9 8.669648620315927 75.88891237283136
      vertex 0 8.669648620315927 75.88891237283136
      vertex 4.9 8.868629150101524 76.13137084989847
    endloop
  endfacet
  facet normal 0 0.7730104533627418 0.6343932841636396
    outer loop
      vertex 4.9 8.669648620315927 74.11108762716864
      vertex 4.9 8.868629150101524 73.86862915010153
      vertex 0 8.868629150101524 73.86862915010153
    endloop
  endfacet
  facet normal 0 0.6343932841636548 0.7730104533627294
    outer loop
      vertex 4.9 8.868629150101524 73.86862915010153
      vertex 4.9 9.111087627168637 73.66964862031593
      vertex 0 9.111087627168637 73.66964862031593
    endloop
  endfacet
  facet normal 0 0.6343932841636548 -0.7730104533627294
    outer loop
      vertex 4.9 8.868629150101524 76.13137084989847
      vertex 0 8.868629150101524 76.13137084989847
      vertex 4.9 9.111087627168637 76.33035137968407
    endloop
  endfacet
  facet normal 0 0.4713967368259748 0.8819212643483672
    outer loop
      vertex 4.9 9.111087627168637 73.66964862031593
      vertex 4.9 9.387706508215857 73.52179274798195
      vertex 0 9.387706508215857 73.52179274798195
    endloop
  endfacet
  facet normal 0 0.4713967368259748 -0.8819212643483672
    outer loop
      vertex 4.9 9.111087627168637 76.33035137968407
      vertex 0 9.111087627168637 76.33035137968407
      vertex 4.9 9.387706508215857 76.47820725201805
    endloop
  endfacet
  facet normal 0 0.2902846772544656 0.9569403357322079
    outer loop
      vertex 4.9 9.387706508215857 73.52179274798195
      vertex 4.9 9.687855484774195 73.43074355135484
      vertex 0 9.687855484774195 73.43074355135484
    endloop
  endfacet
  facet normal 0 0.2902846772544656 -0.9569403357322079
    outer loop
      vertex 4.9 9.387706508215857 76.47820725201805
      vertex 0 9.387706508215857 76.47820725201805
      vertex 4.9 9.687855484774195 76.56925644864516
    endloop
  endfacet
  facet normal 0 0.09801714032956073 0.9951847266721968
    outer loop
      vertex 4.9 9.687855484774195 73.43074355135484
      vertex 4.9 10 73.4
      vertex 0 10 73.4
    endloop
  endfacet
  facet normal 0 0.09801714032956073 -0.9951847266721968
    outer loop
      vertex 4.9 9.687855484774195 76.56925644864516
      vertex 0 9.687855484774195 76.56925644864516
      vertex 4.9 10 76.6
    endloop
  endfacet
  facet normal 0 -0.09801714032956073 0.9951847266721968
    outer loop
      vertex 4.9 10 73.4
      vertex 0 10.312144515225805 73.43074355135484
      vertex 0 10 73.4
    endloop
  endfacet
  facet normal 0 -0.09801714032956073 -0.9951847266721968
    outer loop
      vertex 4.9 10.312144515225805 76.56925644864516
      vertex 0 10 76.6
      vertex 0 10.312144515225805 76.56925644864516
    endloop
  endfacet
  facet normal 0 -0.2902846772544656 0.9569403357322079
    outer loop
      vertex 4.9 10.312144515225805 73.43074355135484
      vertex 0 10.612293491784143 73.52179274798195
      vertex 0 10.312144515225805 73.43074355135484
    endloop
  endfacet
  facet normal 0 -0.2902846772544656 -0.9569403357322079
    outer loop
      vertex 4.9 10.612293491784143 76.47820725201805
      vertex 0 10.312144515225805 76.56925644864516
      vertex 0 10.612293491784143 76.47820725201805
    endloop
  endfacet
  facet normal 0 -0.4713967368259748 0.8819212643483672
    outer loop
      vertex 4.9 10.612293491784143 73.52179274798195
      vertex 0 10.888912372831363 73.66964862031593
      vertex 0 10.612293491784143 73.52179274798195
    endloop
  endfacet
  facet normal 0 -0.4713967368259748 -0.8819212643483672
    outer loop
      vertex 4.9 10.888912372831363 76.33035137968407
      vertex 0 10.612293491784143 76.47820725201805
      vertex 0 10.888912372831363 76.33035137968407
    endloop
  endfacet
  facet normal 0 -0.6343932841636548 0.7730104533627294
    outer loop
      vertex 4.9 10.888912372831363 73.66964862031593
      vertex 0 11.131370849898476 73.86862915010153
      vertex 0 10.888912372831363 73.66964862031593
    endloop
  endfacet
  facet normal 0 -0.7730104533627418 0.6343932841636396
    outer loop
      vertex 4.9 11.131370849898476 73.86862915010153
      vertex 0 11.330351379684073 74.11108762716864
      vertex 0 11.131370849898476 73.86862915010153
    endloop
  endfacet
  facet normal 0 -0.6343932841636548 -0.7730104533627294
    outer loop
      vertex 4.9 11.131370849898476 76.13137084989847
      vertex 0 10.888912372831363 76.33035137968407
      vertex 0 11.131370849898476 76.13137084989847
    endloop
  endfacet
  facet normal 0 -0.8819212643483504 0.47139673682600636
    outer loop
      vertex 4.9 11.330351379684073 74.11108762716864
      vertex 0 11.47820725201806 74.38770650821586
      vertex 0 11.330351379684073 74.11108762716864
    endloop
  endfacet
  facet normal 0 -0.7730104533627418 -0.6343932841636396
    outer loop
      vertex 4.9 11.330351379684073 75.88891237283136
      vertex 0 11.131370849898476 76.13137084989847
      vertex 0 11.330351379684073 75.88891237283136
    endloop
  endfacet
  facet normal 0 -0.8819212643483504 -0.47139673682600636
    outer loop
      vertex 4.9 11.47820725201806 75.61229349178414
      vertex 0 11.330351379684073 75.88891237283136
      vertex 0 11.47820725201806 75.61229349178414
    endloop
  endfacet
  facet normal 0 -0.9569403357322079 0.2902846772544651
    outer loop
      vertex 4.9 11.47820725201806 74.38770650821586
      vertex 0 11.569256448645168 74.68785548477419
      vertex 0 11.47820725201806 74.38770650821586
    endloop
  endfacet
  facet normal 0 -0.9569403357322079 -0.2902846772544651
    outer loop
      vertex 4.9 11.569256448645168 75.31214451522581
      vertex 0 11.47820725201806 75.61229349178414
      vertex 0 11.569256448645168 75.31214451522581
    endloop
  endfacet
  facet normal 0 -0.995184726672197 0.09801714032955908
    outer loop
      vertex 4.9 11.569256448645168 74.68785548477419
      vertex 0 11.6 75
      vertex 0 11.569256448645168 74.68785548477419
    endloop
  endfacet
  facet normal 0 -0.995184726672197 -0.09801714032955908
    outer loop
      vertex 4.9 11.6 75
      vertex 0 11.569256448645168 75.31214451522581
      vertex 0 11.6 75
    endloop
  endfacet
  facet normal 0 -0.09801714032956073 0.9951847266721968
    outer loop
      vertex 4.9 10 73.4
      vertex 4.9 10.312144515225805 73.43074355135484
      vertex 0 10.312144515225805 73.43074355135484
    endloop
  endfacet
  facet normal 0 -0.09801714032956073 -0.9951847266721968
    outer loop
      vertex 4.9 10 76.6
      vertex 0 10 76.6
      vertex 4.9 10.312144515225805 76.56925644864516
    endloop
  endfacet
  facet normal 0 -0.2902846772544656 0.9569403357322079
    outer loop
      vertex 4.9 10.312144515225805 73.43074355135484
      vertex 4.9 10.612293491784143 73.52179274798195
      vertex 0 10.612293491784143 73.52179274798195
    endloop
  endfacet
  facet normal 0 -0.2902846772544656 -0.9569403357322079
    outer loop
      vertex 4.9 10.312144515225805 76.56925644864516
      vertex 0 10.312144515225805 76.56925644864516
      vertex 4.9 10.612293491784143 76.47820725201805
    endloop
  endfacet
  facet normal 0 -0.4713967368259748 0.8819212643483672
    outer loop
      vertex 4.9 10.612293491784143 73.52179274798195
      vertex 4.9 10.888912372831363 73.66964862031593
      vertex 0 10.888912372831363 73.66964862031593
    endloop
  endfacet
  facet normal 0 -0.4713967368259748 -0.8819212643483672
    outer loop
      vertex 4.9 10.612293491784143 76.47820725201805
      vertex 0 10.612293491784143 76.47820725201805
      vertex 4.9 10.888912372831363 76.33035137968407
    endloop
  endfacet
  facet normal 0 -0.6343932841636548 0.7730104533627294
    outer loop
      vertex 4.9 10.888912372831363 73.66964862031593
      vertex 4.9 11.131370849898476 73.86862915010153
      vertex 0 11.131370849898476 73.86862915010153
    endloop
  endfacet
  facet normal 0 -0.6343932841636548 -0.7730104533627294
    outer loop
      vertex 4.9 10.888912372831363 76.33035137968407
      vertex 0 10.888912372831363 76.33035137968407
      vertex 4.9 11.131370849898476 76.13137084989847
    endloop
  endfacet
  facet normal 0 -0.7730104533627418 -0.6343932841636396
    outer loop
      vertex 4.9 11.131370849898476 76.13137084989847
      vertex 0 11.131370849898476 76.13137084989847
      vertex 4.9 11.330351379684073 75.88891237283136
    endloop
  endfacet
  facet normal 0 -0.7730104533627418 0.6343932841636396
    outer loop
      vertex 4.9 11.131370849898476 73.86862915010153
      vertex 4.9 11.330351379684073 74.11108762716864
      vertex 0 11.330351379684073 74.11108762716864
    endloop
  endfacet
  facet normal 0 -0.8819212643483504 -0.47139673682600636
    outer loop
      vertex 4.9 11.330351379684073 75.88891237283136
      vertex 0 11.330351379684073 75.88891237283136
      vertex 4.9 11.47820725201806 75.61229349178414
    endloop
  endfacet
  facet normal 0 -0.8819212643483504 0.47139673682600636
    outer loop
      vertex 4.9 11.330351379684073 74.11108762716864
      vertex 4.9 11.47820725201806 74.38770650821586
      vertex 0 11.47820725201806 74.38770650821586
    endloop
  endfacet
  facet normal 0 -0.9569403357322079 0.2902846772544651
    outer loop
      vertex 4.9 11.47820725201806 74.38770650821586
      vertex 4.9 11.569256448645168 74.68785548477419
      vertex 0 11.569256448645168 74.68785548477419
    endloop
  endfacet
  facet normal 0 -0.9569403357322079 -0.2902846772544651
    outer loop
      vertex 4.9 11.47820725201806 75.61229349178414
      vertex 0 11.47820725201806 75.61229349178414
      vertex 4.9 11.569256448645168 75.31214451522581
    endloop
  endfacet
  facet normal 0 -0.995184726672197 0.09801714032955908
    outer loop
      vertex 4.9 11.569256448645168 74.68785548477419
      vertex 4.9 11.6 75
      vertex 0 11.6 75
    endloop
  endfacet
  facet normal 0 -0.995184726672197 -0.09801714032955908
    outer loop
      vertex 4.9 11.569256448645168 75.31214451522581
      vertex 0 11.569256448645168 75.31214451522581
      vertex 4.9 11.6 75
    endloop
  endfacet
  facet normal 0 0.9951847266721969 0.0980171403295601
    outer loop
      vertex 3 7.45 35
      vertex 0 7.498997534971762 34.502519678858874
      vertex 0 7.45 35
    endloop
  endfacet
  facet normal 0 0.9951847266721969 -0.0980171403295601
    outer loop
      vertex 3 7.498997534971762 35.497480321141126
      vertex 0 7.45 35
      vertex 0 7.498997534971762 35.497480321141126
    endloop
  endfacet
  facet normal 0 0.9951847266721969 0.0980171403295601
    outer loop
      vertex 3 7.498997534971762 34.502519678858874
      vertex 0 7.498997534971762 34.502519678858874
      vertex 3 7.45 35
    endloop
  endfacet
  facet normal 0 0.9951847266721969 -0.0980171403295601
    outer loop
      vertex 3 7.45 35
      vertex 0 7.45 35
      vertex 3 7.498997534971762 35.497480321141126
    endloop
  endfacet
  facet normal 0 0.956940335732209 0.2902846772544617
    outer loop
      vertex 3 7.498997534971762 34.502519678858874
      vertex 0 7.644107192096219 34.02415724746902
      vertex 0 7.498997534971762 34.502519678858874
    endloop
  endfacet
  facet normal 0 0.8819212643483545 0.4713967368259986
    outer loop
      vertex 3 7.644107192096219 34.02415724746902
      vertex 0 7.87975248862851 33.583295905800014
      vertex 0 7.644107192096219 34.02415724746902
    endloop
  endfacet
  facet normal 0 0.956940335732209 -0.2902846772544617
    outer loop
      vertex 3 7.644107192096219 35.97584275253098
      vertex 0 7.498997534971762 35.497480321141126
      vertex 0 7.644107192096219 35.97584275253098
    endloop
  endfacet
  facet normal 0 0.8819212643483545 -0.4713967368259986
    outer loop
      vertex 3 7.87975248862851 36.416704094199986
      vertex 0 7.644107192096219 35.97584275253098
      vertex 0 7.87975248862851 36.416704094199986
    endloop
  endfacet
  facet normal 0 0.7730104533627387 0.6343932841636435
    outer loop
      vertex 3 7.87975248862851 33.583295905800014
      vertex 0 8.196877707974304 33.1968777079743
      vertex 0 7.87975248862851 33.583295905800014
    endloop
  endfacet
  facet normal 0 0.7730104533627387 -0.6343932841636435
    outer loop
      vertex 3 8.196877707974304 36.8031222920257
      vertex 0 7.87975248862851 36.416704094199986
      vertex 0 8.196877707974304 36.8031222920257
    endloop
  endfacet
  facet normal 0 0.6343932841636409 0.7730104533627407
    outer loop
      vertex 3 8.196877707974304 33.1968777079743
      vertex 0 8.583295905800014 32.87975248862851
      vertex 0 8.196877707974304 33.1968777079743
    endloop
  endfacet
  facet normal 0 0.47139673682599575 0.881921264348356
    outer loop
      vertex 3 8.583295905800014 32.87975248862851
      vertex 0 9.024157247469022 32.64410719209622
      vertex 0 8.583295905800014 32.87975248862851
    endloop
  endfacet
  facet normal 0 0.6343932841636409 -0.7730104533627407
    outer loop
      vertex 3 8.583295905800014 37.12024751137149
      vertex 0 8.196877707974304 36.8031222920257
      vertex 0 8.583295905800014 37.12024751137149
    endloop
  endfacet
  facet normal 0 0.47139673682599575 -0.881921264348356
    outer loop
      vertex 3 9.024157247469022 37.35589280790378
      vertex 0 8.583295905800014 37.12024751137149
      vertex 0 9.024157247469022 37.35589280790378
    endloop
  endfacet
  facet normal 0 0.29028467725446533 0.956940335732208
    outer loop
      vertex 3 9.024157247469022 32.64410719209622
      vertex 0 9.502519678858873 32.498997534971764
      vertex 0 9.024157247469022 32.64410719209622
    endloop
  endfacet
  facet normal 0 0.29028467725446533 -0.956940335732208
    outer loop
      vertex 3 9.502519678858873 37.501002465028236
      vertex 0 9.024157247469022 37.35589280790378
      vertex 0 9.502519678858873 37.501002465028236
    endloop
  endfacet
  facet normal 0 0.09801714032955801 0.9951847266721973
    outer loop
      vertex 3 9.502519678858873 32.498997534971764
      vertex 0 10 32.45
      vertex 0 9.502519678858873 32.498997534971764
    endloop
  endfacet
  facet normal 0 0.09801714032955801 -0.9951847266721973
    outer loop
      vertex 3 10 37.55
      vertex 0 9.502519678858873 37.501002465028236
      vertex 0 10 37.55
    endloop
  endfacet
  facet normal 0 0.956940335732209 0.2902846772544617
    outer loop
      vertex 3 7.498997534971762 34.502519678858874
      vertex 3 7.644107192096219 34.02415724746902
      vertex 0 7.644107192096219 34.02415724746902
    endloop
  endfacet
  facet normal 0 0.8819212643483545 0.4713967368259986
    outer loop
      vertex 3 7.644107192096219 34.02415724746902
      vertex 3 7.87975248862851 33.583295905800014
      vertex 0 7.87975248862851 33.583295905800014
    endloop
  endfacet
  facet normal 0 0.956940335732209 -0.2902846772544617
    outer loop
      vertex 3 7.498997534971762 35.497480321141126
      vertex 0 7.498997534971762 35.497480321141126
      vertex 3 7.644107192096219 35.97584275253098
    endloop
  endfacet
  facet normal 0 0.8819212643483545 -0.4713967368259986
    outer loop
      vertex 3 7.644107192096219 35.97584275253098
      vertex 0 7.644107192096219 35.97584275253098
      vertex 3 7.87975248862851 36.416704094199986
    endloop
  endfacet
  facet normal 0 0.7730104533627387 0.6343932841636435
    outer loop
      vertex 3 7.87975248862851 33.583295905800014
      vertex 3 8.196877707974304 33.1968777079743
      vertex 0 8.196877707974304 33.1968777079743
    endloop
  endfacet
  facet normal 0 0.7730104533627387 -0.6343932841636435
    outer loop
      vertex 3 7.87975248862851 36.416704094199986
      vertex 0 7.87975248862851 36.416704094199986
      vertex 3 8.196877707974304 36.8031222920257
    endloop
  endfacet
  facet normal 0 0.6343932841636409 -0.7730104533627407
    outer loop
      vertex 3 8.196877707974304 36.8031222920257
      vertex 0 8.196877707974304 36.8031222920257
      vertex 3 8.583295905800014 37.12024751137149
    endloop
  endfacet
  facet normal 0 0.6343932841636409 0.7730104533627407
    outer loop
      vertex 3 8.583295905800014 32.87975248862851
      vertex 0 8.583295905800014 32.87975248862851
      vertex 3 8.196877707974304 33.1968777079743
    endloop
  endfacet
  facet normal 0 0.47139673682599575 -0.881921264348356
    outer loop
      vertex 3 8.583295905800014 37.12024751137149
      vertex 0 8.583295905800014 37.12024751137149
      vertex 3 9.024157247469022 37.35589280790378
    endloop
  endfacet
  facet normal 0 0.47139673682599575 0.881921264348356
    outer loop
      vertex 3 8.583295905800014 32.87975248862851
      vertex 3 9.024157247469022 32.64410719209622
      vertex 0 9.024157247469022 32.64410719209622
    endloop
  endfacet
  facet normal 0 0.29028467725446533 0.956940335732208
    outer loop
      vertex 3 9.024157247469022 32.64410719209622
      vertex 3 9.502519678858873 32.498997534971764
      vertex 0 9.502519678858873 32.498997534971764
    endloop
  endfacet
  facet normal 0 0.29028467725446533 -0.956940335732208
    outer loop
      vertex 3 9.024157247469022 37.35589280790378
      vertex 0 9.024157247469022 37.35589280790378
      vertex 3 9.502519678858873 37.501002465028236
    endloop
  endfacet
  facet normal 0 0.09801714032955801 -0.9951847266721973
    outer loop
      vertex 3 9.502519678858873 37.501002465028236
      vertex 0 9.502519678858873 37.501002465028236
      vertex 3 10 37.55
    endloop
  endfacet
  facet normal 0 0.09801714032955801 0.9951847266721973
    outer loop
      vertex 3 9.502519678858873 32.498997534971764
      vertex 3 10 32.45
      vertex 0 10 32.45
    endloop
  endfacet
  facet normal -1 0 0
    outer loop
      vertex 3 7.498997534971762 34.502519678858874
      vertex 3 7.45 35
      vertex 3 7.498997534971762 35.497480321141126
    endloop
  endfacet
  facet normal -1 0 0
    outer loop
      vertex 3 7.498997534971762 34.502519678858874
      vertex 3 7.498997534971762 35.497480321141126
      vertex 3 7.644107192096219 34.02415724746902
    endloop
  endfacet
  facet normal -1 0 0
    outer loop
      vertex 3 7.644107192096219 34.02415724746902
      vertex 3 7.644107192096219 35.97584275253098
      vertex 3 7.87975248862851 33.583295905800014
    endloop
  endfacet
  facet normal -1 0 0
    outer loop
      vertex 3 7.644107192096219 34.02415724746902
      vertex 3 7.498997534971762 35.497480321141126
      vertex 3 7.644107192096219 35.97584275253098
    endloop
  endfacet
  facet normal -1 0 0
    outer loop
      vertex 3 7.644107192096219 35.97584275253098
      vertex 3 7.87975248862851 36.416704094199986
      vertex 3 7.87975248862851 33.583295905800014
    endloop
  endfacet
  facet normal -1 0 0
    outer loop
      vertex 3 7.87975248862851 33.583295905800014
      vertex 3 7.87975248862851 36.416704094199986
      vertex 3 8.196877707974304 33.1968777079743
    endloop
  endfacet
  facet normal -1 0 0
    outer loop
      vertex 3 8.196877707974304 33.1968777079743
      vertex 3 7.87975248862851 36.416704094199986
      vertex 3 8.196877707974304 36.8031222920257
    endloop
  endfacet
  facet normal -1 0 0
    outer loop
      vertex 3 8.583295905800014 32.87975248862851
      vertex 3 8.196877707974304 33.1968777079743
      vertex 3 8.196877707974304 36.8031222920257
    endloop
  endfacet
  facet normal -1 0 0
    outer loop
      vertex 3 8.583295905800014 32.87975248862851
      vertex 3 8.583295905800014 37.12024751137149
      vertex 3 9.024157247469022 32.64410719209622
    endloop
  endfacet
  facet normal -1 0 0
    outer loop
      vertex 3 8.583295905800014 32.87975248862851
      vertex 3 8.196877707974304 36.8031222920257
      vertex 3 8.583295905800014 37.12024751137149
    endloop
  endfacet
  facet normal -1 0 0
    outer loop
      vertex 3 9.024157247469022 32.64410719209622
      vertex 3 8.583295905800014 37.12024751137149
      vertex 3 9.024157247469022 37.35589280790378
    endloop
  endfacet
  facet normal -1 0 0
    outer loop
      vertex 3 9.024157247469022 32.64410719209622
      vertex 3 9.024157247469022 37.35589280790378
      vertex 3 9.502519678858873 32.498997534971764
    endloop
  endfacet
  facet normal -1 0 0
    outer loop
      vertex 3 9.502519678858873 32.498997534971764
      vertex 3 9.024157247469022 37.35589280790378
      vertex 3 9.502519678858873 37.501002465028236
    endloop
  endfacet
  facet normal -1 0 0
    outer loop
      vertex 3 9.502519678858873 32.498997534971764
      vertex 3 9.502519678858873 37.501002465028236
      vertex 3 10 32.45
    endloop
  endfacet
  facet normal -1 0 0
    outer loop
      vertex 3 9.502519678858873 37.501002465028236
      vertex 3 10 37.55
      vertex 3 10 32.45
    endloop
  endfacet
  facet normal 0 -0.09801714032955801 0.9951847266721973
    outer loop
      vertex 3 10 32.45
      vertex 0 10.497480321141127 32.498997534971764
      vertex 0 10 32.45
    endloop
  endfacet
  facet normal 0 -0.09801714032955801 -0.9951847266721973
    outer loop
      vertex 3 10.497480321141127 37.501002465028236
      vertex 0 10 37.55
      vertex 0 10.497480321141127 37.501002465028236
    endloop
  endfacet
  facet normal 0 -0.29028467725446533 0.956940335732208
    outer loop
      vertex 3 10.497480321141127 32.498997534971764
      vertex 0 10.975842752530978 32.64410719209622
      vertex 0 10.497480321141127 32.498997534971764
    endloop
  endfacet
  facet normal 0 -0.29028467725446533 -0.956940335732208
    outer loop
      vertex 3 10.975842752530978 37.35589280790378
      vertex 0 10.497480321141127 37.501002465028236
      vertex 0 10.975842752530978 37.35589280790378
    endloop
  endfacet
  facet normal 0 -0.47139673682599575 0.881921264348356
    outer loop
      vertex 3 10.975842752530978 32.64410719209622
      vertex 0 11.416704094199986 32.87975248862851
      vertex 0 10.975842752530978 32.64410719209622
    endloop
  endfacet
  facet normal 0 -0.6343932841636409 0.7730104533627407
    outer loop
      vertex 3 11.416704094199986 32.87975248862851
      vertex 0 11.803122292025696 33.1968777079743
      vertex 0 11.416704094199986 32.87975248862851
    endloop
  endfacet
  facet normal 0 -0.47139673682599575 -0.881921264348356
    outer loop
      vertex 3 11.416704094199986 37.12024751137149
      vertex 0 10.975842752530978 37.35589280790378
      vertex 0 11.416704094199986 37.12024751137149
    endloop
  endfacet
  facet normal 0 -0.6343932841636409 -0.7730104533627407
    outer loop
      vertex 3 11.803122292025696 36.8031222920257
      vertex 0 11.416704094199986 37.12024751137149
      vertex 0 11.803122292025696 36.8031222920257
    endloop
  endfacet
  facet normal 0 -0.7730104533627387 0.6343932841636435
    outer loop
      vertex 3 11.803122292025696 33.1968777079743
      vertex 0 12.12024751137149 33.583295905800014
      vertex 0 11.803122292025696 33.1968777079743
    endloop
  endfacet
  facet normal 0 -0.7730104533627387 -0.6343932841636435
    outer loop
      vertex 3 12.12024751137149 36.416704094199986
      vertex 0 11.803122292025696 36.8031222920257
      vertex 0 12.12024751137149 36.416704094199986
    endloop
  endfacet
  facet normal 0 -0.8819212643483538 0.47139673682600003
    outer loop
      vertex 3 12.12024751137149 33.583295905800014
      vertex 0 12.355892807903782 34.02415724746902
      vertex 0 12.12024751137149 33.583295905800014
    endloop
  endfacet
  facet normal 0 -0.9569403357322095 0.29028467725446006
    outer loop
      vertex 3 12.355892807903782 34.02415724746902
      vertex 0 12.501002465028238 34.502519678858874
      vertex 0 12.355892807903782 34.02415724746902
    endloop
  endfacet
  facet normal 0 -0.8819212643483538 -0.47139673682600003
    outer loop
      vertex 3 12.355892807903782 35.97584275253098
      vertex 0 12.12024751137149 36.416704094199986
      vertex 0 12.355892807903782 35.97584275253098
    endloop
  endfacet
  facet normal 0 -0.9569403357322095 -0.29028467725446006
    outer loop
      vertex 3 12.501002465028238 35.497480321141126
      vertex 0 12.355892807903782 35.97584275253098
      vertex 0 12.501002465028238 35.497480321141126
    endloop
  endfacet
  facet normal 0 -0.09801714032955801 -0.9951847266721973
    outer loop
      vertex 3 10 37.55
      vertex 0 10 37.55
      vertex 3 10.497480321141127 37.501002465028236
    endloop
  endfacet
  facet normal 0 -0.09801714032955801 0.9951847266721973
    outer loop
      vertex 3 10 32.45
      vertex 3 10.497480321141127 32.498997534971764
      vertex 0 10.497480321141127 32.498997534971764
    endloop
  endfacet
  facet normal 0 -0.29028467725446533 0.956940335732208
    outer loop
      vertex 3 10.497480321141127 32.498997534971764
      vertex 3 10.975842752530978 32.64410719209622
      vertex 0 10.975842752530978 32.64410719209622
    endloop
  endfacet
  facet normal 0 -0.29028467725446533 -0.956940335732208
    outer loop
      vertex 3 10.497480321141127 37.501002465028236
      vertex 0 10.497480321141127 37.501002465028236
      vertex 3 10.975842752530978 37.35589280790378
    endloop
  endfacet
  facet normal 0 -0.47139673682599575 -0.881921264348356
    outer loop
      vertex 3 10.975842752530978 37.35589280790378
      vertex 0 10.975842752530978 37.35589280790378
      vertex 3 11.416704094199986 37.12024751137149
    endloop
  endfacet
  facet normal 0 -0.47139673682599575 0.881921264348356
    outer loop
      vertex 3 10.975842752530978 32.64410719209622
      vertex 3 11.416704094199986 32.87975248862851
      vertex 0 11.416704094199986 32.87975248862851
    endloop
  endfacet
  facet normal 0 -0.6343932841636409 -0.7730104533627407
    outer loop
      vertex 3 11.416704094199986 37.12024751137149
      vertex 0 11.416704094199986 37.12024751137149
      vertex 3 11.803122292025696 36.8031222920257
    endloop
  endfacet
  facet normal 0 -0.6343932841636409 0.7730104533627407
    outer loop
      vertex 3 11.416704094199986 32.87975248862851
      vertex 3 11.803122292025696 33.1968777079743
      vertex 0 11.803122292025696 33.1968777079743
    endloop
  endfacet
  facet normal 0 -0.7730104533627387 0.6343932841636435
    outer loop
      vertex 3 11.803122292025696 33.1968777079743
      vertex 3 12.12024751137149 33.583295905800014
      vertex 0 12.12024751137149 33.583295905800014
    endloop
  endfacet
  facet normal 0 -0.7730104533627387 -0.6343932841636435
    outer loop
      vertex 3 11.803122292025696 36.8031222920257
      vertex 0 11.803122292025696 36.8031222920257
      vertex 3 12.12024751137149 36.416704094199986
    endloop
  endfacet
  facet normal 0 -0.8819212643483538 0.47139673682600003
    outer loop
      vertex 3 12.12024751137149 33.583295905800014
      vertex 3 12.355892807903782 34.02415724746902
      vertex 0 12.355892807903782 34.02415724746902
    endloop
  endfacet
  facet normal 0 -0.9569403357322095 0.29028467725446006
    outer loop
      vertex 3 12.355892807903782 34.02415724746902
      vertex 3 12.501002465028238 34.502519678858874
      vertex 0 12.501002465028238 34.502519678858874
    endloop
  endfacet
  facet normal 0 -0.8819212643483538 -0.47139673682600003
    outer loop
      vertex 3 12.355892807903782 35.97584275253098
      vertex 3 12.12024751137149 36.416704094199986
      vertex 0 12.12024751137149 36.416704094199986
    endloop
  endfacet
  facet normal 0 -0.9569403357322095 -0.29028467725446006
    outer loop
      vertex 3 12.355892807903782 35.97584275253098
      vertex 0 12.355892807903782 35.97584275253098
      vertex 3 12.501002465028238 35.497480321141126
    endloop
  endfacet
  facet normal 0 -0.9951847266721968 0.09801714032956187
    outer loop
      vertex 3 12.501002465028238 34.502519678858874
      vertex 0 12.55 35
      vertex 0 12.501002465028238 34.502519678858874
    endloop
  endfacet
  facet normal 0 -0.9951847266721968 -0.09801714032956187
    outer loop
      vertex 3 12.55 35
      vertex 0 12.501002465028238 35.497480321141126
      vertex 0 12.55 35
    endloop
  endfacet
  facet normal 0 -0.9951847266721968 0.09801714032956187
    outer loop
      vertex 3 12.501002465028238 34.502519678858874
      vertex 3 12.55 35
      vertex 0 12.55 35
    endloop
  endfacet
  facet normal 0 -0.9951847266721968 -0.09801714032956187
    outer loop
      vertex 3 12.55 35
      vertex 3 12.501002465028238 35.497480321141126
      vertex 0 12.501002465028238 35.497480321141126
    endloop
  endfacet
  facet normal -1 0 0
    outer loop
      vertex 3 10 32.45
      vertex 3 10 37.55
      vertex 3 10.497480321141127 32.498997534971764
    endloop
  endfacet
  facet normal -1 0 0
    outer loop
      vertex 3 10.497480321141127 32.498997534971764
      vertex 3 10 37.55
      vertex 3 10.497480321141127 37.501002465028236
    endloop
  endfacet
  facet normal -1 0 0
    outer loop
      vertex 3 10.497480321141127 32.498997534971764
      vertex 3 10.497480321141127 37.501002465028236
      vertex 3 10.975842752530978 32.64410719209622
    endloop
  endfacet
  facet normal -1 0 0
    outer loop
      vertex 3 10.975842752530978 32.64410719209622
      vertex 3 10.497480321141127 37.501002465028236
      vertex 3 10.975842752530978 37.35589280790378
    endloop
  endfacet
  facet normal -1 0 0
    outer loop
      vertex 3 10.975842752530978 32.64410719209622
      vertex 3 10.975842752530978 37.35589280790378
      vertex 3 11.416704094199986 32.87975248862851
    endloop
  endfacet
  facet normal -1 0 0
    outer loop
      vertex 3 11.416704094199986 32.87975248862851
      vertex 3 11.416704094199986 37.12024751137149
      vertex 3 11.803122292025696 33.1968777079743
    endloop
  endfacet
  facet normal -1 0 0
    outer loop
      vertex 3 11.416704094199986 32.87975248862851
      vertex 3 10.975842752530978 37.35589280790378
      vertex 3 11.416704094199986 37.12024751137149
    endloop
  endfacet
  facet normal -1 0 0
    outer loop
      vertex 3 11.803122292025696 33.1968777079743
      vertex 3 11.416704094199986 37.12024751137149
      vertex 3 11.803122292025696 36.8031222920257
    endloop
  endfacet
  facet normal -1 0 0
    outer loop
      vertex 3 11.803122292025696 33.1968777079743
      vertex 3 11.803122292025696 36.8031222920257
      vertex 3 12.12024751137149 33.583295905800014
    endloop
  endfacet
  facet normal -1 0 0
    outer loop
      vertex 3 12.12024751137149 33.583295905800014
      vertex 3 11.803122292025696 36.8031222920257
      vertex 3 12.12024751137149 36.416704094199986
    endloop
  endfacet
  facet normal -1 0 0
    outer loop
      vertex 3 12.12024751137149 33.583295905800014
      vertex 3 12.12024751137149 36.416704094199986
      vertex 3 12.355892807903782 34.02415724746902
    endloop
  endfacet
  facet normal -1 0 0
    outer loop
      vertex 3 12.355892807903782 34.02415724746902
      vertex 3 12.355892807903782 35.97584275253098
      vertex 3 12.501002465028238 34.502519678858874
    endloop
  endfacet
  facet normal -1 0 0
    outer loop
      vertex 3 12.355892807903782 34.02415724746902
      vertex 3 12.12024751137149 36.416704094199986
      vertex 3 12.355892807903782 35.97584275253098
    endloop
  endfacet
  facet normal -1 0 0
    outer loop
      vertex 3 12.355892807903782 35.97584275253098
      vertex 3 12.501002465028238 35.497480321141126
      vertex 3 12.501002465028238 34.502519678858874
    endloop
  endfacet
  facet normal -1 0 0
    outer loop
      vertex 3 12.501002465028238 34.502519678858874
      vertex 3 12.501002465028238 35.497480321141126
      vertex 3 12.55 35
    endloop
  endfacet
  facet normal 0 0.9951847266721969 0.0980171403295601
    outer loop
      vertex 3 7.45 215
      vertex 0 7.498997534971762 214.50251967885887
      vertex 0 7.45 215
    endloop
  endfacet
  facet normal 0 0.9951847266721969 -0.0980171403295601
    outer loop
      vertex 3 7.498997534971762 215.49748032114113
      vertex 0 7.45 215
      vertex 0 7.498997534971762 215.49748032114113
    endloop
  endfacet
  facet normal 0 0.9951847266721969 0.0980171403295601
    outer loop
      vertex 3 7.498997534971762 214.50251967885887
      vertex 0 7.498997534971762 214.50251967885887
      vertex 3 7.45 215
    endloop
  endfacet
  facet normal 0 0.9951847266721969 -0.0980171403295601
    outer loop
      vertex 3 7.45 215
      vertex 0 7.45 215
      vertex 3 7.498997534971762 215.49748032114113
    endloop
  endfacet
  facet normal 0 0.956940335732209 0.2902846772544617
    outer loop
      vertex 3 7.498997534971762 214.50251967885887
      vertex 0 7.644107192096219 214.02415724746902
      vertex 0 7.498997534971762 214.50251967885887
    endloop
  endfacet
  facet normal 0 0.8819212643483545 0.4713967368259986
    outer loop
      vertex 3 7.644107192096219 214.02415724746902
      vertex 0 7.87975248862851 213.58329590580001
      vertex 0 7.644107192096219 214.02415724746902
    endloop
  endfacet
  facet normal 0 0.956940335732209 -0.2902846772544617
    outer loop
      vertex 3 7.644107192096219 215.97584275253098
      vertex 0 7.498997534971762 215.49748032114113
      vertex 0 7.644107192096219 215.97584275253098
    endloop
  endfacet
  facet normal 0 0.8819212643483545 -0.4713967368259986
    outer loop
      vertex 3 7.87975248862851 216.41670409419999
      vertex 0 7.644107192096219 215.97584275253098
      vertex 0 7.87975248862851 216.41670409419999
    endloop
  endfacet
  facet normal 0 0.7730104533627442 0.6343932841636365
    outer loop
      vertex 3 7.87975248862851 213.58329590580001
      vertex 0 8.196877707974304 213.1968777079743
      vertex 0 7.87975248862851 213.58329590580001
    endloop
  endfacet
  facet normal 0 0.7730104533627442 -0.6343932841636365
    outer loop
      vertex 3 8.196877707974304 216.8031222920257
      vertex 0 7.87975248862851 216.41670409419999
      vertex 0 8.196877707974304 216.8031222920257
    endloop
  endfacet
  facet normal 0 0.6343932841636495 0.7730104533627337
    outer loop
      vertex 3 8.196877707974304 213.1968777079743
      vertex 0 8.583295905800014 212.8797524886285
      vertex 0 8.196877707974304 213.1968777079743
    endloop
  endfacet
  facet normal 0 0.4713967368259847 0.8819212643483619
    outer loop
      vertex 3 8.583295905800014 212.8797524886285
      vertex 0 9.024157247469022 212.64410719209621
      vertex 0 8.583295905800014 212.8797524886285
    endloop
  endfacet
  facet normal 0 0.6343932841636495 -0.7730104533627337
    outer loop
      vertex 3 8.583295905800014 217.1202475113715
      vertex 0 8.196877707974304 216.8031222920257
      vertex 0 8.583295905800014 217.1202475113715
    endloop
  endfacet
  facet normal 0 0.4713967368259847 -0.8819212643483619
    outer loop
      vertex 3 9.024157247469022 217.35589280790379
      vertex 0 8.583295905800014 217.1202475113715
      vertex 0 9.024157247469022 217.35589280790379
    endloop
  endfacet
  facet normal 0 0.2902846772544783 0.956940335732204
    outer loop
      vertex 3 9.024157247469022 212.64410719209621
      vertex 0 9.502519678858873 212.49899753497175
      vertex 0 9.024157247469022 212.64410719209621
    endloop
  endfacet
  facet normal 0 0.2902846772544783 -0.956940335732204
    outer loop
      vertex 3 9.502519678858873 217.50100246502825
      vertex 0 9.024157247469022 217.35589280790379
      vertex 0 9.502519678858873 217.50100246502825
    endloop
  endfacet
  facet normal 0 0.09801714032955801 0.9951847266721973
    outer loop
      vertex 3 9.502519678858873 212.49899753497175
      vertex 0 10 212.45
      vertex 0 9.502519678858873 212.49899753497175
    endloop
  endfacet
  facet normal 0 0.09801714032955801 -0.9951847266721973
    outer loop
      vertex 3 10 217.55
      vertex 0 9.502519678858873 217.50100246502825
      vertex 0 10 217.55
    endloop
  endfacet
  facet normal 0 0.956940335732209 0.2902846772544617
    outer loop
      vertex 3 7.498997534971762 214.50251967885887
      vertex 3 7.644107192096219 214.02415724746902
      vertex 0 7.644107192096219 214.02415724746902
    endloop
  endfacet
  facet normal 0 0.8819212643483545 0.4713967368259986
    outer loop
      vertex 3 7.87975248862851 213.58329590580001
      vertex 0 7.87975248862851 213.58329590580001
      vertex 3 7.644107192096219 214.02415724746902
    endloop
  endfacet
  facet normal 0 0.956940335732209 -0.2902846772544617
    outer loop
      vertex 3 7.498997534971762 215.49748032114113
      vertex 0 7.498997534971762 215.49748032114113
      vertex 3 7.644107192096219 215.97584275253098
    endloop
  endfacet
  facet normal 0 0.8819212643483545 -0.4713967368259986
    outer loop
      vertex 3 7.644107192096219 215.97584275253098
      vertex 0 7.644107192096219 215.97584275253098
      vertex 3 7.87975248862851 216.41670409419999
    endloop
  endfacet
  facet normal 0 0.7730104533627442 0.6343932841636365
    outer loop
      vertex 3 7.87975248862851 213.58329590580001
      vertex 3 8.196877707974304 213.1968777079743
      vertex 0 8.196877707974304 213.1968777079743
    endloop
  endfacet
  facet normal 0 0.7730104533627442 -0.6343932841636365
    outer loop
      vertex 3 7.87975248862851 216.41670409419999
      vertex 0 7.87975248862851 216.41670409419999
      vertex 3 8.196877707974304 216.8031222920257
    endloop
  endfacet
  facet normal 0 0.6343932841636495 -0.7730104533627337
    outer loop
      vertex 3 8.196877707974304 216.8031222920257
      vertex 0 8.196877707974304 216.8031222920257
      vertex 3 8.583295905800014 217.1202475113715
    endloop
  endfacet
  facet normal 0 0.6343932841636495 0.7730104533627337
    outer loop
      vertex 3 8.196877707974304 213.1968777079743
      vertex 3 8.583295905800014 212.8797524886285
      vertex 0 8.583295905800014 212.8797524886285
    endloop
  endfacet
  facet normal 0 0.4713967368259847 -0.8819212643483619
    outer loop
      vertex 3 8.583295905800014 217.1202475113715
      vertex 0 8.583295905800014 217.1202475113715
      vertex 3 9.024157247469022 217.35589280790379
    endloop
  endfacet
  facet normal 0 0.4713967368259847 0.8819212643483619
    outer loop
      vertex 3 8.583295905800014 212.8797524886285
      vertex 3 9.024157247469022 212.64410719209621
      vertex 0 9.024157247469022 212.64410719209621
    endloop
  endfacet
  facet normal 0 0.2902846772544783 0.956940335732204
    outer loop
      vertex 3 9.024157247469022 212.64410719209621
      vertex 3 9.502519678858873 212.49899753497175
      vertex 0 9.502519678858873 212.49899753497175
    endloop
  endfacet
  facet normal 0 0.2902846772544783 -0.956940335732204
    outer loop
      vertex 3 9.024157247469022 217.35589280790379
      vertex 0 9.024157247469022 217.35589280790379
      vertex 3 9.502519678858873 217.50100246502825
    endloop
  endfacet
  facet normal 0 0.09801714032955801 -0.9951847266721973
    outer loop
      vertex 3 9.502519678858873 217.50100246502825
      vertex 0 9.502519678858873 217.50100246502825
      vertex 3 10 217.55
    endloop
  endfacet
  facet normal 0 0.09801714032955801 0.9951847266721973
    outer loop
      vertex 3 9.502519678858873 212.49899753497175
      vertex 3 10 212.45
      vertex 0 10 212.45
    endloop
  endfacet
  facet normal -1 0 0
    outer loop
      vertex 3 7.498997534971762 214.50251967885887
      vertex 3 7.45 215
      vertex 3 7.498997534971762 215.49748032114113
    endloop
  endfacet
  facet normal -1 0 0
    outer loop
      vertex 3 7.498997534971762 214.50251967885887
      vertex 3 7.498997534971762 215.49748032114113
      vertex 3 7.644107192096219 214.02415724746902
    endloop
  endfacet
  facet normal -1 0 0
    outer loop
      vertex 3 7.87975248862851 213.58329590580001
      vertex 3 7.644107192096219 214.02415724746902
      vertex 3 7.644107192096219 215.97584275253098
    endloop
  endfacet
  facet normal -1 0 0
    outer loop
      vertex 3 7.644107192096219 214.02415724746902
      vertex 3 7.498997534971762 215.49748032114113
      vertex 3 7.644107192096219 215.97584275253098
    endloop
  endfacet
  facet normal -1 0 0
    outer loop
      vertex 3 7.87975248862851 213.58329590580001
      vertex 3 7.644107192096219 215.97584275253098
      vertex 3 7.87975248862851 216.41670409419999
    endloop
  endfacet
  facet normal -1 0 0
    outer loop
      vertex 3 7.87975248862851 213.58329590580001
      vertex 3 7.87975248862851 216.41670409419999
      vertex 3 8.196877707974304 213.1968777079743
    endloop
  endfacet
  facet normal -1 0 0
    outer loop
      vertex 3 8.196877707974304 213.1968777079743
      vertex 3 7.87975248862851 216.41670409419999
      vertex 3 8.196877707974304 216.8031222920257
    endloop
  endfacet
  facet normal -1 0 0
    outer loop
      vertex 3 8.196877707974304 213.1968777079743
      vertex 3 8.196877707974304 216.8031222920257
      vertex 3 8.583295905800014 212.8797524886285
    endloop
  endfacet
  facet normal -1 0 0
    outer loop
      vertex 3 8.583295905800014 212.8797524886285
      vertex 3 8.583295905800014 217.1202475113715
      vertex 3 9.024157247469022 212.64410719209621
    endloop
  endfacet
  facet normal -1 0 0
    outer loop
      vertex 3 8.583295905800014 212.8797524886285
      vertex 3 8.196877707974304 216.8031222920257
      vertex 3 8.583295905800014 217.1202475113715
    endloop
  endfacet
  facet normal -1 0 0
    outer loop
      vertex 3 9.024157247469022 212.64410719209621
      vertex 3 8.583295905800014 217.1202475113715
      vertex 3 9.024157247469022 217.35589280790379
    endloop
  endfacet
  facet normal -1 0 0
    outer loop
      vertex 3 9.024157247469022 212.64410719209621
      vertex 3 9.024157247469022 217.35589280790379
      vertex 3 9.502519678858873 212.49899753497175
    endloop
  endfacet
  facet normal -1 0 0
    outer loop
      vertex 3 9.502519678858873 212.49899753497175
      vertex 3 9.024157247469022 217.35589280790379
      vertex 3 9.502519678858873 217.50100246502825
    endloop
  endfacet
  facet normal -1 0 0
    outer loop
      vertex 3 9.502519678858873 212.49899753497175
      vertex 3 9.502519678858873 217.50100246502825
      vertex 3 10 212.45
    endloop
  endfacet
  facet normal -1 0 0
    outer loop
      vertex 3 9.502519678858873 217.50100246502825
      vertex 3 10 217.55
      vertex 3 10 212.45
    endloop
  endfacet
  facet normal 0 -0.09801714032955801 0.9951847266721973
    outer loop
      vertex 3 10 212.45
      vertex 0 10.497480321141127 212.49899753497175
      vertex 0 10 212.45
    endloop
  endfacet
  facet normal 0 -0.09801714032955801 -0.9951847266721973
    outer loop
      vertex 3 10.497480321141127 217.50100246502825
      vertex 0 10 217.55
      vertex 0 10.497480321141127 217.50100246502825
    endloop
  endfacet
  facet normal 0 -0.2902846772544783 0.956940335732204
    outer loop
      vertex 3 10.497480321141127 212.49899753497175
      vertex 0 10.975842752530978 212.64410719209621
      vertex 0 10.497480321141127 212.49899753497175
    endloop
  endfacet
  facet normal 0 -0.2902846772544783 -0.956940335732204
    outer loop
      vertex 3 10.975842752530978 217.35589280790379
      vertex 0 10.497480321141127 217.50100246502825
      vertex 0 10.975842752530978 217.35589280790379
    endloop
  endfacet
  facet normal 0 -0.4713967368259847 0.8819212643483619
    outer loop
      vertex 3 10.975842752530978 212.64410719209621
      vertex 0 11.416704094199986 212.8797524886285
      vertex 0 10.975842752530978 212.64410719209621
    endloop
  endfacet
  facet normal 0 -0.6343932841636495 0.7730104533627337
    outer loop
      vertex 3 11.416704094199986 212.8797524886285
      vertex 0 11.803122292025696 213.1968777079743
      vertex 0 11.416704094199986 212.8797524886285
    endloop
  endfacet
  facet normal 0 -0.4713967368259847 -0.8819212643483619
    outer loop
      vertex 3 11.416704094199986 217.1202475113715
      vertex 0 10.975842752530978 217.35589280790379
      vertex 0 11.416704094199986 217.1202475113715
    endloop
  endfacet
  facet normal 0 -0.6343932841636495 -0.7730104533627337
    outer loop
      vertex 3 11.803122292025696 216.8031222920257
      vertex 0 11.416704094199986 217.1202475113715
      vertex 0 11.803122292025696 216.8031222920257
    endloop
  endfacet
  facet normal 0 -0.7730104533627442 0.6343932841636365
    outer loop
      vertex 3 11.803122292025696 213.1968777079743
      vertex 0 12.12024751137149 213.58329590580001
      vertex 0 11.803122292025696 213.1968777079743
    endloop
  endfacet
  facet normal 0 -0.7730104533627442 -0.6343932841636365
    outer loop
      vertex 3 12.12024751137149 216.41670409419999
      vertex 0 11.803122292025696 216.8031222920257
      vertex 0 12.12024751137149 216.41670409419999
    endloop
  endfacet
  facet normal 0 -0.8819212643483538 0.47139673682600003
    outer loop
      vertex 3 12.12024751137149 213.58329590580001
      vertex 0 12.355892807903782 214.02415724746902
      vertex 0 12.12024751137149 213.58329590580001
    endloop
  endfacet
  facet normal 0 -0.9569403357322095 0.29028467725446006
    outer loop
      vertex 3 12.355892807903782 214.02415724746902
      vertex 0 12.501002465028238 214.50251967885887
      vertex 0 12.355892807903782 214.02415724746902
    endloop
  endfacet
  facet normal 0 -0.8819212643483538 -0.47139673682600003
    outer loop
      vertex 3 12.355892807903782 215.97584275253098
      vertex 0 12.12024751137149 216.41670409419999
      vertex 0 12.355892807903782 215.97584275253098
    endloop
  endfacet
  facet normal 0 -0.9569403357322095 -0.29028467725446006
    outer loop
      vertex 3 12.501002465028238 215.49748032114113
      vertex 0 12.355892807903782 215.97584275253098
      vertex 0 12.501002465028238 215.49748032114113
    endloop
  endfacet
  facet normal 0 -0.09801714032955801 -0.9951847266721973
    outer loop
      vertex 3 10 217.55
      vertex 0 10 217.55
      vertex 3 10.497480321141127 217.50100246502825
    endloop
  endfacet
  facet normal 0 -0.09801714032955801 0.9951847266721973
    outer loop
      vertex 3 10 212.45
      vertex 3 10.497480321141127 212.49899753497175
      vertex 0 10.497480321141127 212.49899753497175
    endloop
  endfacet
  facet normal 0 -0.2902846772544783 0.956940335732204
    outer loop
      vertex 3 10.497480321141127 212.49899753497175
      vertex 3 10.975842752530978 212.64410719209621
      vertex 0 10.975842752530978 212.64410719209621
    endloop
  endfacet
  facet normal 0 -0.2902846772544783 -0.956940335732204
    outer loop
      vertex 3 10.497480321141127 217.50100246502825
      vertex 0 10.497480321141127 217.50100246502825
      vertex 3 10.975842752530978 217.35589280790379
    endloop
  endfacet
  facet normal 0 -0.4713967368259847 -0.8819212643483619
    outer loop
      vertex 3 10.975842752530978 217.35589280790379
      vertex 0 10.975842752530978 217.35589280790379
      vertex 3 11.416704094199986 217.1202475113715
    endloop
  endfacet
  facet normal 0 -0.4713967368259847 0.8819212643483619
    outer loop
      vertex 3 10.975842752530978 212.64410719209621
      vertex 3 11.416704094199986 212.8797524886285
      vertex 0 11.416704094199986 212.8797524886285
    endloop
  endfacet
  facet normal 0 -0.6343932841636495 -0.7730104533627337
    outer loop
      vertex 3 11.416704094199986 217.1202475113715
      vertex 0 11.416704094199986 217.1202475113715
      vertex 3 11.803122292025696 216.8031222920257
    endloop
  endfacet
  facet normal 0 -0.6343932841636495 0.7730104533627337
    outer loop
      vertex 3 11.416704094199986 212.8797524886285
      vertex 3 11.803122292025696 213.1968777079743
      vertex 0 11.803122292025696 213.1968777079743
    endloop
  endfacet
  facet normal 0 -0.7730104533627442 0.6343932841636365
    outer loop
      vertex 3 11.803122292025696 213.1968777079743
      vertex 3 12.12024751137149 213.58329590580001
      vertex 0 12.12024751137149 213.58329590580001
    endloop
  endfacet
  facet normal 0 -0.7730104533627442 -0.6343932841636365
    outer loop
      vertex 3 11.803122292025696 216.8031222920257
      vertex 0 11.803122292025696 216.8031222920257
      vertex 3 12.12024751137149 216.41670409419999
    endloop
  endfacet
  facet normal 0 -0.8819212643483538 0.47139673682600003
    outer loop
      vertex 3 12.12024751137149 213.58329590580001
      vertex 3 12.355892807903782 214.02415724746902
      vertex 0 12.355892807903782 214.02415724746902
    endloop
  endfacet
  facet normal 0 -0.9569403357322095 0.29028467725446006
    outer loop
      vertex 3 12.355892807903782 214.02415724746902
      vertex 3 12.501002465028238 214.50251967885887
      vertex 0 12.501002465028238 214.50251967885887
    endloop
  endfacet
  facet normal 0 -0.8819212643483538 -0.47139673682600003
    outer loop
      vertex 3 12.12024751137149 216.41670409419999
      vertex 0 12.12024751137149 216.41670409419999
      vertex 3 12.355892807903782 215.97584275253098
    endloop
  endfacet
  facet normal 0 -0.9569403357322095 -0.29028467725446006
    outer loop
      vertex 3 12.355892807903782 215.97584275253098
      vertex 0 12.355892807903782 215.97584275253098
      vertex 3 12.501002465028238 215.49748032114113
    endloop
  endfacet
  facet normal 0 -0.9951847266721968 0.09801714032956187
    outer loop
      vertex 3 12.501002465028238 214.50251967885887
      vertex 0 12.55 215
      vertex 0 12.501002465028238 214.50251967885887
    endloop
  endfacet
  facet normal 0 -0.9951847266721968 -0.09801714032956187
    outer loop
      vertex 3 12.55 215
      vertex 0 12.501002465028238 215.49748032114113
      vertex 0 12.55 215
    endloop
  endfacet
  facet normal 0 -0.9951847266721968 0.09801714032956187
    outer loop
      vertex 3 12.501002465028238 214.50251967885887
      vertex 3 12.55 215
      vertex 0 12.55 215
    endloop
  endfacet
  facet normal 0 -0.9951847266721968 -0.09801714032956187
    outer loop
      vertex 3 12.55 215
      vertex 3 12.501002465028238 215.49748032114113
      vertex 0 12.501002465028238 215.49748032114113
    endloop
  endfacet
  facet normal -1 0 0
    outer loop
      vertex 3 10 212.45
      vertex 3 10 217.55
      vertex 3 10.497480321141127 212.49899753497175
    endloop
  endfacet
  facet normal -1 0 0
    outer loop
      vertex 3 10.497480321141127 212.49899753497175
      vertex 3 10 217.55
      vertex 3 10.497480321141127 217.50100246502825
    endloop
  endfacet
  facet normal -1 0 0
    outer loop
      vertex 3 10.497480321141127 212.49899753497175
      vertex 3 10.497480321141127 217.50100246502825
      vertex 3 10.975842752530978 212.64410719209621
    endloop
  endfacet
  facet normal -1 0 0
    outer loop
      vertex 3 10.975842752530978 212.64410719209621
      vertex 3 10.497480321141127 217.50100246502825
      vertex 3 10.975842752530978 217.35589280790379
    endloop
  endfacet
  facet normal -1 0 0
    outer loop
      vertex 3 10.975842752530978 212.64410719209621
      vertex 3 10.975842752530978 217.35589280790379
      vertex 3 11.416704094199986 212.8797524886285
    endloop
  endfacet
  facet normal -1 0 0
    outer loop
      vertex 3 11.416704094199986 212.8797524886285
      vertex 3 11.416704094199986 217.1202475113715
      vertex 3 11.803122292025696 213.1968777079743
    endloop
  endfacet
  facet normal -1 0 0
    outer loop
      vertex 3 11.416704094199986 212.8797524886285
      vertex 3 10.975842752530978 217.35589280790379
      vertex 3 11.416704094199986 217.1202475113715
    endloop
  endfacet
  facet normal -1 0 0
    outer loop
      vertex 3 11.803122292025696 213.1968777079743
      vertex 3 11.416704094199986 217.1202475113715
      vertex 3 11.803122292025696 216.8031222920257
    endloop
  endfacet
  facet normal -1 0 0
    outer loop
      vertex 3 11.803122292025696 213.1968777079743
      vertex 3 11.803122292025696 216.8031222920257
      vertex 3 12.12024751137149 213.58329590580001
    endloop
  endfacet
  facet normal -1 0 0
    outer loop
      vertex 3 12.12024751137149 213.58329590580001
      vertex 3 11.803122292025696 216.8031222920257
      vertex 3 12.12024751137149 216.41670409419999
    endloop
  endfacet
  facet normal -1 0 0
    outer loop
      vertex 3 12.12024751137149 213.58329590580001
      vertex 3 12.12024751137149 216.41670409419999
      vertex 3 12.355892807903782 214.02415724746902
    endloop
  endfacet
  facet normal -1 0 0
    outer loop
      vertex 3 12.355892807903782 214.02415724746902
      vertex 3 12.355892807903782 215.97584275253098
      vertex 3 12.501002465028238 214.50251967885887
    endloop
  endfacet
  facet normal -1 0 0
    outer loop
      vertex 3 12.355892807903782 214.02415724746902
      vertex 3 12.12024751137149 216.41670409419999
      vertex 3 12.355892807903782 215.97584275253098
    endloop
  endfacet
  facet normal -1 0 0
    outer loop
      vertex 3 12.355892807903782 215.97584275253098
      vertex 3 12.501002465028238 215.49748032114113
      vertex 3 12.501002465028238 214.50251967885887
    endloop
  endfacet
  facet normal -1 0 0
    outer loop
      vertex 3 12.501002465028238 214.50251967885887
      vertex 3 12.501002465028238 215.49748032114113
      vertex 3 12.55 215
    endloop
  endfacet
endsolid OpenSCAD_Model
