solid OpenSCAD_Model
  facet normal -0.49999999999999933 0.8660254037844389 0
    outer loop
      vertex 14.7 -0.5196152422706631 0
      vertex 14.98248518019779 -0.3565223474413892 4
      vertex 14.98248518019779 -0.3565223474413892 0
    endloop
  endfacet
  facet normal 1 0 0
    outer loop
      vertex 14.7 -0.5196152422706631 0
      vertex 14.7 0.5196152422706631 4
      vertex 14.7 -0.5196152422706631 4
    endloop
  endfacet
  facet normal -0.49999999999999933 0.8660254037844389 0
    outer loop
      vertex 14.7 -0.5196152422706631 0
      vertex 14.7 -0.5196152422706631 4
      vertex 14.98248518019779 -0.3565223474413892 4
    endloop
  endfacet
  facet normal 1 0 0
    outer loop
      vertex 14.7 -0.5196152422706631 0
      vertex 14.7 0.5196152422706631 0
      vertex 14.7 0.5196152422706631 4
    endloop
  endfacet
  facet normal -0.49999999999999933 -0.8660254037844389 0
    outer loop
      vertex 14.98248518019779 0.3565223474413892 0
      vertex 14.7 0.5196152422706631 4
      vertex 14.7 0.5196152422706631 0
    endloop
  endfacet
  facet normal -0.49999999999999933 -0.8660254037844389 0
    outer loop
      vertex 14.98248518019779 0.3565223474413892 0
      vertex 14.98248518019779 0.3565223474413892 4
      vertex 14.7 0.5196152422706631 4
    endloop
  endfacet
  facet normal -0.7071067811865454 0.7071067811865496 0
    outer loop
      vertex 14.33359596727451 3.30273018076437 0
      vertex 14.560632418168176 3.5297666316580343 4
      vertex 14.560632418168176 3.5297666316580343 0
    endloop
  endfacet
  facet normal 0.9659258262890686 0.2588190451025192 0
    outer loop
      vertex 14.33359596727451 3.30273018076437 0
      vertex 14.064623325624096 4.30654974524974 0
      vertex 14.064623325624096 4.30654974524974 4
    endloop
  endfacet
  facet normal -0.25881904510252063 -0.9659258262890683 0
    outer loop
      vertex 14.064623325624096 4.30654974524974 0
      vertex 14.387745628535798 4.219969385128064 0
      vertex 14.064623325624096 4.30654974524974 4
    endloop
  endfacet
  facet normal 0.9659258262890686 0.2588190451025192 0
    outer loop
      vertex 14.33359596727451 3.30273018076437 0
      vertex 14.064623325624096 4.30654974524974 4
      vertex 14.33359596727451 3.30273018076437 4
    endloop
  endfacet
  facet normal -0.7071067811865454 0.7071067811865496 0
    outer loop
      vertex 14.33359596727451 3.30273018076437 0
      vertex 14.33359596727451 3.30273018076437 4
      vertex 14.560632418168176 3.5297666316580343 4
    endloop
  endfacet
  facet normal -0.25881904510252063 -0.9659258262890683 0
    outer loop
      vertex 14.387745628535798 4.219969385128064 0
      vertex 14.387745628535798 4.219969385128064 4
      vertex 14.064623325624096 4.30654974524974 4
    endloop
  endfacet
  facet normal -0.8660254037844388 0.49999999999999983 0
    outer loop
      vertex 12.990381056766578 6.8999999999999995 0
      vertex 13.157641468548448 7.18970353130109 4
      vertex 13.157641468548448 7.18970353130109 0
    endloop
  endfacet
  facet normal -0.8660254037844388 0.49999999999999983 0
    outer loop
      vertex 12.990381056766578 6.8999999999999995 0
      vertex 12.990381056766578 6.8999999999999995 4
      vertex 13.157641468548448 7.18970353130109 4
    endloop
  endfacet
  facet normal 0.8660254037844384 0.5000000000000003 0
    outer loop
      vertex 12.990381056766578 6.8999999999999995 0
      vertex 12.470765814495914 7.8 4
      vertex 12.990381056766578 6.8999999999999995 4
    endloop
  endfacet
  facet normal 0 -1 0
    outer loop
      vertex 12.470765814495914 7.8 0
      vertex 12.79184384250279 7.8 0
      vertex 12.470765814495914 7.8 4
    endloop
  endfacet
  facet normal 0.8660254037844384 0.5000000000000003 0
    outer loop
      vertex 12.990381056766578 6.8999999999999995 0
      vertex 12.470765814495914 7.8 0
      vertex 12.470765814495914 7.8 4
    endloop
  endfacet
  facet normal 0 -1 0
    outer loop
      vertex 12.79184384250279 7.8 0
      vertex 12.79184384250279 7.8 4
      vertex 12.470765814495914 7.8 4
    endloop
  endfacet
  facet normal 0.7071067811865476 0.7071067811865476 0
    outer loop
      vertex 10.027046222024772 10.761893144859727 0
      vertex 10.027046222024772 10.761893144859727 4
      vertex 10.761893144859727 10.027046222024772 0
    endloop
  endfacet
  facet normal 0.25881904510251796 -0.9659258262890691 0
    outer loop
      vertex 10.027046222024772 10.761893144859727 0
      vertex 10.342117500424456 10.846316239465162 0
      vertex 10.027046222024772 10.761893144859727 4
    endloop
  endfacet
  facet normal -0.9659258262890678 0.25881904510252307 0
    outer loop
      vertex 10.761893144859727 10.027046222024772 0
      vertex 10.846316239465164 10.342117500424456 4
      vertex 10.846316239465164 10.342117500424456 0
    endloop
  endfacet
  facet normal 0.25881904510251796 -0.9659258262890691 0
    outer loop
      vertex 10.342117500424456 10.846316239465162 0
      vertex 10.342117500424456 10.846316239465162 4
      vertex 10.027046222024772 10.761893144859727 4
    endloop
  endfacet
  facet normal 0.7071067811865476 0.7071067811865476 0
    outer loop
      vertex 10.761893144859727 10.027046222024772 0
      vertex 10.027046222024772 10.761893144859727 4
      vertex 10.761893144859727 10.027046222024772 4
    endloop
  endfacet
  facet normal -0.9659258262890678 0.25881904510252307 0
    outer loop
      vertex 10.761893144859727 10.027046222024772 0
      vertex 10.761893144859727 10.027046222024772 4
      vertex 10.846316239465164 10.342117500424456 4
    endloop
  endfacet
  facet normal 0.49999999999999983 -0.8660254037844388 0
    outer loop
      vertex 6.8999999999999995 12.990381056766578 0
      vertex 7.18970353130109 13.157641468548448 0
      vertex 6.8999999999999995 12.990381056766578 4
    endloop
  endfacet
  facet normal 0.5000000000000003 0.8660254037844384 0
    outer loop
      vertex 6.8999999999999995 12.990381056766578 0
      vertex 6.8999999999999995 12.990381056766578 4
      vertex 7.8 12.470765814495914 0
    endloop
  endfacet
  facet normal 0.49999999999999983 -0.8660254037844388 0
    outer loop
      vertex 7.18970353130109 13.157641468548448 0
      vertex 7.18970353130109 13.157641468548448 4
      vertex 6.8999999999999995 12.990381056766578 4
    endloop
  endfacet
  facet normal -1 0 0
    outer loop
      vertex 7.8 12.470765814495914 0
      vertex 7.8 12.79184384250279 4
      vertex 7.8 12.79184384250279 0
    endloop
  endfacet
  facet normal -1 0 0
    outer loop
      vertex 7.8 12.470765814495914 0
      vertex 7.8 12.470765814495914 4
      vertex 7.8 12.79184384250279 4
    endloop
  endfacet
  facet normal 0.5000000000000003 0.8660254037844384 0
    outer loop
      vertex 7.8 12.470765814495914 0
      vertex 6.8999999999999995 12.990381056766578 4
      vertex 7.8 12.470765814495914 4
    endloop
  endfacet
  facet normal 0.7071067811865489 -0.7071067811865461 0
    outer loop
      vertex 3.30273018076437 14.33359596727451 0
      vertex 3.5297666316580347 14.560632418168176 0
      vertex 3.30273018076437 14.33359596727451 4
    endloop
  endfacet
  facet normal 0.2588190451025192 0.9659258262890686 0
    outer loop
      vertex 3.30273018076437 14.33359596727451 0
      vertex 3.30273018076437 14.33359596727451 4
      vertex 4.30654974524974 14.064623325624096 0
    endloop
  endfacet
  facet normal -0.965925826289068 -0.25881904510252196 0
    outer loop
      vertex 4.30654974524974 14.064623325624096 0
      vertex 4.219969385128064 14.387745628535797 4
      vertex 4.219969385128064 14.387745628535797 0
    endloop
  endfacet
  facet normal 0.7071067811865489 -0.7071067811865461 0
    outer loop
      vertex 3.5297666316580347 14.560632418168176 0
      vertex 3.5297666316580347 14.560632418168176 4
      vertex 3.30273018076437 14.33359596727451 4
    endloop
  endfacet
  facet normal 0.2588190451025192 0.9659258262890686 0
    outer loop
      vertex 4.30654974524974 14.064623325624096 0
      vertex 3.30273018076437 14.33359596727451 4
      vertex 4.30654974524974 14.064623325624096 4
    endloop
  endfacet
  facet normal -0.965925826289068 -0.25881904510252196 0
    outer loop
      vertex 4.30654974524974 14.064623325624096 0
      vertex 4.30654974524974 14.064623325624096 4
      vertex 4.219969385128064 14.387745628535797 4
    endloop
  endfacet
  facet normal 0.8660254037844389 -0.49999999999999933 0
    outer loop
      vertex -0.5196152422706631 14.7 0
      vertex -0.3565223474413892 14.98248518019779 0
      vertex -0.5196152422706631 14.7 4
    endloop
  endfacet
  facet normal 0 1 0
    outer loop
      vertex -0.5196152422706631 14.7 0
      vertex -0.5196152422706631 14.7 4
      vertex 0.5196152422706631 14.7 0
    endloop
  endfacet
  facet normal 0.8660254037844389 -0.49999999999999933 0
    outer loop
      vertex -0.3565223474413892 14.98248518019779 0
      vertex -0.3565223474413892 14.98248518019779 4
      vertex -0.5196152422706631 14.7 4
    endloop
  endfacet
  facet normal -0.8660254037844389 -0.49999999999999933 0
    outer loop
      vertex 0.3565223474413892 14.98248518019779 0
      vertex 0.5196152422706631 14.7 0
      vertex 0.3565223474413892 14.98248518019779 4
    endloop
  endfacet
  facet normal 0 1 0
    outer loop
      vertex -0.5196152422706631 14.7 4
      vertex 0.5196152422706631 14.7 4
      vertex 0.5196152422706631 14.7 0
    endloop
  endfacet
  facet normal -0.8660254037844389 -0.49999999999999933 0
    outer loop
      vertex 0.5196152422706631 14.7 0
      vertex 0.5196152422706631 14.7 4
      vertex 0.3565223474413892 14.98248518019779 4
    endloop
  endfacet
  facet normal 0.965925826289068 -0.25881904510252196 0
    outer loop
      vertex -4.30654974524974 14.064623325624096 0
      vertex -4.219969385128064 14.387745628535797 0
      vertex -4.30654974524974 14.064623325624096 4
    endloop
  endfacet
  facet normal -0.2588190451025192 0.9659258262890686 0
    outer loop
      vertex -4.30654974524974 14.064623325624096 0
      vertex -4.30654974524974 14.064623325624096 4
      vertex -3.30273018076437 14.33359596727451 0
    endloop
  endfacet
  facet normal -0.7071067811865489 -0.7071067811865461 0
    outer loop
      vertex -3.30273018076437 14.33359596727451 0
      vertex -3.5297666316580347 14.560632418168176 4
      vertex -3.5297666316580347 14.560632418168176 0
    endloop
  endfacet
  facet normal 0.965925826289068 -0.25881904510252196 0
    outer loop
      vertex -4.219969385128064 14.387745628535797 0
      vertex -4.219969385128064 14.387745628535797 4
      vertex -4.30654974524974 14.064623325624096 4
    endloop
  endfacet
  facet normal -0.2588190451025192 0.9659258262890686 0
    outer loop
      vertex -3.30273018076437 14.33359596727451 0
      vertex -4.30654974524974 14.064623325624096 4
      vertex -3.30273018076437 14.33359596727451 4
    endloop
  endfacet
  facet normal -0.7071067811865489 -0.7071067811865461 0
    outer loop
      vertex -3.30273018076437 14.33359596727451 0
      vertex -3.30273018076437 14.33359596727451 4
      vertex -3.5297666316580347 14.560632418168176 4
    endloop
  endfacet
  facet normal 1 0 0
    outer loop
      vertex -7.8 12.470765814495914 0
      vertex -7.8 12.79184384250279 0
      vertex -7.8 12.470765814495914 4
    endloop
  endfacet
  facet normal -0.5000000000000003 0.8660254037844384 0
    outer loop
      vertex -7.8 12.470765814495914 0
      vertex -7.8 12.470765814495914 4
      vertex -6.8999999999999995 12.990381056766578 0
    endloop
  endfacet
  facet normal 1 0 0
    outer loop
      vertex -7.8 12.79184384250279 0
      vertex -7.8 12.79184384250279 4
      vertex -7.8 12.470765814495914 4
    endloop
  endfacet
  facet normal -0.49999999999999983 -0.8660254037844388 0
    outer loop
      vertex -6.8999999999999995 12.990381056766578 0
      vertex -7.18970353130109 13.157641468548448 4
      vertex -7.18970353130109 13.157641468548448 0
    endloop
  endfacet
  facet normal -0.5000000000000003 0.8660254037844384 0
    outer loop
      vertex -6.8999999999999995 12.990381056766578 0
      vertex -7.8 12.470765814495914 4
      vertex -6.8999999999999995 12.990381056766578 4
    endloop
  endfacet
  facet normal -0.49999999999999983 -0.8660254037844388 0
    outer loop
      vertex -6.8999999999999995 12.990381056766578 0
      vertex -6.8999999999999995 12.990381056766578 4
      vertex -7.18970353130109 13.157641468548448 4
    endloop
  endfacet
  facet normal 0.9659258262890678 0.25881904510252307 0
    outer loop
      vertex -10.761893144859727 10.027046222024772 0
      vertex -10.846316239465164 10.342117500424456 0
      vertex -10.761893144859727 10.027046222024772 4
    endloop
  endfacet
  facet normal -0.7071067811865476 0.7071067811865476 0
    outer loop
      vertex -10.761893144859727 10.027046222024772 0
      vertex -10.761893144859727 10.027046222024772 4
      vertex -10.027046222024772 10.761893144859727 0
    endloop
  endfacet
  facet normal -0.25881904510251796 -0.9659258262890691 0
    outer loop
      vertex -10.342117500424456 10.846316239465162 0
      vertex -10.027046222024772 10.761893144859727 0
      vertex -10.342117500424456 10.846316239465162 4
    endloop
  endfacet
  facet normal 0.9659258262890678 0.25881904510252307 0
    outer loop
      vertex -10.846316239465164 10.342117500424456 0
      vertex -10.846316239465164 10.342117500424456 4
      vertex -10.761893144859727 10.027046222024772 4
    endloop
  endfacet
  facet normal -0.7071067811865476 0.7071067811865476 0
    outer loop
      vertex -10.027046222024772 10.761893144859727 0
      vertex -10.761893144859727 10.027046222024772 4
      vertex -10.027046222024772 10.761893144859727 4
    endloop
  endfacet
  facet normal -0.25881904510251796 -0.9659258262890691 0
    outer loop
      vertex -10.027046222024772 10.761893144859727 0
      vertex -10.027046222024772 10.761893144859727 4
      vertex -10.342117500424456 10.846316239465162 4
    endloop
  endfacet
  facet normal 0.8660254037844388 0.49999999999999983 0
    outer loop
      vertex -13.157641468548448 7.18970353130109 0
      vertex -12.990381056766578 6.8999999999999995 4
      vertex -12.990381056766578 6.8999999999999995 0
    endloop
  endfacet
  facet normal -0.8660254037844384 0.5000000000000003 0
    outer loop
      vertex -12.990381056766578 6.8999999999999995 0
      vertex -12.990381056766578 6.8999999999999995 4
      vertex -12.470765814495914 7.8 0
    endloop
  endfacet
  facet normal 0.8660254037844388 0.49999999999999983 0
    outer loop
      vertex -13.157641468548448 7.18970353130109 0
      vertex -13.157641468548448 7.18970353130109 4
      vertex -12.990381056766578 6.8999999999999995 4
    endloop
  endfacet
  facet normal 0 -1 0
    outer loop
      vertex -12.79184384250279 7.8 0
      vertex -12.470765814495914 7.8 0
      vertex -12.79184384250279 7.8 4
    endloop
  endfacet
  facet normal -0.8660254037844384 0.5000000000000003 0
    outer loop
      vertex -12.470765814495914 7.8 0
      vertex -12.990381056766578 6.8999999999999995 4
      vertex -12.470765814495914 7.8 4
    endloop
  endfacet
  facet normal 0 -1 0
    outer loop
      vertex -12.470765814495914 7.8 0
      vertex -12.470765814495914 7.8 4
      vertex -12.79184384250279 7.8 4
    endloop
  endfacet
  facet normal 0.7071067811865454 0.7071067811865496 0
    outer loop
      vertex -14.560632418168176 3.5297666316580343 0
      vertex -14.33359596727451 3.30273018076437 4
      vertex -14.33359596727451 3.30273018076437 0
    endloop
  endfacet
  facet normal -0.9659258262890686 0.2588190451025192 0
    outer loop
      vertex -14.33359596727451 3.30273018076437 0
      vertex -14.33359596727451 3.30273018076437 4
      vertex -14.064623325624096 4.30654974524974 0
    endloop
  endfacet
  facet normal 0.25881904510252063 -0.9659258262890683 0
    outer loop
      vertex -14.387745628535798 4.219969385128064 0
      vertex -14.064623325624096 4.30654974524974 0
      vertex -14.387745628535798 4.219969385128064 4
    endloop
  endfacet
  facet normal 0.7071067811865454 0.7071067811865496 0
    outer loop
      vertex -14.560632418168176 3.5297666316580343 0
      vertex -14.560632418168176 3.5297666316580343 4
      vertex -14.33359596727451 3.30273018076437 4
    endloop
  endfacet
  facet normal -0.9659258262890686 0.2588190451025192 0
    outer loop
      vertex -14.064623325624096 4.30654974524974 0
      vertex -14.33359596727451 3.30273018076437 4
      vertex -14.064623325624096 4.30654974524974 4
    endloop
  endfacet
  facet normal 0.25881904510252063 -0.9659258262890683 0
    outer loop
      vertex -14.064623325624096 4.30654974524974 0
      vertex -14.064623325624096 4.30654974524974 4
      vertex -14.387745628535798 4.219969385128064 4
    endloop
  endfacet
  facet normal 0.49999999999999933 0.8660254037844389 0
    outer loop
      vertex -14.7 -0.5196152422706631 0
      vertex -14.98248518019779 -0.3565223474413892 0
      vertex -14.7 -0.5196152422706631 4
    endloop
  endfacet
  facet normal -1 0 0
    outer loop
      vertex -14.7 -0.5196152422706631 0
      vertex -14.7 -0.5196152422706631 4
      vertex -14.7 0.5196152422706631 0
    endloop
  endfacet
  facet normal 0.49999999999999933 0.8660254037844389 0
    outer loop
      vertex -14.98248518019779 -0.3565223474413892 0
      vertex -14.98248518019779 -0.3565223474413892 4
      vertex -14.7 -0.5196152422706631 4
    endloop
  endfacet
  facet normal 0.49999999999999933 -0.8660254037844389 0
    outer loop
      vertex -14.98248518019779 0.3565223474413892 0
      vertex -14.7 0.5196152422706631 0
      vertex -14.98248518019779 0.3565223474413892 4
    endloop
  endfacet
  facet normal 0.49999999999999933 -0.8660254037844389 0
    outer loop
      vertex -14.7 0.5196152422706631 0
      vertex -14.7 0.5196152422706631 4
      vertex -14.98248518019779 0.3565223474413892 4
    endloop
  endfacet
  facet normal -1 0 0
    outer loop
      vertex -14.7 -0.5196152422706631 4
      vertex -14.7 0.5196152422706631 4
      vertex -14.7 0.5196152422706631 0
    endloop
  endfacet
  facet normal 0.25881904510252063 0.9659258262890683 0
    outer loop
      vertex -14.387745628535798 -4.219969385128064 0
      vertex -14.064623325624096 -4.30654974524974 4
      vertex -14.064623325624096 -4.30654974524974 0
    endloop
  endfacet
  facet normal -0.9659258262890686 -0.2588190451025192 0
    outer loop
      vertex -14.064623325624096 -4.30654974524974 0
      vertex -14.064623325624096 -4.30654974524974 4
      vertex -14.33359596727451 -3.30273018076437 0
    endloop
  endfacet
  facet normal 0.7071067811865454 -0.7071067811865496 0
    outer loop
      vertex -14.560632418168176 -3.5297666316580343 0
      vertex -14.33359596727451 -3.30273018076437 0
      vertex -14.560632418168176 -3.5297666316580343 4
    endloop
  endfacet
  facet normal 0.25881904510252063 0.9659258262890683 0
    outer loop
      vertex -14.387745628535798 -4.219969385128064 0
      vertex -14.387745628535798 -4.219969385128064 4
      vertex -14.064623325624096 -4.30654974524974 4
    endloop
  endfacet
  facet normal 0.7071067811865454 -0.7071067811865496 0
    outer loop
      vertex -14.33359596727451 -3.30273018076437 0
      vertex -14.33359596727451 -3.30273018076437 4
      vertex -14.560632418168176 -3.5297666316580343 4
    endloop
  endfacet
  facet normal -0.9659258262890686 -0.2588190451025192 0
    outer loop
      vertex -14.33359596727451 -3.30273018076437 0
      vertex -14.064623325624096 -4.30654974524974 4
      vertex -14.33359596727451 -3.30273018076437 4
    endloop
  endfacet
  facet normal -0.8660254037844384 -0.5000000000000003 0
    outer loop
      vertex -12.470765814495914 -7.8 0
      vertex -12.470765814495914 -7.8 4
      vertex -12.990381056766578 -6.8999999999999995 0
    endloop
  endfacet
  facet normal 0 1 0
    outer loop
      vertex -12.79184384250279 -7.8 0
      vertex -12.470765814495914 -7.8 4
      vertex -12.470765814495914 -7.8 0
    endloop
  endfacet
  facet normal 0 1 0
    outer loop
      vertex -12.79184384250279 -7.8 0
      vertex -12.79184384250279 -7.8 4
      vertex -12.470765814495914 -7.8 4
    endloop
  endfacet
  facet normal 0.8660254037844388 -0.49999999999999983 0
    outer loop
      vertex -13.157641468548448 -7.18970353130109 0
      vertex -12.990381056766578 -6.8999999999999995 0
      vertex -13.157641468548448 -7.18970353130109 4
    endloop
  endfacet
  facet normal -0.8660254037844384 -0.5000000000000003 0
    outer loop
      vertex -12.990381056766578 -6.8999999999999995 0
      vertex -12.470765814495914 -7.8 4
      vertex -12.990381056766578 -6.8999999999999995 4
    endloop
  endfacet
  facet normal 0.8660254037844388 -0.49999999999999983 0
    outer loop
      vertex -12.990381056766578 -6.8999999999999995 0
      vertex -12.990381056766578 -6.8999999999999995 4
      vertex -13.157641468548448 -7.18970353130109 4
    endloop
  endfacet
  facet normal 0.9659258262890678 -0.25881904510252307 0
    outer loop
      vertex -10.846316239465164 -10.342117500424456 0
      vertex -10.761893144859727 -10.027046222024772 0
      vertex -10.846316239465164 -10.342117500424456 4
    endloop
  endfacet
  facet normal -0.25881904510251796 0.9659258262890691 0
    outer loop
      vertex -10.342117500424456 -10.846316239465162 0
      vertex -10.027046222024772 -10.761893144859727 4
      vertex -10.027046222024772 -10.761893144859727 0
    endloop
  endfacet
  facet normal -0.7071067811865476 -0.7071067811865476 0
    outer loop
      vertex -10.761893144859727 -10.027046222024772 0
      vertex -10.027046222024772 -10.761893144859727 0
      vertex -10.027046222024772 -10.761893144859727 4
    endloop
  endfacet
  facet normal 0.9659258262890678 -0.25881904510252307 0
    outer loop
      vertex -10.761893144859727 -10.027046222024772 0
      vertex -10.761893144859727 -10.027046222024772 4
      vertex -10.846316239465164 -10.342117500424456 4
    endloop
  endfacet
  facet normal -0.7071067811865476 -0.7071067811865476 0
    outer loop
      vertex -10.761893144859727 -10.027046222024772 0
      vertex -10.027046222024772 -10.761893144859727 4
      vertex -10.761893144859727 -10.027046222024772 4
    endloop
  endfacet
  facet normal -0.25881904510251796 0.9659258262890691 0
    outer loop
      vertex -10.342117500424456 -10.846316239465162 0
      vertex -10.342117500424456 -10.846316239465162 4
      vertex -10.027046222024772 -10.761893144859727 4
    endloop
  endfacet
  facet normal 1 0 0
    outer loop
      vertex -7.8 -12.79184384250279 0
      vertex -7.8 -12.470765814495914 0
      vertex -7.8 -12.79184384250279 4
    endloop
  endfacet
  facet normal -0.5000000000000003 -0.8660254037844384 0
    outer loop
      vertex -7.8 -12.470765814495914 0
      vertex -6.8999999999999995 -12.990381056766578 4
      vertex -7.8 -12.470765814495914 4
    endloop
  endfacet
  facet normal 1 0 0
    outer loop
      vertex -7.8 -12.470765814495914 0
      vertex -7.8 -12.470765814495914 4
      vertex -7.8 -12.79184384250279 4
    endloop
  endfacet
  facet normal -0.5000000000000003 -0.8660254037844384 0
    outer loop
      vertex -7.8 -12.470765814495914 0
      vertex -6.8999999999999995 -12.990381056766578 0
      vertex -6.8999999999999995 -12.990381056766578 4
    endloop
  endfacet
  facet normal -0.49999999999999983 0.8660254037844388 0
    outer loop
      vertex -7.18970353130109 -13.157641468548448 0
      vertex -6.8999999999999995 -12.990381056766578 4
      vertex -6.8999999999999995 -12.990381056766578 0
    endloop
  endfacet
  facet normal -0.49999999999999983 0.8660254037844388 0
    outer loop
      vertex -7.18970353130109 -13.157641468548448 0
      vertex -7.18970353130109 -13.157641468548448 4
      vertex -6.8999999999999995 -12.990381056766578 4
    endloop
  endfacet
  facet normal 0.965925826289068 0.25881904510252196 0
    outer loop
      vertex -4.219969385128064 -14.387745628535797 0
      vertex -4.30654974524974 -14.064623325624096 0
      vertex -4.219969385128064 -14.387745628535797 4
    endloop
  endfacet
  facet normal -0.2588190451025192 -0.9659258262890686 0
    outer loop
      vertex -4.30654974524974 -14.064623325624096 0
      vertex -3.30273018076437 -14.33359596727451 0
      vertex -3.30273018076437 -14.33359596727451 4
    endloop
  endfacet
  facet normal -0.7071067811865489 0.7071067811865461 0
    outer loop
      vertex -3.5297666316580347 -14.560632418168176 0
      vertex -3.30273018076437 -14.33359596727451 4
      vertex -3.30273018076437 -14.33359596727451 0
    endloop
  endfacet
  facet normal 0.965925826289068 0.25881904510252196 0
    outer loop
      vertex -4.30654974524974 -14.064623325624096 0
      vertex -4.30654974524974 -14.064623325624096 4
      vertex -4.219969385128064 -14.387745628535797 4
    endloop
  endfacet
  facet normal -0.2588190451025192 -0.9659258262890686 0
    outer loop
      vertex -4.30654974524974 -14.064623325624096 0
      vertex -3.30273018076437 -14.33359596727451 4
      vertex -4.30654974524974 -14.064623325624096 4
    endloop
  endfacet
  facet normal -0.7071067811865489 0.7071067811865461 0
    outer loop
      vertex -3.5297666316580347 -14.560632418168176 0
      vertex -3.5297666316580347 -14.560632418168176 4
      vertex -3.30273018076437 -14.33359596727451 4
    endloop
  endfacet
  facet normal 0.8660254037844389 0.49999999999999933 0
    outer loop
      vertex -0.5196152422706631 -14.7 0
      vertex -0.3565223474413892 -14.98248518019779 4
      vertex -0.3565223474413892 -14.98248518019779 0
    endloop
  endfacet
  facet normal 0.8660254037844389 0.49999999999999933 0
    outer loop
      vertex -0.5196152422706631 -14.7 0
      vertex -0.5196152422706631 -14.7 4
      vertex -0.3565223474413892 -14.98248518019779 4
    endloop
  endfacet
  facet normal 0 -1 0
    outer loop
      vertex -0.5196152422706631 -14.7 0
      vertex 0.5196152422706631 -14.7 4
      vertex -0.5196152422706631 -14.7 4
    endloop
  endfacet
  facet normal 0 -1 0
    outer loop
      vertex -0.5196152422706631 -14.7 0
      vertex 0.5196152422706631 -14.7 0
      vertex 0.5196152422706631 -14.7 4
    endloop
  endfacet
  facet normal -0.8660254037844389 0.49999999999999933 0
    outer loop
      vertex 0.3565223474413892 -14.98248518019779 0
      vertex 0.5196152422706631 -14.7 4
      vertex 0.5196152422706631 -14.7 0
    endloop
  endfacet
  facet normal -0.8660254037844389 0.49999999999999933 0
    outer loop
      vertex 0.3565223474413892 -14.98248518019779 0
      vertex 0.3565223474413892 -14.98248518019779 4
      vertex 0.5196152422706631 -14.7 4
    endloop
  endfacet
  facet normal 0.7071067811865489 0.7071067811865461 0
    outer loop
      vertex 3.5297666316580347 -14.560632418168176 0
      vertex 3.30273018076437 -14.33359596727451 0
      vertex 3.5297666316580347 -14.560632418168176 4
    endloop
  endfacet
  facet normal 0.2588190451025192 -0.9659258262890686 0
    outer loop
      vertex 3.30273018076437 -14.33359596727451 0
      vertex 4.30654974524974 -14.064623325624096 0
      vertex 4.30654974524974 -14.064623325624096 4
    endloop
  endfacet
  facet normal -0.965925826289068 0.25881904510252196 0
    outer loop
      vertex 4.219969385128064 -14.387745628535797 0
      vertex 4.30654974524974 -14.064623325624096 4
      vertex 4.30654974524974 -14.064623325624096 0
    endloop
  endfacet
  facet normal 0.7071067811865489 0.7071067811865461 0
    outer loop
      vertex 3.30273018076437 -14.33359596727451 0
      vertex 3.30273018076437 -14.33359596727451 4
      vertex 3.5297666316580347 -14.560632418168176 4
    endloop
  endfacet
  facet normal 0.2588190451025192 -0.9659258262890686 0
    outer loop
      vertex 3.30273018076437 -14.33359596727451 0
      vertex 4.30654974524974 -14.064623325624096 4
      vertex 3.30273018076437 -14.33359596727451 4
    endloop
  endfacet
  facet normal -0.965925826289068 0.25881904510252196 0
    outer loop
      vertex 4.219969385128064 -14.387745628535797 0
      vertex 4.219969385128064 -14.387745628535797 4
      vertex 4.30654974524974 -14.064623325624096 4
    endloop
  endfacet
  facet normal 0.49999999999999983 0.8660254037844388 0
    outer loop
      vertex 7.18970353130109 -13.157641468548448 0
      vertex 6.8999999999999995 -12.990381056766578 0
      vertex 7.18970353130109 -13.157641468548448 4
    endloop
  endfacet
  facet normal 0.49999999999999983 0.8660254037844388 0
    outer loop
      vertex 6.8999999999999995 -12.990381056766578 0
      vertex 6.8999999999999995 -12.990381056766578 4
      vertex 7.18970353130109 -13.157641468548448 4
    endloop
  endfacet
  facet normal 0.5000000000000003 -0.8660254037844384 0
    outer loop
      vertex 6.8999999999999995 -12.990381056766578 0
      vertex 7.8 -12.470765814495914 4
      vertex 6.8999999999999995 -12.990381056766578 4
    endloop
  endfacet
  facet normal 0.5000000000000003 -0.8660254037844384 0
    outer loop
      vertex 6.8999999999999995 -12.990381056766578 0
      vertex 7.8 -12.470765814495914 0
      vertex 7.8 -12.470765814495914 4
    endloop
  endfacet
  facet normal -1 0 0
    outer loop
      vertex 7.8 -12.79184384250279 0
      vertex 7.8 -12.470765814495914 4
      vertex 7.8 -12.470765814495914 0
    endloop
  endfacet
  facet normal -1 0 0
    outer loop
      vertex 7.8 -12.79184384250279 0
      vertex 7.8 -12.79184384250279 4
      vertex 7.8 -12.470765814495914 4
    endloop
  endfacet
  facet normal 0.25881904510251796 0.9659258262890691 0
    outer loop
      vertex 10.027046222024772 -10.761893144859727 0
      vertex 10.342117500424456 -10.846316239465162 4
      vertex 10.342117500424456 -10.846316239465162 0
    endloop
  endfacet
  facet normal 0.7071067811865476 -0.7071067811865476 0
    outer loop
      vertex 10.027046222024772 -10.761893144859727 0
      vertex 10.761893144859727 -10.027046222024772 0
      vertex 10.761893144859727 -10.027046222024772 4
    endloop
  endfacet
  facet normal -0.9659258262890678 -0.25881904510252307 0
    outer loop
      vertex 10.846316239465164 -10.342117500424456 0
      vertex 10.761893144859727 -10.027046222024772 4
      vertex 10.761893144859727 -10.027046222024772 0
    endloop
  endfacet
  facet normal 0.25881904510251796 0.9659258262890691 0
    outer loop
      vertex 10.027046222024772 -10.761893144859727 0
      vertex 10.027046222024772 -10.761893144859727 4
      vertex 10.342117500424456 -10.846316239465162 4
    endloop
  endfacet
  facet normal 0.7071067811865476 -0.7071067811865476 0
    outer loop
      vertex 10.027046222024772 -10.761893144859727 0
      vertex 10.761893144859727 -10.027046222024772 4
      vertex 10.027046222024772 -10.761893144859727 4
    endloop
  endfacet
  facet normal -0.9659258262890678 -0.25881904510252307 0
    outer loop
      vertex 10.846316239465164 -10.342117500424456 0
      vertex 10.846316239465164 -10.342117500424456 4
      vertex 10.761893144859727 -10.027046222024772 4
    endloop
  endfacet
  facet normal 0 1 0
    outer loop
      vertex 12.470765814495914 -7.8 0
      vertex 12.79184384250279 -7.8 4
      vertex 12.79184384250279 -7.8 0
    endloop
  endfacet
  facet normal 0 1 0
    outer loop
      vertex 12.470765814495914 -7.8 0
      vertex 12.470765814495914 -7.8 4
      vertex 12.79184384250279 -7.8 4
    endloop
  endfacet
  facet normal 0.8660254037844384 -0.5000000000000003 0
    outer loop
      vertex 12.470765814495914 -7.8 0
      vertex 12.990381056766578 -6.8999999999999995 4
      vertex 12.470765814495914 -7.8 4
    endloop
  endfacet
  facet normal 0.8660254037844384 -0.5000000000000003 0
    outer loop
      vertex 12.470765814495914 -7.8 0
      vertex 12.990381056766578 -6.8999999999999995 0
      vertex 12.990381056766578 -6.8999999999999995 4
    endloop
  endfacet
  facet normal -0.8660254037844388 -0.49999999999999983 0
    outer loop
      vertex 12.990381056766578 -6.8999999999999995 0
      vertex 13.157641468548448 -7.18970353130109 0
      vertex 12.990381056766578 -6.8999999999999995 4
    endloop
  endfacet
  facet normal -0.8660254037844388 -0.49999999999999983 0
    outer loop
      vertex 13.157641468548448 -7.18970353130109 0
      vertex 13.157641468548448 -7.18970353130109 4
      vertex 12.990381056766578 -6.8999999999999995 4
    endloop
  endfacet
  facet normal -0.25881904510252063 0.9659258262890683 0
    outer loop
      vertex 14.064623325624096 -4.30654974524974 0
      vertex 14.387745628535798 -4.219969385128064 4
      vertex 14.387745628535798 -4.219969385128064 0
    endloop
  endfacet
  facet normal 0.9659258262890686 -0.2588190451025192 0
    outer loop
      vertex 14.064623325624096 -4.30654974524974 0
      vertex 14.33359596727451 -3.30273018076437 0
      vertex 14.33359596727451 -3.30273018076437 4
    endloop
  endfacet
  facet normal -0.7071067811865454 -0.7071067811865496 0
    outer loop
      vertex 14.33359596727451 -3.30273018076437 0
      vertex 14.560632418168176 -3.5297666316580343 0
      vertex 14.33359596727451 -3.30273018076437 4
    endloop
  endfacet
  facet normal -0.25881904510252063 0.9659258262890683 0
    outer loop
      vertex 14.064623325624096 -4.30654974524974 0
      vertex 14.064623325624096 -4.30654974524974 4
      vertex 14.387745628535798 -4.219969385128064 4
    endloop
  endfacet
  facet normal 0.9659258262890686 -0.2588190451025192 0
    outer loop
      vertex 14.064623325624096 -4.30654974524974 0
      vertex 14.33359596727451 -3.30273018076437 4
      vertex 14.064623325624096 -4.30654974524974 4
    endloop
  endfacet
  facet normal -0.7071067811865454 -0.7071067811865496 0
    outer loop
      vertex 14.560632418168176 -3.5297666316580343 0
      vertex 14.560632418168176 -3.5297666316580343 4
      vertex 14.33359596727451 -3.30273018076437 4
    endloop
  endfacet
  facet normal 0 0 -1
    outer loop
      vertex -12.79184384250279 -7.8 0
      vertex -12.470765814495914 -7.8 0
      vertex -12.472044184538179 -8.333553495294034 0
    endloop
  endfacet
  facet normal -0.803207531480645 -0.5956993044924331 0
    outer loop
      vertex -11.595156800441055 -9.515899262454683 0
      vertex -12.472044184538179 -8.333553495294034 4
      vertex -12.472044184538179 -8.333553495294034 0
    endloop
  endfacet
  facet normal -0.8577286100002722 -0.5141027441932216 0
    outer loop
      vertex -12.79184384250279 -7.8 0
      vertex -12.472044184538179 -8.333553495294034 0
      vertex -12.472044184538179 -8.333553495294034 4
    endloop
  endfacet
  facet normal 0 0 -1
    outer loop
      vertex -8.333553495294034 -12.472044184538179 0
      vertex -7.8 -12.470765814495914 0
      vertex -7.8 -12.79184384250279 0
    endloop
  endfacet
  facet normal -0.6715589548470191 -0.7409511253549586 0
    outer loop
      vertex -9.515899262454683 -11.595156800441055 0
      vertex -9.515899262454683 -11.595156800441055 4
      vertex -10.342117500424456 -10.846316239465162 0
    endloop
  endfacet
  facet normal -0.5956993044924331 -0.803207531480645 0
    outer loop
      vertex -9.515899262454683 -11.595156800441055 0
      vertex -8.333553495294034 -12.472044184538179 0
      vertex -8.333553495294034 -12.472044184538179 4
    endloop
  endfacet
  facet normal -0.5141027441932216 -0.8577286100002722 0
    outer loop
      vertex -8.333553495294034 -12.472044184538179 0
      vertex -7.8 -12.79184384250279 0
      vertex -7.8 -12.79184384250279 4
    endloop
  endfacet
  facet normal 0 0 -1
    outer loop
      vertex -11.595156800441055 -9.515899262454683 0
      vertex -10.761893144859727 -10.027046222024772 0
      vertex -10.846316239465164 -10.342117500424456 0
    endloop
  endfacet
  facet normal 0 0 -1
    outer loop
      vertex -9.515899262454683 -11.595156800441055 0
      vertex -10.342117500424456 -10.846316239465162 0
      vertex -10.027046222024772 -10.761893144859727 0
    endloop
  endfacet
  facet normal -0.7409511253549593 -0.6715589548470181 0
    outer loop
      vertex -11.595156800441055 -9.515899262454683 0
      vertex -10.846316239465164 -10.342117500424456 0
      vertex -10.846316239465164 -10.342117500424456 4
    endloop
  endfacet
  facet normal -0.7409511253549593 -0.6715589548470181 0
    outer loop
      vertex -11.595156800441055 -9.515899262454683 0
      vertex -10.846316239465164 -10.342117500424456 4
      vertex -11.595156800441055 -9.515899262454683 4
    endloop
  endfacet
  facet normal -0.8577286100002722 -0.5141027441932216 0
    outer loop
      vertex -12.79184384250279 -7.8 0
      vertex -12.472044184538179 -8.333553495294034 4
      vertex -12.79184384250279 -7.8 4
    endloop
  endfacet
  facet normal -0.803207531480645 -0.5956993044924331 0
    outer loop
      vertex -11.595156800441055 -9.515899262454683 0
      vertex -11.595156800441055 -9.515899262454683 4
      vertex -12.472044184538179 -8.333553495294034 4
    endloop
  endfacet
  facet normal 0 0 1
    outer loop
      vertex -11.595156800441055 -9.515899262454683 4
      vertex -12.470765814495914 -7.8 4
      vertex -12.472044184538179 -8.333553495294034 4
    endloop
  endfacet
  facet normal 0 0 1
    outer loop
      vertex -12.79184384250279 -7.8 4
      vertex -12.472044184538179 -8.333553495294034 4
      vertex -12.470765814495914 -7.8 4
    endloop
  endfacet
  facet normal -0.5956993044924331 -0.803207531480645 0
    outer loop
      vertex -9.515899262454683 -11.595156800441055 0
      vertex -8.333553495294034 -12.472044184538179 4
      vertex -9.515899262454683 -11.595156800441055 4
    endloop
  endfacet
  facet normal -0.5141027441932216 -0.8577286100002722 0
    outer loop
      vertex -8.333553495294034 -12.472044184538179 0
      vertex -7.8 -12.79184384250279 4
      vertex -8.333553495294034 -12.472044184538179 4
    endloop
  endfacet
  facet normal 0 0 1
    outer loop
      vertex -8.333553495294034 -12.472044184538179 4
      vertex -7.8 -12.79184384250279 4
      vertex -7.8 -12.470765814495914 4
    endloop
  endfacet
  facet normal -0.6715589548470191 -0.7409511253549586 0
    outer loop
      vertex -10.342117500424456 -10.846316239465162 0
      vertex -9.515899262454683 -11.595156800441055 4
      vertex -10.342117500424456 -10.846316239465162 4
    endloop
  endfacet
  facet normal 0 0 1
    outer loop
      vertex -11.595156800441055 -9.515899262454683 4
      vertex -10.846316239465164 -10.342117500424456 4
      vertex -10.761893144859727 -10.027046222024772 4
    endloop
  endfacet
  facet normal 0 0 1
    outer loop
      vertex -9.515899262454683 -11.595156800441055 4
      vertex -10.027046222024772 -10.761893144859727 4
      vertex -10.342117500424456 -10.846316239465162 4
    endloop
  endfacet
  facet normal 0 0 1
    outer loop
      vertex -10.761893144859727 -10.027046222024772 4
      vertex -10.027046222024772 -10.761893144859727 4
      vertex -10.706345303177036 -3.2477343412738002 4
    endloop
  endfacet
  facet normal 0 0 1
    outer loop
      vertex -9.515899262454683 -11.595156800441055 4
      vertex -10.336457691518628 -4.28150096272271 4
      vertex -10.027046222024772 -10.761893144859727 4
    endloop
  endfacet
  facet normal 0 0 1
    outer loop
      vertex -9.515899262454683 -11.595156800441055 4
      vertex -9.30256615382229 -6.215775981815149 4
      vertex -9.867024341808355 -5.274034389394095 4
    endloop
  endfacet
  facet normal 0 0 1
    outer loop
      vertex -9.515899262454683 -11.595156800441055 4
      vertex -8.333553495294034 -12.472044184538179 4
      vertex -8.64851916847498 -7.097656253642536 4
    endloop
  endfacet
  facet normal 0 0 1
    outer loop
      vertex -8.333553495294034 -12.472044184538179 4
      vertex -7.8 -12.470765814495914 4
      vertex -7.9111822157737635 -7.9111822157737635 4
    endloop
  endfacet
  facet normal 0 0 1
    outer loop
      vertex -7.8 -12.470765814495914 4
      vertex -6.8999999999999995 -12.990381056766578 4
      vertex -7.9111822157737635 -7.9111822157737635 4
    endloop
  endfacet
  facet normal 0 0 1
    outer loop
      vertex -9.515899262454683 -11.595156800441055 4
      vertex -8.64851916847498 -7.097656253642536 4
      vertex -9.30256615382229 -6.215775981815149 4
    endloop
  endfacet
  facet normal 0 0 1
    outer loop
      vertex -8.333553495294034 -12.472044184538179 4
      vertex -7.9111822157737635 -7.9111822157737635 4
      vertex -8.64851916847498 -7.097656253642536 4
    endloop
  endfacet
  facet normal 0 0 -1
    outer loop
      vertex -13.228818965225326 -7.070951052389964 0
      vertex -12.990381056766578 -6.8999999999999995 0
      vertex -13.157641468548448 -7.18970353130109 0
    endloop
  endfacet
  facet normal 0 0 -1
    outer loop
      vertex -13.858192987669302 -5.740251485476347 0
      vertex -14.354105035983132 -4.354270158816935 0
      vertex -14.064623325624096 -4.30654974524974 0
    endloop
  endfacet
  facet normal 0 0 -1
    outer loop
      vertex -14.354105035983132 -4.354270158816935 0
      vertex -14.387745628535798 -4.219969385128064 0
      vertex -14.064623325624096 -4.30654974524974 0
    endloop
  endfacet
  facet normal -0.8577286100002718 -0.5141027441932223 0
    outer loop
      vertex -13.228818965225326 -7.070951052389964 0
      vertex -13.157641468548448 -7.18970353130109 0
      vertex -13.157641468548448 -7.18970353130109 4
    endloop
  endfacet
  facet normal -0.9039892931234432 -0.42755509343028225 0
    outer loop
      vertex -13.228818965225326 -7.070951052389964 0
      vertex -13.858192987669302 -5.740251485476347 4
      vertex -13.858192987669302 -5.740251485476347 0
    endloop
  endfacet
  facet normal -0.9415440651830211 -0.3368898533922189 0
    outer loop
      vertex -13.858192987669302 -5.740251485476347 0
      vertex -14.354105035983132 -4.354270158816935 4
      vertex -14.354105035983132 -4.354270158816935 0
    endloop
  endfacet
  facet normal -0.9700312531945424 -0.24298017990326995 0
    outer loop
      vertex -14.354105035983132 -4.354270158816935 0
      vertex -14.354105035983132 -4.354270158816935 4
      vertex -14.387745628535798 -4.219969385128064 0
    endloop
  endfacet
  facet normal 0 0 -1
    outer loop
      vertex -13.228818965225326 -7.070951052389964 0
      vertex -13.858192987669302 -5.740251485476347 0
      vertex -13.228818965225326 7.070951052389964 0
    endloop
  endfacet
  facet normal 0 0 -1
    outer loop
      vertex -14.711779206048456 -2.9263548302419236 0
      vertex -14.927770900082955 -1.470257104943409 0
      vertex -14.7 -0.5196152422706631 0
    endloop
  endfacet
  facet normal 0 0 -1
    outer loop
      vertex -14.560632418168176 -3.5297666316580343 0
      vertex -14.711779206048456 -2.9263548302419236 0
      vertex -14.33359596727451 3.30273018076437 0
    endloop
  endfacet
  facet normal 0 0 -1
    outer loop
      vertex -14.560632418168176 -3.5297666316580343 0
      vertex -14.33359596727451 3.30273018076437 0
      vertex -14.33359596727451 -3.30273018076437 0
    endloop
  endfacet
  facet normal 0 0 -1
    outer loop
      vertex -14.927770900082955 -1.470257104943409 0
      vertex -14.98248518019779 -0.3565223474413892 0
      vertex -14.7 -0.5196152422706631 0
    endloop
  endfacet
  facet normal 0 0 -1
    outer loop
      vertex -14.711779206048456 -2.9263548302419236 0
      vertex -14.7 -0.5196152422706631 0
      vertex -14.33359596727451 3.30273018076437 0
    endloop
  endfacet
  facet normal 0 0 -1
    outer loop
      vertex -14.064623325624096 -4.30654974524974 0
      vertex -14.33359596727451 -3.30273018076437 0
      vertex -13.858192987669302 5.740251485476347 0
    endloop
  endfacet
  facet normal 0 0 -1
    outer loop
      vertex -13.858192987669302 -5.740251485476347 0
      vertex -14.064623325624096 -4.30654974524974 0
      vertex -13.858192987669302 5.740251485476347 0
    endloop
  endfacet
  facet normal 0 0 -1
    outer loop
      vertex -13.228818965225326 -7.070951052389964 0
      vertex -12.470765814495914 7.8 0
      vertex -12.990381056766578 -6.8999999999999995 0
    endloop
  endfacet
  facet normal 0 0 -1
    outer loop
      vertex -12.472044184538179 -8.333553495294034 0
      vertex -12.470765814495914 -7.8 0
      vertex -11.595156800441055 9.515899262454683 0
    endloop
  endfacet
  facet normal 0 0 -1
    outer loop
      vertex -11.595156800441055 -9.515899262454683 0
      vertex -12.472044184538179 -8.333553495294034 0
      vertex -11.595156800441055 9.515899262454683 0
    endloop
  endfacet
  facet normal 0 0 -1
    outer loop
      vertex -12.470765814495914 -7.8 0
      vertex -12.990381056766578 -6.8999999999999995 0
      vertex -11.595156800441055 9.515899262454683 0
    endloop
  endfacet
  facet normal -0.9700312531945442 -0.2429801799032632 0
    outer loop
      vertex -14.560632418168176 -3.5297666316580343 0
      vertex -14.560632418168176 -3.5297666316580343 4
      vertex -14.711779206048456 -2.9263548302419236 0
    endloop
  endfacet
  facet normal -0.9891765099647809 -0.14673047445536286 0
    outer loop
      vertex -14.711779206048456 -2.9263548302419236 0
      vertex -14.927770900082955 -1.470257104943409 4
      vertex -14.927770900082955 -1.470257104943409 0
    endloop
  endfacet
  facet normal -0.9987954562051723 -0.049067674327417356 0
    outer loop
      vertex -14.927770900082955 -1.470257104943409 0
      vertex -14.927770900082955 -1.470257104943409 4
      vertex -14.98248518019779 -0.3565223474413892 0
    endloop
  endfacet
  facet normal 0 0 -1
    outer loop
      vertex -9.515899262454683 -11.595156800441055 0
      vertex -8.333553495294034 12.472044184538179 0
      vertex -8.333553495294034 -12.472044184538179 0
    endloop
  endfacet
  facet normal 0 0 -1
    outer loop
      vertex -8.333553495294034 -12.472044184538179 0
      vertex -6.8999999999999995 12.990381056766578 0
      vertex -7.8 -12.470765814495914 0
    endloop
  endfacet
  facet normal 0 0 -1
    outer loop
      vertex -11.595156800441055 -9.515899262454683 0
      vertex -10.027046222024772 10.761893144859727 0
      vertex -10.761893144859727 -10.027046222024772 0
    endloop
  endfacet
  facet normal 0 0 -1
    outer loop
      vertex -10.761893144859727 -10.027046222024772 0
      vertex -9.515899262454683 11.595156800441055 0
      vertex -10.027046222024772 -10.761893144859727 0
    endloop
  endfacet
  facet normal 0 0 -1
    outer loop
      vertex -9.515899262454683 -11.595156800441055 0
      vertex -10.027046222024772 -10.761893144859727 0
      vertex -9.515899262454683 11.595156800441055 0
    endloop
  endfacet
  facet normal -0.8577286100002718 -0.5141027441932223 0
    outer loop
      vertex -13.228818965225326 -7.070951052389964 0
      vertex -13.157641468548448 -7.18970353130109 4
      vertex -13.228818965225326 -7.070951052389964 4
    endloop
  endfacet
  facet normal -0.9039892931234432 -0.42755509343028225 0
    outer loop
      vertex -13.228818965225326 -7.070951052389964 0
      vertex -13.228818965225326 -7.070951052389964 4
      vertex -13.858192987669302 -5.740251485476347 4
    endloop
  endfacet
  facet normal -0.9700312531945424 -0.24298017990326995 0
    outer loop
      vertex -14.387745628535798 -4.219969385128064 0
      vertex -14.354105035983132 -4.354270158816935 4
      vertex -14.387745628535798 -4.219969385128064 4
    endloop
  endfacet
  facet normal -0.9415440651830211 -0.3368898533922189 0
    outer loop
      vertex -13.858192987669302 -5.740251485476347 0
      vertex -13.858192987669302 -5.740251485476347 4
      vertex -14.354105035983132 -4.354270158816935 4
    endloop
  endfacet
  facet normal 0 0 1
    outer loop
      vertex -13.228818965225326 -7.070951052389964 4
      vertex -13.157641468548448 -7.18970353130109 4
      vertex -12.990381056766578 -6.8999999999999995 4
    endloop
  endfacet
  facet normal 0 0 1
    outer loop
      vertex -13.858192987669302 -5.740251485476347 4
      vertex -14.387745628535798 -4.219969385128064 4
      vertex -14.354105035983132 -4.354270158816935 4
    endloop
  endfacet
  facet normal 0 0 1
    outer loop
      vertex -13.858192987669302 -5.740251485476347 4
      vertex -14.064623325624096 -4.30654974524974 4
      vertex -14.387745628535798 -4.219969385128064 4
    endloop
  endfacet
  facet normal -0.9700312531945442 -0.2429801799032632 0
    outer loop
      vertex -14.711779206048456 -2.9263548302419236 0
      vertex -14.560632418168176 -3.5297666316580343 4
      vertex -14.711779206048456 -2.9263548302419236 4
    endloop
  endfacet
  facet normal -0.9891765099647809 -0.14673047445536286 0
    outer loop
      vertex -14.711779206048456 -2.9263548302419236 0
      vertex -14.711779206048456 -2.9263548302419236 4
      vertex -14.927770900082955 -1.470257104943409 4
    endloop
  endfacet
  facet normal -0.9987954562051723 -0.049067674327417356 0
    outer loop
      vertex -14.98248518019779 -0.3565223474413892 0
      vertex -14.927770900082955 -1.470257104943409 4
      vertex -14.98248518019779 -0.3565223474413892 4
    endloop
  endfacet
  facet normal 0 0 1
    outer loop
      vertex -14.560632418168176 -3.5297666316580343 4
      vertex -14.33359596727451 -3.30273018076437 4
      vertex -14.711779206048456 -2.9263548302419236 4
    endloop
  endfacet
  facet normal 0 0 1
    outer loop
      vertex -14.711779206048456 -2.9263548302419236 4
      vertex -14.33359596727451 -3.30273018076437 4
      vertex -14.7 -0.5196152422706631 4
    endloop
  endfacet
  facet normal 0 0 1
    outer loop
      vertex -13.858192987669302 -5.740251485476347 4
      vertex -14.33359596727451 3.30273018076437 4
      vertex -14.064623325624096 -4.30654974524974 4
    endloop
  endfacet
  facet normal 0 0 1
    outer loop
      vertex -13.228818965225326 -7.070951052389964 4
      vertex -13.858192987669302 5.740251485476347 4
      vertex -13.858192987669302 -5.740251485476347 4
    endloop
  endfacet
  facet normal 0 0 1
    outer loop
      vertex -13.228818965225326 -7.070951052389964 4
      vertex -12.990381056766578 -6.8999999999999995 4
      vertex -13.228818965225326 7.070951052389964 4
    endloop
  endfacet
  facet normal 0 0 1
    outer loop
      vertex -14.711779206048456 -2.9263548302419236 4
      vertex -14.98248518019779 -0.3565223474413892 4
      vertex -14.927770900082955 -1.470257104943409 4
    endloop
  endfacet
  facet normal 0 0 1
    outer loop
      vertex -14.711779206048456 -2.9263548302419236 4
      vertex -14.7 -0.5196152422706631 4
      vertex -14.98248518019779 -0.3565223474413892 4
    endloop
  endfacet
  facet normal 0 0 1
    outer loop
      vertex -14.33359596727451 -3.30273018076437 4
      vertex -14.7 0.5196152422706631 4
      vertex -14.7 -0.5196152422706631 4
    endloop
  endfacet
  facet normal 0 0 1
    outer loop
      vertex -14.064623325624096 -4.30654974524974 4
      vertex -14.33359596727451 3.30273018076437 4
      vertex -14.33359596727451 -3.30273018076437 4
    endloop
  endfacet
  facet normal 0 0 1
    outer loop
      vertex -11.595156800441055 -9.515899262454683 4
      vertex -12.990381056766578 6.8999999999999995 4
      vertex -12.470765814495914 -7.8 4
    endloop
  endfacet
  facet normal 0 0 1
    outer loop
      vertex -12.470765814495914 -7.8 4
      vertex -13.228818965225326 7.070951052389964 4
      vertex -12.990381056766578 -6.8999999999999995 4
    endloop
  endfacet
  facet normal 0 0 1
    outer loop
      vertex -11.595156800441055 -9.515899262454683 4
      vertex -10.761893144859727 -10.027046222024772 4
      vertex -11.595156800441055 9.515899262454683 4
    endloop
  endfacet
  facet normal 0 0 1
    outer loop
      vertex -10.027046222024772 -10.761893144859727 4
      vertex -10.336457691518628 -4.28150096272271 4
      vertex -10.706345303177036 -3.2477343412738002 4
    endloop
  endfacet
  facet normal 0 0 1
    outer loop
      vertex -9.515899262454683 -11.595156800441055 4
      vertex -9.867024341808355 -5.274034389394095 4
      vertex -10.336457691518628 -4.28150096272271 4
    endloop
  endfacet
  facet normal 0 0 1
    outer loop
      vertex -10.761893144859727 -10.027046222024772 4
      vertex -10.706345303177036 -3.2477343412738002 4
      vertex -10.973124956882163 -2.182690262726239 4
    endloop
  endfacet
  facet normal 0 0 1
    outer loop
      vertex -10.761893144859727 -10.027046222024772 4
      vertex -10.973124956882163 -2.182690262726239 4
      vertex -11.134227418732241 -1.096625683768755 4
    endloop
  endfacet
  facet normal 0 0 1
    outer loop
      vertex -10.761893144859727 -10.027046222024772 4
      vertex -11.134227418732241 -1.096625683768755 4
      vertex -11.188101183952089 0 4
    endloop
  endfacet
  facet normal 0 0 1
    outer loop
      vertex -10.761893144859727 -10.027046222024772 4
      vertex -11.188101183952089 0 4
      vertex -11.595156800441055 9.515899262454683 4
    endloop
  endfacet
  facet normal 0 0 -1
    outer loop
      vertex -7.18970353130109 -13.157641468548448 0
      vertex -6.8999999999999995 -12.990381056766578 0
      vertex -7.070951052389964 -13.228818965225326 0
    endloop
  endfacet
  facet normal 0 0 -1
    outer loop
      vertex -7.070951052389964 -13.228818965225326 0
      vertex -6.8999999999999995 -12.990381056766578 0
      vertex -5.740251485476347 -13.858192987669302 0
    endloop
  endfacet
  facet normal 0 0 -1
    outer loop
      vertex -4.354270158816935 -14.354105035983132 0
      vertex -4.30654974524974 -14.064623325624096 0
      vertex -4.219969385128064 -14.387745628535797 0
    endloop
  endfacet
  facet normal -0.5141027441932223 -0.8577286100002718 0
    outer loop
      vertex -7.18970353130109 -13.157641468548448 0
      vertex -7.070951052389964 -13.228818965225326 0
      vertex -7.070951052389964 -13.228818965225326 4
    endloop
  endfacet
  facet normal -0.42755509343028225 -0.9039892931234432 0
    outer loop
      vertex -7.070951052389964 -13.228818965225326 0
      vertex -5.740251485476347 -13.858192987669302 0
      vertex -5.740251485476347 -13.858192987669302 4
    endloop
  endfacet
  facet normal -0.3368898533922189 -0.9415440651830211 0
    outer loop
      vertex -5.740251485476347 -13.858192987669302 0
      vertex -4.354270158816935 -14.354105035983132 0
      vertex -4.354270158816935 -14.354105035983132 4
    endloop
  endfacet
  facet normal -0.24298017990325785 -0.9700312531945454 0
    outer loop
      vertex -4.354270158816935 -14.354105035983132 0
      vertex -4.219969385128064 -14.387745628535797 0
      vertex -4.219969385128064 -14.387745628535797 4
    endloop
  endfacet
  facet normal 0 0 -1
    outer loop
      vertex -3.5297666316580347 -14.560632418168176 0
      vertex -3.30273018076437 -14.33359596727451 0
      vertex -2.9263548302419236 -14.711779206048456 0
    endloop
  endfacet
  facet normal 0 0 -1
    outer loop
      vertex -1.470257104943409 -14.927770900082955 0
      vertex -0.5196152422706631 -14.7 0
      vertex -0.3565223474413892 -14.98248518019779 0
    endloop
  endfacet
  facet normal -0.24298017990326304 -0.9700312531945442 0
    outer loop
      vertex -3.5297666316580347 -14.560632418168176 0
      vertex -2.9263548302419236 -14.711779206048456 0
      vertex -2.9263548302419236 -14.711779206048456 4
    endloop
  endfacet
  facet normal -0.14673047445536286 -0.9891765099647809 0
    outer loop
      vertex -2.9263548302419236 -14.711779206048456 0
      vertex -1.470257104943409 -14.927770900082955 0
      vertex -1.470257104943409 -14.927770900082955 4
    endloop
  endfacet
  facet normal -0.049067674327417356 -0.9987954562051723 0
    outer loop
      vertex -1.470257104943409 -14.927770900082955 0
      vertex -0.3565223474413892 -14.98248518019779 0
      vertex -0.3565223474413892 -14.98248518019779 4
    endloop
  endfacet
  facet normal -0.5141027441932223 -0.8577286100002718 0
    outer loop
      vertex -7.18970353130109 -13.157641468548448 0
      vertex -7.070951052389964 -13.228818965225326 4
      vertex -7.18970353130109 -13.157641468548448 4
    endloop
  endfacet
  facet normal -0.42755509343028225 -0.9039892931234432 0
    outer loop
      vertex -7.070951052389964 -13.228818965225326 0
      vertex -5.740251485476347 -13.858192987669302 4
      vertex -7.070951052389964 -13.228818965225326 4
    endloop
  endfacet
  facet normal -0.3368898533922189 -0.9415440651830211 0
    outer loop
      vertex -5.740251485476347 -13.858192987669302 0
      vertex -4.354270158816935 -14.354105035983132 4
      vertex -5.740251485476347 -13.858192987669302 4
    endloop
  endfacet
  facet normal -0.24298017990325785 -0.9700312531945454 0
    outer loop
      vertex -4.354270158816935 -14.354105035983132 0
      vertex -4.219969385128064 -14.387745628535797 4
      vertex -4.354270158816935 -14.354105035983132 4
    endloop
  endfacet
  facet normal 0 0 1
    outer loop
      vertex -7.18970353130109 -13.157641468548448 4
      vertex -7.070951052389964 -13.228818965225326 4
      vertex -5.740251485476347 -13.858192987669302 4
    endloop
  endfacet
  facet normal 0 0 1
    outer loop
      vertex -7.18970353130109 -13.157641468548448 4
      vertex -5.740251485476347 -13.858192987669302 4
      vertex -6.8999999999999995 -12.990381056766578 4
    endloop
  endfacet
  facet normal 0 0 1
    outer loop
      vertex -5.740251485476347 -13.858192987669302 4
      vertex -6.215775981815149 -9.30256615382229 4
      vertex -6.8999999999999995 -12.990381056766578 4
    endloop
  endfacet
  facet normal 0 0 1
    outer loop
      vertex -4.354270158816935 -14.354105035983132 4
      vertex -4.219969385128064 -14.387745628535797 4
      vertex -4.30654974524974 -14.064623325624096 4
    endloop
  endfacet
  facet normal 0 0 1
    outer loop
      vertex -5.740251485476347 -13.858192987669302 4
      vertex -4.354270158816935 -14.354105035983132 4
      vertex -5.274034389394095 -9.867024341808355 4
    endloop
  endfacet
  facet normal 0 0 1
    outer loop
      vertex -4.354270158816935 -14.354105035983132 4
      vertex -4.30654974524974 -14.064623325624096 4
      vertex -5.274034389394095 -9.867024341808355 4
    endloop
  endfacet
  facet normal 0 0 1
    outer loop
      vertex -4.30654974524974 -14.064623325624096 4
      vertex -3.30273018076437 -14.33359596727451 4
      vertex -4.28150096272271 -10.336457691518628 4
    endloop
  endfacet
  facet normal 0 0 1
    outer loop
      vertex -4.30654974524974 -14.064623325624096 4
      vertex -4.28150096272271 -10.336457691518628 4
      vertex -5.274034389394095 -9.867024341808355 4
    endloop
  endfacet
  facet normal 0 0 1
    outer loop
      vertex -6.8999999999999995 -12.990381056766578 4
      vertex -6.215775981815149 -9.30256615382229 4
      vertex -7.097656253642536 -8.64851916847498 4
    endloop
  endfacet
  facet normal 0 0 1
    outer loop
      vertex -6.8999999999999995 -12.990381056766578 4
      vertex -7.097656253642536 -8.64851916847498 4
      vertex -7.9111822157737635 -7.9111822157737635 4
    endloop
  endfacet
  facet normal 0 0 1
    outer loop
      vertex -5.740251485476347 -13.858192987669302 4
      vertex -5.274034389394095 -9.867024341808355 4
      vertex -6.215775981815149 -9.30256615382229 4
    endloop
  endfacet
  facet normal -0.24298017990326304 -0.9700312531945442 0
    outer loop
      vertex -3.5297666316580347 -14.560632418168176 0
      vertex -2.9263548302419236 -14.711779206048456 4
      vertex -3.5297666316580347 -14.560632418168176 4
    endloop
  endfacet
  facet normal -0.14673047445536286 -0.9891765099647809 0
    outer loop
      vertex -2.9263548302419236 -14.711779206048456 0
      vertex -1.470257104943409 -14.927770900082955 4
      vertex -2.9263548302419236 -14.711779206048456 4
    endloop
  endfacet
  facet normal -0.049067674327417356 -0.9987954562051723 0
    outer loop
      vertex -1.470257104943409 -14.927770900082955 0
      vertex -0.3565223474413892 -14.98248518019779 4
      vertex -1.470257104943409 -14.927770900082955 4
    endloop
  endfacet
  facet normal 0 0 1
    outer loop
      vertex -3.5297666316580347 -14.560632418168176 4
      vertex -2.9263548302419236 -14.711779206048456 4
      vertex -3.30273018076437 -14.33359596727451 4
    endloop
  endfacet
  facet normal 0 0 1
    outer loop
      vertex -3.30273018076437 -14.33359596727451 4
      vertex -2.9263548302419236 -14.711779206048456 4
      vertex -3.2477343412738002 -10.706345303177036 4
    endloop
  endfacet
  facet normal 0 0 1
    outer loop
      vertex -2.9263548302419236 -14.711779206048456 4
      vertex -1.470257104943409 -14.927770900082955 4
      vertex -2.182690262726239 -10.973124956882163 4
    endloop
  endfacet
  facet normal 0 0 1
    outer loop
      vertex -3.30273018076437 -14.33359596727451 4
      vertex -3.2477343412738002 -10.706345303177036 4
      vertex -4.28150096272271 -10.336457691518628 4
    endloop
  endfacet
  facet normal 0 0 1
    outer loop
      vertex -2.9263548302419236 -14.711779206048456 4
      vertex -2.182690262726239 -10.973124956882163 4
      vertex -3.2477343412738002 -10.706345303177036 4
    endloop
  endfacet
  facet normal 0 0 1
    outer loop
      vertex -1.470257104943409 -14.927770900082955 4
      vertex -0.5196152422706631 -14.7 4
      vertex -1.096625683768755 -11.134227418732241 4
    endloop
  endfacet
  facet normal 0 0 1
    outer loop
      vertex -1.470257104943409 -14.927770900082955 4
      vertex -0.3565223474413892 -14.98248518019779 4
      vertex -0.5196152422706631 -14.7 4
    endloop
  endfacet
  facet normal 0 0 1
    outer loop
      vertex -1.470257104943409 -14.927770900082955 4
      vertex -1.096625683768755 -11.134227418732241 4
      vertex -2.182690262726239 -10.973124956882163 4
    endloop
  endfacet
  facet normal 0 0 1
    outer loop
      vertex -0.5196152422706631 -14.7 4
      vertex 0 -11.188101183952089 4
      vertex -1.096625683768755 -11.134227418732241 4
    endloop
  endfacet
  facet normal 0 0 -1
    outer loop
      vertex -7.8 -12.470765814495914 0
      vertex -5.740251485476347 13.858192987669302 0
      vertex -6.8999999999999995 -12.990381056766578 0
    endloop
  endfacet
  facet normal 0 0 -1
    outer loop
      vertex -5.740251485476347 -13.858192987669302 0
      vertex -6.8999999999999995 -12.990381056766578 0
      vertex -5.740251485476347 13.858192987669302 0
    endloop
  endfacet
  facet normal 0 0 -1
    outer loop
      vertex -5.740251485476347 -13.858192987669302 0
      vertex -4.354270158816935 14.354105035983132 0
      vertex -4.354270158816935 -14.354105035983132 0
    endloop
  endfacet
  facet normal 0 0 -1
    outer loop
      vertex -4.354270158816935 -14.354105035983132 0
      vertex -2.9263548302419236 14.711779206048456 0
      vertex -4.30654974524974 -14.064623325624096 0
    endloop
  endfacet
  facet normal 0 0 -1
    outer loop
      vertex -3.30273018076437 -14.33359596727451 0
      vertex -2.9263548302419236 14.711779206048456 0
      vertex -2.9263548302419236 -14.711779206048456 0
    endloop
  endfacet
  facet normal 0 0 -1
    outer loop
      vertex -4.30654974524974 -14.064623325624096 0
      vertex -2.9263548302419236 14.711779206048456 0
      vertex -3.30273018076437 -14.33359596727451 0
    endloop
  endfacet
  facet normal 0 0 -1
    outer loop
      vertex -2.9263548302419236 -14.711779206048456 0
      vertex -1.470257104943409 14.927770900082955 0
      vertex -1.470257104943409 -14.927770900082955 0
    endloop
  endfacet
  facet normal 0 0 -1
    outer loop
      vertex -1.470257104943409 -14.927770900082955 0
      vertex 0.5196152422706631 14.7 0
      vertex -0.5196152422706631 -14.7 0
    endloop
  endfacet
  facet normal 0 0 -1
    outer loop
      vertex -14.98248518019779 0.3565223474413892 0
      vertex -14.711779206048456 2.9263548302419236 0
      vertex -14.7 0.5196152422706631 0
    endloop
  endfacet
  facet normal 0 0 -1
    outer loop
      vertex -14.7 -0.5196152422706631 0
      vertex -14.7 0.5196152422706631 0
      vertex -14.33359596727451 3.30273018076437 0
    endloop
  endfacet
  facet normal 0 0 -1
    outer loop
      vertex -14.98248518019779 0.3565223474413892 0
      vertex -14.927770900082955 1.470257104943409 0
      vertex -14.711779206048456 2.9263548302419236 0
    endloop
  endfacet
  facet normal 0 0 -1
    outer loop
      vertex -14.33359596727451 -3.30273018076437 0
      vertex -14.33359596727451 3.30273018076437 0
      vertex -14.064623325624096 4.30654974524974 0
    endloop
  endfacet
  facet normal 0 0 -1
    outer loop
      vertex -14.7 0.5196152422706631 0
      vertex -14.711779206048456 2.9263548302419236 0
      vertex -14.33359596727451 3.30273018076437 0
    endloop
  endfacet
  facet normal 0 0 -1
    outer loop
      vertex -14.33359596727451 -3.30273018076437 0
      vertex -14.064623325624096 4.30654974524974 0
      vertex -13.858192987669302 5.740251485476347 0
    endloop
  endfacet
  facet normal 0 0 -1
    outer loop
      vertex -14.711779206048456 2.9263548302419236 0
      vertex -14.560632418168176 3.5297666316580343 0
      vertex -14.33359596727451 3.30273018076437 0
    endloop
  endfacet
  facet normal 0 0 -1
    outer loop
      vertex -13.858192987669302 -5.740251485476347 0
      vertex -13.858192987669302 5.740251485476347 0
      vertex -13.228818965225326 7.070951052389964 0
    endloop
  endfacet
  facet normal 0 0 -1
    outer loop
      vertex -13.228818965225326 -7.070951052389964 0
      vertex -13.228818965225326 7.070951052389964 0
      vertex -12.990381056766578 6.8999999999999995 0
    endloop
  endfacet
  facet normal 0 0 -1
    outer loop
      vertex -13.228818965225326 -7.070951052389964 0
      vertex -12.990381056766578 6.8999999999999995 0
      vertex -12.470765814495914 7.8 0
    endloop
  endfacet
  facet normal 0 0 -1
    outer loop
      vertex -12.990381056766578 -6.8999999999999995 0
      vertex -12.470765814495914 7.8 0
      vertex -11.595156800441055 9.515899262454683 0
    endloop
  endfacet
  facet normal 0 0 -1
    outer loop
      vertex -11.595156800441055 -9.515899262454683 0
      vertex -11.595156800441055 9.515899262454683 0
      vertex -10.761893144859727 10.027046222024772 0
    endloop
  endfacet
  facet normal -0.9987954562051723 0.049067674327417356 0
    outer loop
      vertex -14.98248518019779 0.3565223474413892 0
      vertex -14.98248518019779 0.3565223474413892 4
      vertex -14.927770900082955 1.470257104943409 0
    endloop
  endfacet
  facet normal -0.9891765099647809 0.14673047445536286 0
    outer loop
      vertex -14.927770900082955 1.470257104943409 0
      vertex -14.711779206048456 2.9263548302419236 4
      vertex -14.711779206048456 2.9263548302419236 0
    endloop
  endfacet
  facet normal -0.9700312531945442 0.2429801799032632 0
    outer loop
      vertex -14.711779206048456 2.9263548302419236 0
      vertex -14.711779206048456 2.9263548302419236 4
      vertex -14.560632418168176 3.5297666316580343 0
    endloop
  endfacet
  facet normal 0 0 -1
    outer loop
      vertex -14.387745628535798 4.219969385128064 0
      vertex -14.354105035983132 4.354270158816935 0
      vertex -13.858192987669302 5.740251485476347 0
    endloop
  endfacet
  facet normal 0 0 -1
    outer loop
      vertex -14.387745628535798 4.219969385128064 0
      vertex -13.858192987669302 5.740251485476347 0
      vertex -14.064623325624096 4.30654974524974 0
    endloop
  endfacet
  facet normal 0 0 -1
    outer loop
      vertex -13.228818965225326 7.070951052389964 0
      vertex -13.157641468548448 7.18970353130109 0
      vertex -12.990381056766578 6.8999999999999995 0
    endloop
  endfacet
  facet normal -0.9700312531945424 0.24298017990326995 0
    outer loop
      vertex -14.387745628535798 4.219969385128064 0
      vertex -14.387745628535798 4.219969385128064 4
      vertex -14.354105035983132 4.354270158816935 0
    endloop
  endfacet
  facet normal -0.9415440651830211 0.3368898533922189 0
    outer loop
      vertex -14.354105035983132 4.354270158816935 0
      vertex -13.858192987669302 5.740251485476347 4
      vertex -13.858192987669302 5.740251485476347 0
    endloop
  endfacet
  facet normal -0.9039892931234432 0.42755509343028225 0
    outer loop
      vertex -13.858192987669302 5.740251485476347 0
      vertex -13.228818965225326 7.070951052389964 4
      vertex -13.228818965225326 7.070951052389964 0
    endloop
  endfacet
  facet normal -0.8577286100002718 0.5141027441932223 0
    outer loop
      vertex -13.228818965225326 7.070951052389964 0
      vertex -13.228818965225326 7.070951052389964 4
      vertex -13.157641468548448 7.18970353130109 0
    endloop
  endfacet
  facet normal 0 0 -1
    outer loop
      vertex -11.595156800441055 -9.515899262454683 0
      vertex -10.761893144859727 10.027046222024772 0
      vertex -10.027046222024772 10.761893144859727 0
    endloop
  endfacet
  facet normal 0 0 -1
    outer loop
      vertex -10.761893144859727 -10.027046222024772 0
      vertex -10.027046222024772 10.761893144859727 0
      vertex -9.515899262454683 11.595156800441055 0
    endloop
  endfacet
  facet normal 0 0 -1
    outer loop
      vertex -9.515899262454683 -11.595156800441055 0
      vertex -9.515899262454683 11.595156800441055 0
      vertex -8.333553495294034 12.472044184538179 0
    endloop
  endfacet
  facet normal 0 0 -1
    outer loop
      vertex -8.333553495294034 -12.472044184538179 0
      vertex -8.333553495294034 12.472044184538179 0
      vertex -7.8 12.470765814495914 0
    endloop
  endfacet
  facet normal 0 0 -1
    outer loop
      vertex -8.333553495294034 -12.472044184538179 0
      vertex -7.8 12.470765814495914 0
      vertex -6.8999999999999995 12.990381056766578 0
    endloop
  endfacet
  facet normal -0.9987954562051723 0.049067674327417356 0
    outer loop
      vertex -14.927770900082955 1.470257104943409 0
      vertex -14.98248518019779 0.3565223474413892 4
      vertex -14.927770900082955 1.470257104943409 4
    endloop
  endfacet
  facet normal -0.9891765099647809 0.14673047445536286 0
    outer loop
      vertex -14.927770900082955 1.470257104943409 0
      vertex -14.927770900082955 1.470257104943409 4
      vertex -14.711779206048456 2.9263548302419236 4
    endloop
  endfacet
  facet normal -0.9700312531945442 0.2429801799032632 0
    outer loop
      vertex -14.560632418168176 3.5297666316580343 0
      vertex -14.711779206048456 2.9263548302419236 4
      vertex -14.560632418168176 3.5297666316580343 4
    endloop
  endfacet
  facet normal 0 0 1
    outer loop
      vertex -14.33359596727451 -3.30273018076437 4
      vertex -14.711779206048456 2.9263548302419236 4
      vertex -14.7 0.5196152422706631 4
    endloop
  endfacet
  facet normal 0 0 1
    outer loop
      vertex -14.98248518019779 0.3565223474413892 4
      vertex -14.7 0.5196152422706631 4
      vertex -14.927770900082955 1.470257104943409 4
    endloop
  endfacet
  facet normal 0 0 1
    outer loop
      vertex -13.858192987669302 -5.740251485476347 4
      vertex -14.064623325624096 4.30654974524974 4
      vertex -14.33359596727451 3.30273018076437 4
    endloop
  endfacet
  facet normal 0 0 1
    outer loop
      vertex -14.33359596727451 -3.30273018076437 4
      vertex -14.560632418168176 3.5297666316580343 4
      vertex -14.711779206048456 2.9263548302419236 4
    endloop
  endfacet
  facet normal 0 0 1
    outer loop
      vertex -14.7 0.5196152422706631 4
      vertex -14.711779206048456 2.9263548302419236 4
      vertex -14.927770900082955 1.470257104943409 4
    endloop
  endfacet
  facet normal 0 0 1
    outer loop
      vertex -14.33359596727451 -3.30273018076437 4
      vertex -14.33359596727451 3.30273018076437 4
      vertex -14.560632418168176 3.5297666316580343 4
    endloop
  endfacet
  facet normal 0 0 1
    outer loop
      vertex -13.858192987669302 -5.740251485476347 4
      vertex -13.858192987669302 5.740251485476347 4
      vertex -14.064623325624096 4.30654974524974 4
    endloop
  endfacet
  facet normal 0 0 1
    outer loop
      vertex -13.228818965225326 -7.070951052389964 4
      vertex -13.228818965225326 7.070951052389964 4
      vertex -13.858192987669302 5.740251485476347 4
    endloop
  endfacet
  facet normal 0 0 1
    outer loop
      vertex -11.595156800441055 -9.515899262454683 4
      vertex -12.470765814495914 7.8 4
      vertex -12.990381056766578 6.8999999999999995 4
    endloop
  endfacet
  facet normal 0 0 1
    outer loop
      vertex -12.470765814495914 -7.8 4
      vertex -12.990381056766578 6.8999999999999995 4
      vertex -13.228818965225326 7.070951052389964 4
    endloop
  endfacet
  facet normal 0 0 1
    outer loop
      vertex -11.595156800441055 -9.515899262454683 4
      vertex -12.472044184538179 8.333553495294034 4
      vertex -12.470765814495914 7.8 4
    endloop
  endfacet
  facet normal 0 0 1
    outer loop
      vertex -11.595156800441055 -9.515899262454683 4
      vertex -11.595156800441055 9.515899262454683 4
      vertex -12.472044184538179 8.333553495294034 4
    endloop
  endfacet
  facet normal 0 0 1
    outer loop
      vertex -11.595156800441055 9.515899262454683 4
      vertex -11.188101183952089 0 4
      vertex -11.134227418732241 1.096625683768755 4
    endloop
  endfacet
  facet normal -0.9700312531945424 0.24298017990326995 0
    outer loop
      vertex -14.354105035983132 4.354270158816935 0
      vertex -14.387745628535798 4.219969385128064 4
      vertex -14.354105035983132 4.354270158816935 4
    endloop
  endfacet
  facet normal -0.9415440651830211 0.3368898533922189 0
    outer loop
      vertex -14.354105035983132 4.354270158816935 0
      vertex -14.354105035983132 4.354270158816935 4
      vertex -13.858192987669302 5.740251485476347 4
    endloop
  endfacet
  facet normal -0.9039892931234432 0.42755509343028225 0
    outer loop
      vertex -13.858192987669302 5.740251485476347 0
      vertex -13.858192987669302 5.740251485476347 4
      vertex -13.228818965225326 7.070951052389964 4
    endloop
  endfacet
  facet normal -0.8577286100002718 0.5141027441932223 0
    outer loop
      vertex -13.157641468548448 7.18970353130109 0
      vertex -13.228818965225326 7.070951052389964 4
      vertex -13.157641468548448 7.18970353130109 4
    endloop
  endfacet
  facet normal 0 0 1
    outer loop
      vertex -14.387745628535798 4.219969385128064 4
      vertex -14.064623325624096 4.30654974524974 4
      vertex -14.354105035983132 4.354270158816935 4
    endloop
  endfacet
  facet normal 0 0 1
    outer loop
      vertex -14.354105035983132 4.354270158816935 4
      vertex -14.064623325624096 4.30654974524974 4
      vertex -13.858192987669302 5.740251485476347 4
    endloop
  endfacet
  facet normal 0 0 1
    outer loop
      vertex -13.228818965225326 7.070951052389964 4
      vertex -12.990381056766578 6.8999999999999995 4
      vertex -13.157641468548448 7.18970353130109 4
    endloop
  endfacet
  facet normal 0 0 1
    outer loop
      vertex -11.595156800441055 9.515899262454683 4
      vertex -11.134227418732241 1.096625683768755 4
      vertex -10.973124956882163 2.182690262726239 4
    endloop
  endfacet
  facet normal 0 0 1
    outer loop
      vertex -11.595156800441055 9.515899262454683 4
      vertex -10.973124956882163 2.182690262726239 4
      vertex -10.706345303177036 3.2477343412738002 4
    endloop
  endfacet
  facet normal 0 0 1
    outer loop
      vertex -11.595156800441055 9.515899262454683 4
      vertex -10.706345303177036 3.2477343412738002 4
      vertex -10.336457691518628 4.28150096272271 4
    endloop
  endfacet
  facet normal 0 0 1
    outer loop
      vertex -10.761893144859727 10.027046222024772 4
      vertex -10.336457691518628 4.28150096272271 4
      vertex -9.867024341808355 5.274034389394095 4
    endloop
  endfacet
  facet normal 0 0 1
    outer loop
      vertex -10.027046222024772 10.761893144859727 4
      vertex -9.867024341808355 5.274034389394095 4
      vertex -9.30256615382229 6.215775981815149 4
    endloop
  endfacet
  facet normal 0 0 -1
    outer loop
      vertex -12.79184384250279 7.8 0
      vertex -12.472044184538179 8.333553495294034 0
      vertex -12.470765814495914 7.8 0
    endloop
  endfacet
  facet normal 0 0 -1
    outer loop
      vertex -12.470765814495914 7.8 0
      vertex -12.472044184538179 8.333553495294034 0
      vertex -11.595156800441055 9.515899262454683 0
    endloop
  endfacet
  facet normal -0.8577286100002722 0.5141027441932216 0
    outer loop
      vertex -12.79184384250279 7.8 0
      vertex -12.79184384250279 7.8 4
      vertex -12.472044184538179 8.333553495294034 0
    endloop
  endfacet
  facet normal -0.803207531480645 0.5956993044924331 0
    outer loop
      vertex -12.472044184538179 8.333553495294034 0
      vertex -11.595156800441055 9.515899262454683 4
      vertex -11.595156800441055 9.515899262454683 0
    endloop
  endfacet
  facet normal -0.7409511253549593 0.6715589548470181 0
    outer loop
      vertex -11.595156800441055 9.515899262454683 0
      vertex -11.595156800441055 9.515899262454683 4
      vertex -10.846316239465164 10.342117500424456 0
    endloop
  endfacet
  facet normal 0 0 -1
    outer loop
      vertex -11.595156800441055 9.515899262454683 0
      vertex -10.846316239465164 10.342117500424456 0
      vertex -10.761893144859727 10.027046222024772 0
    endloop
  endfacet
  facet normal 0 0 -1
    outer loop
      vertex -10.342117500424456 10.846316239465162 0
      vertex -9.515899262454683 11.595156800441055 0
      vertex -10.027046222024772 10.761893144859727 0
    endloop
  endfacet
  facet normal -0.6715589548470191 0.7409511253549586 0
    outer loop
      vertex -10.342117500424456 10.846316239465162 0
      vertex -10.342117500424456 10.846316239465162 4
      vertex -9.515899262454683 11.595156800441055 0
    endloop
  endfacet
  facet normal 0 0 -1
    outer loop
      vertex -8.333553495294034 12.472044184538179 0
      vertex -7.8 12.79184384250279 0
      vertex -7.8 12.470765814495914 0
    endloop
  endfacet
  facet normal -0.5956993044924331 0.803207531480645 0
    outer loop
      vertex -9.515899262454683 11.595156800441055 0
      vertex -9.515899262454683 11.595156800441055 4
      vertex -8.333553495294034 12.472044184538179 0
    endloop
  endfacet
  facet normal -0.5141027441932216 0.8577286100002722 0
    outer loop
      vertex -8.333553495294034 12.472044184538179 0
      vertex -8.333553495294034 12.472044184538179 4
      vertex -7.8 12.79184384250279 0
    endloop
  endfacet
  facet normal -0.8577286100002722 0.5141027441932216 0
    outer loop
      vertex -12.472044184538179 8.333553495294034 0
      vertex -12.79184384250279 7.8 4
      vertex -12.472044184538179 8.333553495294034 4
    endloop
  endfacet
  facet normal -0.803207531480645 0.5956993044924331 0
    outer loop
      vertex -12.472044184538179 8.333553495294034 0
      vertex -12.472044184538179 8.333553495294034 4
      vertex -11.595156800441055 9.515899262454683 4
    endloop
  endfacet
  facet normal 0 0 1
    outer loop
      vertex -12.79184384250279 7.8 4
      vertex -12.470765814495914 7.8 4
      vertex -12.472044184538179 8.333553495294034 4
    endloop
  endfacet
  facet normal -0.7409511253549593 0.6715589548470181 0
    outer loop
      vertex -10.846316239465164 10.342117500424456 0
      vertex -11.595156800441055 9.515899262454683 4
      vertex -10.846316239465164 10.342117500424456 4
    endloop
  endfacet
  facet normal 0 0 1
    outer loop
      vertex -11.595156800441055 9.515899262454683 4
      vertex -10.336457691518628 4.28150096272271 4
      vertex -10.761893144859727 10.027046222024772 4
    endloop
  endfacet
  facet normal 0 0 1
    outer loop
      vertex -10.761893144859727 10.027046222024772 4
      vertex -9.867024341808355 5.274034389394095 4
      vertex -10.027046222024772 10.761893144859727 4
    endloop
  endfacet
  facet normal 0 0 1
    outer loop
      vertex -11.595156800441055 9.515899262454683 4
      vertex -10.761893144859727 10.027046222024772 4
      vertex -10.846316239465164 10.342117500424456 4
    endloop
  endfacet
  facet normal 0 0 1
    outer loop
      vertex -10.027046222024772 10.761893144859727 4
      vertex -9.30256615382229 6.215775981815149 4
      vertex -9.515899262454683 11.595156800441055 4
    endloop
  endfacet
  facet normal 0 0 1
    outer loop
      vertex -10.342117500424456 10.846316239465162 4
      vertex -10.027046222024772 10.761893144859727 4
      vertex -9.515899262454683 11.595156800441055 4
    endloop
  endfacet
  facet normal 0 0 1
    outer loop
      vertex -9.515899262454683 11.595156800441055 4
      vertex -9.30256615382229 6.215775981815149 4
      vertex -8.64851916847498 7.097656253642536 4
    endloop
  endfacet
  facet normal 0 0 1
    outer loop
      vertex -9.515899262454683 11.595156800441055 4
      vertex -8.64851916847498 7.097656253642536 4
      vertex -7.9111822157737635 7.9111822157737635 4
    endloop
  endfacet
  facet normal 0 0 1
    outer loop
      vertex -9.515899262454683 11.595156800441055 4
      vertex -7.9111822157737635 7.9111822157737635 4
      vertex -8.333553495294034 12.472044184538179 4
    endloop
  endfacet
  facet normal 0 0 1
    outer loop
      vertex -8.333553495294034 12.472044184538179 4
      vertex -7.9111822157737635 7.9111822157737635 4
      vertex -7.097656253642536 8.64851916847498 4
    endloop
  endfacet
  facet normal 0 0 1
    outer loop
      vertex -8.333553495294034 12.472044184538179 4
      vertex -7.097656253642536 8.64851916847498 4
      vertex -7.8 12.470765814495914 4
    endloop
  endfacet
  facet normal -0.6715589548470191 0.7409511253549586 0
    outer loop
      vertex -9.515899262454683 11.595156800441055 0
      vertex -10.342117500424456 10.846316239465162 4
      vertex -9.515899262454683 11.595156800441055 4
    endloop
  endfacet
  facet normal -0.5956993044924331 0.803207531480645 0
    outer loop
      vertex -8.333553495294034 12.472044184538179 0
      vertex -9.515899262454683 11.595156800441055 4
      vertex -8.333553495294034 12.472044184538179 4
    endloop
  endfacet
  facet normal -0.5141027441932216 0.8577286100002722 0
    outer loop
      vertex -7.8 12.79184384250279 0
      vertex -8.333553495294034 12.472044184538179 4
      vertex -7.8 12.79184384250279 4
    endloop
  endfacet
  facet normal 0 0 1
    outer loop
      vertex -8.333553495294034 12.472044184538179 4
      vertex -7.8 12.470765814495914 4
      vertex -7.8 12.79184384250279 4
    endloop
  endfacet
  facet normal 0 0 -1
    outer loop
      vertex -7.8 -12.470765814495914 0
      vertex -6.8999999999999995 12.990381056766578 0
      vertex -5.740251485476347 13.858192987669302 0
    endloop
  endfacet
  facet normal 0 0 -1
    outer loop
      vertex -5.740251485476347 -13.858192987669302 0
      vertex -5.740251485476347 13.858192987669302 0
      vertex -4.354270158816935 14.354105035983132 0
    endloop
  endfacet
  facet normal 0 0 -1
    outer loop
      vertex -4.354270158816935 -14.354105035983132 0
      vertex -4.30654974524974 14.064623325624096 0
      vertex -3.30273018076437 14.33359596727451 0
    endloop
  endfacet
  facet normal 0 0 -1
    outer loop
      vertex -4.354270158816935 -14.354105035983132 0
      vertex -4.354270158816935 14.354105035983132 0
      vertex -4.30654974524974 14.064623325624096 0
    endloop
  endfacet
  facet normal 0 0 -1
    outer loop
      vertex -4.354270158816935 -14.354105035983132 0
      vertex -3.30273018076437 14.33359596727451 0
      vertex -2.9263548302419236 14.711779206048456 0
    endloop
  endfacet
  facet normal 0 0 -1
    outer loop
      vertex -2.9263548302419236 -14.711779206048456 0
      vertex -2.9263548302419236 14.711779206048456 0
      vertex -1.470257104943409 14.927770900082955 0
    endloop
  endfacet
  facet normal 0 0 -1
    outer loop
      vertex -1.470257104943409 -14.927770900082955 0
      vertex -1.470257104943409 14.927770900082955 0
      vertex -0.5196152422706631 14.7 0
    endloop
  endfacet
  facet normal 0 0 -1
    outer loop
      vertex -1.470257104943409 -14.927770900082955 0
      vertex -0.5196152422706631 14.7 0
      vertex 0.5196152422706631 14.7 0
    endloop
  endfacet
  facet normal 0 0 -1
    outer loop
      vertex -6.8999999999999995 12.990381056766578 0
      vertex -7.18970353130109 13.157641468548448 0
      vertex -5.740251485476347 13.858192987669302 0
    endloop
  endfacet
  facet normal 0 0 -1
    outer loop
      vertex -7.18970353130109 13.157641468548448 0
      vertex -7.070951052389964 13.228818965225326 0
      vertex -5.740251485476347 13.858192987669302 0
    endloop
  endfacet
  facet normal 0 0 -1
    outer loop
      vertex -4.30654974524974 14.064623325624096 0
      vertex -4.354270158816935 14.354105035983132 0
      vertex -4.219969385128064 14.387745628535797 0
    endloop
  endfacet
  facet normal -0.5141027441932223 0.8577286100002718 0
    outer loop
      vertex -7.18970353130109 13.157641468548448 0
      vertex -7.18970353130109 13.157641468548448 4
      vertex -7.070951052389964 13.228818965225326 0
    endloop
  endfacet
  facet normal -0.42755509343028225 0.9039892931234432 0
    outer loop
      vertex -7.070951052389964 13.228818965225326 0
      vertex -7.070951052389964 13.228818965225326 4
      vertex -5.740251485476347 13.858192987669302 0
    endloop
  endfacet
  facet normal -0.3368898533922189 0.9415440651830211 0
    outer loop
      vertex -5.740251485476347 13.858192987669302 0
      vertex -5.740251485476347 13.858192987669302 4
      vertex -4.354270158816935 14.354105035983132 0
    endloop
  endfacet
  facet normal -0.24298017990325785 0.9700312531945454 0
    outer loop
      vertex -4.354270158816935 14.354105035983132 0
      vertex -4.354270158816935 14.354105035983132 4
      vertex -4.219969385128064 14.387745628535797 0
    endloop
  endfacet
  facet normal 0 0 -1
    outer loop
      vertex -3.30273018076437 14.33359596727451 0
      vertex -3.5297666316580347 14.560632418168176 0
      vertex -2.9263548302419236 14.711779206048456 0
    endloop
  endfacet
  facet normal 0 0 -1
    outer loop
      vertex -1.470257104943409 14.927770900082955 0
      vertex -0.3565223474413892 14.98248518019779 0
      vertex -0.5196152422706631 14.7 0
    endloop
  endfacet
  facet normal -0.24298017990326304 0.9700312531945442 0
    outer loop
      vertex -3.5297666316580347 14.560632418168176 0
      vertex -3.5297666316580347 14.560632418168176 4
      vertex -2.9263548302419236 14.711779206048456 0
    endloop
  endfacet
  facet normal -0.14673047445536286 0.9891765099647809 0
    outer loop
      vertex -2.9263548302419236 14.711779206048456 0
      vertex -2.9263548302419236 14.711779206048456 4
      vertex -1.470257104943409 14.927770900082955 0
    endloop
  endfacet
  facet normal -0.049067674327417356 0.9987954562051723 0
    outer loop
      vertex -1.470257104943409 14.927770900082955 0
      vertex -1.470257104943409 14.927770900082955 4
      vertex -0.3565223474413892 14.98248518019779 0
    endloop
  endfacet
  facet normal 0 0 1
    outer loop
      vertex -7.8 12.470765814495914 4
      vertex -7.097656253642536 8.64851916847498 4
      vertex -6.215775981815149 9.30256615382229 4
    endloop
  endfacet
  facet normal 0 0 1
    outer loop
      vertex -6.8999999999999995 12.990381056766578 4
      vertex -6.215775981815149 9.30256615382229 4
      vertex -5.274034389394095 9.867024341808355 4
    endloop
  endfacet
  facet normal -0.5141027441932223 0.8577286100002718 0
    outer loop
      vertex -7.070951052389964 13.228818965225326 0
      vertex -7.18970353130109 13.157641468548448 4
      vertex -7.070951052389964 13.228818965225326 4
    endloop
  endfacet
  facet normal -0.42755509343028225 0.9039892931234432 0
    outer loop
      vertex -5.740251485476347 13.858192987669302 0
      vertex -7.070951052389964 13.228818965225326 4
      vertex -5.740251485476347 13.858192987669302 4
    endloop
  endfacet
  facet normal -0.3368898533922189 0.9415440651830211 0
    outer loop
      vertex -4.354270158816935 14.354105035983132 0
      vertex -5.740251485476347 13.858192987669302 4
      vertex -4.354270158816935 14.354105035983132 4
    endloop
  endfacet
  facet normal -0.24298017990325785 0.9700312531945454 0
    outer loop
      vertex -4.219969385128064 14.387745628535797 0
      vertex -4.354270158816935 14.354105035983132 4
      vertex -4.219969385128064 14.387745628535797 4
    endloop
  endfacet
  facet normal 0 0 1
    outer loop
      vertex -7.8 12.470765814495914 4
      vertex -6.215775981815149 9.30256615382229 4
      vertex -6.8999999999999995 12.990381056766578 4
    endloop
  endfacet
  facet normal 0 0 1
    outer loop
      vertex -6.8999999999999995 12.990381056766578 4
      vertex -5.274034389394095 9.867024341808355 4
      vertex -5.740251485476347 13.858192987669302 4
    endloop
  endfacet
  facet normal 0 0 1
    outer loop
      vertex -6.8999999999999995 12.990381056766578 4
      vertex -7.070951052389964 13.228818965225326 4
      vertex -7.18970353130109 13.157641468548448 4
    endloop
  endfacet
  facet normal 0 0 1
    outer loop
      vertex -6.8999999999999995 12.990381056766578 4
      vertex -5.740251485476347 13.858192987669302 4
      vertex -7.070951052389964 13.228818965225326 4
    endloop
  endfacet
  facet normal 0 0 1
    outer loop
      vertex -5.740251485476347 13.858192987669302 4
      vertex -5.274034389394095 9.867024341808355 4
      vertex -4.28150096272271 10.336457691518628 4
    endloop
  endfacet
  facet normal 0 0 1
    outer loop
      vertex -5.740251485476347 13.858192987669302 4
      vertex -4.28150096272271 10.336457691518628 4
      vertex -4.354270158816935 14.354105035983132 4
    endloop
  endfacet
  facet normal 0 0 1
    outer loop
      vertex -4.30654974524974 14.064623325624096 4
      vertex -4.28150096272271 10.336457691518628 4
      vertex -3.2477343412738002 10.706345303177036 4
    endloop
  endfacet
  facet normal 0 0 1
    outer loop
      vertex -4.30654974524974 14.064623325624096 4
      vertex -4.354270158816935 14.354105035983132 4
      vertex -4.28150096272271 10.336457691518628 4
    endloop
  endfacet
  facet normal 0 0 1
    outer loop
      vertex -4.30654974524974 14.064623325624096 4
      vertex -4.219969385128064 14.387745628535797 4
      vertex -4.354270158816935 14.354105035983132 4
    endloop
  endfacet
  facet normal -0.24298017990326304 0.9700312531945442 0
    outer loop
      vertex -2.9263548302419236 14.711779206048456 0
      vertex -3.5297666316580347 14.560632418168176 4
      vertex -2.9263548302419236 14.711779206048456 4
    endloop
  endfacet
  facet normal -0.14673047445536286 0.9891765099647809 0
    outer loop
      vertex -1.470257104943409 14.927770900082955 0
      vertex -2.9263548302419236 14.711779206048456 4
      vertex -1.470257104943409 14.927770900082955 4
    endloop
  endfacet
  facet normal -0.049067674327417356 0.9987954562051723 0
    outer loop
      vertex -0.3565223474413892 14.98248518019779 0
      vertex -1.470257104943409 14.927770900082955 4
      vertex -0.3565223474413892 14.98248518019779 4
    endloop
  endfacet
  facet normal 0 0 1
    outer loop
      vertex -3.30273018076437 14.33359596727451 4
      vertex -3.2477343412738002 10.706345303177036 4
      vertex -2.182690262726239 10.973124956882163 4
    endloop
  endfacet
  facet normal 0 0 1
    outer loop
      vertex -4.30654974524974 14.064623325624096 4
      vertex -3.2477343412738002 10.706345303177036 4
      vertex -3.30273018076437 14.33359596727451 4
    endloop
  endfacet
  facet normal 0 0 1
    outer loop
      vertex -2.9263548302419236 14.711779206048456 4
      vertex -2.182690262726239 10.973124956882163 4
      vertex -1.096625683768755 11.134227418732241 4
    endloop
  endfacet
  facet normal 0 0 1
    outer loop
      vertex -3.30273018076437 14.33359596727451 4
      vertex -2.9263548302419236 14.711779206048456 4
      vertex -3.5297666316580347 14.560632418168176 4
    endloop
  endfacet
  facet normal 0 0 1
    outer loop
      vertex -3.30273018076437 14.33359596727451 4
      vertex -2.182690262726239 10.973124956882163 4
      vertex -2.9263548302419236 14.711779206048456 4
    endloop
  endfacet
  facet normal 0 0 1
    outer loop
      vertex -0.5196152422706631 14.7 4
      vertex -1.096625683768755 11.134227418732241 4
      vertex 0 11.188101183952089 4
    endloop
  endfacet
  facet normal 0 0 1
    outer loop
      vertex -2.9263548302419236 14.711779206048456 4
      vertex -1.096625683768755 11.134227418732241 4
      vertex -1.470257104943409 14.927770900082955 4
    endloop
  endfacet
  facet normal 0 0 1
    outer loop
      vertex -1.470257104943409 14.927770900082955 4
      vertex -1.096625683768755 11.134227418732241 4
      vertex -0.5196152422706631 14.7 4
    endloop
  endfacet
  facet normal 0 0 1
    outer loop
      vertex -1.470257104943409 14.927770900082955 4
      vertex -0.5196152422706631 14.7 4
      vertex -0.3565223474413892 14.98248518019779 4
    endloop
  endfacet
  facet normal 0 0 -1
    outer loop
      vertex 0.3565223474413892 -14.98248518019779 0
      vertex 0.5196152422706631 -14.7 0
      vertex 1.470257104943409 -14.927770900082955 0
    endloop
  endfacet
  facet normal 0 0 -1
    outer loop
      vertex 2.9263548302419236 -14.711779206048456 0
      vertex 3.30273018076437 -14.33359596727451 0
      vertex 3.5297666316580347 -14.560632418168176 0
    endloop
  endfacet
  facet normal 0.049067674327417356 -0.9987954562051723 0
    outer loop
      vertex 0.3565223474413892 -14.98248518019779 0
      vertex 1.470257104943409 -14.927770900082955 0
      vertex 1.470257104943409 -14.927770900082955 4
    endloop
  endfacet
  facet normal 0.14673047445536286 -0.9891765099647809 0
    outer loop
      vertex 1.470257104943409 -14.927770900082955 0
      vertex 2.9263548302419236 -14.711779206048456 0
      vertex 2.9263548302419236 -14.711779206048456 4
    endloop
  endfacet
  facet normal 0.24298017990326304 -0.9700312531945442 0
    outer loop
      vertex 2.9263548302419236 -14.711779206048456 0
      vertex 3.5297666316580347 -14.560632418168176 0
      vertex 3.5297666316580347 -14.560632418168176 4
    endloop
  endfacet
  facet normal 0 0 -1
    outer loop
      vertex 4.219969385128064 -14.387745628535797 0
      vertex 4.30654974524974 -14.064623325624096 0
      vertex 4.354270158816935 -14.354105035983132 0
    endloop
  endfacet
  facet normal 0 0 -1
    outer loop
      vertex 5.740251485476347 -13.858192987669302 0
      vertex 7.18970353130109 -13.157641468548448 0
      vertex 7.070951052389964 -13.228818965225326 0
    endloop
  endfacet
  facet normal 0 0 -1
    outer loop
      vertex 5.740251485476347 -13.858192987669302 0
      vertex 6.8999999999999995 -12.990381056766578 0
      vertex 7.18970353130109 -13.157641468548448 0
    endloop
  endfacet
  facet normal 0.24298017990325785 -0.9700312531945454 0
    outer loop
      vertex 4.219969385128064 -14.387745628535797 0
      vertex 4.354270158816935 -14.354105035983132 0
      vertex 4.354270158816935 -14.354105035983132 4
    endloop
  endfacet
  facet normal 0.3368898533922189 -0.9415440651830211 0
    outer loop
      vertex 4.354270158816935 -14.354105035983132 0
      vertex 5.740251485476347 -13.858192987669302 0
      vertex 5.740251485476347 -13.858192987669302 4
    endloop
  endfacet
  facet normal 0.42755509343028225 -0.9039892931234432 0
    outer loop
      vertex 5.740251485476347 -13.858192987669302 0
      vertex 7.070951052389964 -13.228818965225326 0
      vertex 7.070951052389964 -13.228818965225326 4
    endloop
  endfacet
  facet normal 0.5141027441932223 -0.8577286100002718 0
    outer loop
      vertex 7.070951052389964 -13.228818965225326 0
      vertex 7.18970353130109 -13.157641468548448 0
      vertex 7.18970353130109 -13.157641468548448 4
    endloop
  endfacet
  facet normal 0.049067674327417356 -0.9987954562051723 0
    outer loop
      vertex 0.3565223474413892 -14.98248518019779 0
      vertex 1.470257104943409 -14.927770900082955 4
      vertex 0.3565223474413892 -14.98248518019779 4
    endloop
  endfacet
  facet normal 0.14673047445536286 -0.9891765099647809 0
    outer loop
      vertex 1.470257104943409 -14.927770900082955 0
      vertex 2.9263548302419236 -14.711779206048456 4
      vertex 1.470257104943409 -14.927770900082955 4
    endloop
  endfacet
  facet normal 0.24298017990326304 -0.9700312531945442 0
    outer loop
      vertex 2.9263548302419236 -14.711779206048456 0
      vertex 3.5297666316580347 -14.560632418168176 4
      vertex 2.9263548302419236 -14.711779206048456 4
    endloop
  endfacet
  facet normal 0 0 1
    outer loop
      vertex 0.3565223474413892 -14.98248518019779 4
      vertex 1.470257104943409 -14.927770900082955 4
      vertex 0.5196152422706631 -14.7 4
    endloop
  endfacet
  facet normal 0 0 1
    outer loop
      vertex -0.5196152422706631 -14.7 4
      vertex 0.5196152422706631 -14.7 4
      vertex 0 -11.188101183952089 4
    endloop
  endfacet
  facet normal 0 0 1
    outer loop
      vertex 0.5196152422706631 -14.7 4
      vertex 1.470257104943409 -14.927770900082955 4
      vertex 1.096625683768755 -11.134227418732241 4
    endloop
  endfacet
  facet normal 0 0 1
    outer loop
      vertex 1.470257104943409 -14.927770900082955 4
      vertex 2.9263548302419236 -14.711779206048456 4
      vertex 1.096625683768755 -11.134227418732241 4
    endloop
  endfacet
  facet normal 0 0 1
    outer loop
      vertex 0.5196152422706631 -14.7 4
      vertex 1.096625683768755 -11.134227418732241 4
      vertex 0 -11.188101183952089 4
    endloop
  endfacet
  facet normal 0 0 1
    outer loop
      vertex 2.9263548302419236 -14.711779206048456 4
      vertex 3.30273018076437 -14.33359596727451 4
      vertex 2.182690262726239 -10.973124956882163 4
    endloop
  endfacet
  facet normal 0 0 1
    outer loop
      vertex 2.9263548302419236 -14.711779206048456 4
      vertex 3.5297666316580347 -14.560632418168176 4
      vertex 3.30273018076437 -14.33359596727451 4
    endloop
  endfacet
  facet normal 0 0 1
    outer loop
      vertex 2.9263548302419236 -14.711779206048456 4
      vertex 2.182690262726239 -10.973124956882163 4
      vertex 1.096625683768755 -11.134227418732241 4
    endloop
  endfacet
  facet normal 0 0 1
    outer loop
      vertex 3.30273018076437 -14.33359596727451 4
      vertex 4.30654974524974 -14.064623325624096 4
      vertex 3.2477343412738002 -10.706345303177036 4
    endloop
  endfacet
  facet normal 0 0 1
    outer loop
      vertex 3.30273018076437 -14.33359596727451 4
      vertex 3.2477343412738002 -10.706345303177036 4
      vertex 2.182690262726239 -10.973124956882163 4
    endloop
  endfacet
  facet normal 0.24298017990325785 -0.9700312531945454 0
    outer loop
      vertex 4.219969385128064 -14.387745628535797 0
      vertex 4.354270158816935 -14.354105035983132 4
      vertex 4.219969385128064 -14.387745628535797 4
    endloop
  endfacet
  facet normal 0.3368898533922189 -0.9415440651830211 0
    outer loop
      vertex 4.354270158816935 -14.354105035983132 0
      vertex 5.740251485476347 -13.858192987669302 4
      vertex 4.354270158816935 -14.354105035983132 4
    endloop
  endfacet
  facet normal 0.42755509343028225 -0.9039892931234432 0
    outer loop
      vertex 5.740251485476347 -13.858192987669302 0
      vertex 7.070951052389964 -13.228818965225326 4
      vertex 5.740251485476347 -13.858192987669302 4
    endloop
  endfacet
  facet normal 0.5141027441932223 -0.8577286100002718 0
    outer loop
      vertex 7.070951052389964 -13.228818965225326 0
      vertex 7.18970353130109 -13.157641468548448 4
      vertex 7.070951052389964 -13.228818965225326 4
    endloop
  endfacet
  facet normal 0 0 1
    outer loop
      vertex 4.219969385128064 -14.387745628535797 4
      vertex 4.354270158816935 -14.354105035983132 4
      vertex 4.30654974524974 -14.064623325624096 4
    endloop
  endfacet
  facet normal 0 0 1
    outer loop
      vertex 4.354270158816935 -14.354105035983132 4
      vertex 4.28150096272271 -10.336457691518628 4
      vertex 4.30654974524974 -14.064623325624096 4
    endloop
  endfacet
  facet normal 0 0 1
    outer loop
      vertex 4.30654974524974 -14.064623325624096 4
      vertex 4.28150096272271 -10.336457691518628 4
      vertex 3.2477343412738002 -10.706345303177036 4
    endloop
  endfacet
  facet normal 0 0 1
    outer loop
      vertex 4.354270158816935 -14.354105035983132 4
      vertex 5.740251485476347 -13.858192987669302 4
      vertex 4.28150096272271 -10.336457691518628 4
    endloop
  endfacet
  facet normal 0 0 1
    outer loop
      vertex 5.740251485476347 -13.858192987669302 4
      vertex 5.274034389394095 -9.867024341808355 4
      vertex 4.28150096272271 -10.336457691518628 4
    endloop
  endfacet
  facet normal 0 0 1
    outer loop
      vertex 5.740251485476347 -13.858192987669302 4
      vertex 7.070951052389964 -13.228818965225326 4
      vertex 6.8999999999999995 -12.990381056766578 4
    endloop
  endfacet
  facet normal 0 0 1
    outer loop
      vertex 7.070951052389964 -13.228818965225326 4
      vertex 7.18970353130109 -13.157641468548448 4
      vertex 6.8999999999999995 -12.990381056766578 4
    endloop
  endfacet
  facet normal 0 0 1
    outer loop
      vertex 5.740251485476347 -13.858192987669302 4
      vertex 6.8999999999999995 -12.990381056766578 4
      vertex 5.274034389394095 -9.867024341808355 4
    endloop
  endfacet
  facet normal 0 0 1
    outer loop
      vertex 6.8999999999999995 -12.990381056766578 4
      vertex 7.8 -12.470765814495914 4
      vertex 6.215775981815149 -9.30256615382229 4
    endloop
  endfacet
  facet normal 0 0 1
    outer loop
      vertex 6.8999999999999995 -12.990381056766578 4
      vertex 6.215775981815149 -9.30256615382229 4
      vertex 5.274034389394095 -9.867024341808355 4
    endloop
  endfacet
  facet normal 0 0 1
    outer loop
      vertex 7.8 -12.470765814495914 4
      vertex 7.097656253642536 -8.64851916847498 4
      vertex 6.215775981815149 -9.30256615382229 4
    endloop
  endfacet
  facet normal 0 0 -1
    outer loop
      vertex -0.5196152422706631 -14.7 0
      vertex 1.470257104943409 14.927770900082955 0
      vertex 0.5196152422706631 -14.7 0
    endloop
  endfacet
  facet normal 0 0 -1
    outer loop
      vertex 0.5196152422706631 -14.7 0
      vertex 1.470257104943409 14.927770900082955 0
      vertex 1.470257104943409 -14.927770900082955 0
    endloop
  endfacet
  facet normal 0 0 -1
    outer loop
      vertex 1.470257104943409 -14.927770900082955 0
      vertex 2.9263548302419236 14.711779206048456 0
      vertex 2.9263548302419236 -14.711779206048456 0
    endloop
  endfacet
  facet normal 0 0 -1
    outer loop
      vertex 2.9263548302419236 -14.711779206048456 0
      vertex 4.354270158816935 14.354105035983132 0
      vertex 3.30273018076437 -14.33359596727451 0
    endloop
  endfacet
  facet normal 0 0 -1
    outer loop
      vertex 4.354270158816935 -14.354105035983132 0
      vertex 4.30654974524974 -14.064623325624096 0
      vertex 4.354270158816935 14.354105035983132 0
    endloop
  endfacet
  facet normal 0 0 -1
    outer loop
      vertex 3.30273018076437 -14.33359596727451 0
      vertex 4.354270158816935 14.354105035983132 0
      vertex 4.30654974524974 -14.064623325624096 0
    endloop
  endfacet
  facet normal 0 0 -1
    outer loop
      vertex 4.354270158816935 -14.354105035983132 0
      vertex 5.740251485476347 13.858192987669302 0
      vertex 5.740251485476347 -13.858192987669302 0
    endloop
  endfacet
  facet normal 0 0 -1
    outer loop
      vertex 5.740251485476347 -13.858192987669302 0
      vertex 7.8 12.470765814495914 0
      vertex 6.8999999999999995 -12.990381056766578 0
    endloop
  endfacet
  facet normal 0 0 -1
    outer loop
      vertex 7.8 -12.79184384250279 0
      vertex 7.8 -12.470765814495914 0
      vertex 8.333553495294034 -12.472044184538179 0
    endloop
  endfacet
  facet normal 0.5141027441932216 -0.8577286100002722 0
    outer loop
      vertex 7.8 -12.79184384250279 0
      vertex 8.333553495294034 -12.472044184538179 0
      vertex 8.333553495294034 -12.472044184538179 4
    endloop
  endfacet
  facet normal 0.5956993044924331 -0.803207531480645 0
    outer loop
      vertex 8.333553495294034 -12.472044184538179 0
      vertex 9.515899262454683 -11.595156800441055 0
      vertex 9.515899262454683 -11.595156800441055 4
    endloop
  endfacet
  facet normal 0 0 -1
    outer loop
      vertex 9.515899262454683 -11.595156800441055 0
      vertex 10.027046222024772 -10.761893144859727 0
      vertex 10.342117500424456 -10.846316239465162 0
    endloop
  endfacet
  facet normal 0 0 -1
    outer loop
      vertex 10.846316239465164 -10.342117500424456 0
      vertex 10.761893144859727 -10.027046222024772 0
      vertex 11.595156800441055 -9.515899262454683 0
    endloop
  endfacet
  facet normal 0.6715589548470191 -0.7409511253549586 0
    outer loop
      vertex 9.515899262454683 -11.595156800441055 0
      vertex 10.342117500424456 -10.846316239465162 0
      vertex 10.342117500424456 -10.846316239465162 4
    endloop
  endfacet
  facet normal 0 0 -1
    outer loop
      vertex 11.595156800441055 -9.515899262454683 0
      vertex 12.470765814495914 -7.8 0
      vertex 12.472044184538179 -8.333553495294034 0
    endloop
  endfacet
  facet normal 0 0 -1
    outer loop
      vertex 12.472044184538179 -8.333553495294034 0
      vertex 12.470765814495914 -7.8 0
      vertex 12.79184384250279 -7.8 0
    endloop
  endfacet
  facet normal 0.7409511253549593 -0.6715589548470181 0
    outer loop
      vertex 10.846316239465164 -10.342117500424456 0
      vertex 11.595156800441055 -9.515899262454683 0
      vertex 11.595156800441055 -9.515899262454683 4
    endloop
  endfacet
  facet normal 0.803207531480645 -0.5956993044924331 0
    outer loop
      vertex 11.595156800441055 -9.515899262454683 0
      vertex 12.472044184538179 -8.333553495294034 0
      vertex 11.595156800441055 -9.515899262454683 4
    endloop
  endfacet
  facet normal 0.8577286100002722 -0.5141027441932216 0
    outer loop
      vertex 12.472044184538179 -8.333553495294034 0
      vertex 12.79184384250279 -7.8 0
      vertex 12.79184384250279 -7.8 4
    endloop
  endfacet
  facet normal 0.5141027441932216 -0.8577286100002722 0
    outer loop
      vertex 7.8 -12.79184384250279 0
      vertex 8.333553495294034 -12.472044184538179 4
      vertex 7.8 -12.79184384250279 4
    endloop
  endfacet
  facet normal 0.5956993044924331 -0.803207531480645 0
    outer loop
      vertex 8.333553495294034 -12.472044184538179 0
      vertex 9.515899262454683 -11.595156800441055 4
      vertex 8.333553495294034 -12.472044184538179 4
    endloop
  endfacet
  facet normal 0.6715589548470191 -0.7409511253549586 0
    outer loop
      vertex 9.515899262454683 -11.595156800441055 0
      vertex 10.342117500424456 -10.846316239465162 4
      vertex 9.515899262454683 -11.595156800441055 4
    endloop
  endfacet
  facet normal 0 0 1
    outer loop
      vertex 7.8 -12.79184384250279 4
      vertex 8.333553495294034 -12.472044184538179 4
      vertex 7.8 -12.470765814495914 4
    endloop
  endfacet
  facet normal 0.7409511253549593 -0.6715589548470181 0
    outer loop
      vertex 10.846316239465164 -10.342117500424456 0
      vertex 11.595156800441055 -9.515899262454683 4
      vertex 10.846316239465164 -10.342117500424456 4
    endloop
  endfacet
  facet normal 0 0 1
    outer loop
      vertex 7.8 -12.470765814495914 4
      vertex 8.333553495294034 -12.472044184538179 4
      vertex 7.097656253642536 -8.64851916847498 4
    endloop
  endfacet
  facet normal 0 0 1
    outer loop
      vertex 8.333553495294034 -12.472044184538179 4
      vertex 7.9111822157737635 -7.9111822157737635 4
      vertex 7.097656253642536 -8.64851916847498 4
    endloop
  endfacet
  facet normal 0 0 1
    outer loop
      vertex 8.333553495294034 -12.472044184538179 4
      vertex 9.515899262454683 -11.595156800441055 4
      vertex 7.9111822157737635 -7.9111822157737635 4
    endloop
  endfacet
  facet normal 0 0 1
    outer loop
      vertex 9.515899262454683 -11.595156800441055 4
      vertex 8.64851916847498 -7.097656253642536 4
      vertex 7.9111822157737635 -7.9111822157737635 4
    endloop
  endfacet
  facet normal 0 0 1
    outer loop
      vertex 9.515899262454683 -11.595156800441055 4
      vertex 9.30256615382229 -6.215775981815149 4
      vertex 8.64851916847498 -7.097656253642536 4
    endloop
  endfacet
  facet normal 0 0 1
    outer loop
      vertex 9.515899262454683 -11.595156800441055 4
      vertex 10.342117500424456 -10.846316239465162 4
      vertex 10.027046222024772 -10.761893144859727 4
    endloop
  endfacet
  facet normal 0 0 1
    outer loop
      vertex 9.515899262454683 -11.595156800441055 4
      vertex 10.027046222024772 -10.761893144859727 4
      vertex 9.30256615382229 -6.215775981815149 4
    endloop
  endfacet
  facet normal 0 0 1
    outer loop
      vertex 10.846316239465164 -10.342117500424456 4
      vertex 11.595156800441055 -9.515899262454683 4
      vertex 10.761893144859727 -10.027046222024772 4
    endloop
  endfacet
  facet normal 0 0 1
    outer loop
      vertex 10.027046222024772 -10.761893144859727 4
      vertex 10.761893144859727 -10.027046222024772 4
      vertex 9.867024341808355 -5.274034389394095 4
    endloop
  endfacet
  facet normal 0 0 1
    outer loop
      vertex 10.761893144859727 -10.027046222024772 4
      vertex 11.595156800441055 -9.515899262454683 4
      vertex 10.336457691518628 -4.28150096272271 4
    endloop
  endfacet
  facet normal 0.803207531480645 -0.5956993044924331 0
    outer loop
      vertex 12.472044184538179 -8.333553495294034 0
      vertex 12.472044184538179 -8.333553495294034 4
      vertex 11.595156800441055 -9.515899262454683 4
    endloop
  endfacet
  facet normal 0.8577286100002722 -0.5141027441932216 0
    outer loop
      vertex 12.472044184538179 -8.333553495294034 0
      vertex 12.79184384250279 -7.8 4
      vertex 12.472044184538179 -8.333553495294034 4
    endloop
  endfacet
  facet normal 0 0 1
    outer loop
      vertex 12.472044184538179 -8.333553495294034 4
      vertex 12.79184384250279 -7.8 4
      vertex 12.470765814495914 -7.8 4
    endloop
  endfacet
  facet normal 0 0 -1
    outer loop
      vertex 6.8999999999999995 -12.990381056766578 0
      vertex 8.333553495294034 12.472044184538179 0
      vertex 7.8 -12.470765814495914 0
    endloop
  endfacet
  facet normal 0 0 -1
    outer loop
      vertex 7.8 -12.470765814495914 0
      vertex 8.333553495294034 12.472044184538179 0
      vertex 8.333553495294034 -12.472044184538179 0
    endloop
  endfacet
  facet normal 0 0 -1
    outer loop
      vertex 8.333553495294034 -12.472044184538179 0
      vertex 9.515899262454683 11.595156800441055 0
      vertex 9.515899262454683 -11.595156800441055 0
    endloop
  endfacet
  facet normal 0 0 -1
    outer loop
      vertex 9.515899262454683 -11.595156800441055 0
      vertex 10.761893144859727 10.027046222024772 0
      vertex 10.027046222024772 -10.761893144859727 0
    endloop
  endfacet
  facet normal 0 0 -1
    outer loop
      vertex 10.027046222024772 -10.761893144859727 0
      vertex 11.595156800441055 9.515899262454683 0
      vertex 10.761893144859727 -10.027046222024772 0
    endloop
  endfacet
  facet normal 0 0 -1
    outer loop
      vertex 12.990381056766578 -6.8999999999999995 0
      vertex 13.228818965225326 -7.070951052389964 0
      vertex 13.157641468548448 -7.18970353130109 0
    endloop
  endfacet
  facet normal 0 0 -1
    outer loop
      vertex 13.858192987669302 -5.740251485476347 0
      vertex 14.064623325624096 -4.30654974524974 0
      vertex 14.387745628535798 -4.219969385128064 0
    endloop
  endfacet
  facet normal 0 0 -1
    outer loop
      vertex 13.858192987669302 -5.740251485476347 0
      vertex 14.387745628535798 -4.219969385128064 0
      vertex 14.354105035983132 -4.354270158816935 0
    endloop
  endfacet
  facet normal 0.8577286100002718 -0.5141027441932223 0
    outer loop
      vertex 13.157641468548448 -7.18970353130109 0
      vertex 13.228818965225326 -7.070951052389964 0
      vertex 13.228818965225326 -7.070951052389964 4
    endloop
  endfacet
  facet normal 0.9039892931234432 -0.42755509343028225 0
    outer loop
      vertex 13.228818965225326 -7.070951052389964 0
      vertex 13.858192987669302 -5.740251485476347 0
      vertex 13.228818965225326 -7.070951052389964 4
    endloop
  endfacet
  facet normal 0.9415440651830211 -0.3368898533922189 0
    outer loop
      vertex 13.858192987669302 -5.740251485476347 0
      vertex 14.354105035983132 -4.354270158816935 0
      vertex 13.858192987669302 -5.740251485476347 4
    endloop
  endfacet
  facet normal 0.9700312531945424 -0.24298017990326995 0
    outer loop
      vertex 14.354105035983132 -4.354270158816935 0
      vertex 14.387745628535798 -4.219969385128064 0
      vertex 14.387745628535798 -4.219969385128064 4
    endloop
  endfacet
  facet normal 0 0 -1
    outer loop
      vertex 10.761893144859727 -10.027046222024772 0
      vertex 11.595156800441055 9.515899262454683 0
      vertex 11.595156800441055 -9.515899262454683 0
    endloop
  endfacet
  facet normal 0 0 -1
    outer loop
      vertex 11.595156800441055 -9.515899262454683 0
      vertex 12.990381056766578 6.8999999999999995 0
      vertex 12.470765814495914 -7.8 0
    endloop
  endfacet
  facet normal 0 0 -1
    outer loop
      vertex 12.470765814495914 -7.8 0
      vertex 13.228818965225326 7.070951052389964 0
      vertex 12.990381056766578 -6.8999999999999995 0
    endloop
  endfacet
  facet normal 0 0 -1
    outer loop
      vertex 12.990381056766578 -6.8999999999999995 0
      vertex 13.228818965225326 7.070951052389964 0
      vertex 13.228818965225326 -7.070951052389964 0
    endloop
  endfacet
  facet normal 0 0 -1
    outer loop
      vertex 13.228818965225326 -7.070951052389964 0
      vertex 13.858192987669302 5.740251485476347 0
      vertex 13.858192987669302 -5.740251485476347 0
    endloop
  endfacet
  facet normal 0 0 -1
    outer loop
      vertex 14.33359596727451 -3.30273018076437 0
      vertex 14.711779206048456 -2.9263548302419236 0
      vertex 14.560632418168176 -3.5297666316580343 0
    endloop
  endfacet
  facet normal 0 0 -1
    outer loop
      vertex 13.858192987669302 -5.740251485476347 0
      vertex 14.33359596727451 3.30273018076437 0
      vertex 14.064623325624096 -4.30654974524974 0
    endloop
  endfacet
  facet normal 0 0 -1
    outer loop
      vertex 14.33359596727451 -3.30273018076437 0
      vertex 14.7 -0.5196152422706631 0
      vertex 14.711779206048456 -2.9263548302419236 0
    endloop
  endfacet
  facet normal 0 0 -1
    outer loop
      vertex 14.064623325624096 -4.30654974524974 0
      vertex 14.33359596727451 3.30273018076437 0
      vertex 14.33359596727451 -3.30273018076437 0
    endloop
  endfacet
  facet normal 0 0 -1
    outer loop
      vertex 14.711779206048456 -2.9263548302419236 0
      vertex 14.98248518019779 -0.3565223474413892 0
      vertex 14.927770900082955 -1.470257104943409 0
    endloop
  endfacet
  facet normal 0 0 -1
    outer loop
      vertex 14.33359596727451 -3.30273018076437 0
      vertex 14.7 0.5196152422706631 0
      vertex 14.7 -0.5196152422706631 0
    endloop
  endfacet
  facet normal 0 0 -1
    outer loop
      vertex 14.711779206048456 -2.9263548302419236 0
      vertex 14.7 -0.5196152422706631 0
      vertex 14.98248518019779 -0.3565223474413892 0
    endloop
  endfacet
  facet normal 0.9700312531945442 -0.2429801799032632 0
    outer loop
      vertex 14.560632418168176 -3.5297666316580343 0
      vertex 14.711779206048456 -2.9263548302419236 0
      vertex 14.711779206048456 -2.9263548302419236 4
    endloop
  endfacet
  facet normal 0.9891765099647809 -0.14673047445536286 0
    outer loop
      vertex 14.711779206048456 -2.9263548302419236 0
      vertex 14.927770900082955 -1.470257104943409 0
      vertex 14.711779206048456 -2.9263548302419236 4
    endloop
  endfacet
  facet normal 0.9987954562051723 -0.049067674327417356 0
    outer loop
      vertex 14.927770900082955 -1.470257104943409 0
      vertex 14.98248518019779 -0.3565223474413892 0
      vertex 14.98248518019779 -0.3565223474413892 4
    endloop
  endfacet
  facet normal 0 0 1
    outer loop
      vertex 10.027046222024772 -10.761893144859727 4
      vertex 9.867024341808355 -5.274034389394095 4
      vertex 9.30256615382229 -6.215775981815149 4
    endloop
  endfacet
  facet normal 0 0 1
    outer loop
      vertex 10.761893144859727 -10.027046222024772 4
      vertex 10.336457691518628 -4.28150096272271 4
      vertex 9.867024341808355 -5.274034389394095 4
    endloop
  endfacet
  facet normal 0 0 1
    outer loop
      vertex 11.595156800441055 -9.515899262454683 4
      vertex 10.706345303177036 -3.2477343412738002 4
      vertex 10.336457691518628 -4.28150096272271 4
    endloop
  endfacet
  facet normal 0 0 1
    outer loop
      vertex 11.595156800441055 -9.515899262454683 4
      vertex 10.973124956882163 -2.182690262726239 4
      vertex 10.706345303177036 -3.2477343412738002 4
    endloop
  endfacet
  facet normal 0 0 1
    outer loop
      vertex 11.595156800441055 -9.515899262454683 4
      vertex 11.134227418732241 -1.096625683768755 4
      vertex 10.973124956882163 -2.182690262726239 4
    endloop
  endfacet
  facet normal 0.8577286100002718 -0.5141027441932223 0
    outer loop
      vertex 13.157641468548448 -7.18970353130109 0
      vertex 13.228818965225326 -7.070951052389964 4
      vertex 13.157641468548448 -7.18970353130109 4
    endloop
  endfacet
  facet normal 0.9039892931234432 -0.42755509343028225 0
    outer loop
      vertex 13.858192987669302 -5.740251485476347 0
      vertex 13.858192987669302 -5.740251485476347 4
      vertex 13.228818965225326 -7.070951052389964 4
    endloop
  endfacet
  facet normal 0.9415440651830211 -0.3368898533922189 0
    outer loop
      vertex 14.354105035983132 -4.354270158816935 0
      vertex 14.354105035983132 -4.354270158816935 4
      vertex 13.858192987669302 -5.740251485476347 4
    endloop
  endfacet
  facet normal 0.9700312531945424 -0.24298017990326995 0
    outer loop
      vertex 14.354105035983132 -4.354270158816935 0
      vertex 14.387745628535798 -4.219969385128064 4
      vertex 14.354105035983132 -4.354270158816935 4
    endloop
  endfacet
  facet normal 0 0 1
    outer loop
      vertex 12.990381056766578 -6.8999999999999995 4
      vertex 13.157641468548448 -7.18970353130109 4
      vertex 13.228818965225326 -7.070951052389964 4
    endloop
  endfacet
  facet normal 0 0 1
    outer loop
      vertex 13.858192987669302 -5.740251485476347 4
      vertex 14.354105035983132 -4.354270158816935 4
      vertex 14.064623325624096 -4.30654974524974 4
    endloop
  endfacet
  facet normal 0 0 1
    outer loop
      vertex 14.064623325624096 -4.30654974524974 4
      vertex 14.354105035983132 -4.354270158816935 4
      vertex 14.387745628535798 -4.219969385128064 4
    endloop
  endfacet
  facet normal 0.9700312531945442 -0.2429801799032632 0
    outer loop
      vertex 14.560632418168176 -3.5297666316580343 0
      vertex 14.711779206048456 -2.9263548302419236 4
      vertex 14.560632418168176 -3.5297666316580343 4
    endloop
  endfacet
  facet normal 0.9891765099647809 -0.14673047445536286 0
    outer loop
      vertex 14.927770900082955 -1.470257104943409 0
      vertex 14.927770900082955 -1.470257104943409 4
      vertex 14.711779206048456 -2.9263548302419236 4
    endloop
  endfacet
  facet normal 0.9987954562051723 -0.049067674327417356 0
    outer loop
      vertex 14.927770900082955 -1.470257104943409 0
      vertex 14.98248518019779 -0.3565223474413892 4
      vertex 14.927770900082955 -1.470257104943409 4
    endloop
  endfacet
  facet normal 0 0 1
    outer loop
      vertex 11.595156800441055 -9.515899262454683 4
      vertex 11.188101183952089 0 4
      vertex 11.134227418732241 -1.096625683768755 4
    endloop
  endfacet
  facet normal 0 0 1
    outer loop
      vertex 11.595156800441055 -9.515899262454683 4
      vertex 12.472044184538179 -8.333553495294034 4
      vertex 11.595156800441055 9.515899262454683 4
    endloop
  endfacet
  facet normal 0 0 1
    outer loop
      vertex 12.472044184538179 -8.333553495294034 4
      vertex 12.470765814495914 -7.8 4
      vertex 11.595156800441055 9.515899262454683 4
    endloop
  endfacet
  facet normal 0 0 1
    outer loop
      vertex 12.990381056766578 -6.8999999999999995 4
      vertex 13.228818965225326 -7.070951052389964 4
      vertex 12.470765814495914 7.8 4
    endloop
  endfacet
  facet normal 0 0 1
    outer loop
      vertex 12.470765814495914 -7.8 4
      vertex 12.990381056766578 -6.8999999999999995 4
      vertex 11.595156800441055 9.515899262454683 4
    endloop
  endfacet
  facet normal 0 0 1
    outer loop
      vertex 13.228818965225326 -7.070951052389964 4
      vertex 13.858192987669302 -5.740251485476347 4
      vertex 13.228818965225326 7.070951052389964 4
    endloop
  endfacet
  facet normal 0 0 1
    outer loop
      vertex 13.858192987669302 -5.740251485476347 4
      vertex 14.064623325624096 -4.30654974524974 4
      vertex 13.858192987669302 5.740251485476347 4
    endloop
  endfacet
  facet normal 0 0 1
    outer loop
      vertex 14.33359596727451 -3.30273018076437 4
      vertex 14.560632418168176 -3.5297666316580343 4
      vertex 14.33359596727451 3.30273018076437 4
    endloop
  endfacet
  facet normal 0 0 1
    outer loop
      vertex 14.711779206048456 -2.9263548302419236 4
      vertex 14.927770900082955 -1.470257104943409 4
      vertex 14.7 -0.5196152422706631 4
    endloop
  endfacet
  facet normal 0 0 1
    outer loop
      vertex 14.560632418168176 -3.5297666316580343 4
      vertex 14.711779206048456 -2.9263548302419236 4
      vertex 14.33359596727451 3.30273018076437 4
    endloop
  endfacet
  facet normal 0 0 1
    outer loop
      vertex 14.064623325624096 -4.30654974524974 4
      vertex 14.33359596727451 -3.30273018076437 4
      vertex 13.858192987669302 5.740251485476347 4
    endloop
  endfacet
  facet normal 0 0 1
    outer loop
      vertex 14.927770900082955 -1.470257104943409 4
      vertex 14.98248518019779 -0.3565223474413892 4
      vertex 14.7 -0.5196152422706631 4
    endloop
  endfacet
  facet normal 0 0 1
    outer loop
      vertex 14.711779206048456 -2.9263548302419236 4
      vertex 14.7 -0.5196152422706631 4
      vertex 14.33359596727451 3.30273018076437 4
    endloop
  endfacet
  facet normal 0 0 -1
    outer loop
      vertex -0.5196152422706631 -14.7 0
      vertex 0.5196152422706631 14.7 0
      vertex 1.470257104943409 14.927770900082955 0
    endloop
  endfacet
  facet normal 0 0 -1
    outer loop
      vertex 1.470257104943409 -14.927770900082955 0
      vertex 1.470257104943409 14.927770900082955 0
      vertex 2.9263548302419236 14.711779206048456 0
    endloop
  endfacet
  facet normal 0 0 -1
    outer loop
      vertex 2.9263548302419236 -14.711779206048456 0
      vertex 3.30273018076437 14.33359596727451 0
      vertex 4.30654974524974 14.064623325624096 0
    endloop
  endfacet
  facet normal 0 0 -1
    outer loop
      vertex 2.9263548302419236 -14.711779206048456 0
      vertex 2.9263548302419236 14.711779206048456 0
      vertex 3.30273018076437 14.33359596727451 0
    endloop
  endfacet
  facet normal 0 0 -1
    outer loop
      vertex 2.9263548302419236 -14.711779206048456 0
      vertex 4.30654974524974 14.064623325624096 0
      vertex 4.354270158816935 14.354105035983132 0
    endloop
  endfacet
  facet normal 0 0 -1
    outer loop
      vertex 4.354270158816935 -14.354105035983132 0
      vertex 4.354270158816935 14.354105035983132 0
      vertex 5.740251485476347 13.858192987669302 0
    endloop
  endfacet
  facet normal 0 0 -1
    outer loop
      vertex 5.740251485476347 -13.858192987669302 0
      vertex 5.740251485476347 13.858192987669302 0
      vertex 6.8999999999999995 12.990381056766578 0
    endloop
  endfacet
  facet normal 0 0 -1
    outer loop
      vertex 5.740251485476347 -13.858192987669302 0
      vertex 6.8999999999999995 12.990381056766578 0
      vertex 7.8 12.470765814495914 0
    endloop
  endfacet
  facet normal 0 0 -1
    outer loop
      vertex 0.3565223474413892 14.98248518019779 0
      vertex 1.470257104943409 14.927770900082955 0
      vertex 0.5196152422706631 14.7 0
    endloop
  endfacet
  facet normal 0 0 -1
    outer loop
      vertex 2.9263548302419236 14.711779206048456 0
      vertex 3.5297666316580347 14.560632418168176 0
      vertex 3.30273018076437 14.33359596727451 0
    endloop
  endfacet
  facet normal 0.049067674327417356 0.9987954562051723 0
    outer loop
      vertex 0.3565223474413892 14.98248518019779 0
      vertex 0.3565223474413892 14.98248518019779 4
      vertex 1.470257104943409 14.927770900082955 0
    endloop
  endfacet
  facet normal 0.14673047445536286 0.9891765099647809 0
    outer loop
      vertex 1.470257104943409 14.927770900082955 0
      vertex 1.470257104943409 14.927770900082955 4
      vertex 2.9263548302419236 14.711779206048456 0
    endloop
  endfacet
  facet normal 0.24298017990326304 0.9700312531945442 0
    outer loop
      vertex 2.9263548302419236 14.711779206048456 0
      vertex 2.9263548302419236 14.711779206048456 4
      vertex 3.5297666316580347 14.560632418168176 0
    endloop
  endfacet
  facet normal 0 0 -1
    outer loop
      vertex 4.30654974524974 14.064623325624096 0
      vertex 4.219969385128064 14.387745628535797 0
      vertex 4.354270158816935 14.354105035983132 0
    endloop
  endfacet
  facet normal 0 0 -1
    outer loop
      vertex 6.8999999999999995 12.990381056766578 0
      vertex 5.740251485476347 13.858192987669302 0
      vertex 7.070951052389964 13.228818965225326 0
    endloop
  endfacet
  facet normal 0 0 -1
    outer loop
      vertex 6.8999999999999995 12.990381056766578 0
      vertex 7.070951052389964 13.228818965225326 0
      vertex 7.18970353130109 13.157641468548448 0
    endloop
  endfacet
  facet normal 0.24298017990325785 0.9700312531945454 0
    outer loop
      vertex 4.219969385128064 14.387745628535797 0
      vertex 4.219969385128064 14.387745628535797 4
      vertex 4.354270158816935 14.354105035983132 0
    endloop
  endfacet
  facet normal 0.3368898533922189 0.9415440651830211 0
    outer loop
      vertex 4.354270158816935 14.354105035983132 0
      vertex 4.354270158816935 14.354105035983132 4
      vertex 5.740251485476347 13.858192987669302 0
    endloop
  endfacet
  facet normal 0.42755509343028225 0.9039892931234432 0
    outer loop
      vertex 5.740251485476347 13.858192987669302 0
      vertex 5.740251485476347 13.858192987669302 4
      vertex 7.070951052389964 13.228818965225326 0
    endloop
  endfacet
  facet normal 0.5141027441932223 0.8577286100002718 0
    outer loop
      vertex 7.070951052389964 13.228818965225326 0
      vertex 7.070951052389964 13.228818965225326 4
      vertex 7.18970353130109 13.157641468548448 0
    endloop
  endfacet
  facet normal 0.049067674327417356 0.9987954562051723 0
    outer loop
      vertex 1.470257104943409 14.927770900082955 0
      vertex 0.3565223474413892 14.98248518019779 4
      vertex 1.470257104943409 14.927770900082955 4
    endloop
  endfacet
  facet normal 0.14673047445536286 0.9891765099647809 0
    outer loop
      vertex 2.9263548302419236 14.711779206048456 0
      vertex 1.470257104943409 14.927770900082955 4
      vertex 2.9263548302419236 14.711779206048456 4
    endloop
  endfacet
  facet normal 0.24298017990326304 0.9700312531945442 0
    outer loop
      vertex 3.5297666316580347 14.560632418168176 0
      vertex 2.9263548302419236 14.711779206048456 4
      vertex 3.5297666316580347 14.560632418168176 4
    endloop
  endfacet
  facet normal 0 0 1
    outer loop
      vertex 0.5196152422706631 14.7 4
      vertex 0 11.188101183952089 4
      vertex 1.096625683768755 11.134227418732241 4
    endloop
  endfacet
  facet normal 0 0 1
    outer loop
      vertex 1.470257104943409 14.927770900082955 4
      vertex 1.096625683768755 11.134227418732241 4
      vertex 2.182690262726239 10.973124956882163 4
    endloop
  endfacet
  facet normal 0 0 1
    outer loop
      vertex -0.5196152422706631 14.7 4
      vertex 0 11.188101183952089 4
      vertex 0.5196152422706631 14.7 4
    endloop
  endfacet
  facet normal 0 0 1
    outer loop
      vertex 0.3565223474413892 14.98248518019779 4
      vertex 0.5196152422706631 14.7 4
      vertex 1.470257104943409 14.927770900082955 4
    endloop
  endfacet
  facet normal 0 0 1
    outer loop
      vertex 0.5196152422706631 14.7 4
      vertex 1.096625683768755 11.134227418732241 4
      vertex 1.470257104943409 14.927770900082955 4
    endloop
  endfacet
  facet normal 0 0 1
    outer loop
      vertex 2.9263548302419236 14.711779206048456 4
      vertex 2.182690262726239 10.973124956882163 4
      vertex 3.2477343412738002 10.706345303177036 4
    endloop
  endfacet
  facet normal 0 0 1
    outer loop
      vertex 3.30273018076437 14.33359596727451 4
      vertex 3.2477343412738002 10.706345303177036 4
      vertex 4.28150096272271 10.336457691518628 4
    endloop
  endfacet
  facet normal 0 0 1
    outer loop
      vertex 1.470257104943409 14.927770900082955 4
      vertex 2.182690262726239 10.973124956882163 4
      vertex 2.9263548302419236 14.711779206048456 4
    endloop
  endfacet
  facet normal 0 0 1
    outer loop
      vertex 2.9263548302419236 14.711779206048456 4
      vertex 3.2477343412738002 10.706345303177036 4
      vertex 3.30273018076437 14.33359596727451 4
    endloop
  endfacet
  facet normal 0 0 1
    outer loop
      vertex 2.9263548302419236 14.711779206048456 4
      vertex 3.30273018076437 14.33359596727451 4
      vertex 3.5297666316580347 14.560632418168176 4
    endloop
  endfacet
  facet normal 0 0 1
    outer loop
      vertex 5.740251485476347 13.858192987669302 4
      vertex 5.274034389394095 9.867024341808355 4
      vertex 6.215775981815149 9.30256615382229 4
    endloop
  endfacet
  facet normal 0 0 1
    outer loop
      vertex 6.8999999999999995 12.990381056766578 4
      vertex 7.097656253642536 8.64851916847498 4
      vertex 7.9111822157737635 7.9111822157737635 4
    endloop
  endfacet
  facet normal 0 0 1
    outer loop
      vertex 6.8999999999999995 12.990381056766578 4
      vertex 6.215775981815149 9.30256615382229 4
      vertex 7.097656253642536 8.64851916847498 4
    endloop
  endfacet
  facet normal 0.24298017990325785 0.9700312531945454 0
    outer loop
      vertex 4.354270158816935 14.354105035983132 0
      vertex 4.219969385128064 14.387745628535797 4
      vertex 4.354270158816935 14.354105035983132 4
    endloop
  endfacet
  facet normal 0.3368898533922189 0.9415440651830211 0
    outer loop
      vertex 5.740251485476347 13.858192987669302 0
      vertex 4.354270158816935 14.354105035983132 4
      vertex 5.740251485476347 13.858192987669302 4
    endloop
  endfacet
  facet normal 0.42755509343028225 0.9039892931234432 0
    outer loop
      vertex 7.070951052389964 13.228818965225326 0
      vertex 5.740251485476347 13.858192987669302 4
      vertex 7.070951052389964 13.228818965225326 4
    endloop
  endfacet
  facet normal 0.5141027441932223 0.8577286100002718 0
    outer loop
      vertex 7.18970353130109 13.157641468548448 0
      vertex 7.070951052389964 13.228818965225326 4
      vertex 7.18970353130109 13.157641468548448 4
    endloop
  endfacet
  facet normal 0 0 1
    outer loop
      vertex 4.30654974524974 14.064623325624096 4
      vertex 4.28150096272271 10.336457691518628 4
      vertex 5.274034389394095 9.867024341808355 4
    endloop
  endfacet
  facet normal 0 0 1
    outer loop
      vertex 3.30273018076437 14.33359596727451 4
      vertex 4.28150096272271 10.336457691518628 4
      vertex 4.30654974524974 14.064623325624096 4
    endloop
  endfacet
  facet normal 0 0 1
    outer loop
      vertex 4.30654974524974 14.064623325624096 4
      vertex 5.274034389394095 9.867024341808355 4
      vertex 4.354270158816935 14.354105035983132 4
    endloop
  endfacet
  facet normal 0 0 1
    outer loop
      vertex 4.354270158816935 14.354105035983132 4
      vertex 5.274034389394095 9.867024341808355 4
      vertex 5.740251485476347 13.858192987669302 4
    endloop
  endfacet
  facet normal 0 0 1
    outer loop
      vertex 4.30654974524974 14.064623325624096 4
      vertex 4.354270158816935 14.354105035983132 4
      vertex 4.219969385128064 14.387745628535797 4
    endloop
  endfacet
  facet normal 0 0 1
    outer loop
      vertex 6.8999999999999995 12.990381056766578 4
      vertex 5.740251485476347 13.858192987669302 4
      vertex 6.215775981815149 9.30256615382229 4
    endloop
  endfacet
  facet normal 0 0 1
    outer loop
      vertex 6.8999999999999995 12.990381056766578 4
      vertex 7.18970353130109 13.157641468548448 4
      vertex 5.740251485476347 13.858192987669302 4
    endloop
  endfacet
  facet normal 0 0 1
    outer loop
      vertex 5.740251485476347 13.858192987669302 4
      vertex 7.18970353130109 13.157641468548448 4
      vertex 7.070951052389964 13.228818965225326 4
    endloop
  endfacet
  facet normal 0 0 -1
    outer loop
      vertex 9.515899262454683 -11.595156800441055 0
      vertex 9.515899262454683 11.595156800441055 0
      vertex 10.027046222024772 10.761893144859727 0
    endloop
  endfacet
  facet normal 0 0 -1
    outer loop
      vertex 9.515899262454683 -11.595156800441055 0
      vertex 10.027046222024772 10.761893144859727 0
      vertex 10.761893144859727 10.027046222024772 0
    endloop
  endfacet
  facet normal 0 0 -1
    outer loop
      vertex 10.027046222024772 -10.761893144859727 0
      vertex 10.761893144859727 10.027046222024772 0
      vertex 11.595156800441055 9.515899262454683 0
    endloop
  endfacet
  facet normal 0 0 -1
    outer loop
      vertex 6.8999999999999995 -12.990381056766578 0
      vertex 7.8 12.470765814495914 0
      vertex 8.333553495294034 12.472044184538179 0
    endloop
  endfacet
  facet normal 0 0 -1
    outer loop
      vertex 8.333553495294034 -12.472044184538179 0
      vertex 8.333553495294034 12.472044184538179 0
      vertex 9.515899262454683 11.595156800441055 0
    endloop
  endfacet
  facet normal 0 0 -1
    outer loop
      vertex 11.595156800441055 -9.515899262454683 0
      vertex 12.470765814495914 7.8 0
      vertex 12.990381056766578 6.8999999999999995 0
    endloop
  endfacet
  facet normal 0 0 -1
    outer loop
      vertex 11.595156800441055 -9.515899262454683 0
      vertex 11.595156800441055 9.515899262454683 0
      vertex 12.472044184538179 8.333553495294034 0
    endloop
  endfacet
  facet normal 0 0 -1
    outer loop
      vertex 11.595156800441055 -9.515899262454683 0
      vertex 12.472044184538179 8.333553495294034 0
      vertex 12.470765814495914 7.8 0
    endloop
  endfacet
  facet normal 0 0 -1
    outer loop
      vertex 12.470765814495914 -7.8 0
      vertex 12.990381056766578 6.8999999999999995 0
      vertex 13.228818965225326 7.070951052389964 0
    endloop
  endfacet
  facet normal 0 0 -1
    outer loop
      vertex 13.858192987669302 -5.740251485476347 0
      vertex 13.858192987669302 5.740251485476347 0
      vertex 14.064623325624096 4.30654974524974 0
    endloop
  endfacet
  facet normal 0 0 -1
    outer loop
      vertex 13.858192987669302 -5.740251485476347 0
      vertex 14.064623325624096 4.30654974524974 0
      vertex 14.33359596727451 3.30273018076437 0
    endloop
  endfacet
  facet normal 0 0 -1
    outer loop
      vertex 14.33359596727451 -3.30273018076437 0
      vertex 14.711779206048456 2.9263548302419236 0
      vertex 14.7 0.5196152422706631 0
    endloop
  endfacet
  facet normal 0 0 -1
    outer loop
      vertex 14.98248518019779 0.3565223474413892 0
      vertex 14.7 0.5196152422706631 0
      vertex 14.927770900082955 1.470257104943409 0
    endloop
  endfacet
  facet normal 0 0 -1
    outer loop
      vertex 14.33359596727451 -3.30273018076437 0
      vertex 14.33359596727451 3.30273018076437 0
      vertex 14.560632418168176 3.5297666316580343 0
    endloop
  endfacet
  facet normal 0 0 -1
    outer loop
      vertex 14.33359596727451 -3.30273018076437 0
      vertex 14.560632418168176 3.5297666316580343 0
      vertex 14.711779206048456 2.9263548302419236 0
    endloop
  endfacet
  facet normal 0 0 -1
    outer loop
      vertex 14.7 0.5196152422706631 0
      vertex 14.711779206048456 2.9263548302419236 0
      vertex 14.927770900082955 1.470257104943409 0
    endloop
  endfacet
  facet normal 0 0 -1
    outer loop
      vertex 13.228818965225326 -7.070951052389964 0
      vertex 13.228818965225326 7.070951052389964 0
      vertex 13.858192987669302 5.740251485476347 0
    endloop
  endfacet
  facet normal 0.9987954562051723 0.049067674327417356 0
    outer loop
      vertex 14.98248518019779 0.3565223474413892 0
      vertex 14.927770900082955 1.470257104943409 0
      vertex 14.927770900082955 1.470257104943409 4
    endloop
  endfacet
  facet normal 0.9891765099647809 0.14673047445536286 0
    outer loop
      vertex 14.927770900082955 1.470257104943409 0
      vertex 14.711779206048456 2.9263548302419236 0
      vertex 14.927770900082955 1.470257104943409 4
    endloop
  endfacet
  facet normal 0.9700312531945442 0.2429801799032632 0
    outer loop
      vertex 14.711779206048456 2.9263548302419236 0
      vertex 14.560632418168176 3.5297666316580343 0
      vertex 14.560632418168176 3.5297666316580343 4
    endloop
  endfacet
  facet normal 0 0 -1
    outer loop
      vertex 14.064623325624096 4.30654974524974 0
      vertex 14.354105035983132 4.354270158816935 0
      vertex 14.387745628535798 4.219969385128064 0
    endloop
  endfacet
  facet normal 0 0 -1
    outer loop
      vertex 14.064623325624096 4.30654974524974 0
      vertex 13.858192987669302 5.740251485476347 0
      vertex 14.354105035983132 4.354270158816935 0
    endloop
  endfacet
  facet normal 0 0 -1
    outer loop
      vertex 12.990381056766578 6.8999999999999995 0
      vertex 13.157641468548448 7.18970353130109 0
      vertex 13.228818965225326 7.070951052389964 0
    endloop
  endfacet
  facet normal 0.9700312531945424 0.24298017990326995 0
    outer loop
      vertex 14.387745628535798 4.219969385128064 0
      vertex 14.354105035983132 4.354270158816935 0
      vertex 14.354105035983132 4.354270158816935 4
    endloop
  endfacet
  facet normal 0.9415440651830211 0.3368898533922189 0
    outer loop
      vertex 14.354105035983132 4.354270158816935 0
      vertex 13.858192987669302 5.740251485476347 0
      vertex 14.354105035983132 4.354270158816935 4
    endloop
  endfacet
  facet normal 0.9039892931234432 0.42755509343028225 0
    outer loop
      vertex 13.858192987669302 5.740251485476347 0
      vertex 13.228818965225326 7.070951052389964 0
      vertex 13.858192987669302 5.740251485476347 4
    endloop
  endfacet
  facet normal 0.8577286100002718 0.5141027441932223 0
    outer loop
      vertex 13.157641468548448 7.18970353130109 0
      vertex 13.157641468548448 7.18970353130109 4
      vertex 13.228818965225326 7.070951052389964 0
    endloop
  endfacet
  facet normal 0 0 1
    outer loop
      vertex 11.595156800441055 -9.515899262454683 4
      vertex 10.761893144859727 10.027046222024772 4
      vertex 11.188101183952089 0 4
    endloop
  endfacet
  facet normal 0 0 1
    outer loop
      vertex 10.761893144859727 10.027046222024772 4
      vertex 11.134227418732241 1.096625683768755 4
      vertex 11.188101183952089 0 4
    endloop
  endfacet
  facet normal 0 0 1
    outer loop
      vertex 10.761893144859727 10.027046222024772 4
      vertex 10.973124956882163 2.182690262726239 4
      vertex 11.134227418732241 1.096625683768755 4
    endloop
  endfacet
  facet normal 0 0 1
    outer loop
      vertex 10.761893144859727 10.027046222024772 4
      vertex 10.706345303177036 3.2477343412738002 4
      vertex 10.973124956882163 2.182690262726239 4
    endloop
  endfacet
  facet normal 0 0 1
    outer loop
      vertex 9.515899262454683 11.595156800441055 4
      vertex 9.867024341808355 5.274034389394095 4
      vertex 10.336457691518628 4.28150096272271 4
    endloop
  endfacet
  facet normal 0 0 1
    outer loop
      vertex 10.027046222024772 10.761893144859727 4
      vertex 10.336457691518628 4.28150096272271 4
      vertex 10.706345303177036 3.2477343412738002 4
    endloop
  endfacet
  facet normal 0.9987954562051723 0.049067674327417356 0
    outer loop
      vertex 14.98248518019779 0.3565223474413892 0
      vertex 14.927770900082955 1.470257104943409 4
      vertex 14.98248518019779 0.3565223474413892 4
    endloop
  endfacet
  facet normal 0.9891765099647809 0.14673047445536286 0
    outer loop
      vertex 14.711779206048456 2.9263548302419236 0
      vertex 14.711779206048456 2.9263548302419236 4
      vertex 14.927770900082955 1.470257104943409 4
    endloop
  endfacet
  facet normal 0.9700312531945442 0.2429801799032632 0
    outer loop
      vertex 14.711779206048456 2.9263548302419236 0
      vertex 14.560632418168176 3.5297666316580343 4
      vertex 14.711779206048456 2.9263548302419236 4
    endloop
  endfacet
  facet normal 0 0 1
    outer loop
      vertex 11.595156800441055 -9.515899262454683 4
      vertex 11.595156800441055 9.515899262454683 4
      vertex 10.761893144859727 10.027046222024772 4
    endloop
  endfacet
  facet normal 0 0 1
    outer loop
      vertex 13.228818965225326 -7.070951052389964 4
      vertex 12.990381056766578 6.8999999999999995 4
      vertex 12.470765814495914 7.8 4
    endloop
  endfacet
  facet normal 0 0 1
    outer loop
      vertex 12.990381056766578 -6.8999999999999995 4
      vertex 12.470765814495914 7.8 4
      vertex 11.595156800441055 9.515899262454683 4
    endloop
  endfacet
  facet normal 0 0 1
    outer loop
      vertex 14.33359596727451 -3.30273018076437 4
      vertex 14.33359596727451 3.30273018076437 4
      vertex 14.064623325624096 4.30654974524974 4
    endloop
  endfacet
  facet normal 0 0 1
    outer loop
      vertex 14.7 -0.5196152422706631 4
      vertex 14.7 0.5196152422706631 4
      vertex 14.33359596727451 3.30273018076437 4
    endloop
  endfacet
  facet normal 0 0 1
    outer loop
      vertex 14.98248518019779 0.3565223474413892 4
      vertex 14.711779206048456 2.9263548302419236 4
      vertex 14.7 0.5196152422706631 4
    endloop
  endfacet
  facet normal 0 0 1
    outer loop
      vertex 14.98248518019779 0.3565223474413892 4
      vertex 14.927770900082955 1.470257104943409 4
      vertex 14.711779206048456 2.9263548302419236 4
    endloop
  endfacet
  facet normal 0 0 1
    outer loop
      vertex 13.228818965225326 -7.070951052389964 4
      vertex 13.228818965225326 7.070951052389964 4
      vertex 12.990381056766578 6.8999999999999995 4
    endloop
  endfacet
  facet normal 0 0 1
    outer loop
      vertex 13.858192987669302 -5.740251485476347 4
      vertex 13.858192987669302 5.740251485476347 4
      vertex 13.228818965225326 7.070951052389964 4
    endloop
  endfacet
  facet normal 0 0 1
    outer loop
      vertex 14.33359596727451 -3.30273018076437 4
      vertex 14.064623325624096 4.30654974524974 4
      vertex 13.858192987669302 5.740251485476347 4
    endloop
  endfacet
  facet normal 0 0 1
    outer loop
      vertex 14.7 0.5196152422706631 4
      vertex 14.711779206048456 2.9263548302419236 4
      vertex 14.33359596727451 3.30273018076437 4
    endloop
  endfacet
  facet normal 0 0 1
    outer loop
      vertex 14.33359596727451 3.30273018076437 4
      vertex 14.711779206048456 2.9263548302419236 4
      vertex 14.560632418168176 3.5297666316580343 4
    endloop
  endfacet
  facet normal 0.9415440651830211 0.3368898533922189 0
    outer loop
      vertex 13.858192987669302 5.740251485476347 0
      vertex 13.858192987669302 5.740251485476347 4
      vertex 14.354105035983132 4.354270158816935 4
    endloop
  endfacet
  facet normal 0.9700312531945424 0.24298017990326995 0
    outer loop
      vertex 14.387745628535798 4.219969385128064 0
      vertex 14.354105035983132 4.354270158816935 4
      vertex 14.387745628535798 4.219969385128064 4
    endloop
  endfacet
  facet normal 0.9039892931234432 0.42755509343028225 0
    outer loop
      vertex 13.228818965225326 7.070951052389964 0
      vertex 13.228818965225326 7.070951052389964 4
      vertex 13.858192987669302 5.740251485476347 4
    endloop
  endfacet
  facet normal 0.8577286100002718 0.5141027441932223 0
    outer loop
      vertex 13.228818965225326 7.070951052389964 0
      vertex 13.157641468548448 7.18970353130109 4
      vertex 13.228818965225326 7.070951052389964 4
    endloop
  endfacet
  facet normal 0 0 1
    outer loop
      vertex 14.064623325624096 4.30654974524974 4
      vertex 14.387745628535798 4.219969385128064 4
      vertex 13.858192987669302 5.740251485476347 4
    endloop
  endfacet
  facet normal 0 0 1
    outer loop
      vertex 14.387745628535798 4.219969385128064 4
      vertex 14.354105035983132 4.354270158816935 4
      vertex 13.858192987669302 5.740251485476347 4
    endloop
  endfacet
  facet normal 0 0 1
    outer loop
      vertex 12.990381056766578 6.8999999999999995 4
      vertex 13.228818965225326 7.070951052389964 4
      vertex 13.157641468548448 7.18970353130109 4
    endloop
  endfacet
  facet normal 0 0 -1
    outer loop
      vertex 10.027046222024772 10.761893144859727 0
      vertex 9.515899262454683 11.595156800441055 0
      vertex 10.342117500424456 10.846316239465162 0
    endloop
  endfacet
  facet normal 0 0 -1
    outer loop
      vertex 10.761893144859727 10.027046222024772 0
      vertex 10.846316239465164 10.342117500424456 0
      vertex 11.595156800441055 9.515899262454683 0
    endloop
  endfacet
  facet normal 0.7409511253549593 0.6715589548470181 0
    outer loop
      vertex 10.846316239465164 10.342117500424456 0
      vertex 10.846316239465164 10.342117500424456 4
      vertex 11.595156800441055 9.515899262454683 0
    endloop
  endfacet
  facet normal 0 0 -1
    outer loop
      vertex 7.8 12.470765814495914 0
      vertex 7.8 12.79184384250279 0
      vertex 8.333553495294034 12.472044184538179 0
    endloop
  endfacet
  facet normal 0.5141027441932216 0.8577286100002722 0
    outer loop
      vertex 7.8 12.79184384250279 0
      vertex 7.8 12.79184384250279 4
      vertex 8.333553495294034 12.472044184538179 0
    endloop
  endfacet
  facet normal 0.5956993044924331 0.803207531480645 0
    outer loop
      vertex 8.333553495294034 12.472044184538179 0
      vertex 8.333553495294034 12.472044184538179 4
      vertex 9.515899262454683 11.595156800441055 0
    endloop
  endfacet
  facet normal 0.6715589548470191 0.7409511253549586 0
    outer loop
      vertex 10.342117500424456 10.846316239465162 0
      vertex 9.515899262454683 11.595156800441055 0
      vertex 9.515899262454683 11.595156800441055 4
    endloop
  endfacet
  facet normal 0 0 -1
    outer loop
      vertex 12.470765814495914 7.8 0
      vertex 12.472044184538179 8.333553495294034 0
      vertex 12.79184384250279 7.8 0
    endloop
  endfacet
  facet normal 0.8577286100002722 0.5141027441932216 0
    outer loop
      vertex 12.472044184538179 8.333553495294034 0
      vertex 12.472044184538179 8.333553495294034 4
      vertex 12.79184384250279 7.8 0
    endloop
  endfacet
  facet normal 0.803207531480645 0.5956993044924331 0
    outer loop
      vertex 12.472044184538179 8.333553495294034 0
      vertex 11.595156800441055 9.515899262454683 0
      vertex 12.472044184538179 8.333553495294034 4
    endloop
  endfacet
  facet normal 0.6715589548470191 0.7409511253549586 0
    outer loop
      vertex 10.342117500424456 10.846316239465162 0
      vertex 9.515899262454683 11.595156800441055 4
      vertex 10.342117500424456 10.846316239465162 4
    endloop
  endfacet
  facet normal 0 0 1
    outer loop
      vertex 8.333553495294034 12.472044184538179 4
      vertex 7.9111822157737635 7.9111822157737635 4
      vertex 8.64851916847498 7.097656253642536 4
    endloop
  endfacet
  facet normal 0 0 1
    outer loop
      vertex 9.515899262454683 11.595156800441055 4
      vertex 8.64851916847498 7.097656253642536 4
      vertex 9.30256615382229 6.215775981815149 4
    endloop
  endfacet
  facet normal 0 0 1
    outer loop
      vertex 6.8999999999999995 12.990381056766578 4
      vertex 7.9111822157737635 7.9111822157737635 4
      vertex 7.8 12.470765814495914 4
    endloop
  endfacet
  facet normal 0 0 1
    outer loop
      vertex 7.8 12.470765814495914 4
      vertex 7.9111822157737635 7.9111822157737635 4
      vertex 8.333553495294034 12.472044184538179 4
    endloop
  endfacet
  facet normal 0 0 1
    outer loop
      vertex 8.333553495294034 12.472044184538179 4
      vertex 8.64851916847498 7.097656253642536 4
      vertex 9.515899262454683 11.595156800441055 4
    endloop
  endfacet
  facet normal 0 0 1
    outer loop
      vertex 9.515899262454683 11.595156800441055 4
      vertex 9.30256615382229 6.215775981815149 4
      vertex 9.867024341808355 5.274034389394095 4
    endloop
  endfacet
  facet normal 0 0 1
    outer loop
      vertex 10.027046222024772 10.761893144859727 4
      vertex 9.515899262454683 11.595156800441055 4
      vertex 10.336457691518628 4.28150096272271 4
    endloop
  endfacet
  facet normal 0 0 1
    outer loop
      vertex 10.027046222024772 10.761893144859727 4
      vertex 10.706345303177036 3.2477343412738002 4
      vertex 10.761893144859727 10.027046222024772 4
    endloop
  endfacet
  facet normal 0 0 1
    outer loop
      vertex 10.027046222024772 10.761893144859727 4
      vertex 10.342117500424456 10.846316239465162 4
      vertex 9.515899262454683 11.595156800441055 4
    endloop
  endfacet
  facet normal 0 0 1
    outer loop
      vertex 10.761893144859727 10.027046222024772 4
      vertex 11.595156800441055 9.515899262454683 4
      vertex 10.846316239465164 10.342117500424456 4
    endloop
  endfacet
  facet normal 0.5141027441932216 0.8577286100002722 0
    outer loop
      vertex 8.333553495294034 12.472044184538179 0
      vertex 7.8 12.79184384250279 4
      vertex 8.333553495294034 12.472044184538179 4
    endloop
  endfacet
  facet normal 0.5956993044924331 0.803207531480645 0
    outer loop
      vertex 9.515899262454683 11.595156800441055 0
      vertex 8.333553495294034 12.472044184538179 4
      vertex 9.515899262454683 11.595156800441055 4
    endloop
  endfacet
  facet normal 0 0 1
    outer loop
      vertex 7.8 12.470765814495914 4
      vertex 8.333553495294034 12.472044184538179 4
      vertex 7.8 12.79184384250279 4
    endloop
  endfacet
  facet normal 0.803207531480645 0.5956993044924331 0
    outer loop
      vertex 11.595156800441055 9.515899262454683 0
      vertex 11.595156800441055 9.515899262454683 4
      vertex 12.472044184538179 8.333553495294034 4
    endloop
  endfacet
  facet normal 0.8577286100002722 0.5141027441932216 0
    outer loop
      vertex 12.79184384250279 7.8 0
      vertex 12.472044184538179 8.333553495294034 4
      vertex 12.79184384250279 7.8 4
    endloop
  endfacet
  facet normal 0.7409511253549593 0.6715589548470181 0
    outer loop
      vertex 11.595156800441055 9.515899262454683 0
      vertex 10.846316239465164 10.342117500424456 4
      vertex 11.595156800441055 9.515899262454683 4
    endloop
  endfacet
  facet normal 0 0 1
    outer loop
      vertex 12.470765814495914 7.8 4
      vertex 12.79184384250279 7.8 4
      vertex 12.472044184538179 8.333553495294034 4
    endloop
  endfacet
  facet normal 0 0 1
    outer loop
      vertex 12.470765814495914 7.8 4
      vertex 12.472044184538179 8.333553495294034 4
      vertex 11.595156800441055 9.515899262454683 4
    endloop
  endfacet
  facet normal -0.7409511253549588 -0.6715589548470188 0
    outer loop
      vertex -7.9111822157737635 -7.9111822157737635 4.375
      vertex -8.64851916847498 -7.097656253642536 4
      vertex -7.9111822157737635 -7.9111822157737635 4
    endloop
  endfacet
  facet normal -0.6715589548470188 -0.7409511253549588 0
    outer loop
      vertex -7.9111822157737635 -7.9111822157737635 4.375
      vertex -7.9111822157737635 -7.9111822157737635 4
      vertex -7.097656253642536 -8.64851916847498 4.3984375
    endloop
  endfacet
  facet normal -0.3596604254719436 -0.34921881773515073 -0.8652690886013461
    outer loop
      vertex -9.276125440352844 -7.612719409963746 4.8203125
      vertex -8.64851916847498 -7.097656253642536 4.3515625
      vertex -8.485281374238571 -8.485281374238571 4.84375
    endloop
  endfacet
  facet normal -0.7409511253549597 -0.6715589548470179 0
    outer loop
      vertex -9.276125440352844 -7.612719409963746 4.8203125
      vertex -8.485281374238571 -8.485281374238571 5.03125
      vertex -9.276125440352844 -7.612719409963746 5.0078125
    endloop
  endfacet
  facet normal -0.7409511253549597 -0.6715589548470179 0
    outer loop
      vertex -9.276125440352844 -7.612719409963746 4.8203125
      vertex -8.485281374238571 -8.485281374238571 4.84375
      vertex -8.485281374238571 -8.485281374238571 5.03125
    endloop
  endfacet
  facet normal -0.32187085858780473 -0.382657341779291 -0.866009531803407
    outer loop
      vertex -7.612719409963746 -9.276125440352844 4.8671875
      vertex -7.9111822157737635 -7.9111822157737635 4.375
      vertex -7.097656253642536 -8.64851916847498 4.3984375
    endloop
  endfacet
  facet normal -0.3236991323544317 -0.38279012007101676 -0.8652690886013465
    outer loop
      vertex -7.612719409963746 -9.276125440352844 4.8671875
      vertex -8.485281374238571 -8.485281374238571 4.84375
      vertex -7.9111822157737635 -7.9111822157737635 4.375
    endloop
  endfacet
  facet normal -0.6715589548470179 -0.7409511253549597 0
    outer loop
      vertex -7.612719409963746 -9.276125440352844 5.0546875
      vertex -8.485281374238571 -8.485281374238571 5.03125
      vertex -8.485281374238571 -8.485281374238571 4.84375
    endloop
  endfacet
  facet normal -0.6715589548470179 -0.7409511253549597 0
    outer loop
      vertex -7.612719409963746 -9.276125440352844 4.8671875
      vertex -7.612719409963746 -9.276125440352844 5.0546875
      vertex -8.485281374238571 -8.485281374238571 4.84375
    endloop
  endfacet
  facet normal -0.3578279407947663 -0.3492658809735361 -0.8660095318034075
    outer loop
      vertex -7.9111822157737635 -7.9111822157737635 4.375
      vertex -8.485281374238571 -8.485281374238571 4.84375
      vertex -8.64851916847498 -7.097656253642536 4.3515625
    endloop
  endfacet
  facet normal -0.9415440651830204 -0.3368898533922211 0
    outer loop
      vertex -11.483284028786507 -3.483416127053548 4.7265625
      vertex -11.08655439013544 -4.592201188381077 4.9375
      vertex -11.483284028786507 -3.483416127053548 4.9140625
    endloop
  endfacet
  facet normal -0.9700312531945441 -0.24298017990326343 0
    outer loop
      vertex -11.483284028786507 -3.483416127053548 4.7265625
      vertex -11.483284028786507 -3.483416127053548 4.9140625
      vertex -11.769423364838765 -2.341083864193539 4.703125
    endloop
  endfacet
  facet normal -0.481812788286866 -0.13844075033829775 -0.8652690886013464
    outer loop
      vertex -11.483284028786507 -3.483416127053548 4.7265625
      vertex -11.769423364838765 -2.341083864193539 4.703125
      vertex -10.973124956882163 -2.182690262726239 4.234375
    endloop
  endfacet
  facet normal -0.49156478608190673 -0.09160541419529998 -0.8660095318034075
    outer loop
      vertex -10.973124956882163 -2.182690262726239 4.234375
      vertex -11.769423364838765 -2.341083864193539 4.703125
      vertex -11.134227418732241 -1.096625683768755 4.2109375
    endloop
  endfacet
  facet normal -0.989176509964781 -0.14673047445536164 0
    outer loop
      vertex -11.769423364838765 -2.341083864193539 4.703125
      vertex -11.769423364838765 -2.341083864193539 4.890625
      vertex -11.942216720066362 -1.1762056839547272 4.6796875
    endloop
  endfacet
  facet normal -0.9700312531945441 -0.24298017990326343 0
    outer loop
      vertex -11.483284028786507 -3.483416127053548 4.9140625
      vertex -11.769423364838765 -2.341083864193539 4.890625
      vertex -11.769423364838765 -2.341083864193539 4.703125
    endloop
  endfacet
  facet normal -0.4981766680167274 -0.042982534469182716 -0.8660095318034073
    outer loop
      vertex -11.134227418732241 -1.096625683768755 4.2109375
      vertex -11.942216720066362 -1.1762056839547272 4.6796875
      vertex -11.188101183952089 0 4.1875
    endloop
  endfacet
  facet normal -0.4930622944716725 -0.09054820860362227 -0.8652690886013465
    outer loop
      vertex -11.769423364838765 -2.341083864193539 4.703125
      vertex -11.942216720066362 -1.1762056839547272 4.6796875
      vertex -11.134227418732241 -1.096625683768755 4.2109375
    endloop
  endfacet
  facet normal -0.989176509964781 -0.14673047445536164 0
    outer loop
      vertex -11.942216720066362 -1.1762056839547272 4.6796875
      vertex -11.769423364838765 -2.341083864193539 4.890625
      vertex -11.942216720066362 -1.1762056839547272 4.8671875
    endloop
  endfacet
  facet normal -0.49956334122544926 -0.04178363812140806 -0.8652690886013462
    outer loop
      vertex -11.942216720066362 -1.1762056839547272 4.6796875
      vertex -12 0 4.65625
      vertex -11.188101183952089 0 4.1875
    endloop
  endfacet
  facet normal -0.9987954562051724 -0.049067674327418334 0
    outer loop
      vertex -11.942216720066362 -1.1762056839547272 4.6796875
      vertex -11.942216720066362 -1.1762056839547272 4.8671875
      vertex -12 0 4.65625
    endloop
  endfacet
  facet normal -0.9987954562051724 -0.049067674327418334 0
    outer loop
      vertex -11.942216720066362 -1.1762056839547272 4.8671875
      vertex -12 0 4.84375
      vertex -12 0 4.65625
    endloop
  endfacet
  facet normal -0.8577286100002717 -0.5141027441932223 0
    outer loop
      vertex -9.30256615382229 -6.215775981815149 4.328125
      vertex -9.867024341808355 -5.274034389394095 4
      vertex -9.30256615382229 -6.215775981815149 4
    endloop
  endfacet
  facet normal -0.8577286100002716 -0.5141027441932224 0
    outer loop
      vertex -9.977635347630542 -6.666842796235226 4.984375
      vertex -10.583055172180261 -5.6567608419119715 4.9609375
      vertex -10.583055172180261 -5.6567608419119715 4.7734375
    endloop
  endfacet
  facet normal -0.3921579920817717 -0.3122843472820705 -0.8652690886013462
    outer loop
      vertex -9.30256615382229 -6.215775981815149 4.328125
      vertex -9.276125440352844 -7.612719409963746 4.8203125
      vertex -9.977635347630542 -6.666842796235226 4.796875
    endloop
  endfacet
  facet normal -0.8032075314806455 -0.5956993044924325 0
    outer loop
      vertex -9.276125440352844 -7.612719409963746 4.8203125
      vertex -9.276125440352844 -7.612719409963746 5.0078125
      vertex -9.977635347630542 -6.666842796235226 4.796875
    endloop
  endfacet
  facet normal -0.8032075314806455 -0.5956993044924325 0
    outer loop
      vertex -9.276125440352844 -7.612719409963746 5.0078125
      vertex -9.977635347630542 -6.666842796235226 4.984375
      vertex -9.977635347630542 -6.666842796235226 4.796875
    endloop
  endfacet
  facet normal -0.42087886285248677 -0.2723424078526758 -0.8652690886013462
    outer loop
      vertex -9.977635347630542 -6.666842796235226 4.796875
      vertex -10.583055172180261 -5.6567608419119715 4.7734375
      vertex -9.867024341808355 -5.274034389394095 4.3046875
    endloop
  endfacet
  facet normal -0.41909077043687964 -0.2727460668098922 -0.8660095318034071
    outer loop
      vertex -9.30256615382229 -6.215775981815149 4.328125
      vertex -9.977635347630542 -6.666842796235226 4.796875
      vertex -9.867024341808355 -5.274034389394095 4.3046875
    endloop
  endfacet
  facet normal -0.8577286100002716 -0.5141027441932225 0
    outer loop
      vertex -9.977635347630542 -6.666842796235226 4.796875
      vertex -9.977635347630542 -6.666842796235226 4.984375
      vertex -10.583055172180261 -5.6567608419119715 4.7734375
    endloop
  endfacet
  facet normal -0.9415440651830203 -0.33688985339222177 0
    outer loop
      vertex -10.336457691518628 -4.28150096272271 4.28125
      vertex -10.706345303177036 -3.2477343412738002 4
      vertex -10.336457691518628 -4.28150096272271 4
    endloop
  endfacet
  facet normal -0.903989293123444 -0.4275550934302807 0
    outer loop
      vertex -9.867024341808355 -5.274034389394095 4.3046875
      vertex -10.336457691518628 -4.28150096272271 4
      vertex -9.867024341808355 -5.274034389394095 4
    endloop
  endfacet
  facet normal -0.8577286100002718 -0.5141027441932223 0
    outer loop
      vertex -9.30256615382229 -6.215775981815149 4.328125
      vertex -9.867024341808355 -5.274034389394095 4.3046875
      vertex -9.867024341808355 -5.274034389394095 4
    endloop
  endfacet
  facet normal -0.903989293123444 -0.4275550934302807 0
    outer loop
      vertex -9.867024341808355 -5.274034389394095 4.3046875
      vertex -10.336457691518628 -4.28150096272271 4.28125
      vertex -10.336457691518628 -4.28150096272271 4
    endloop
  endfacet
  facet normal -0.4455464400981436 -0.22977766215815398 -0.8652690886013463
    outer loop
      vertex -10.336457691518628 -4.28150096272271 4.28125
      vertex -10.583055172180261 -5.6567608419119715 4.7734375
      vertex -11.08655439013544 -4.592201188381077 4.75
    endloop
  endfacet
  facet normal -0.9039892931234439 -0.4275550934302809 0
    outer loop
      vertex -10.583055172180261 -5.6567608419119715 4.9609375
      vertex -11.08655439013544 -4.592201188381077 4.9375
      vertex -11.08655439013544 -4.592201188381077 4.75
    endloop
  endfacet
  facet normal -0.9039892931234439 -0.4275550934302809 0
    outer loop
      vertex -10.583055172180261 -5.6567608419119715 4.7734375
      vertex -10.583055172180261 -5.6567608419119715 4.9609375
      vertex -11.08655439013544 -4.592201188381077 4.75
    endloop
  endfacet
  facet normal -0.4659231615651954 -0.18500003196780426 -0.8652690886013461
    outer loop
      vertex -10.706345303177036 -3.2477343412738002 4.2578125
      vertex -11.08655439013544 -4.592201188381077 4.75
      vertex -11.483284028786507 -3.483416127053548 4.7265625
    endloop
  endfacet
  facet normal -0.46424817679991476 -0.18574477425650066 -0.8660095318034073
    outer loop
      vertex -10.706345303177036 -3.2477343412738002 4.2578125
      vertex -10.336457691518628 -4.28150096272271 4.28125
      vertex -11.08655439013544 -4.592201188381077 4.75
    endloop
  endfacet
  facet normal -0.9415440651830204 -0.3368898533922211 0
    outer loop
      vertex -11.483284028786507 -3.483416127053548 4.7265625
      vertex -11.08655439013544 -4.592201188381077 4.75
      vertex -11.08655439013544 -4.592201188381077 4.9375
    endloop
  endfacet
  facet normal -0.44380652333290777 -0.230354641092383 -0.8660095318034072
    outer loop
      vertex -9.867024341808355 -5.274034389394095 4.3046875
      vertex -10.583055172180261 -5.6567608419119715 4.7734375
      vertex -10.336457691518628 -4.28150096272271 4.28125
    endloop
  endfacet
  facet normal -0.8032075314806458 -0.5956993044924321 0
    outer loop
      vertex -8.64851916847498 -7.097656253642536 4.3515625
      vertex -9.30256615382229 -6.215775981815149 4
      vertex -8.64851916847498 -7.097656253642536 4
    endloop
  endfacet
  facet normal -0.8032075314806458 -0.5956993044924321 0
    outer loop
      vertex -9.30256615382229 -6.215775981815149 4.328125
      vertex -9.30256615382229 -6.215775981815149 4
      vertex -8.64851916847498 -7.097656253642536 4.3515625
    endloop
  endfacet
  facet normal -0.7409511253549588 -0.6715589548470188 0
    outer loop
      vertex -7.9111822157737635 -7.9111822157737635 4.375
      vertex -8.64851916847498 -7.097656253642536 4.3515625
      vertex -8.64851916847498 -7.097656253642536 4
    endloop
  endfacet
  facet normal -0.39033894432322647 -0.3125107988058539 -0.866009531803407
    outer loop
      vertex -9.30256615382229 -6.215775981815149 4.328125
      vertex -8.64851916847498 -7.097656253642536 4.3515625
      vertex -9.276125440352844 -7.612719409963746 4.8203125
    endloop
  endfacet
  facet normal -0.9700312531945444 -0.2429801799032626 0
    outer loop
      vertex -10.706345303177036 -3.2477343412738002 4.2578125
      vertex -10.973124956882163 -2.182690262726239 4
      vertex -10.706345303177036 -3.2477343412738002 4
    endloop
  endfacet
  facet normal -0.9415440651830203 -0.3368898533922217 0
    outer loop
      vertex -10.706345303177036 -3.2477343412738002 4.2578125
      vertex -10.706345303177036 -3.2477343412738002 4
      vertex -10.336457691518628 -4.28150096272271 4.28125
    endloop
  endfacet
  facet normal -0.9700312531945442 -0.24298017990326257 0
    outer loop
      vertex -10.706345303177036 -3.2477343412738002 4.2578125
      vertex -10.973124956882163 -2.182690262726239 4.234375
      vertex -10.973124956882163 -2.182690262726239 4
    endloop
  endfacet
  facet normal -0.4802188665404715 -0.13934608370610316 -0.8660095318034071
    outer loop
      vertex -10.706345303177036 -3.2477343412738002 4.2578125
      vertex -11.483284028786507 -3.483416127053548 4.7265625
      vertex -10.973124956882163 -2.182690262726239 4.234375
    endloop
  endfacet
  facet normal -0.9891765099647809 -0.14673047445536166 0
    outer loop
      vertex -10.973124956882163 -2.182690262726239 4.234375
      vertex -11.134227418732241 -1.096625683768755 4
      vertex -10.973124956882163 -2.182690262726239 4
    endloop
  endfacet
  facet normal -0.9891765099647809 -0.14673047445536166 0
    outer loop
      vertex -10.973124956882163 -2.182690262726239 4.234375
      vertex -11.134227418732241 -1.096625683768755 4.2109375
      vertex -11.134227418732241 -1.096625683768755 4
    endloop
  endfacet
  facet normal -0.9987954562051724 -0.049067674327418785 0
    outer loop
      vertex -11.134227418732241 -1.096625683768755 4.2109375
      vertex -11.188101183952089 0 4
      vertex -11.134227418732241 -1.096625683768755 4
    endloop
  endfacet
  facet normal -0.9987954562051724 -0.04906767432741878 0
    outer loop
      vertex -11.134227418732241 -1.096625683768755 4.2109375
      vertex -11.188101183952089 0 4.1875
      vertex -11.188101183952089 0 4
    endloop
  endfacet
  facet normal -0.5141027441932223 -0.8577286100002718 0
    outer loop
      vertex -6.215775981815149 -9.30256615382229 4.421875
      vertex -6.215775981815149 -9.30256615382229 4
      vertex -5.274034389394095 -9.867024341808355 4.4453125
    endloop
  endfacet
  facet normal -0.5956993044924325 -0.8032075314806455 0
    outer loop
      vertex -7.612719409963746 -9.276125440352844 4.8671875
      vertex -6.666842796235226 -9.977635347630542 4.890625
      vertex -6.666842796235226 -9.977635347630542 5.078125
    endloop
  endfacet
  facet normal -0.5141027441932224 -0.8577286100002716 0
    outer loop
      vertex -6.666842796235226 -9.977635347630542 4.890625
      vertex -5.6567608419119715 -10.583055172180261 4.9140625
      vertex -5.6567608419119715 -10.583055172180261 5.1015625
    endloop
  endfacet
  facet normal -0.24103345626411088 -0.43809857770485894 -0.8660095318034072
    outer loop
      vertex -6.215775981815149 -9.30256615382229 4.421875
      vertex -5.274034389394095 -9.867024341808355 4.4453125
      vertex -5.6567608419119715 -10.583055172180261 4.9140625
    endloop
  endfacet
  facet normal -0.2428006965032777 -0.43858548321680585 -0.8652690886013461
    outer loop
      vertex -6.215775981815149 -9.30256615382229 4.421875
      vertex -5.6567608419119715 -10.583055172180261 4.9140625
      vertex -6.666842796235226 -9.977635347630542 4.890625
    endloop
  endfacet
  facet normal -0.5956993044924322 -0.8032075314806458 0
    outer loop
      vertex -6.215775981815149 -9.30256615382229 4.421875
      vertex -7.097656253642536 -8.64851916847498 4.3984375
      vertex -7.097656253642536 -8.64851916847498 4
    endloop
  endfacet
  facet normal -0.6715589548470188 -0.7409511253549587 0
    outer loop
      vertex -7.097656253642536 -8.64851916847498 4.3984375
      vertex -7.9111822157737635 -7.9111822157737635 4
      vertex -7.097656253642536 -8.64851916847498 4
    endloop
  endfacet
  facet normal -0.5956993044924321 -0.8032075314806458 0
    outer loop
      vertex -6.215775981815149 -9.30256615382229 4.421875
      vertex -7.097656253642536 -8.64851916847498 4
      vertex -6.215775981815149 -9.30256615382229 4
    endloop
  endfacet
  facet normal -0.28281398406013136 -0.4123636032019306 -0.8660095318034071
    outer loop
      vertex -6.215775981815149 -9.30256615382229 4.421875
      vertex -6.666842796235226 -9.977635347630542 4.890625
      vertex -7.097656253642536 -8.64851916847498 4.3984375
    endloop
  endfacet
  facet normal -0.28462043964040246 -0.41267494429623425 -0.865269088601346
    outer loop
      vertex -7.612719409963746 -9.276125440352844 4.8671875
      vertex -7.097656253642536 -8.64851916847498 4.3984375
      vertex -6.666842796235226 -9.977635347630542 4.890625
    endloop
  endfacet
  facet normal -0.5141027441932223 -0.8577286100002718 0
    outer loop
      vertex -5.274034389394095 -9.867024341808355 4.4453125
      vertex -6.215775981815149 -9.30256615382229 4
      vertex -5.274034389394095 -9.867024341808355 4
    endloop
  endfacet
  facet normal -0.42755509343028064 -0.903989293123444 0
    outer loop
      vertex -5.274034389394095 -9.867024341808355 4.4453125
      vertex -5.274034389394095 -9.867024341808355 4
      vertex -4.28150096272271 -10.336457691518628 4.46875
    endloop
  endfacet
  facet normal -0.3368898533922217 -0.9415440651830203 0
    outer loop
      vertex -3.2477343412738002 -10.706345303177036 4.4921875
      vertex -4.28150096272271 -10.336457691518628 4.46875
      vertex -4.28150096272271 -10.336457691518628 4
    endloop
  endfacet
  facet normal -0.42755509343028064 -0.9039892931234439 0
    outer loop
      vertex -4.28150096272271 -10.336457691518628 4.46875
      vertex -5.274034389394095 -9.867024341808355 4
      vertex -4.28150096272271 -10.336457691518628 4
    endloop
  endfacet
  facet normal -0.19693164452197498 -0.45961442341544695 -0.8660095318034072
    outer loop
      vertex -5.274034389394095 -9.867024341808355 4.4453125
      vertex -4.28150096272271 -10.336457691518628 4.46875
      vertex -4.592201188381077 -11.08655439013544 4.9375
    endloop
  endfacet
  facet normal -0.19864264993046243 -0.4602722041787875 -0.8652690886013462
    outer loop
      vertex -5.274034389394095 -9.867024341808355 4.4453125
      vertex -4.592201188381077 -11.08655439013544 4.9375
      vertex -5.6567608419119715 -10.583055172180261 4.9140625
    endloop
  endfacet
  facet normal -0.4275550934302809 -0.9039892931234439 0
    outer loop
      vertex -5.6567608419119715 -10.583055172180261 4.9140625
      vertex -4.592201188381077 -11.08655439013544 4.9375
      vertex -4.592201188381077 -11.08655439013544 5.125
    endloop
  endfacet
  facet normal -0.15257156604970099 -0.4775262522041456 -0.8652690886013463
    outer loop
      vertex -4.28150096272271 -10.336457691518628 4.46875
      vertex -3.483416127053548 -11.483284028786507 4.9609375
      vertex -4.592201188381077 -11.08655439013544 4.9375
    endloop
  endfacet
  facet normal -0.10503113458377707 -0.49018146137837604 -0.8652690886013462
    outer loop
      vertex -3.2477343412738002 -10.706345303177036 4.4921875
      vertex -2.341083864193539 -11.769423364838765 4.984375
      vertex -3.483416127053548 -11.483284028786507 4.9609375
    endloop
  endfacet
  facet normal -0.0564791958759536 -0.4981159551190877 -0.8652690886013464
    outer loop
      vertex -2.182690262726239 -10.973124956882163 4.515625
      vertex -1.1762056839547272 -11.942216720066362 5.0078125
      vertex -2.341083864193539 -11.769423364838765 4.984375
    endloop
  endfacet
  facet normal -0.055032809462506625 -0.4969898195217951 -0.8660095318034073
    outer loop
      vertex -2.182690262726239 -10.973124956882163 4.515625
      vertex -1.096625683768755 -11.134227418732241 4.5390625
      vertex -1.1762056839547272 -11.942216720066362 5.0078125
    endloop
  endfacet
  facet normal -0.00738333163717585 -0.5012533199141237 -0.8652690886013464
    outer loop
      vertex -1.096625683768755 -11.134227418732241 4.5390625
      vertex 0 -12 5.03125
      vertex -1.1762056839547272 -11.942216720066362 5.0078125
    endloop
  endfacet
  facet normal -0.006054290560517388 -0.4999908363074789 -0.8660095318034072
    outer loop
      vertex -1.096625683768755 -11.134227418732241 4.5390625
      vertex 0 -11.188101183952089 4.5625
      vertex 0 -12 5.03125
    endloop
  endfacet
  facet normal -0.3368898533922217 -0.94154406518302 0
    outer loop
      vertex -3.2477343412738002 -10.706345303177036 4.4921875
      vertex -4.28150096272271 -10.336457691518628 4
      vertex -3.2477343412738002 -10.706345303177036 4
    endloop
  endfacet
  facet normal -0.24298017990326254 -0.9700312531945443 0
    outer loop
      vertex -3.2477343412738002 -10.706345303177036 4.4921875
      vertex -3.2477343412738002 -10.706345303177036 4
      vertex -2.182690262726239 -10.973124956882163 4.515625
    endloop
  endfacet
  facet normal -0.2429801799032626 -0.9700312531945444 0
    outer loop
      vertex -2.182690262726239 -10.973124956882163 4.515625
      vertex -3.2477343412738002 -10.706345303177036 4
      vertex -2.182690262726239 -10.973124956882163 4
    endloop
  endfacet
  facet normal -0.15093327338930768 -0.4767039309777424 -0.8660095318034072
    outer loop
      vertex -3.2477343412738002 -10.706345303177036 4.4921875
      vertex -3.483416127053548 -11.483284028786507 4.9609375
      vertex -4.28150096272271 -10.336457691518628 4.46875
    endloop
  endfacet
  facet normal -0.1034813323253779 -0.4892025190918459 -0.8660095318034073
    outer loop
      vertex -3.2477343412738002 -10.706345303177036 4.4921875
      vertex -2.182690262726239 -10.973124956882163 4.515625
      vertex -2.341083864193539 -11.769423364838765 4.984375
    endloop
  endfacet
  facet normal -0.14673047445536164 -0.9891765099647809 0
    outer loop
      vertex -1.096625683768755 -11.134227418732241 4.5390625
      vertex -2.182690262726239 -10.973124956882163 4
      vertex -1.096625683768755 -11.134227418732241 4
    endloop
  endfacet
  facet normal -0.1467304744553617 -0.989176509964781 0
    outer loop
      vertex -2.182690262726239 -10.973124956882163 4.515625
      vertex -2.182690262726239 -10.973124956882163 4
      vertex -1.096625683768755 -11.134227418732241 4.5390625
    endloop
  endfacet
  facet normal -0.04906767432741878 -0.9987954562051724 0
    outer loop
      vertex -1.096625683768755 -11.134227418732241 4.5390625
      vertex -1.096625683768755 -11.134227418732241 4
      vertex 0 -11.188101183952089 4.5625
    endloop
  endfacet
  facet normal -0.04906767432741878 -0.9987954562051724 0
    outer loop
      vertex 0 -11.188101183952089 4.5625
      vertex -1.096625683768755 -11.134227418732241 4
      vertex 0 -11.188101183952089 4
    endloop
  endfacet
  facet normal -0.38279012007101676 -0.3236991323544317 0.8652690886013465
    outer loop
      vertex -9.276125440352844 -7.612719409963746 5.0078125
      vertex -8.485281374238571 -8.485281374238571 5.03125
      vertex -7.9111822157737635 -7.9111822157737635 5.5
    endloop
  endfacet
  facet normal -0.382657341779291 -0.32187085858780473 0.866009531803407
    outer loop
      vertex -9.276125440352844 -7.612719409963746 5.0078125
      vertex -7.9111822157737635 -7.9111822157737635 5.5
      vertex -8.64851916847498 -7.097656253642536 5.4765625
    endloop
  endfacet
  facet normal -0.34921881773515073 -0.3596604254719436 0.8652690886013461
    outer loop
      vertex -7.612719409963746 -9.276125440352844 5.0546875
      vertex -7.097656253642536 -8.64851916847498 5.5234375
      vertex -8.485281374238571 -8.485281374238571 5.03125
    endloop
  endfacet
  facet normal -0.7409511253549588 -0.6715589548470188 0
    outer loop
      vertex -8.64851916847498 -7.097656253642536 5.4765625
      vertex -7.9111822157737635 -7.9111822157737635 5.5
      vertex -7.9111822157737635 -7.9111822157737635 5.875
    endloop
  endfacet
  facet normal -0.3492658809735361 -0.3578279407947663 0.8660095318034075
    outer loop
      vertex -8.485281374238571 -8.485281374238571 5.03125
      vertex -7.097656253642536 -8.64851916847498 5.5234375
      vertex -7.9111822157737635 -7.9111822157737635 5.5
    endloop
  endfacet
  facet normal -0.3596604254719436 -0.34921881773515073 -0.8652690886013461
    outer loop
      vertex -9.276125440352844 -7.612719409963746 6.3203125
      vertex -8.64851916847498 -7.097656253642536 5.8515625
      vertex -8.485281374238571 -8.485281374238571 6.34375
    endloop
  endfacet
  facet normal -0.3236991323544317 -0.38279012007101676 -0.8652690886013465
    outer loop
      vertex -7.612719409963746 -9.276125440352844 6.3671875
      vertex -8.485281374238571 -8.485281374238571 6.34375
      vertex -7.9111822157737635 -7.9111822157737635 5.875
    endloop
  endfacet
  facet normal -0.32187085858780473 -0.382657341779291 -0.866009531803407
    outer loop
      vertex -7.612719409963746 -9.276125440352844 6.3671875
      vertex -7.9111822157737635 -7.9111822157737635 5.875
      vertex -7.097656253642536 -8.64851916847498 5.8984375
    endloop
  endfacet
  facet normal -0.6715589548470188 -0.7409511253549588 0
    outer loop
      vertex -7.9111822157737635 -7.9111822157737635 5.5
      vertex -7.097656253642536 -8.64851916847498 5.8984375
      vertex -7.9111822157737635 -7.9111822157737635 5.875
    endloop
  endfacet
  facet normal -0.3578279407947663 -0.3492658809735361 -0.8660095318034075
    outer loop
      vertex -7.9111822157737635 -7.9111822157737635 5.875
      vertex -8.485281374238571 -8.485281374238571 6.34375
      vertex -8.64851916847498 -7.097656253642536 5.8515625
    endloop
  endfacet
  facet normal -0.7409511253549597 -0.6715589548470179 0
    outer loop
      vertex -9.276125440352844 -7.612719409963746 6.3203125
      vertex -8.485281374238571 -8.485281374238571 6.53125
      vertex -9.276125440352844 -7.612719409963746 6.5078125
    endloop
  endfacet
  facet normal -0.7409511253549597 -0.6715589548470179 0
    outer loop
      vertex -9.276125440352844 -7.612719409963746 6.3203125
      vertex -8.485281374238571 -8.485281374238571 6.34375
      vertex -8.485281374238571 -8.485281374238571 6.53125
    endloop
  endfacet
  facet normal -0.38279012007101676 -0.3236991323544317 0.8652690886013465
    outer loop
      vertex -9.276125440352844 -7.612719409963746 6.5078125
      vertex -8.485281374238571 -8.485281374238571 6.53125
      vertex -7.9111822157737635 -7.9111822157737635 7
    endloop
  endfacet
  facet normal -0.382657341779291 -0.32187085858780473 0.866009531803407
    outer loop
      vertex -9.276125440352844 -7.612719409963746 6.5078125
      vertex -7.9111822157737635 -7.9111822157737635 7
      vertex -8.64851916847498 -7.097656253642536 6.9765625
    endloop
  endfacet
  facet normal -0.6715589548470179 -0.7409511253549597 0
    outer loop
      vertex -7.612719409963746 -9.276125440352844 6.5546875
      vertex -8.485281374238571 -8.485281374238571 6.53125
      vertex -8.485281374238571 -8.485281374238571 6.34375
    endloop
  endfacet
  facet normal -0.6715589548470179 -0.7409511253549597 0
    outer loop
      vertex -7.612719409963746 -9.276125440352844 6.3671875
      vertex -7.612719409963746 -9.276125440352844 6.5546875
      vertex -8.485281374238571 -8.485281374238571 6.34375
    endloop
  endfacet
  facet normal -0.34921881773515073 -0.3596604254719436 0.8652690886013461
    outer loop
      vertex -7.612719409963746 -9.276125440352844 6.5546875
      vertex -7.097656253642536 -8.64851916847498 7.0234375
      vertex -8.485281374238571 -8.485281374238571 6.53125
    endloop
  endfacet
  facet normal -0.3492658809735361 -0.3578279407947663 0.8660095318034075
    outer loop
      vertex -8.485281374238571 -8.485281374238571 6.53125
      vertex -7.097656253642536 -8.64851916847498 7.0234375
      vertex -7.9111822157737635 -7.9111822157737635 7
    endloop
  endfacet
  facet normal -0.7409511253549588 -0.6715589548470188 0
    outer loop
      vertex -8.64851916847498 -7.097656253642536 6.9765625
      vertex -7.9111822157737635 -7.9111822157737635 7
      vertex -7.9111822157737635 -7.9111822157737635 7.375
    endloop
  endfacet
  facet normal -0.6715589548470188 -0.7409511253549588 0
    outer loop
      vertex -7.9111822157737635 -7.9111822157737635 7
      vertex -7.097656253642536 -8.64851916847498 7.3984375
      vertex -7.9111822157737635 -7.9111822157737635 7.375
    endloop
  endfacet
  facet normal -0.3596604254719436 -0.34921881773515073 -0.8652690886013461
    outer loop
      vertex -9.276125440352844 -7.612719409963746 7.8203125
      vertex -8.64851916847498 -7.097656253642536 7.3515625
      vertex -8.485281374238571 -8.485281374238571 7.84375
    endloop
  endfacet
  facet normal -0.7409511253549597 -0.6715589548470179 0
    outer loop
      vertex -9.276125440352844 -7.612719409963746 7.8203125
      vertex -8.485281374238571 -8.485281374238571 8.03125
      vertex -9.276125440352844 -7.612719409963746 8.0078125
    endloop
  endfacet
  facet normal -0.7409511253549597 -0.6715589548470179 0
    outer loop
      vertex -9.276125440352844 -7.612719409963746 7.8203125
      vertex -8.485281374238571 -8.485281374238571 7.84375
      vertex -8.485281374238571 -8.485281374238571 8.03125
    endloop
  endfacet
  facet normal -0.3236991323544317 -0.38279012007101676 -0.8652690886013465
    outer loop
      vertex -7.612719409963746 -9.276125440352844 7.8671875
      vertex -8.485281374238571 -8.485281374238571 7.84375
      vertex -7.9111822157737635 -7.9111822157737635 7.375
    endloop
  endfacet
  facet normal -0.32187085858780473 -0.382657341779291 -0.866009531803407
    outer loop
      vertex -7.612719409963746 -9.276125440352844 7.8671875
      vertex -7.9111822157737635 -7.9111822157737635 7.375
      vertex -7.097656253642536 -8.64851916847498 7.3984375
    endloop
  endfacet
  facet normal -0.6715589548470179 -0.7409511253549597 0
    outer loop
      vertex -7.612719409963746 -9.276125440352844 8.0546875
      vertex -8.485281374238571 -8.485281374238571 8.03125
      vertex -8.485281374238571 -8.485281374238571 7.84375
    endloop
  endfacet
  facet normal -0.6715589548470179 -0.7409511253549597 0
    outer loop
      vertex -7.612719409963746 -9.276125440352844 7.8671875
      vertex -7.612719409963746 -9.276125440352844 8.0546875
      vertex -8.485281374238571 -8.485281374238571 7.84375
    endloop
  endfacet
  facet normal -0.3578279407947663 -0.3492658809735361 -0.8660095318034075
    outer loop
      vertex -7.9111822157737635 -7.9111822157737635 7.375
      vertex -8.485281374238571 -8.485281374238571 7.84375
      vertex -8.64851916847498 -7.097656253642536 7.3515625
    endloop
  endfacet
  facet normal -0.38279012007101676 -0.3236991323544317 0.8652690886013465
    outer loop
      vertex -9.276125440352844 -7.612719409963746 8.0078125
      vertex -8.485281374238571 -8.485281374238571 8.03125
      vertex -7.9111822157737635 -7.9111822157737635 8.5
    endloop
  endfacet
  facet normal -0.382657341779291 -0.32187085858780473 0.866009531803407
    outer loop
      vertex -9.276125440352844 -7.612719409963746 8.0078125
      vertex -7.9111822157737635 -7.9111822157737635 8.5
      vertex -8.64851916847498 -7.097656253642536 8.4765625
    endloop
  endfacet
  facet normal -0.34921881773515073 -0.3596604254719436 0.8652690886013461
    outer loop
      vertex -7.612719409963746 -9.276125440352844 8.0546875
      vertex -7.097656253642536 -8.64851916847498 8.5234375
      vertex -8.485281374238571 -8.485281374238571 8.03125
    endloop
  endfacet
  facet normal -0.3492658809735361 -0.3578279407947663 0.8660095318034075
    outer loop
      vertex -8.485281374238571 -8.485281374238571 8.03125
      vertex -7.097656253642536 -8.64851916847498 8.5234375
      vertex -7.9111822157737635 -7.9111822157737635 8.5
    endloop
  endfacet
  facet normal -0.14904927734543083 -0.5600476843547708 -0.8149422704533515
    outer loop
      vertex -9.276125440352844 -7.612719409963746 9.3203125
      vertex -8.64851916847498 -7.097656253642536 8.8515625
      vertex -7.9111822157737635 -7.9111822157737635 9.27578125
    endloop
  endfacet
  facet normal -0.7409511253549588 -0.6715589548470187 0
    outer loop
      vertex -8.64851916847498 -7.097656253642536 8.4765625
      vertex -7.9111822157737635 -7.9111822157737635 8.5
      vertex -7.9111822157737635 -7.9111822157737635 9.27578125
    endloop
  endfacet
  facet normal -0.6715589548470187 -0.7409511253549588 0
    outer loop
      vertex -7.9111822157737635 -7.9111822157737635 8.5
      vertex -7.097656253642536 -8.64851916847498 9.29921875
      vertex -7.9111822157737635 -7.9111822157737635 9.27578125
    endloop
  endfacet
  facet normal -0.21361592151788147 -0.9769177232879268 0
    outer loop
      vertex -9.276125440352844 -7.612719409963746 9.3203125
      vertex -7.9111822157737635 -7.9111822157737635 9.27578125
      vertex -7.9111822157737635 -7.9111822157737635 9.410546875
    endloop
  endfacet
  facet normal -0.6715589548470188 -0.7409511253549589 0
    outer loop
      vertex -7.9111822157737635 -7.9111822157737635 9.27578125
      vertex -7.097656253642536 -8.64851916847498 9.433984375
      vertex -7.9111822157737635 -7.9111822157737635 9.410546875
    endloop
  endfacet
  facet normal -0.21361592151788147 -0.9769177232879269 0
    outer loop
      vertex -9.276125440352844 -7.612719409963746 9.3203125
      vertex -7.9111822157737635 -7.9111822157737635 9.464453125
      vertex -9.276125440352844 -7.612719409963746 9.5078125
    endloop
  endfacet
  facet normal -0.1730942119489391 -0.5391824489118375 0.8242091242974742
    outer loop
      vertex -9.276125440352844 -7.612719409963746 9.5078125
      vertex -7.9111822157737635 -7.9111822157737635 9.59921875
      vertex -8.64851916847498 -7.097656253642536 9.9765625
    endloop
  endfacet
  facet normal -0.2136159215178815 -0.9769177232879269 0
    outer loop
      vertex -9.276125440352844 -7.612719409963746 9.3203125
      vertex -7.9111822157737635 -7.9111822157737635 9.410546875
      vertex -7.9111822157737635 -7.9111822157737635 9.464453125
    endloop
  endfacet
  facet normal -0.21361592151788145 -0.9769177232879268 0
    outer loop
      vertex -9.276125440352844 -7.612719409963746 9.5078125
      vertex -7.9111822157737635 -7.9111822157737635 9.464453125
      vertex -7.9111822157737635 -7.9111822157737635 9.59921875
    endloop
  endfacet
  facet normal -0.6715589548470187 -0.7409511253549588 0
    outer loop
      vertex -7.9111822157737635 -7.9111822157737635 9.410546875
      vertex -7.097656253642536 -8.64851916847498 9.487890625
      vertex -7.9111822157737635 -7.9111822157737635 9.464453125
    endloop
  endfacet
  facet normal -0.6715589548470188 -0.7409511253549589 0
    outer loop
      vertex -7.9111822157737635 -7.9111822157737635 9.464453125
      vertex -7.097656253642536 -8.64851916847498 9.62265625
      vertex -7.9111822157737635 -7.9111822157737635 9.59921875
    endloop
  endfacet
  facet normal -0.7409511253549588 -0.6715589548470188 0
    outer loop
      vertex -7.9111822157737635 -7.9111822157737635 9.59921875
      vertex -7.9111822157737635 -7.9111822157737635 10
      vertex -8.64851916847498 -7.097656253642536 9.9765625
    endloop
  endfacet
  facet normal -0.6715589548470188 -0.7409511253549588 0
    outer loop
      vertex -7.9111822157737635 -7.9111822157737635 9.59921875
      vertex -7.097656253642536 -8.64851916847498 10
      vertex -7.9111822157737635 -7.9111822157737635 10
    endloop
  endfacet
  facet normal -0.9415440651830204 -0.3368898533922211 0
    outer loop
      vertex -11.483284028786507 -3.483416127053548 6.2265625
      vertex -11.08655439013544 -4.592201188381077 6.4375
      vertex -11.483284028786507 -3.483416127053548 6.4140625
    endloop
  endfacet
  facet normal -0.490181461378376 -0.10503113458377705 0.8652690886013462
    outer loop
      vertex -11.483284028786507 -3.483416127053548 4.9140625
      vertex -10.706345303177036 -3.2477343412738002 5.3828125
      vertex -11.769423364838765 -2.341083864193539 4.890625
    endloop
  endfacet
  facet normal -0.4981159551190877 -0.056479195875953625 0.8652690886013464
    outer loop
      vertex -11.769423364838765 -2.341083864193539 4.890625
      vertex -10.973124956882163 -2.182690262726239 5.359375
      vertex -11.942216720066362 -1.1762056839547272 4.8671875
    endloop
  endfacet
  facet normal -0.49156478608190673 -0.09160541419529998 -0.8660095318034075
    outer loop
      vertex -10.973124956882163 -2.182690262726239 5.734375
      vertex -11.769423364838765 -2.341083864193539 6.203125
      vertex -11.134227418732241 -1.096625683768755 5.7109375
    endloop
  endfacet
  facet normal -0.481812788286866 -0.13844075033829775 -0.8652690886013464
    outer loop
      vertex -11.483284028786507 -3.483416127053548 6.2265625
      vertex -11.769423364838765 -2.341083864193539 6.203125
      vertex -10.973124956882163 -2.182690262726239 5.734375
    endloop
  endfacet
  facet normal -0.4969898195217951 -0.055032809462506625 0.8660095318034073
    outer loop
      vertex -10.973124956882163 -2.182690262726239 5.359375
      vertex -11.134227418732241 -1.096625683768755 5.3359375
      vertex -11.942216720066362 -1.1762056839547272 4.8671875
    endloop
  endfacet
  facet normal -0.5012533199141237 -0.007383331637175875 0.8652690886013464
    outer loop
      vertex -11.942216720066362 -1.1762056839547272 4.8671875
      vertex -11.134227418732241 -1.096625683768755 5.3359375
      vertex -12 0 4.84375
    endloop
  endfacet
  facet normal -0.4999908363074789 -0.006054290560517388 0.8660095318034072
    outer loop
      vertex -11.134227418732241 -1.096625683768755 5.3359375
      vertex -11.188101183952089 0 5.3125
      vertex -12 0 4.84375
    endloop
  endfacet
  facet normal -0.4930622944716725 -0.09054820860362227 -0.8652690886013465
    outer loop
      vertex -11.769423364838765 -2.341083864193539 6.203125
      vertex -11.942216720066362 -1.1762056839547272 6.1796875
      vertex -11.134227418732241 -1.096625683768755 5.7109375
    endloop
  endfacet
  facet normal -0.4981766680167274 -0.042982534469182716 -0.8660095318034073
    outer loop
      vertex -11.134227418732241 -1.096625683768755 5.7109375
      vertex -11.942216720066362 -1.1762056839547272 6.1796875
      vertex -11.188101183952089 0 5.6875
    endloop
  endfacet
  facet normal -0.9987954562051724 -0.049067674327418334 0
    outer loop
      vertex -11.942216720066362 -1.1762056839547272 6.1796875
      vertex -11.942216720066362 -1.1762056839547272 6.3671875
      vertex -12 0 6.15625
    endloop
  endfacet
  facet normal -0.49956334122544926 -0.04178363812140806 -0.8652690886013462
    outer loop
      vertex -11.942216720066362 -1.1762056839547272 6.1796875
      vertex -12 0 6.15625
      vertex -11.188101183952089 0 5.6875
    endloop
  endfacet
  facet normal -0.9700312531945441 -0.24298017990326343 0
    outer loop
      vertex -11.483284028786507 -3.483416127053548 6.2265625
      vertex -11.483284028786507 -3.483416127053548 6.4140625
      vertex -11.769423364838765 -2.341083864193539 6.203125
    endloop
  endfacet
  facet normal -0.490181461378376 -0.10503113458377705 0.8652690886013462
    outer loop
      vertex -11.483284028786507 -3.483416127053548 6.4140625
      vertex -10.706345303177036 -3.2477343412738002 6.8828125
      vertex -11.769423364838765 -2.341083864193539 6.390625
    endloop
  endfacet
  facet normal -0.989176509964781 -0.14673047445536164 0
    outer loop
      vertex -11.769423364838765 -2.341083864193539 6.203125
      vertex -11.769423364838765 -2.341083864193539 6.390625
      vertex -11.942216720066362 -1.1762056839547272 6.1796875
    endloop
  endfacet
  facet normal -0.9700312531945441 -0.24298017990326343 0
    outer loop
      vertex -11.483284028786507 -3.483416127053548 6.4140625
      vertex -11.769423364838765 -2.341083864193539 6.390625
      vertex -11.769423364838765 -2.341083864193539 6.203125
    endloop
  endfacet
  facet normal -0.4981159551190877 -0.056479195875953625 0.8652690886013464
    outer loop
      vertex -11.769423364838765 -2.341083864193539 6.390625
      vertex -10.973124956882163 -2.182690262726239 6.859375
      vertex -11.942216720066362 -1.1762056839547272 6.3671875
    endloop
  endfacet
  facet normal -0.49156478608190673 -0.09160541419529998 -0.8660095318034075
    outer loop
      vertex -10.973124956882163 -2.182690262726239 7.234375
      vertex -11.769423364838765 -2.341083864193539 7.703125
      vertex -11.134227418732241 -1.096625683768755 7.2109375
    endloop
  endfacet
  facet normal -0.989176509964781 -0.14673047445536164 0
    outer loop
      vertex -11.942216720066362 -1.1762056839547272 6.1796875
      vertex -11.769423364838765 -2.341083864193539 6.390625
      vertex -11.942216720066362 -1.1762056839547272 6.3671875
    endloop
  endfacet
  facet normal -0.4969898195217951 -0.055032809462506625 0.8660095318034073
    outer loop
      vertex -10.973124956882163 -2.182690262726239 6.859375
      vertex -11.134227418732241 -1.096625683768755 6.8359375
      vertex -11.942216720066362 -1.1762056839547272 6.3671875
    endloop
  endfacet
  facet normal -0.9987954562051724 -0.049067674327418334 0
    outer loop
      vertex -11.942216720066362 -1.1762056839547272 6.3671875
      vertex -12 0 6.34375
      vertex -12 0 6.15625
    endloop
  endfacet
  facet normal -0.5012533199141237 -0.007383331637175875 0.8652690886013464
    outer loop
      vertex -11.942216720066362 -1.1762056839547272 6.3671875
      vertex -11.134227418732241 -1.096625683768755 6.8359375
      vertex -12 0 6.34375
    endloop
  endfacet
  facet normal -0.4999908363074789 -0.006054290560517388 0.8660095318034072
    outer loop
      vertex -11.134227418732241 -1.096625683768755 6.8359375
      vertex -11.188101183952089 0 6.8125
      vertex -12 0 6.34375
    endloop
  endfacet
  facet normal -0.4981766680167274 -0.042982534469182716 -0.8660095318034073
    outer loop
      vertex -11.134227418732241 -1.096625683768755 7.2109375
      vertex -11.942216720066362 -1.1762056839547272 7.6796875
      vertex -11.188101183952089 0 7.1875
    endloop
  endfacet
  facet normal -0.43858548321680585 -0.2428006965032776 0.8652690886013461
    outer loop
      vertex -9.977635347630542 -6.666842796235226 4.984375
      vertex -9.30256615382229 -6.215775981815149 5.453125
      vertex -10.583055172180261 -5.6567608419119715 4.9609375
    endloop
  endfacet
  facet normal -0.43809857770485894 -0.24103345626411088 0.8660095318034072
    outer loop
      vertex -9.30256615382229 -6.215775981815149 5.453125
      vertex -9.867024341808355 -5.274034389394095 5.4296875
      vertex -10.583055172180261 -5.6567608419119715 4.9609375
    endloop
  endfacet
  facet normal -0.8577286100002717 -0.5141027441932223 0
    outer loop
      vertex -9.30256615382229 -6.215775981815149 5.453125
      vertex -9.30256615382229 -6.215775981815149 5.828125
      vertex -9.867024341808355 -5.274034389394095 5.4296875
    endloop
  endfacet
  facet normal -0.3921579920817717 -0.3122843472820705 -0.8652690886013462
    outer loop
      vertex -9.30256615382229 -6.215775981815149 5.828125
      vertex -9.276125440352844 -7.612719409963746 6.3203125
      vertex -9.977635347630542 -6.666842796235226 6.296875
    endloop
  endfacet
  facet normal -0.42087886285248677 -0.2723424078526758 -0.8652690886013462
    outer loop
      vertex -9.977635347630542 -6.666842796235226 6.296875
      vertex -10.583055172180261 -5.6567608419119715 6.2734375
      vertex -9.867024341808355 -5.274034389394095 5.8046875
    endloop
  endfacet
  facet normal -0.41909077043687964 -0.2727460668098922 -0.8660095318034071
    outer loop
      vertex -9.30256615382229 -6.215775981815149 5.828125
      vertex -9.977635347630542 -6.666842796235226 6.296875
      vertex -9.867024341808355 -5.274034389394095 5.8046875
    endloop
  endfacet
  facet normal -0.4602722041787874 -0.1986426499304625 0.8652690886013462
    outer loop
      vertex -10.583055172180261 -5.6567608419119715 4.9609375
      vertex -9.867024341808355 -5.274034389394095 5.4296875
      vertex -11.08655439013544 -4.592201188381077 4.9375
    endloop
  endfacet
  facet normal -0.459614423415447 -0.19693164452197492 0.8660095318034072
    outer loop
      vertex -11.08655439013544 -4.592201188381077 4.9375
      vertex -9.867024341808355 -5.274034389394095 5.4296875
      vertex -10.336457691518628 -4.28150096272271 5.40625
    endloop
  endfacet
  facet normal -0.47752625220414546 -0.15257156604970096 0.8652690886013463
    outer loop
      vertex -11.08655439013544 -4.592201188381077 4.9375
      vertex -10.336457691518628 -4.28150096272271 5.40625
      vertex -11.483284028786507 -3.483416127053548 4.9140625
    endloop
  endfacet
  facet normal -0.9415440651830201 -0.3368898533922217 0
    outer loop
      vertex -10.706345303177036 -3.2477343412738002 5.3828125
      vertex -10.336457691518628 -4.28150096272271 5.40625
      vertex -10.336457691518628 -4.28150096272271 5.78125
    endloop
  endfacet
  facet normal -0.903989293123444 -0.42755509343028064 0
    outer loop
      vertex -9.867024341808355 -5.274034389394095 5.4296875
      vertex -9.867024341808355 -5.274034389394095 5.8046875
      vertex -10.336457691518628 -4.28150096272271 5.40625
    endloop
  endfacet
  facet normal -0.4455464400981436 -0.22977766215815398 -0.8652690886013463
    outer loop
      vertex -10.336457691518628 -4.28150096272271 5.78125
      vertex -10.583055172180261 -5.6567608419119715 6.2734375
      vertex -11.08655439013544 -4.592201188381077 6.25
    endloop
  endfacet
  facet normal -0.46424817679991476 -0.18574477425650066 -0.8660095318034073
    outer loop
      vertex -10.706345303177036 -3.2477343412738002 5.7578125
      vertex -10.336457691518628 -4.28150096272271 5.78125
      vertex -11.08655439013544 -4.592201188381077 6.25
    endloop
  endfacet
  facet normal -0.4659231615651954 -0.18500003196780426 -0.8652690886013461
    outer loop
      vertex -10.706345303177036 -3.2477343412738002 5.7578125
      vertex -11.08655439013544 -4.592201188381077 6.25
      vertex -11.483284028786507 -3.483416127053548 6.2265625
    endloop
  endfacet
  facet normal -0.8577286100002717 -0.5141027441932223 0
    outer loop
      vertex -9.30256615382229 -6.215775981815149 5.828125
      vertex -9.867024341808355 -5.274034389394095 5.8046875
      vertex -9.867024341808355 -5.274034389394095 5.4296875
    endloop
  endfacet
  facet normal -0.44380652333290777 -0.230354641092383 -0.8660095318034072
    outer loop
      vertex -9.867024341808355 -5.274034389394095 5.8046875
      vertex -10.583055172180261 -5.6567608419119715 6.2734375
      vertex -10.336457691518628 -4.28150096272271 5.78125
    endloop
  endfacet
  facet normal -0.903989293123444 -0.42755509343028064 0
    outer loop
      vertex -10.336457691518628 -4.28150096272271 5.40625
      vertex -9.867024341808355 -5.274034389394095 5.8046875
      vertex -10.336457691518628 -4.28150096272271 5.78125
    endloop
  endfacet
  facet normal -0.41267494429623425 -0.28462043964040246 0.865269088601346
    outer loop
      vertex -9.276125440352844 -7.612719409963746 5.0078125
      vertex -8.64851916847498 -7.097656253642536 5.4765625
      vertex -9.977635347630542 -6.666842796235226 4.984375
    endloop
  endfacet
  facet normal -0.41236360320193066 -0.2828139840601314 0.8660095318034071
    outer loop
      vertex -9.977635347630542 -6.666842796235226 4.984375
      vertex -8.64851916847498 -7.097656253642536 5.4765625
      vertex -9.30256615382229 -6.215775981815149 5.453125
    endloop
  endfacet
  facet normal -0.8032075314806458 -0.5956993044924321 0
    outer loop
      vertex -9.30256615382229 -6.215775981815149 5.453125
      vertex -8.64851916847498 -7.097656253642536 5.4765625
      vertex -8.64851916847498 -7.097656253642536 5.8515625
    endloop
  endfacet
  facet normal -0.39033894432322647 -0.3125107988058539 -0.866009531803407
    outer loop
      vertex -9.30256615382229 -6.215775981815149 5.828125
      vertex -8.64851916847498 -7.097656253642536 5.8515625
      vertex -9.276125440352844 -7.612719409963746 6.3203125
    endloop
  endfacet
  facet normal -0.8032075314806458 -0.5956993044924321 0
    outer loop
      vertex -9.30256615382229 -6.215775981815149 5.453125
      vertex -8.64851916847498 -7.097656253642536 5.8515625
      vertex -9.30256615382229 -6.215775981815149 5.828125
    endloop
  endfacet
  facet normal -0.7409511253549588 -0.6715589548470188 0
    outer loop
      vertex -8.64851916847498 -7.097656253642536 5.4765625
      vertex -7.9111822157737635 -7.9111822157737635 5.875
      vertex -8.64851916847498 -7.097656253642536 5.8515625
    endloop
  endfacet
  facet normal -0.8577286100002716 -0.5141027441932224 0
    outer loop
      vertex -9.977635347630542 -6.666842796235226 6.484375
      vertex -10.583055172180261 -5.6567608419119715 6.4609375
      vertex -10.583055172180261 -5.6567608419119715 6.2734375
    endloop
  endfacet
  facet normal -0.8032075314806455 -0.5956993044924325 0
    outer loop
      vertex -9.276125440352844 -7.612719409963746 6.3203125
      vertex -9.276125440352844 -7.612719409963746 6.5078125
      vertex -9.977635347630542 -6.666842796235226 6.296875
    endloop
  endfacet
  facet normal -0.8032075314806455 -0.5956993044924325 0
    outer loop
      vertex -9.276125440352844 -7.612719409963746 6.5078125
      vertex -9.977635347630542 -6.666842796235226 6.484375
      vertex -9.977635347630542 -6.666842796235226 6.296875
    endloop
  endfacet
  facet normal -0.8577286100002716 -0.5141027441932225 0
    outer loop
      vertex -9.977635347630542 -6.666842796235226 6.296875
      vertex -9.977635347630542 -6.666842796235226 6.484375
      vertex -10.583055172180261 -5.6567608419119715 6.2734375
    endloop
  endfacet
  facet normal -0.43858548321680585 -0.2428006965032776 0.8652690886013461
    outer loop
      vertex -9.977635347630542 -6.666842796235226 6.484375
      vertex -9.30256615382229 -6.215775981815149 6.953125
      vertex -10.583055172180261 -5.6567608419119715 6.4609375
    endloop
  endfacet
  facet normal -0.43809857770485894 -0.24103345626411088 0.8660095318034072
    outer loop
      vertex -9.30256615382229 -6.215775981815149 6.953125
      vertex -9.867024341808355 -5.274034389394095 6.9296875
      vertex -10.583055172180261 -5.6567608419119715 6.4609375
    endloop
  endfacet
  facet normal -0.8577286100002717 -0.5141027441932223 0
    outer loop
      vertex -9.30256615382229 -6.215775981815149 6.953125
      vertex -9.30256615382229 -6.215775981815149 7.328125
      vertex -9.867024341808355 -5.274034389394095 6.9296875
    endloop
  endfacet
  facet normal -0.41909077043687964 -0.2727460668098922 -0.8660095318034071
    outer loop
      vertex -9.30256615382229 -6.215775981815149 7.328125
      vertex -9.977635347630542 -6.666842796235226 7.796875
      vertex -9.867024341808355 -5.274034389394095 7.3046875
    endloop
  endfacet
  facet normal -0.9039892931234439 -0.4275550934302809 0
    outer loop
      vertex -10.583055172180261 -5.6567608419119715 6.4609375
      vertex -11.08655439013544 -4.592201188381077 6.4375
      vertex -11.08655439013544 -4.592201188381077 6.25
    endloop
  endfacet
  facet normal -0.9039892931234439 -0.4275550934302809 0
    outer loop
      vertex -10.583055172180261 -5.6567608419119715 6.2734375
      vertex -10.583055172180261 -5.6567608419119715 6.4609375
      vertex -11.08655439013544 -4.592201188381077 6.25
    endloop
  endfacet
  facet normal -0.4602722041787874 -0.1986426499304625 0.8652690886013462
    outer loop
      vertex -10.583055172180261 -5.6567608419119715 6.4609375
      vertex -9.867024341808355 -5.274034389394095 6.9296875
      vertex -11.08655439013544 -4.592201188381077 6.4375
    endloop
  endfacet
  facet normal -0.459614423415447 -0.19693164452197492 0.8660095318034072
    outer loop
      vertex -11.08655439013544 -4.592201188381077 6.4375
      vertex -9.867024341808355 -5.274034389394095 6.9296875
      vertex -10.336457691518628 -4.28150096272271 6.90625
    endloop
  endfacet
  facet normal -0.9415440651830204 -0.3368898533922211 0
    outer loop
      vertex -11.483284028786507 -3.483416127053548 6.2265625
      vertex -11.08655439013544 -4.592201188381077 6.25
      vertex -11.08655439013544 -4.592201188381077 6.4375
    endloop
  endfacet
  facet normal -0.47752625220414546 -0.15257156604970096 0.8652690886013463
    outer loop
      vertex -11.08655439013544 -4.592201188381077 6.4375
      vertex -10.336457691518628 -4.28150096272271 6.90625
      vertex -11.483284028786507 -3.483416127053548 6.4140625
    endloop
  endfacet
  facet normal -0.9415440651830201 -0.3368898533922217 0
    outer loop
      vertex -10.706345303177036 -3.2477343412738002 6.8828125
      vertex -10.336457691518628 -4.28150096272271 6.90625
      vertex -10.336457691518628 -4.28150096272271 7.28125
    endloop
  endfacet
  facet normal -0.46424817679991476 -0.18574477425650066 -0.8660095318034073
    outer loop
      vertex -10.706345303177036 -3.2477343412738002 7.2578125
      vertex -10.336457691518628 -4.28150096272271 7.28125
      vertex -11.08655439013544 -4.592201188381077 7.75
    endloop
  endfacet
  facet normal -0.903989293123444 -0.42755509343028064 0
    outer loop
      vertex -9.867024341808355 -5.274034389394095 6.9296875
      vertex -9.867024341808355 -5.274034389394095 7.3046875
      vertex -10.336457691518628 -4.28150096272271 6.90625
    endloop
  endfacet
  facet normal -0.44380652333290777 -0.230354641092383 -0.8660095318034072
    outer loop
      vertex -9.867024341808355 -5.274034389394095 7.3046875
      vertex -10.583055172180261 -5.6567608419119715 7.7734375
      vertex -10.336457691518628 -4.28150096272271 7.28125
    endloop
  endfacet
  facet normal -0.8577286100002717 -0.5141027441932223 0
    outer loop
      vertex -9.867024341808355 -5.274034389394095 6.9296875
      vertex -9.30256615382229 -6.215775981815149 7.328125
      vertex -9.867024341808355 -5.274034389394095 7.3046875
    endloop
  endfacet
  facet normal -0.903989293123444 -0.42755509343028064 0
    outer loop
      vertex -10.336457691518628 -4.28150096272271 6.90625
      vertex -9.867024341808355 -5.274034389394095 7.3046875
      vertex -10.336457691518628 -4.28150096272271 7.28125
    endloop
  endfacet
  facet normal -0.41267494429623425 -0.28462043964040246 0.865269088601346
    outer loop
      vertex -9.276125440352844 -7.612719409963746 6.5078125
      vertex -8.64851916847498 -7.097656253642536 6.9765625
      vertex -9.977635347630542 -6.666842796235226 6.484375
    endloop
  endfacet
  facet normal -0.41236360320193066 -0.2828139840601314 0.8660095318034071
    outer loop
      vertex -9.977635347630542 -6.666842796235226 6.484375
      vertex -8.64851916847498 -7.097656253642536 6.9765625
      vertex -9.30256615382229 -6.215775981815149 6.953125
    endloop
  endfacet
  facet normal -0.8032075314806458 -0.5956993044924321 0
    outer loop
      vertex -9.30256615382229 -6.215775981815149 6.953125
      vertex -8.64851916847498 -7.097656253642536 6.9765625
      vertex -8.64851916847498 -7.097656253642536 7.3515625
    endloop
  endfacet
  facet normal -0.8032075314806458 -0.5956993044924321 0
    outer loop
      vertex -9.30256615382229 -6.215775981815149 6.953125
      vertex -8.64851916847498 -7.097656253642536 7.3515625
      vertex -9.30256615382229 -6.215775981815149 7.328125
    endloop
  endfacet
  facet normal -0.7409511253549588 -0.6715589548470188 0
    outer loop
      vertex -8.64851916847498 -7.097656253642536 6.9765625
      vertex -7.9111822157737635 -7.9111822157737635 7.375
      vertex -8.64851916847498 -7.097656253642536 7.3515625
    endloop
  endfacet
  facet normal -0.4767039309777423 -0.15093327338930765 0.8660095318034071
    outer loop
      vertex -11.483284028786507 -3.483416127053548 4.9140625
      vertex -10.336457691518628 -4.28150096272271 5.40625
      vertex -10.706345303177036 -3.2477343412738002 5.3828125
    endloop
  endfacet
  facet normal -0.9700312531945444 -0.24298017990326257 0
    outer loop
      vertex -10.706345303177036 -3.2477343412738002 5.3828125
      vertex -10.706345303177036 -3.2477343412738002 5.7578125
      vertex -10.973124956882163 -2.182690262726239 5.359375
    endloop
  endfacet
  facet normal -0.4892025190918459 -0.1034813323253779 0.8660095318034073
    outer loop
      vertex -10.706345303177036 -3.2477343412738002 5.3828125
      vertex -10.973124956882163 -2.182690262726239 5.359375
      vertex -11.769423364838765 -2.341083864193539 4.890625
    endloop
  endfacet
  facet normal -0.9700312531945444 -0.24298017990326257 0
    outer loop
      vertex -10.973124956882163 -2.182690262726239 5.359375
      vertex -10.706345303177036 -3.2477343412738002 5.7578125
      vertex -10.973124956882163 -2.182690262726239 5.734375
    endloop
  endfacet
  facet normal -0.4802188665404715 -0.13934608370610316 -0.8660095318034071
    outer loop
      vertex -10.706345303177036 -3.2477343412738002 5.7578125
      vertex -11.483284028786507 -3.483416127053548 6.2265625
      vertex -10.973124956882163 -2.182690262726239 5.734375
    endloop
  endfacet
  facet normal -0.9415440651830201 -0.3368898533922217 0
    outer loop
      vertex -10.706345303177036 -3.2477343412738002 5.3828125
      vertex -10.336457691518628 -4.28150096272271 5.78125
      vertex -10.706345303177036 -3.2477343412738002 5.7578125
    endloop
  endfacet
  facet normal -0.9891765099647809 -0.14673047445536166 0
    outer loop
      vertex -10.973124956882163 -2.182690262726239 5.359375
      vertex -10.973124956882163 -2.182690262726239 5.734375
      vertex -11.134227418732241 -1.096625683768755 5.3359375
    endloop
  endfacet
  facet normal -0.9891765099647809 -0.14673047445536166 0
    outer loop
      vertex -11.134227418732241 -1.096625683768755 5.3359375
      vertex -10.973124956882163 -2.182690262726239 5.734375
      vertex -11.134227418732241 -1.096625683768755 5.7109375
    endloop
  endfacet
  facet normal -0.9987954562051724 -0.04906767432741878 0
    outer loop
      vertex -11.134227418732241 -1.096625683768755 5.3359375
      vertex -11.134227418732241 -1.096625683768755 5.7109375
      vertex -11.188101183952089 0 5.3125
    endloop
  endfacet
  facet normal -0.9987954562051724 -0.04906767432741878 0
    outer loop
      vertex -11.134227418732241 -1.096625683768755 5.7109375
      vertex -11.188101183952089 0 5.6875
      vertex -11.188101183952089 0 5.3125
    endloop
  endfacet
  facet normal -0.4767039309777423 -0.15093327338930765 0.8660095318034071
    outer loop
      vertex -11.483284028786507 -3.483416127053548 6.4140625
      vertex -10.336457691518628 -4.28150096272271 6.90625
      vertex -10.706345303177036 -3.2477343412738002 6.8828125
    endloop
  endfacet
  facet normal -0.4892025190918459 -0.1034813323253779 0.8660095318034073
    outer loop
      vertex -10.706345303177036 -3.2477343412738002 6.8828125
      vertex -10.973124956882163 -2.182690262726239 6.859375
      vertex -11.769423364838765 -2.341083864193539 6.390625
    endloop
  endfacet
  facet normal -0.9700312531945444 -0.24298017990326257 0
    outer loop
      vertex -10.706345303177036 -3.2477343412738002 6.8828125
      vertex -10.706345303177036 -3.2477343412738002 7.2578125
      vertex -10.973124956882163 -2.182690262726239 6.859375
    endloop
  endfacet
  facet normal -0.9415440651830201 -0.3368898533922217 0
    outer loop
      vertex -10.706345303177036 -3.2477343412738002 6.8828125
      vertex -10.336457691518628 -4.28150096272271 7.28125
      vertex -10.706345303177036 -3.2477343412738002 7.2578125
    endloop
  endfacet
  facet normal -0.4802188665404715 -0.13934608370610316 -0.8660095318034071
    outer loop
      vertex -10.706345303177036 -3.2477343412738002 7.2578125
      vertex -11.483284028786507 -3.483416127053548 7.7265625
      vertex -10.973124956882163 -2.182690262726239 7.234375
    endloop
  endfacet
  facet normal -0.9700312531945444 -0.24298017990326257 0
    outer loop
      vertex -10.973124956882163 -2.182690262726239 6.859375
      vertex -10.706345303177036 -3.2477343412738002 7.2578125
      vertex -10.973124956882163 -2.182690262726239 7.234375
    endloop
  endfacet
  facet normal -0.9891765099647809 -0.14673047445536166 0
    outer loop
      vertex -10.973124956882163 -2.182690262726239 6.859375
      vertex -10.973124956882163 -2.182690262726239 7.234375
      vertex -11.134227418732241 -1.096625683768755 6.8359375
    endloop
  endfacet
  facet normal -0.9891765099647809 -0.14673047445536166 0
    outer loop
      vertex -11.134227418732241 -1.096625683768755 6.8359375
      vertex -10.973124956882163 -2.182690262726239 7.234375
      vertex -11.134227418732241 -1.096625683768755 7.2109375
    endloop
  endfacet
  facet normal -0.9987954562051724 -0.04906767432741878 0
    outer loop
      vertex -11.134227418732241 -1.096625683768755 6.8359375
      vertex -11.134227418732241 -1.096625683768755 7.2109375
      vertex -11.188101183952089 0 6.8125
    endloop
  endfacet
  facet normal -0.9987954562051724 -0.04906767432741878 0
    outer loop
      vertex -11.134227418732241 -1.096625683768755 7.2109375
      vertex -11.188101183952089 0 7.1875
      vertex -11.188101183952089 0 6.8125
    endloop
  endfacet
  facet normal -0.9415440651830204 -0.3368898533922211 0
    outer loop
      vertex -11.483284028786507 -3.483416127053548 7.7265625
      vertex -11.08655439013544 -4.592201188381077 7.9375
      vertex -11.483284028786507 -3.483416127053548 7.9140625
    endloop
  endfacet
  facet normal -0.9415440651830204 -0.3368898533922211 0
    outer loop
      vertex -11.483284028786507 -3.483416127053548 9.2265625
      vertex -11.08655439013544 -4.592201188381077 9.4375
      vertex -11.483284028786507 -3.483416127053548 9.4140625
    endloop
  endfacet
  facet normal -0.9700312531945441 -0.24298017990326343 0
    outer loop
      vertex -11.483284028786507 -3.483416127053548 7.7265625
      vertex -11.483284028786507 -3.483416127053548 7.9140625
      vertex -11.769423364838765 -2.341083864193539 7.703125
    endloop
  endfacet
  facet normal -0.490181461378376 -0.10503113458377705 0.8652690886013462
    outer loop
      vertex -11.483284028786507 -3.483416127053548 7.9140625
      vertex -10.706345303177036 -3.2477343412738002 8.3828125
      vertex -11.769423364838765 -2.341083864193539 7.890625
    endloop
  endfacet
  facet normal -0.989176509964781 -0.14673047445536164 0
    outer loop
      vertex -11.769423364838765 -2.341083864193539 7.703125
      vertex -11.769423364838765 -2.341083864193539 7.890625
      vertex -11.942216720066362 -1.1762056839547272 7.6796875
    endloop
  endfacet
  facet normal -0.481812788286866 -0.13844075033829775 -0.8652690886013464
    outer loop
      vertex -11.483284028786507 -3.483416127053548 7.7265625
      vertex -11.769423364838765 -2.341083864193539 7.703125
      vertex -10.973124956882163 -2.182690262726239 7.234375
    endloop
  endfacet
  facet normal -0.9700312531945441 -0.24298017990326343 0
    outer loop
      vertex -11.483284028786507 -3.483416127053548 7.9140625
      vertex -11.769423364838765 -2.341083864193539 7.890625
      vertex -11.769423364838765 -2.341083864193539 7.703125
    endloop
  endfacet
  facet normal -0.4981159551190877 -0.056479195875953625 0.8652690886013464
    outer loop
      vertex -11.769423364838765 -2.341083864193539 7.890625
      vertex -10.973124956882163 -2.182690262726239 8.359375
      vertex -11.942216720066362 -1.1762056839547272 7.8671875
    endloop
  endfacet
  facet normal -0.4930622944716725 -0.09054820860362227 -0.8652690886013465
    outer loop
      vertex -11.769423364838765 -2.341083864193539 7.703125
      vertex -11.942216720066362 -1.1762056839547272 7.6796875
      vertex -11.134227418732241 -1.096625683768755 7.2109375
    endloop
  endfacet
  facet normal -0.989176509964781 -0.14673047445536164 0
    outer loop
      vertex -11.942216720066362 -1.1762056839547272 7.6796875
      vertex -11.769423364838765 -2.341083864193539 7.890625
      vertex -11.942216720066362 -1.1762056839547272 7.8671875
    endloop
  endfacet
  facet normal -0.9987954562051724 -0.049067674327418334 0
    outer loop
      vertex -11.942216720066362 -1.1762056839547272 7.6796875
      vertex -11.942216720066362 -1.1762056839547272 7.8671875
      vertex -12 0 7.65625
    endloop
  endfacet
  facet normal -0.49956334122544926 -0.04178363812140806 -0.8652690886013462
    outer loop
      vertex -11.942216720066362 -1.1762056839547272 7.6796875
      vertex -12 0 7.65625
      vertex -11.188101183952089 0 7.1875
    endloop
  endfacet
  facet normal -0.9987954562051724 -0.049067674327418334 0
    outer loop
      vertex -11.942216720066362 -1.1762056839547272 7.8671875
      vertex -12 0 7.84375
      vertex -12 0 7.65625
    endloop
  endfacet
  facet normal -0.5012533199141237 -0.007383331637175875 0.8652690886013464
    outer loop
      vertex -11.942216720066362 -1.1762056839547272 7.8671875
      vertex -11.134227418732241 -1.096625683768755 8.3359375
      vertex -12 0 7.84375
    endloop
  endfacet
  facet normal -0.4969898195217951 -0.055032809462506625 0.8660095318034073
    outer loop
      vertex -10.973124956882163 -2.182690262726239 8.359375
      vertex -11.134227418732241 -1.096625683768755 8.3359375
      vertex -11.942216720066362 -1.1762056839547272 7.8671875
    endloop
  endfacet
  facet normal -0.4999908363074789 -0.006054290560517388 0.8660095318034072
    outer loop
      vertex -11.134227418732241 -1.096625683768755 8.3359375
      vertex -11.188101183952089 0 8.3125
      vertex -12 0 7.84375
    endloop
  endfacet
  facet normal -0.9700312531945441 -0.24298017990326343 0
    outer loop
      vertex -11.483284028786507 -3.483416127053548 9.2265625
      vertex -11.483284028786507 -3.483416127053548 9.4140625
      vertex -11.769423364838765 -2.341083864193539 9.203125
    endloop
  endfacet
  facet normal -0.481812788286866 -0.13844075033829775 -0.8652690886013464
    outer loop
      vertex -11.483284028786507 -3.483416127053548 9.2265625
      vertex -11.769423364838765 -2.341083864193539 9.203125
      vertex -10.973124956882163 -2.182690262726239 8.734375
    endloop
  endfacet
  facet normal -0.49156478608190673 -0.09160541419529998 -0.8660095318034075
    outer loop
      vertex -10.973124956882163 -2.182690262726239 8.734375
      vertex -11.769423364838765 -2.341083864193539 9.203125
      vertex -11.134227418732241 -1.096625683768755 8.7109375
    endloop
  endfacet
  facet normal -0.989176509964781 -0.14673047445536164 0
    outer loop
      vertex -11.769423364838765 -2.341083864193539 9.203125
      vertex -11.769423364838765 -2.341083864193539 9.390625
      vertex -11.942216720066362 -1.1762056839547272 9.1796875
    endloop
  endfacet
  facet normal -0.9700312531945441 -0.24298017990326343 0
    outer loop
      vertex -11.483284028786507 -3.483416127053548 9.4140625
      vertex -11.769423364838765 -2.341083864193539 9.390625
      vertex -11.769423364838765 -2.341083864193539 9.203125
    endloop
  endfacet
  facet normal -0.490181461378376 -0.10503113458377705 0.8652690886013462
    outer loop
      vertex -11.483284028786507 -3.483416127053548 9.4140625
      vertex -10.706345303177036 -3.2477343412738002 9.8828125
      vertex -11.769423364838765 -2.341083864193539 9.390625
    endloop
  endfacet
  facet normal -0.4981159551190877 -0.056479195875953625 0.8652690886013464
    outer loop
      vertex -11.769423364838765 -2.341083864193539 9.390625
      vertex -10.973124956882163 -2.182690262726239 9.859375
      vertex -11.942216720066362 -1.1762056839547272 9.3671875
    endloop
  endfacet
  facet normal -0.4930622944716725 -0.09054820860362227 -0.8652690886013465
    outer loop
      vertex -11.769423364838765 -2.341083864193539 9.203125
      vertex -11.942216720066362 -1.1762056839547272 9.1796875
      vertex -11.134227418732241 -1.096625683768755 8.7109375
    endloop
  endfacet
  facet normal -0.989176509964781 -0.14673047445536164 0
    outer loop
      vertex -11.942216720066362 -1.1762056839547272 9.1796875
      vertex -11.769423364838765 -2.341083864193539 9.390625
      vertex -11.942216720066362 -1.1762056839547272 9.3671875
    endloop
  endfacet
  facet normal -0.49956334122544926 -0.04178363812140806 -0.8652690886013462
    outer loop
      vertex -11.942216720066362 -1.1762056839547272 9.1796875
      vertex -12 0 9.15625
      vertex -11.188101183952089 0 8.6875
    endloop
  endfacet
  facet normal -0.4981766680167274 -0.042982534469182716 -0.8660095318034073
    outer loop
      vertex -11.134227418732241 -1.096625683768755 8.7109375
      vertex -11.942216720066362 -1.1762056839547272 9.1796875
      vertex -11.188101183952089 0 8.6875
    endloop
  endfacet
  facet normal -0.9987954562051724 -0.049067674327418334 0
    outer loop
      vertex -11.942216720066362 -1.1762056839547272 9.1796875
      vertex -11.942216720066362 -1.1762056839547272 9.3671875
      vertex -12 0 9.15625
    endloop
  endfacet
  facet normal -0.9987954562051724 -0.049067674327418334 0
    outer loop
      vertex -11.942216720066362 -1.1762056839547272 9.3671875
      vertex -12 0 9.34375
      vertex -12 0 9.15625
    endloop
  endfacet
  facet normal -0.4969898195217951 -0.055032809462506625 0.8660095318034073
    outer loop
      vertex -10.973124956882163 -2.182690262726239 9.859375
      vertex -11.134227418732241 -1.096625683768755 9.8359375
      vertex -11.942216720066362 -1.1762056839547272 9.3671875
    endloop
  endfacet
  facet normal -0.5012533199141237 -0.007383331637175875 0.8652690886013464
    outer loop
      vertex -11.942216720066362 -1.1762056839547272 9.3671875
      vertex -11.134227418732241 -1.096625683768755 9.8359375
      vertex -12 0 9.34375
    endloop
  endfacet
  facet normal -0.4999908363074789 -0.006054290560517388 0.8660095318034072
    outer loop
      vertex -11.134227418732241 -1.096625683768755 9.8359375
      vertex -11.188101183952089 0 9.8125
      vertex -12 0 9.34375
    endloop
  endfacet
  facet normal -0.8577286100002716 -0.5141027441932224 0
    outer loop
      vertex -9.977635347630542 -6.666842796235226 7.984375
      vertex -10.583055172180261 -5.6567608419119715 7.9609375
      vertex -10.583055172180261 -5.6567608419119715 7.7734375
    endloop
  endfacet
  facet normal -0.3921579920817717 -0.3122843472820705 -0.8652690886013462
    outer loop
      vertex -9.30256615382229 -6.215775981815149 7.328125
      vertex -9.276125440352844 -7.612719409963746 7.8203125
      vertex -9.977635347630542 -6.666842796235226 7.796875
    endloop
  endfacet
  facet normal -0.8032075314806455 -0.5956993044924325 0
    outer loop
      vertex -9.276125440352844 -7.612719409963746 7.8203125
      vertex -9.276125440352844 -7.612719409963746 8.0078125
      vertex -9.977635347630542 -6.666842796235226 7.796875
    endloop
  endfacet
  facet normal -0.8032075314806455 -0.5956993044924325 0
    outer loop
      vertex -9.276125440352844 -7.612719409963746 8.0078125
      vertex -9.977635347630542 -6.666842796235226 7.984375
      vertex -9.977635347630542 -6.666842796235226 7.796875
    endloop
  endfacet
  facet normal -0.42087886285248677 -0.2723424078526758 -0.8652690886013462
    outer loop
      vertex -9.977635347630542 -6.666842796235226 7.796875
      vertex -10.583055172180261 -5.6567608419119715 7.7734375
      vertex -9.867024341808355 -5.274034389394095 7.3046875
    endloop
  endfacet
  facet normal -0.8577286100002716 -0.5141027441932225 0
    outer loop
      vertex -9.977635347630542 -6.666842796235226 7.796875
      vertex -9.977635347630542 -6.666842796235226 7.984375
      vertex -10.583055172180261 -5.6567608419119715 7.7734375
    endloop
  endfacet
  facet normal -0.43858548321680585 -0.2428006965032776 0.8652690886013461
    outer loop
      vertex -9.977635347630542 -6.666842796235226 7.984375
      vertex -9.30256615382229 -6.215775981815149 8.453125
      vertex -10.583055172180261 -5.6567608419119715 7.9609375
    endloop
  endfacet
  facet normal -0.43809857770485894 -0.24103345626411088 0.8660095318034072
    outer loop
      vertex -9.30256615382229 -6.215775981815149 8.453125
      vertex -9.867024341808355 -5.274034389394095 8.4296875
      vertex -10.583055172180261 -5.6567608419119715 7.9609375
    endloop
  endfacet
  facet normal -0.8577286100002717 -0.5141027441932223 0
    outer loop
      vertex -9.30256615382229 -6.215775981815149 8.453125
      vertex -9.30256615382229 -6.215775981815149 8.828125
      vertex -9.867024341808355 -5.274034389394095 8.4296875
    endloop
  endfacet
  facet normal -0.4455464400981436 -0.22977766215815398 -0.8652690886013463
    outer loop
      vertex -10.336457691518628 -4.28150096272271 7.28125
      vertex -10.583055172180261 -5.6567608419119715 7.7734375
      vertex -11.08655439013544 -4.592201188381077 7.75
    endloop
  endfacet
  facet normal -0.9039892931234439 -0.4275550934302809 0
    outer loop
      vertex -10.583055172180261 -5.6567608419119715 7.9609375
      vertex -11.08655439013544 -4.592201188381077 7.9375
      vertex -11.08655439013544 -4.592201188381077 7.75
    endloop
  endfacet
  facet normal -0.9039892931234439 -0.4275550934302809 0
    outer loop
      vertex -10.583055172180261 -5.6567608419119715 7.7734375
      vertex -10.583055172180261 -5.6567608419119715 7.9609375
      vertex -11.08655439013544 -4.592201188381077 7.75
    endloop
  endfacet
  facet normal -0.4602722041787874 -0.1986426499304625 0.8652690886013462
    outer loop
      vertex -10.583055172180261 -5.6567608419119715 7.9609375
      vertex -9.867024341808355 -5.274034389394095 8.4296875
      vertex -11.08655439013544 -4.592201188381077 7.9375
    endloop
  endfacet
  facet normal -0.9415440651830204 -0.3368898533922211 0
    outer loop
      vertex -11.483284028786507 -3.483416127053548 7.7265625
      vertex -11.08655439013544 -4.592201188381077 7.75
      vertex -11.08655439013544 -4.592201188381077 7.9375
    endloop
  endfacet
  facet normal -0.4659231615651954 -0.18500003196780426 -0.8652690886013461
    outer loop
      vertex -10.706345303177036 -3.2477343412738002 7.2578125
      vertex -11.08655439013544 -4.592201188381077 7.75
      vertex -11.483284028786507 -3.483416127053548 7.7265625
    endloop
  endfacet
  facet normal -0.47752625220414546 -0.15257156604970096 0.8652690886013463
    outer loop
      vertex -11.08655439013544 -4.592201188381077 7.9375
      vertex -10.336457691518628 -4.28150096272271 8.40625
      vertex -11.483284028786507 -3.483416127053548 7.9140625
    endloop
  endfacet
  facet normal -0.459614423415447 -0.19693164452197492 0.8660095318034072
    outer loop
      vertex -11.08655439013544 -4.592201188381077 7.9375
      vertex -9.867024341808355 -5.274034389394095 8.4296875
      vertex -10.336457691518628 -4.28150096272271 8.40625
    endloop
  endfacet
  facet normal -0.9415440651830201 -0.3368898533922217 0
    outer loop
      vertex -10.706345303177036 -3.2477343412738002 8.3828125
      vertex -10.336457691518628 -4.28150096272271 8.40625
      vertex -10.336457691518628 -4.28150096272271 8.78125
    endloop
  endfacet
  facet normal -0.903989293123444 -0.42755509343028064 0
    outer loop
      vertex -9.867024341808355 -5.274034389394095 8.4296875
      vertex -9.867024341808355 -5.274034389394095 8.8046875
      vertex -10.336457691518628 -4.28150096272271 8.40625
    endloop
  endfacet
  facet normal -0.8577286100002717 -0.5141027441932223 0
    outer loop
      vertex -9.30256615382229 -6.215775981815149 8.828125
      vertex -9.867024341808355 -5.274034389394095 8.8046875
      vertex -9.867024341808355 -5.274034389394095 8.4296875
    endloop
  endfacet
  facet normal -0.903989293123444 -0.42755509343028064 0
    outer loop
      vertex -10.336457691518628 -4.28150096272271 8.40625
      vertex -9.867024341808355 -5.274034389394095 8.8046875
      vertex -10.336457691518628 -4.28150096272271 8.78125
    endloop
  endfacet
  facet normal -0.39033894432322647 -0.3125107988058539 -0.866009531803407
    outer loop
      vertex -9.30256615382229 -6.215775981815149 7.328125
      vertex -8.64851916847498 -7.097656253642536 7.3515625
      vertex -9.276125440352844 -7.612719409963746 7.8203125
    endloop
  endfacet
  facet normal -0.41267494429623425 -0.28462043964040246 0.865269088601346
    outer loop
      vertex -9.276125440352844 -7.612719409963746 8.0078125
      vertex -8.64851916847498 -7.097656253642536 8.4765625
      vertex -9.977635347630542 -6.666842796235226 7.984375
    endloop
  endfacet
  facet normal -0.41236360320193066 -0.2828139840601314 0.8660095318034071
    outer loop
      vertex -9.977635347630542 -6.666842796235226 7.984375
      vertex -8.64851916847498 -7.097656253642536 8.4765625
      vertex -9.30256615382229 -6.215775981815149 8.453125
    endloop
  endfacet
  facet normal -0.8032075314806458 -0.5956993044924321 0
    outer loop
      vertex -9.30256615382229 -6.215775981815149 8.453125
      vertex -8.64851916847498 -7.097656253642536 8.4765625
      vertex -8.64851916847498 -7.097656253642536 8.8515625
    endloop
  endfacet
  facet normal -0.8032075314806458 -0.5956993044924321 0
    outer loop
      vertex -9.30256615382229 -6.215775981815149 8.453125
      vertex -8.64851916847498 -7.097656253642536 8.8515625
      vertex -9.30256615382229 -6.215775981815149 8.828125
    endloop
  endfacet
  facet normal -0.3921579920817717 -0.3122843472820705 -0.8652690886013462
    outer loop
      vertex -9.30256615382229 -6.215775981815149 8.828125
      vertex -9.276125440352844 -7.612719409963746 9.3203125
      vertex -9.977635347630542 -6.666842796235226 9.296875
    endloop
  endfacet
  facet normal -0.41909077043687964 -0.2727460668098922 -0.8660095318034071
    outer loop
      vertex -9.30256615382229 -6.215775981815149 8.828125
      vertex -9.977635347630542 -6.666842796235226 9.296875
      vertex -9.867024341808355 -5.274034389394095 8.8046875
    endloop
  endfacet
  facet normal -0.8577286100002716 -0.5141027441932225 0
    outer loop
      vertex -9.977635347630542 -6.666842796235226 9.296875
      vertex -9.977635347630542 -6.666842796235226 9.484375
      vertex -10.583055172180261 -5.6567608419119715 9.2734375
    endloop
  endfacet
  facet normal -0.42087886285248677 -0.2723424078526758 -0.8652690886013462
    outer loop
      vertex -9.977635347630542 -6.666842796235226 9.296875
      vertex -10.583055172180261 -5.6567608419119715 9.2734375
      vertex -9.867024341808355 -5.274034389394095 8.8046875
    endloop
  endfacet
  facet normal -0.8577286100002716 -0.5141027441932224 0
    outer loop
      vertex -9.977635347630542 -6.666842796235226 9.484375
      vertex -10.583055172180261 -5.6567608419119715 9.4609375
      vertex -10.583055172180261 -5.6567608419119715 9.2734375
    endloop
  endfacet
  facet normal -0.8032075314806455 -0.5956993044924325 0
    outer loop
      vertex -9.276125440352844 -7.612719409963746 9.3203125
      vertex -9.276125440352844 -7.612719409963746 9.5078125
      vertex -9.977635347630542 -6.666842796235226 9.296875
    endloop
  endfacet
  facet normal -0.8032075314806455 -0.5956993044924325 0
    outer loop
      vertex -9.276125440352844 -7.612719409963746 9.5078125
      vertex -9.977635347630542 -6.666842796235226 9.484375
      vertex -9.977635347630542 -6.666842796235226 9.296875
    endloop
  endfacet
  facet normal -0.43858548321680585 -0.2428006965032776 0.8652690886013461
    outer loop
      vertex -9.977635347630542 -6.666842796235226 9.484375
      vertex -9.30256615382229 -6.215775981815149 9.953125
      vertex -10.583055172180261 -5.6567608419119715 9.4609375
    endloop
  endfacet
  facet normal -0.43809857770485894 -0.24103345626411088 0.8660095318034072
    outer loop
      vertex -9.30256615382229 -6.215775981815149 9.953125
      vertex -9.867024341808355 -5.274034389394095 9.9296875
      vertex -10.583055172180261 -5.6567608419119715 9.4609375
    endloop
  endfacet
  facet normal -0.8577286100002717 -0.5141027441932223 0
    outer loop
      vertex -9.30256615382229 -6.215775981815149 9.953125
      vertex -9.30256615382229 -6.215775981815149 10
      vertex -9.867024341808355 -5.274034389394095 9.9296875
    endloop
  endfacet
  facet normal -0.9039892931234439 -0.4275550934302809 0
    outer loop
      vertex -10.583055172180261 -5.6567608419119715 9.2734375
      vertex -10.583055172180261 -5.6567608419119715 9.4609375
      vertex -11.08655439013544 -4.592201188381077 9.25
    endloop
  endfacet
  facet normal -0.4455464400981436 -0.22977766215815398 -0.8652690886013463
    outer loop
      vertex -10.336457691518628 -4.28150096272271 8.78125
      vertex -10.583055172180261 -5.6567608419119715 9.2734375
      vertex -11.08655439013544 -4.592201188381077 9.25
    endloop
  endfacet
  facet normal -0.46424817679991476 -0.18574477425650066 -0.8660095318034073
    outer loop
      vertex -10.706345303177036 -3.2477343412738002 8.7578125
      vertex -10.336457691518628 -4.28150096272271 8.78125
      vertex -11.08655439013544 -4.592201188381077 9.25
    endloop
  endfacet
  facet normal -0.9415440651830204 -0.3368898533922211 0
    outer loop
      vertex -11.483284028786507 -3.483416127053548 9.2265625
      vertex -11.08655439013544 -4.592201188381077 9.25
      vertex -11.08655439013544 -4.592201188381077 9.4375
    endloop
  endfacet
  facet normal -0.4659231615651954 -0.18500003196780426 -0.8652690886013461
    outer loop
      vertex -10.706345303177036 -3.2477343412738002 8.7578125
      vertex -11.08655439013544 -4.592201188381077 9.25
      vertex -11.483284028786507 -3.483416127053548 9.2265625
    endloop
  endfacet
  facet normal -0.44380652333290777 -0.230354641092383 -0.8660095318034072
    outer loop
      vertex -9.867024341808355 -5.274034389394095 8.8046875
      vertex -10.583055172180261 -5.6567608419119715 9.2734375
      vertex -10.336457691518628 -4.28150096272271 8.78125
    endloop
  endfacet
  facet normal -0.9039892931234439 -0.4275550934302809 0
    outer loop
      vertex -10.583055172180261 -5.6567608419119715 9.4609375
      vertex -11.08655439013544 -4.592201188381077 9.4375
      vertex -11.08655439013544 -4.592201188381077 9.25
    endloop
  endfacet
  facet normal -0.4602722041787874 -0.1986426499304625 0.8652690886013462
    outer loop
      vertex -10.583055172180261 -5.6567608419119715 9.4609375
      vertex -9.867024341808355 -5.274034389394095 9.9296875
      vertex -11.08655439013544 -4.592201188381077 9.4375
    endloop
  endfacet
  facet normal -0.459614423415447 -0.19693164452197492 0.8660095318034072
    outer loop
      vertex -11.08655439013544 -4.592201188381077 9.4375
      vertex -9.867024341808355 -5.274034389394095 9.9296875
      vertex -10.336457691518628 -4.28150096272271 9.90625
    endloop
  endfacet
  facet normal -0.47752625220414546 -0.15257156604970096 0.8652690886013463
    outer loop
      vertex -11.08655439013544 -4.592201188381077 9.4375
      vertex -10.336457691518628 -4.28150096272271 9.90625
      vertex -11.483284028786507 -3.483416127053548 9.4140625
    endloop
  endfacet
  facet normal -0.9415440651830201 -0.3368898533922217 0
    outer loop
      vertex -10.706345303177036 -3.2477343412738002 9.8828125
      vertex -10.336457691518628 -4.28150096272271 9.90625
      vertex -10.336457691518628 -4.28150096272271 10
    endloop
  endfacet
  facet normal -0.903989293123444 -0.42755509343028064 0
    outer loop
      vertex -9.867024341808355 -5.274034389394095 9.9296875
      vertex -9.867024341808355 -5.274034389394095 10
      vertex -10.336457691518628 -4.28150096272271 9.90625
    endloop
  endfacet
  facet normal -0.8577286100002717 -0.5141027441932223 0
    outer loop
      vertex -9.30256615382229 -6.215775981815149 10
      vertex -9.867024341808355 -5.274034389394095 10
      vertex -9.867024341808355 -5.274034389394095 9.9296875
    endloop
  endfacet
  facet normal -0.903989293123444 -0.42755509343028064 0
    outer loop
      vertex -9.867024341808355 -5.274034389394095 10
      vertex -10.336457691518628 -4.28150096272271 10
      vertex -10.336457691518628 -4.28150096272271 9.90625
    endloop
  endfacet
  facet normal -0.39033894432322647 -0.3125107988058539 -0.866009531803407
    outer loop
      vertex -9.30256615382229 -6.215775981815149 8.828125
      vertex -8.64851916847498 -7.097656253642536 8.8515625
      vertex -9.276125440352844 -7.612719409963746 9.3203125
    endloop
  endfacet
  facet normal -0.7409511253549588 -0.6715589548470188 0
    outer loop
      vertex -8.64851916847498 -7.097656253642536 8.4765625
      vertex -7.9111822157737635 -7.9111822157737635 9.27578125
      vertex -8.64851916847498 -7.097656253642536 8.8515625
    endloop
  endfacet
  facet normal -0.41267494429623425 -0.28462043964040246 0.865269088601346
    outer loop
      vertex -9.276125440352844 -7.612719409963746 9.5078125
      vertex -8.64851916847498 -7.097656253642536 9.9765625
      vertex -9.977635347630542 -6.666842796235226 9.484375
    endloop
  endfacet
  facet normal -0.41236360320193066 -0.2828139840601314 0.8660095318034071
    outer loop
      vertex -9.977635347630542 -6.666842796235226 9.484375
      vertex -8.64851916847498 -7.097656253642536 9.9765625
      vertex -9.30256615382229 -6.215775981815149 9.953125
    endloop
  endfacet
  facet normal -0.8032075314806458 -0.5956993044924321 0
    outer loop
      vertex -9.30256615382229 -6.215775981815149 9.953125
      vertex -8.64851916847498 -7.097656253642536 9.9765625
      vertex -8.64851916847498 -7.097656253642536 10
    endloop
  endfacet
  facet normal -0.8032075314806458 -0.5956993044924321 0
    outer loop
      vertex -9.30256615382229 -6.215775981815149 9.953125
      vertex -8.64851916847498 -7.097656253642536 10
      vertex -9.30256615382229 -6.215775981815149 10
    endloop
  endfacet
  facet normal -0.7409511253549588 -0.6715589548470188 0
    outer loop
      vertex -7.9111822157737635 -7.9111822157737635 10
      vertex -8.64851916847498 -7.097656253642536 10
      vertex -8.64851916847498 -7.097656253642536 9.9765625
    endloop
  endfacet
  facet normal -0.4767039309777423 -0.15093327338930765 0.8660095318034071
    outer loop
      vertex -11.483284028786507 -3.483416127053548 7.9140625
      vertex -10.336457691518628 -4.28150096272271 8.40625
      vertex -10.706345303177036 -3.2477343412738002 8.3828125
    endloop
  endfacet
  facet normal -0.9700312531945444 -0.24298017990326257 0
    outer loop
      vertex -10.706345303177036 -3.2477343412738002 8.3828125
      vertex -10.706345303177036 -3.2477343412738002 8.7578125
      vertex -10.973124956882163 -2.182690262726239 8.359375
    endloop
  endfacet
  facet normal -0.9415440651830201 -0.3368898533922217 0
    outer loop
      vertex -10.706345303177036 -3.2477343412738002 8.3828125
      vertex -10.336457691518628 -4.28150096272271 8.78125
      vertex -10.706345303177036 -3.2477343412738002 8.7578125
    endloop
  endfacet
  facet normal -0.4892025190918459 -0.1034813323253779 0.8660095318034073
    outer loop
      vertex -10.706345303177036 -3.2477343412738002 8.3828125
      vertex -10.973124956882163 -2.182690262726239 8.359375
      vertex -11.769423364838765 -2.341083864193539 7.890625
    endloop
  endfacet
  facet normal -0.9700312531945444 -0.24298017990326257 0
    outer loop
      vertex -10.973124956882163 -2.182690262726239 8.359375
      vertex -10.706345303177036 -3.2477343412738002 8.7578125
      vertex -10.973124956882163 -2.182690262726239 8.734375
    endloop
  endfacet
  facet normal -0.9891765099647809 -0.14673047445536166 0
    outer loop
      vertex -10.973124956882163 -2.182690262726239 8.359375
      vertex -10.973124956882163 -2.182690262726239 8.734375
      vertex -11.134227418732241 -1.096625683768755 8.3359375
    endloop
  endfacet
  facet normal -0.9891765099647809 -0.14673047445536166 0
    outer loop
      vertex -11.134227418732241 -1.096625683768755 8.3359375
      vertex -10.973124956882163 -2.182690262726239 8.734375
      vertex -11.134227418732241 -1.096625683768755 8.7109375
    endloop
  endfacet
  facet normal -0.9987954562051724 -0.04906767432741878 0
    outer loop
      vertex -11.134227418732241 -1.096625683768755 8.3359375
      vertex -11.134227418732241 -1.096625683768755 8.7109375
      vertex -11.188101183952089 0 8.3125
    endloop
  endfacet
  facet normal -0.9987954562051724 -0.04906767432741878 0
    outer loop
      vertex -11.134227418732241 -1.096625683768755 8.7109375
      vertex -11.188101183952089 0 8.6875
      vertex -11.188101183952089 0 8.3125
    endloop
  endfacet
  facet normal -0.4802188665404715 -0.13934608370610316 -0.8660095318034071
    outer loop
      vertex -10.706345303177036 -3.2477343412738002 8.7578125
      vertex -11.483284028786507 -3.483416127053548 9.2265625
      vertex -10.973124956882163 -2.182690262726239 8.734375
    endloop
  endfacet
  facet normal -0.4767039309777423 -0.15093327338930765 0.8660095318034071
    outer loop
      vertex -11.483284028786507 -3.483416127053548 9.4140625
      vertex -10.336457691518628 -4.28150096272271 9.90625
      vertex -10.706345303177036 -3.2477343412738002 9.8828125
    endloop
  endfacet
  facet normal -0.9700312531945443 -0.24298017990326257 0
    outer loop
      vertex -10.706345303177036 -3.2477343412738002 9.8828125
      vertex -10.706345303177036 -3.2477343412738002 10
      vertex -10.973124956882163 -2.182690262726239 9.859375
    endloop
  endfacet
  facet normal -0.9415440651830201 -0.3368898533922217 0
    outer loop
      vertex -10.706345303177036 -3.2477343412738002 9.8828125
      vertex -10.336457691518628 -4.28150096272271 10
      vertex -10.706345303177036 -3.2477343412738002 10
    endloop
  endfacet
  facet normal -0.4892025190918459 -0.1034813323253779 0.8660095318034073
    outer loop
      vertex -10.706345303177036 -3.2477343412738002 9.8828125
      vertex -10.973124956882163 -2.182690262726239 9.859375
      vertex -11.769423364838765 -2.341083864193539 9.390625
    endloop
  endfacet
  facet normal -0.9700312531945442 -0.2429801799032625 0
    outer loop
      vertex -10.706345303177036 -3.2477343412738002 10
      vertex -10.973124956882163 -2.182690262726239 10
      vertex -10.973124956882163 -2.182690262726239 9.859375
    endloop
  endfacet
  facet normal -0.9891765099647809 -0.14673047445536166 0
    outer loop
      vertex -10.973124956882163 -2.182690262726239 9.859375
      vertex -10.973124956882163 -2.182690262726239 10
      vertex -11.134227418732241 -1.096625683768755 9.8359375
    endloop
  endfacet
  facet normal -0.9891765099647809 -0.14673047445536166 0
    outer loop
      vertex -10.973124956882163 -2.182690262726239 10
      vertex -11.134227418732241 -1.096625683768755 10
      vertex -11.134227418732241 -1.096625683768755 9.8359375
    endloop
  endfacet
  facet normal -0.9987954562051724 -0.04906767432741878 0
    outer loop
      vertex -11.134227418732241 -1.096625683768755 9.8359375
      vertex -11.134227418732241 -1.096625683768755 10
      vertex -11.188101183952089 0 9.8125
    endloop
  endfacet
  facet normal -0.9987954562051724 -0.04906767432741878 0
    outer loop
      vertex -11.134227418732241 -1.096625683768755 10
      vertex -11.188101183952089 0 10
      vertex -11.188101183952089 0 9.8125
    endloop
  endfacet
  facet normal 0 0 1
    outer loop
      vertex -10.706345303177036 -3.2477343412738002 10
      vertex -10.336457691518628 -4.28150096272271 10
      vertex -2.309698831278217 -0.9567085809127245 10
    endloop
  endfacet
  facet normal 0 0 1
    outer loop
      vertex -10.706345303177036 -3.2477343412738002 10
      vertex -2.392350839330522 -0.7257116931361558 10
      vertex -10.973124956882163 -2.182690262726239 10
    endloop
  endfacet
  facet normal 0 0 1
    outer loop
      vertex -10.973124956882163 -2.182690262726239 10
      vertex -2.451963201008076 -0.4877258050403206 10
      vertex -11.134227418732241 -1.096625683768755 10
    endloop
  endfacet
  facet normal 0 0 1
    outer loop
      vertex -11.134227418732241 -1.096625683768755 10
      vertex -2.4879618166804924 -0.2450428508239015 10
      vertex -11.188101183952089 0 10
    endloop
  endfacet
  facet normal -0.3368898533922211 -0.9415440651830204 0
    outer loop
      vertex -4.592201188381077 -11.08655439013544 4.9375
      vertex -3.483416127053548 -11.483284028786507 4.9609375
      vertex -3.483416127053548 -11.483284028786507 5.1484375
    endloop
  endfacet
  facet normal -0.3368898533922211 -0.9415440651830204 0
    outer loop
      vertex -4.592201188381077 -11.08655439013544 6.4375
      vertex -3.483416127053548 -11.483284028786507 6.4609375
      vertex -3.483416127053548 -11.483284028786507 6.6484375
    endloop
  endfacet
  facet normal -0.5956993044924325 -0.8032075314806455 0
    outer loop
      vertex -7.612719409963746 -9.276125440352844 4.8671875
      vertex -6.666842796235226 -9.977635347630542 5.078125
      vertex -7.612719409963746 -9.276125440352844 5.0546875
    endloop
  endfacet
  facet normal -0.31228434728207055 -0.3921579920817717 0.8652690886013462
    outer loop
      vertex -7.612719409963746 -9.276125440352844 5.0546875
      vertex -6.666842796235226 -9.977635347630542 5.078125
      vertex -6.215775981815149 -9.30256615382229 5.546875
    endloop
  endfacet
  facet normal -0.5141027441932225 -0.8577286100002716 0
    outer loop
      vertex -6.666842796235226 -9.977635347630542 4.890625
      vertex -5.6567608419119715 -10.583055172180261 5.1015625
      vertex -6.666842796235226 -9.977635347630542 5.078125
    endloop
  endfacet
  facet normal -0.2723424078526758 -0.42087886285248677 0.8652690886013462
    outer loop
      vertex -6.666842796235226 -9.977635347630542 5.078125
      vertex -5.6567608419119715 -10.583055172180261 5.1015625
      vertex -5.274034389394095 -9.867024341808355 5.5703125
    endloop
  endfacet
  facet normal -0.27274606680989216 -0.41909077043687964 0.8660095318034071
    outer loop
      vertex -6.666842796235226 -9.977635347630542 5.078125
      vertex -5.274034389394095 -9.867024341808355 5.5703125
      vertex -6.215775981815149 -9.30256615382229 5.546875
    endloop
  endfacet
  facet normal -0.5141027441932223 -0.8577286100002717 0
    outer loop
      vertex -6.215775981815149 -9.30256615382229 5.546875
      vertex -5.274034389394095 -9.867024341808355 5.9453125
      vertex -6.215775981815149 -9.30256615382229 5.921875
    endloop
  endfacet
  facet normal -0.2428006965032777 -0.43858548321680585 -0.8652690886013461
    outer loop
      vertex -6.215775981815149 -9.30256615382229 5.921875
      vertex -5.6567608419119715 -10.583055172180261 6.4140625
      vertex -6.666842796235226 -9.977635347630542 6.390625
    endloop
  endfacet
  facet normal -0.24103345626411088 -0.43809857770485894 -0.8660095318034072
    outer loop
      vertex -6.215775981815149 -9.30256615382229 5.921875
      vertex -5.274034389394095 -9.867024341808355 5.9453125
      vertex -5.6567608419119715 -10.583055172180261 6.4140625
    endloop
  endfacet
  facet normal -0.31251079880585386 -0.39033894432322647 0.8660095318034071
    outer loop
      vertex -7.612719409963746 -9.276125440352844 5.0546875
      vertex -6.215775981815149 -9.30256615382229 5.546875
      vertex -7.097656253642536 -8.64851916847498 5.5234375
    endloop
  endfacet
  facet normal -0.5956993044924321 -0.8032075314806458 0
    outer loop
      vertex -6.215775981815149 -9.30256615382229 5.921875
      vertex -7.097656253642536 -8.64851916847498 5.8984375
      vertex -7.097656253642536 -8.64851916847498 5.5234375
    endloop
  endfacet
  facet normal -0.28462043964040246 -0.41267494429623425 -0.865269088601346
    outer loop
      vertex -7.612719409963746 -9.276125440352844 6.3671875
      vertex -7.097656253642536 -8.64851916847498 5.8984375
      vertex -6.666842796235226 -9.977635347630542 6.390625
    endloop
  endfacet
  facet normal -0.28281398406013136 -0.4123636032019306 -0.8660095318034071
    outer loop
      vertex -6.215775981815149 -9.30256615382229 5.921875
      vertex -6.666842796235226 -9.977635347630542 6.390625
      vertex -7.097656253642536 -8.64851916847498 5.8984375
    endloop
  endfacet
  facet normal -0.6715589548470188 -0.7409511253549588 0
    outer loop
      vertex -7.9111822157737635 -7.9111822157737635 5.5
      vertex -7.097656253642536 -8.64851916847498 5.5234375
      vertex -7.097656253642536 -8.64851916847498 5.8984375
    endloop
  endfacet
  facet normal -0.5956993044924321 -0.8032075314806458 0
    outer loop
      vertex -6.215775981815149 -9.30256615382229 5.546875
      vertex -6.215775981815149 -9.30256615382229 5.921875
      vertex -7.097656253642536 -8.64851916847498 5.5234375
    endloop
  endfacet
  facet normal -0.4275550934302809 -0.9039892931234439 0
    outer loop
      vertex -5.6567608419119715 -10.583055172180261 4.9140625
      vertex -4.592201188381077 -11.08655439013544 5.125
      vertex -5.6567608419119715 -10.583055172180261 5.1015625
    endloop
  endfacet
  facet normal -0.22977766215815398 -0.4455464400981436 0.8652690886013463
    outer loop
      vertex -5.6567608419119715 -10.583055172180261 5.1015625
      vertex -4.592201188381077 -11.08655439013544 5.125
      vertex -4.28150096272271 -10.336457691518628 5.59375
    endloop
  endfacet
  facet normal -0.230354641092383 -0.44380652333290777 0.8660095318034073
    outer loop
      vertex -5.6567608419119715 -10.583055172180261 5.1015625
      vertex -4.28150096272271 -10.336457691518628 5.59375
      vertex -5.274034389394095 -9.867024341808355 5.5703125
    endloop
  endfacet
  facet normal -0.3368898533922211 -0.9415440651830204 0
    outer loop
      vertex -4.592201188381077 -11.08655439013544 4.9375
      vertex -3.483416127053548 -11.483284028786507 5.1484375
      vertex -4.592201188381077 -11.08655439013544 5.125
    endloop
  endfacet
  facet normal -0.18500003196780426 -0.46592316156519553 0.8652690886013462
    outer loop
      vertex -4.592201188381077 -11.08655439013544 5.125
      vertex -3.483416127053548 -11.483284028786507 5.1484375
      vertex -3.2477343412738002 -10.706345303177036 5.6171875
    endloop
  endfacet
  facet normal -0.1857447742565006 -0.4642481767999147 0.8660095318034072
    outer loop
      vertex -4.592201188381077 -11.08655439013544 5.125
      vertex -3.2477343412738002 -10.706345303177036 5.6171875
      vertex -4.28150096272271 -10.336457691518628 5.59375
    endloop
  endfacet
  facet normal -0.19693164452197498 -0.45961442341544695 -0.8660095318034072
    outer loop
      vertex -5.274034389394095 -9.867024341808355 5.9453125
      vertex -4.28150096272271 -10.336457691518628 5.96875
      vertex -4.592201188381077 -11.08655439013544 6.4375
    endloop
  endfacet
  facet normal -0.5141027441932223 -0.8577286100002717 0
    outer loop
      vertex -6.215775981815149 -9.30256615382229 5.546875
      vertex -5.274034389394095 -9.867024341808355 5.5703125
      vertex -5.274034389394095 -9.867024341808355 5.9453125
    endloop
  endfacet
  facet normal -0.42755509343028064 -0.903989293123444 0
    outer loop
      vertex -5.274034389394095 -9.867024341808355 5.5703125
      vertex -4.28150096272271 -10.336457691518628 5.96875
      vertex -5.274034389394095 -9.867024341808355 5.9453125
    endloop
  endfacet
  facet normal -0.3368898533922217 -0.9415440651830201 0
    outer loop
      vertex -3.2477343412738002 -10.706345303177036 5.9921875
      vertex -4.28150096272271 -10.336457691518628 5.96875
      vertex -4.28150096272271 -10.336457691518628 5.59375
    endloop
  endfacet
  facet normal -0.42755509343028064 -0.903989293123444 0
    outer loop
      vertex -5.274034389394095 -9.867024341808355 5.5703125
      vertex -4.28150096272271 -10.336457691518628 5.59375
      vertex -4.28150096272271 -10.336457691518628 5.96875
    endloop
  endfacet
  facet normal -0.5956993044924325 -0.8032075314806455 0
    outer loop
      vertex -7.612719409963746 -9.276125440352844 6.3671875
      vertex -6.666842796235226 -9.977635347630542 6.578125
      vertex -7.612719409963746 -9.276125440352844 6.5546875
    endloop
  endfacet
  facet normal -0.5956993044924325 -0.8032075314806455 0
    outer loop
      vertex -7.612719409963746 -9.276125440352844 6.3671875
      vertex -6.666842796235226 -9.977635347630542 6.390625
      vertex -6.666842796235226 -9.977635347630542 6.578125
    endloop
  endfacet
  facet normal -0.31228434728207055 -0.3921579920817717 0.8652690886013462
    outer loop
      vertex -7.612719409963746 -9.276125440352844 6.5546875
      vertex -6.666842796235226 -9.977635347630542 6.578125
      vertex -6.215775981815149 -9.30256615382229 7.046875
    endloop
  endfacet
  facet normal -0.5141027441932224 -0.8577286100002716 0
    outer loop
      vertex -6.666842796235226 -9.977635347630542 6.390625
      vertex -5.6567608419119715 -10.583055172180261 6.4140625
      vertex -5.6567608419119715 -10.583055172180261 6.6015625
    endloop
  endfacet
  facet normal -0.5141027441932225 -0.8577286100002716 0
    outer loop
      vertex -6.666842796235226 -9.977635347630542 6.390625
      vertex -5.6567608419119715 -10.583055172180261 6.6015625
      vertex -6.666842796235226 -9.977635347630542 6.578125
    endloop
  endfacet
  facet normal -0.2723424078526758 -0.42087886285248677 0.8652690886013462
    outer loop
      vertex -6.666842796235226 -9.977635347630542 6.578125
      vertex -5.6567608419119715 -10.583055172180261 6.6015625
      vertex -5.274034389394095 -9.867024341808355 7.0703125
    endloop
  endfacet
  facet normal -0.27274606680989216 -0.41909077043687964 0.8660095318034071
    outer loop
      vertex -6.666842796235226 -9.977635347630542 6.578125
      vertex -5.274034389394095 -9.867024341808355 7.0703125
      vertex -6.215775981815149 -9.30256615382229 7.046875
    endloop
  endfacet
  facet normal -0.5141027441932223 -0.8577286100002717 0
    outer loop
      vertex -6.215775981815149 -9.30256615382229 7.046875
      vertex -5.274034389394095 -9.867024341808355 7.4453125
      vertex -6.215775981815149 -9.30256615382229 7.421875
    endloop
  endfacet
  facet normal -0.31251079880585386 -0.39033894432322647 0.8660095318034071
    outer loop
      vertex -7.612719409963746 -9.276125440352844 6.5546875
      vertex -6.215775981815149 -9.30256615382229 7.046875
      vertex -7.097656253642536 -8.64851916847498 7.0234375
    endloop
  endfacet
  facet normal -0.5956993044924321 -0.8032075314806458 0
    outer loop
      vertex -6.215775981815149 -9.30256615382229 7.421875
      vertex -7.097656253642536 -8.64851916847498 7.3984375
      vertex -7.097656253642536 -8.64851916847498 7.0234375
    endloop
  endfacet
  facet normal -0.6715589548470188 -0.7409511253549588 0
    outer loop
      vertex -7.9111822157737635 -7.9111822157737635 7
      vertex -7.097656253642536 -8.64851916847498 7.0234375
      vertex -7.097656253642536 -8.64851916847498 7.3984375
    endloop
  endfacet
  facet normal -0.5956993044924321 -0.8032075314806458 0
    outer loop
      vertex -6.215775981815149 -9.30256615382229 7.046875
      vertex -6.215775981815149 -9.30256615382229 7.421875
      vertex -7.097656253642536 -8.64851916847498 7.0234375
    endloop
  endfacet
  facet normal -0.19864264993046243 -0.4602722041787875 -0.8652690886013462
    outer loop
      vertex -5.274034389394095 -9.867024341808355 5.9453125
      vertex -4.592201188381077 -11.08655439013544 6.4375
      vertex -5.6567608419119715 -10.583055172180261 6.4140625
    endloop
  endfacet
  facet normal -0.4275550934302809 -0.9039892931234439 0
    outer loop
      vertex -5.6567608419119715 -10.583055172180261 6.4140625
      vertex -4.592201188381077 -11.08655439013544 6.625
      vertex -5.6567608419119715 -10.583055172180261 6.6015625
    endloop
  endfacet
  facet normal -0.4275550934302809 -0.9039892931234439 0
    outer loop
      vertex -5.6567608419119715 -10.583055172180261 6.4140625
      vertex -4.592201188381077 -11.08655439013544 6.4375
      vertex -4.592201188381077 -11.08655439013544 6.625
    endloop
  endfacet
  facet normal -0.22977766215815398 -0.4455464400981436 0.8652690886013463
    outer loop
      vertex -5.6567608419119715 -10.583055172180261 6.6015625
      vertex -4.592201188381077 -11.08655439013544 6.625
      vertex -4.28150096272271 -10.336457691518628 7.09375
    endloop
  endfacet
  facet normal -0.15257156604970099 -0.4775262522041456 -0.8652690886013463
    outer loop
      vertex -4.28150096272271 -10.336457691518628 5.96875
      vertex -3.483416127053548 -11.483284028786507 6.4609375
      vertex -4.592201188381077 -11.08655439013544 6.4375
    endloop
  endfacet
  facet normal -0.3368898533922211 -0.9415440651830204 0
    outer loop
      vertex -4.592201188381077 -11.08655439013544 6.4375
      vertex -3.483416127053548 -11.483284028786507 6.6484375
      vertex -4.592201188381077 -11.08655439013544 6.625
    endloop
  endfacet
  facet normal -0.18500003196780426 -0.46592316156519553 0.8652690886013462
    outer loop
      vertex -4.592201188381077 -11.08655439013544 6.625
      vertex -3.483416127053548 -11.483284028786507 6.6484375
      vertex -3.2477343412738002 -10.706345303177036 7.1171875
    endloop
  endfacet
  facet normal -0.230354641092383 -0.44380652333290777 0.8660095318034073
    outer loop
      vertex -5.6567608419119715 -10.583055172180261 6.6015625
      vertex -4.28150096272271 -10.336457691518628 7.09375
      vertex -5.274034389394095 -9.867024341808355 7.0703125
    endloop
  endfacet
  facet normal -0.5141027441932223 -0.8577286100002717 0
    outer loop
      vertex -6.215775981815149 -9.30256615382229 7.046875
      vertex -5.274034389394095 -9.867024341808355 7.0703125
      vertex -5.274034389394095 -9.867024341808355 7.4453125
    endloop
  endfacet
  facet normal -0.42755509343028064 -0.903989293123444 0
    outer loop
      vertex -5.274034389394095 -9.867024341808355 7.0703125
      vertex -4.28150096272271 -10.336457691518628 7.46875
      vertex -5.274034389394095 -9.867024341808355 7.4453125
    endloop
  endfacet
  facet normal -0.1857447742565006 -0.4642481767999147 0.8660095318034072
    outer loop
      vertex -4.592201188381077 -11.08655439013544 6.625
      vertex -3.2477343412738002 -10.706345303177036 7.1171875
      vertex -4.28150096272271 -10.336457691518628 7.09375
    endloop
  endfacet
  facet normal -0.3368898533922217 -0.9415440651830201 0
    outer loop
      vertex -3.2477343412738002 -10.706345303177036 7.4921875
      vertex -4.28150096272271 -10.336457691518628 7.46875
      vertex -4.28150096272271 -10.336457691518628 7.09375
    endloop
  endfacet
  facet normal -0.42755509343028064 -0.903989293123444 0
    outer loop
      vertex -5.274034389394095 -9.867024341808355 7.0703125
      vertex -4.28150096272271 -10.336457691518628 7.09375
      vertex -4.28150096272271 -10.336457691518628 7.46875
    endloop
  endfacet
  facet normal -0.24298017990326343 -0.9700312531945441 0
    outer loop
      vertex -3.483416127053548 -11.483284028786507 4.9609375
      vertex -2.341083864193539 -11.769423364838765 5.171875
      vertex -3.483416127053548 -11.483284028786507 5.1484375
    endloop
  endfacet
  facet normal -0.24298017990326343 -0.9700312531945441 0
    outer loop
      vertex -3.483416127053548 -11.483284028786507 4.9609375
      vertex -2.341083864193539 -11.769423364838765 4.984375
      vertex -2.341083864193539 -11.769423364838765 5.171875
    endloop
  endfacet
  facet normal -0.14673047445536164 -0.989176509964781 0
    outer loop
      vertex -2.341083864193539 -11.769423364838765 4.984375
      vertex -1.1762056839547272 -11.942216720066362 5.1953125
      vertex -2.341083864193539 -11.769423364838765 5.171875
    endloop
  endfacet
  facet normal -0.13844075033829775 -0.481812788286866 0.8652690886013464
    outer loop
      vertex -3.483416127053548 -11.483284028786507 5.1484375
      vertex -2.341083864193539 -11.769423364838765 5.171875
      vertex -2.182690262726239 -10.973124956882163 5.640625
    endloop
  endfacet
  facet normal -0.09160541419530001 -0.4915647860819066 0.8660095318034075
    outer loop
      vertex -2.341083864193539 -11.769423364838765 5.171875
      vertex -1.096625683768755 -11.134227418732241 5.6640625
      vertex -2.182690262726239 -10.973124956882163 5.640625
    endloop
  endfacet
  facet normal -0.14673047445536164 -0.989176509964781 0
    outer loop
      vertex -2.341083864193539 -11.769423364838765 4.984375
      vertex -1.1762056839547272 -11.942216720066362 5.0078125
      vertex -1.1762056839547272 -11.942216720066362 5.1953125
    endloop
  endfacet
  facet normal -0.09054820860362227 -0.4930622944716725 0.8652690886013465
    outer loop
      vertex -2.341083864193539 -11.769423364838765 5.171875
      vertex -1.1762056839547272 -11.942216720066362 5.1953125
      vertex -1.096625683768755 -11.134227418732241 5.6640625
    endloop
  endfacet
  facet normal -0.049067674327418334 -0.9987954562051724 0
    outer loop
      vertex -1.1762056839547272 -11.942216720066362 5.0078125
      vertex 0 -12 5.21875
      vertex -1.1762056839547272 -11.942216720066362 5.1953125
    endloop
  endfacet
  facet normal -0.049067674327418334 -0.9987954562051724 0
    outer loop
      vertex -1.1762056839547272 -11.942216720066362 5.0078125
      vertex 0 -12 5.03125
      vertex 0 -12 5.21875
    endloop
  endfacet
  facet normal -0.042982534469182744 -0.4981766680167274 0.8660095318034073
    outer loop
      vertex -1.1762056839547272 -11.942216720066362 5.1953125
      vertex 0 -11.188101183952089 5.6875
      vertex -1.096625683768755 -11.134227418732241 5.6640625
    endloop
  endfacet
  facet normal -0.04178363812140806 -0.49956334122544926 0.8652690886013462
    outer loop
      vertex -1.1762056839547272 -11.942216720066362 5.1953125
      vertex 0 -12 5.21875
      vertex 0 -11.188101183952089 5.6875
    endloop
  endfacet
  facet normal -0.055032809462506625 -0.4969898195217951 -0.8660095318034073
    outer loop
      vertex -2.182690262726239 -10.973124956882163 6.015625
      vertex -1.096625683768755 -11.134227418732241 6.0390625
      vertex -1.1762056839547272 -11.942216720066362 6.5078125
    endloop
  endfacet
  facet normal -0.006054290560517388 -0.4999908363074789 -0.8660095318034072
    outer loop
      vertex -1.096625683768755 -11.134227418732241 6.0390625
      vertex 0 -11.188101183952089 6.0625
      vertex 0 -12 6.53125
    endloop
  endfacet
  facet normal -0.10503113458377707 -0.49018146137837604 -0.8652690886013462
    outer loop
      vertex -3.2477343412738002 -10.706345303177036 5.9921875
      vertex -2.341083864193539 -11.769423364838765 6.484375
      vertex -3.483416127053548 -11.483284028786507 6.4609375
    endloop
  endfacet
  facet normal -0.24298017990326343 -0.9700312531945441 0
    outer loop
      vertex -3.483416127053548 -11.483284028786507 6.4609375
      vertex -2.341083864193539 -11.769423364838765 6.671875
      vertex -3.483416127053548 -11.483284028786507 6.6484375
    endloop
  endfacet
  facet normal -0.24298017990326343 -0.9700312531945441 0
    outer loop
      vertex -3.483416127053548 -11.483284028786507 6.4609375
      vertex -2.341083864193539 -11.769423364838765 6.484375
      vertex -2.341083864193539 -11.769423364838765 6.671875
    endloop
  endfacet
  facet normal -0.0564791958759536 -0.4981159551190877 -0.8652690886013464
    outer loop
      vertex -2.182690262726239 -10.973124956882163 6.015625
      vertex -1.1762056839547272 -11.942216720066362 6.5078125
      vertex -2.341083864193539 -11.769423364838765 6.484375
    endloop
  endfacet
  facet normal -0.13844075033829775 -0.481812788286866 0.8652690886013464
    outer loop
      vertex -3.483416127053548 -11.483284028786507 6.6484375
      vertex -2.341083864193539 -11.769423364838765 6.671875
      vertex -2.182690262726239 -10.973124956882163 7.140625
    endloop
  endfacet
  facet normal -0.14673047445536164 -0.989176509964781 0
    outer loop
      vertex -2.341083864193539 -11.769423364838765 6.484375
      vertex -1.1762056839547272 -11.942216720066362 6.6953125
      vertex -2.341083864193539 -11.769423364838765 6.671875
    endloop
  endfacet
  facet normal -0.09160541419530001 -0.4915647860819066 0.8660095318034075
    outer loop
      vertex -2.341083864193539 -11.769423364838765 6.671875
      vertex -1.096625683768755 -11.134227418732241 7.1640625
      vertex -2.182690262726239 -10.973124956882163 7.140625
    endloop
  endfacet
  facet normal -0.14673047445536164 -0.989176509964781 0
    outer loop
      vertex -2.341083864193539 -11.769423364838765 6.484375
      vertex -1.1762056839547272 -11.942216720066362 6.5078125
      vertex -1.1762056839547272 -11.942216720066362 6.6953125
    endloop
  endfacet
  facet normal -0.09054820860362227 -0.4930622944716725 0.8652690886013465
    outer loop
      vertex -2.341083864193539 -11.769423364838765 6.671875
      vertex -1.1762056839547272 -11.942216720066362 6.6953125
      vertex -1.096625683768755 -11.134227418732241 7.1640625
    endloop
  endfacet
  facet normal -0.00738333163717585 -0.5012533199141237 -0.8652690886013464
    outer loop
      vertex -1.096625683768755 -11.134227418732241 6.0390625
      vertex 0 -12 6.53125
      vertex -1.1762056839547272 -11.942216720066362 6.5078125
    endloop
  endfacet
  facet normal -0.049067674327418334 -0.9987954562051724 0
    outer loop
      vertex -1.1762056839547272 -11.942216720066362 6.5078125
      vertex 0 -12 6.71875
      vertex -1.1762056839547272 -11.942216720066362 6.6953125
    endloop
  endfacet
  facet normal -0.049067674327418334 -0.9987954562051724 0
    outer loop
      vertex -1.1762056839547272 -11.942216720066362 6.5078125
      vertex 0 -12 6.53125
      vertex 0 -12 6.71875
    endloop
  endfacet
  facet normal -0.04178363812140806 -0.49956334122544926 0.8652690886013462
    outer loop
      vertex -1.1762056839547272 -11.942216720066362 6.6953125
      vertex 0 -12 6.71875
      vertex 0 -11.188101183952089 7.1875
    endloop
  endfacet
  facet normal -0.042982534469182744 -0.4981766680167274 0.8660095318034073
    outer loop
      vertex -1.1762056839547272 -11.942216720066362 6.6953125
      vertex 0 -11.188101183952089 7.1875
      vertex -1.096625683768755 -11.134227418732241 7.1640625
    endloop
  endfacet
  facet normal -0.13934608370610316 -0.4802188665404716 0.8660095318034071
    outer loop
      vertex -3.483416127053548 -11.483284028786507 5.1484375
      vertex -2.182690262726239 -10.973124956882163 5.640625
      vertex -3.2477343412738002 -10.706345303177036 5.6171875
    endloop
  endfacet
  facet normal -0.3368898533922217 -0.9415440651830201 0
    outer loop
      vertex -3.2477343412738002 -10.706345303177036 5.6171875
      vertex -3.2477343412738002 -10.706345303177036 5.9921875
      vertex -4.28150096272271 -10.336457691518628 5.59375
    endloop
  endfacet
  facet normal -0.24298017990326257 -0.9700312531945444 0
    outer loop
      vertex -3.2477343412738002 -10.706345303177036 5.6171875
      vertex -2.182690262726239 -10.973124956882163 6.015625
      vertex -3.2477343412738002 -10.706345303177036 5.9921875
    endloop
  endfacet
  facet normal -0.15093327338930768 -0.4767039309777424 -0.8660095318034072
    outer loop
      vertex -3.2477343412738002 -10.706345303177036 5.9921875
      vertex -3.483416127053548 -11.483284028786507 6.4609375
      vertex -4.28150096272271 -10.336457691518628 5.96875
    endloop
  endfacet
  facet normal -0.24298017990326257 -0.9700312531945444 0
    outer loop
      vertex -3.2477343412738002 -10.706345303177036 5.6171875
      vertex -2.182690262726239 -10.973124956882163 5.640625
      vertex -2.182690262726239 -10.973124956882163 6.015625
    endloop
  endfacet
  facet normal -0.1034813323253779 -0.4892025190918459 -0.8660095318034073
    outer loop
      vertex -3.2477343412738002 -10.706345303177036 5.9921875
      vertex -2.182690262726239 -10.973124956882163 6.015625
      vertex -2.341083864193539 -11.769423364838765 6.484375
    endloop
  endfacet
  facet normal -0.14673047445536166 -0.9891765099647809 0
    outer loop
      vertex -2.182690262726239 -10.973124956882163 5.640625
      vertex -1.096625683768755 -11.134227418732241 6.0390625
      vertex -2.182690262726239 -10.973124956882163 6.015625
    endloop
  endfacet
  facet normal -0.14673047445536166 -0.9891765099647809 0
    outer loop
      vertex -2.182690262726239 -10.973124956882163 5.640625
      vertex -1.096625683768755 -11.134227418732241 5.6640625
      vertex -1.096625683768755 -11.134227418732241 6.0390625
    endloop
  endfacet
  facet normal -0.04906767432741878 -0.9987954562051724 0
    outer loop
      vertex -1.096625683768755 -11.134227418732241 5.6640625
      vertex 0 -11.188101183952089 6.0625
      vertex -1.096625683768755 -11.134227418732241 6.0390625
    endloop
  endfacet
  facet normal -0.04906767432741878 -0.9987954562051724 0
    outer loop
      vertex -1.096625683768755 -11.134227418732241 5.6640625
      vertex 0 -11.188101183952089 5.6875
      vertex 0 -11.188101183952089 6.0625
    endloop
  endfacet
  facet normal -0.13934608370610316 -0.4802188665404716 0.8660095318034071
    outer loop
      vertex -3.483416127053548 -11.483284028786507 6.6484375
      vertex -2.182690262726239 -10.973124956882163 7.140625
      vertex -3.2477343412738002 -10.706345303177036 7.1171875
    endloop
  endfacet
  facet normal -0.3368898533922217 -0.9415440651830201 0
    outer loop
      vertex -3.2477343412738002 -10.706345303177036 7.1171875
      vertex -3.2477343412738002 -10.706345303177036 7.4921875
      vertex -4.28150096272271 -10.336457691518628 7.09375
    endloop
  endfacet
  facet normal -0.24298017990326257 -0.9700312531945444 0
    outer loop
      vertex -3.2477343412738002 -10.706345303177036 7.1171875
      vertex -2.182690262726239 -10.973124956882163 7.515625
      vertex -3.2477343412738002 -10.706345303177036 7.4921875
    endloop
  endfacet
  facet normal -0.24298017990326257 -0.9700312531945444 0
    outer loop
      vertex -3.2477343412738002 -10.706345303177036 7.1171875
      vertex -2.182690262726239 -10.973124956882163 7.140625
      vertex -2.182690262726239 -10.973124956882163 7.515625
    endloop
  endfacet
  facet normal -0.14673047445536166 -0.9891765099647809 0
    outer loop
      vertex -2.182690262726239 -10.973124956882163 7.140625
      vertex -1.096625683768755 -11.134227418732241 7.1640625
      vertex -1.096625683768755 -11.134227418732241 7.5390625
    endloop
  endfacet
  facet normal -0.14673047445536166 -0.9891765099647809 0
    outer loop
      vertex -2.182690262726239 -10.973124956882163 7.140625
      vertex -1.096625683768755 -11.134227418732241 7.5390625
      vertex -2.182690262726239 -10.973124956882163 7.515625
    endloop
  endfacet
  facet normal -0.04906767432741878 -0.9987954562051724 0
    outer loop
      vertex -1.096625683768755 -11.134227418732241 7.1640625
      vertex 0 -11.188101183952089 7.5625
      vertex -1.096625683768755 -11.134227418732241 7.5390625
    endloop
  endfacet
  facet normal -0.04906767432741878 -0.9987954562051724 0
    outer loop
      vertex -1.096625683768755 -11.134227418732241 7.1640625
      vertex 0 -11.188101183952089 7.1875
      vertex 0 -11.188101183952089 7.5625
    endloop
  endfacet
  facet normal -0.3368898533922211 -0.9415440651830204 0
    outer loop
      vertex -4.592201188381077 -11.08655439013544 7.9375
      vertex -3.483416127053548 -11.483284028786507 7.9609375
      vertex -3.483416127053548 -11.483284028786507 8.1484375
    endloop
  endfacet
  facet normal -0.5956993044924325 -0.8032075314806455 0
    outer loop
      vertex -7.612719409963746 -9.276125440352844 7.8671875
      vertex -6.666842796235226 -9.977635347630542 8.078125
      vertex -7.612719409963746 -9.276125440352844 8.0546875
    endloop
  endfacet
  facet normal -0.5956993044924325 -0.8032075314806455 0
    outer loop
      vertex -7.612719409963746 -9.276125440352844 7.8671875
      vertex -6.666842796235226 -9.977635347630542 7.890625
      vertex -6.666842796235226 -9.977635347630542 8.078125
    endloop
  endfacet
  facet normal -0.5141027441932224 -0.8577286100002716 0
    outer loop
      vertex -6.666842796235226 -9.977635347630542 7.890625
      vertex -5.6567608419119715 -10.583055172180261 7.9140625
      vertex -5.6567608419119715 -10.583055172180261 8.1015625
    endloop
  endfacet
  facet normal -0.2428006965032777 -0.43858548321680585 -0.8652690886013461
    outer loop
      vertex -6.215775981815149 -9.30256615382229 7.421875
      vertex -5.6567608419119715 -10.583055172180261 7.9140625
      vertex -6.666842796235226 -9.977635347630542 7.890625
    endloop
  endfacet
  facet normal -0.24103345626411088 -0.43809857770485894 -0.8660095318034072
    outer loop
      vertex -6.215775981815149 -9.30256615382229 7.421875
      vertex -5.274034389394095 -9.867024341808355 7.4453125
      vertex -5.6567608419119715 -10.583055172180261 7.9140625
    endloop
  endfacet
  facet normal -0.5141027441932225 -0.8577286100002716 0
    outer loop
      vertex -6.666842796235226 -9.977635347630542 7.890625
      vertex -5.6567608419119715 -10.583055172180261 8.1015625
      vertex -6.666842796235226 -9.977635347630542 8.078125
    endloop
  endfacet
  facet normal -0.31228434728207055 -0.3921579920817717 0.8652690886013462
    outer loop
      vertex -7.612719409963746 -9.276125440352844 8.0546875
      vertex -6.666842796235226 -9.977635347630542 8.078125
      vertex -6.215775981815149 -9.30256615382229 8.546875
    endloop
  endfacet
  facet normal -0.2723424078526758 -0.42087886285248677 0.8652690886013462
    outer loop
      vertex -6.666842796235226 -9.977635347630542 8.078125
      vertex -5.6567608419119715 -10.583055172180261 8.1015625
      vertex -5.274034389394095 -9.867024341808355 8.5703125
    endloop
  endfacet
  facet normal -0.27274606680989216 -0.41909077043687964 0.8660095318034071
    outer loop
      vertex -6.666842796235226 -9.977635347630542 8.078125
      vertex -5.274034389394095 -9.867024341808355 8.5703125
      vertex -6.215775981815149 -9.30256615382229 8.546875
    endloop
  endfacet
  facet normal -0.28462043964040246 -0.41267494429623425 -0.865269088601346
    outer loop
      vertex -7.612719409963746 -9.276125440352844 7.8671875
      vertex -7.097656253642536 -8.64851916847498 7.3984375
      vertex -6.666842796235226 -9.977635347630542 7.890625
    endloop
  endfacet
  facet normal -0.28281398406013136 -0.4123636032019306 -0.8660095318034071
    outer loop
      vertex -6.215775981815149 -9.30256615382229 7.421875
      vertex -6.666842796235226 -9.977635347630542 7.890625
      vertex -7.097656253642536 -8.64851916847498 7.3984375
    endloop
  endfacet
  facet normal -0.31251079880585386 -0.39033894432322647 0.8660095318034071
    outer loop
      vertex -7.612719409963746 -9.276125440352844 8.0546875
      vertex -6.215775981815149 -9.30256615382229 8.546875
      vertex -7.097656253642536 -8.64851916847498 8.5234375
    endloop
  endfacet
  facet normal -0.19864264993046243 -0.4602722041787875 -0.8652690886013462
    outer loop
      vertex -5.274034389394095 -9.867024341808355 7.4453125
      vertex -4.592201188381077 -11.08655439013544 7.9375
      vertex -5.6567608419119715 -10.583055172180261 7.9140625
    endloop
  endfacet
  facet normal -0.19693164452197498 -0.45961442341544695 -0.8660095318034072
    outer loop
      vertex -5.274034389394095 -9.867024341808355 7.4453125
      vertex -4.28150096272271 -10.336457691518628 7.46875
      vertex -4.592201188381077 -11.08655439013544 7.9375
    endloop
  endfacet
  facet normal -0.4275550934302809 -0.9039892931234439 0
    outer loop
      vertex -5.6567608419119715 -10.583055172180261 7.9140625
      vertex -4.592201188381077 -11.08655439013544 8.125
      vertex -5.6567608419119715 -10.583055172180261 8.1015625
    endloop
  endfacet
  facet normal -0.4275550934302809 -0.9039892931234439 0
    outer loop
      vertex -5.6567608419119715 -10.583055172180261 7.9140625
      vertex -4.592201188381077 -11.08655439013544 7.9375
      vertex -4.592201188381077 -11.08655439013544 8.125
    endloop
  endfacet
  facet normal -0.15257156604970099 -0.4775262522041456 -0.8652690886013463
    outer loop
      vertex -4.28150096272271 -10.336457691518628 7.46875
      vertex -3.483416127053548 -11.483284028786507 7.9609375
      vertex -4.592201188381077 -11.08655439013544 7.9375
    endloop
  endfacet
  facet normal -0.3368898533922211 -0.9415440651830204 0
    outer loop
      vertex -4.592201188381077 -11.08655439013544 7.9375
      vertex -3.483416127053548 -11.483284028786507 8.1484375
      vertex -4.592201188381077 -11.08655439013544 8.125
    endloop
  endfacet
  facet normal -0.22977766215815398 -0.4455464400981436 0.8652690886013463
    outer loop
      vertex -5.6567608419119715 -10.583055172180261 8.1015625
      vertex -4.592201188381077 -11.08655439013544 8.125
      vertex -4.28150096272271 -10.336457691518628 8.59375
    endloop
  endfacet
  facet normal -0.230354641092383 -0.44380652333290777 0.8660095318034073
    outer loop
      vertex -5.6567608419119715 -10.583055172180261 8.1015625
      vertex -4.28150096272271 -10.336457691518628 8.59375
      vertex -5.274034389394095 -9.867024341808355 8.5703125
    endloop
  endfacet
  facet normal -0.18500003196780426 -0.46592316156519553 0.8652690886013462
    outer loop
      vertex -4.592201188381077 -11.08655439013544 8.125
      vertex -3.483416127053548 -11.483284028786507 8.1484375
      vertex -3.2477343412738002 -10.706345303177036 8.6171875
    endloop
  endfacet
  facet normal -0.1857447742565006 -0.4642481767999147 0.8660095318034072
    outer loop
      vertex -4.592201188381077 -11.08655439013544 8.125
      vertex -3.2477343412738002 -10.706345303177036 8.6171875
      vertex -4.28150096272271 -10.336457691518628 8.59375
    endloop
  endfacet
  facet normal -0.5141027441932223 -0.8577286100002717 0
    outer loop
      vertex -6.215775981815149 -9.30256615382229 8.546875
      vertex -5.274034389394095 -9.867024341808355 9.34609375
      vertex -6.215775981815149 -9.30256615382229 9.32265625
    endloop
  endfacet
  facet normal -0.5141027441932223 -0.8577286100002717 0
    outer loop
      vertex -6.215775981815149 -9.30256615382229 9.32265625
      vertex -5.274034389394095 -9.867024341808355 9.480859375
      vertex -6.215775981815149 -9.30256615382229 9.457421875
    endloop
  endfacet
  facet normal -0.5141027441932222 -0.8577286100002718 0
    outer loop
      vertex -6.215775981815149 -9.30256615382229 9.457421875
      vertex -5.274034389394095 -9.867024341808355 9.534765625
      vertex -6.215775981815149 -9.30256615382229 9.511328125
    endloop
  endfacet
  facet normal -0.5141027441932223 -0.8577286100002717 0
    outer loop
      vertex -6.215775981815149 -9.30256615382229 9.511328125
      vertex -5.274034389394095 -9.867024341808355 9.66953125
      vertex -6.215775981815149 -9.30256615382229 9.64609375
    endloop
  endfacet
  facet normal -0.5141027441932223 -0.8577286100002717 0
    outer loop
      vertex -6.215775981815149 -9.30256615382229 9.64609375
      vertex -5.274034389394095 -9.867024341808355 10
      vertex -6.215775981815149 -9.30256615382229 10
    endloop
  endfacet
  facet normal -0.5956993044924321 -0.8032075314806458 0
    outer loop
      vertex -6.215775981815149 -9.30256615382229 9.32265625
      vertex -7.097656253642536 -8.64851916847498 9.29921875
      vertex -7.097656253642536 -8.64851916847498 8.5234375
    endloop
  endfacet
  facet normal -0.6715589548470187 -0.7409511253549588 0
    outer loop
      vertex -7.9111822157737635 -7.9111822157737635 8.5
      vertex -7.097656253642536 -8.64851916847498 8.5234375
      vertex -7.097656253642536 -8.64851916847498 9.29921875
    endloop
  endfacet
  facet normal -0.6715589548470188 -0.7409511253549588 0
    outer loop
      vertex -7.9111822157737635 -7.9111822157737635 9.27578125
      vertex -7.097656253642536 -8.64851916847498 9.29921875
      vertex -7.097656253642536 -8.64851916847498 9.433984375
    endloop
  endfacet
  facet normal -0.5956993044924321 -0.8032075314806458 0
    outer loop
      vertex -6.215775981815149 -9.30256615382229 8.546875
      vertex -6.215775981815149 -9.30256615382229 9.32265625
      vertex -7.097656253642536 -8.64851916847498 8.5234375
    endloop
  endfacet
  facet normal -0.595699304492432 -0.8032075314806458 0
    outer loop
      vertex -6.215775981815149 -9.30256615382229 9.32265625
      vertex -6.215775981815149 -9.30256615382229 9.457421875
      vertex -7.097656253642536 -8.64851916847498 9.29921875
    endloop
  endfacet
  facet normal -0.595699304492432 -0.8032075314806458 0
    outer loop
      vertex -6.215775981815149 -9.30256615382229 9.457421875
      vertex -7.097656253642536 -8.64851916847498 9.433984375
      vertex -7.097656253642536 -8.64851916847498 9.29921875
    endloop
  endfacet
  facet normal -0.5956993044924321 -0.8032075314806458 0
    outer loop
      vertex -6.215775981815149 -9.30256615382229 9.511328125
      vertex -7.097656253642536 -8.64851916847498 9.487890625
      vertex -7.097656253642536 -8.64851916847498 9.433984375
    endloop
  endfacet
  facet normal -0.595699304492432 -0.8032075314806458 0
    outer loop
      vertex -6.215775981815149 -9.30256615382229 9.64609375
      vertex -7.097656253642536 -8.64851916847498 9.62265625
      vertex -7.097656253642536 -8.64851916847498 9.487890625
    endloop
  endfacet
  facet normal -0.5956993044924321 -0.8032075314806458 0
    outer loop
      vertex -6.215775981815149 -9.30256615382229 10
      vertex -7.097656253642536 -8.64851916847498 10
      vertex -7.097656253642536 -8.64851916847498 9.62265625
    endloop
  endfacet
  facet normal -0.6715589548470188 -0.7409511253549588 0
    outer loop
      vertex -7.9111822157737635 -7.9111822157737635 9.410546875
      vertex -7.097656253642536 -8.64851916847498 9.433984375
      vertex -7.097656253642536 -8.64851916847498 9.487890625
    endloop
  endfacet
  facet normal -0.6715589548470188 -0.7409511253549588 0
    outer loop
      vertex -7.9111822157737635 -7.9111822157737635 9.464453125
      vertex -7.097656253642536 -8.64851916847498 9.487890625
      vertex -7.097656253642536 -8.64851916847498 9.62265625
    endloop
  endfacet
  facet normal -0.6715589548470188 -0.7409511253549587 0
    outer loop
      vertex -7.9111822157737635 -7.9111822157737635 9.59921875
      vertex -7.097656253642536 -8.64851916847498 9.62265625
      vertex -7.097656253642536 -8.64851916847498 10
    endloop
  endfacet
  facet normal -0.5956993044924321 -0.8032075314806458 0
    outer loop
      vertex -6.215775981815149 -9.30256615382229 9.457421875
      vertex -6.215775981815149 -9.30256615382229 9.511328125
      vertex -7.097656253642536 -8.64851916847498 9.433984375
    endloop
  endfacet
  facet normal -0.595699304492432 -0.8032075314806458 0
    outer loop
      vertex -6.215775981815149 -9.30256615382229 9.511328125
      vertex -6.215775981815149 -9.30256615382229 9.64609375
      vertex -7.097656253642536 -8.64851916847498 9.487890625
    endloop
  endfacet
  facet normal -0.5956993044924321 -0.8032075314806458 0
    outer loop
      vertex -6.215775981815149 -9.30256615382229 9.64609375
      vertex -6.215775981815149 -9.30256615382229 10
      vertex -7.097656253642536 -8.64851916847498 9.62265625
    endloop
  endfacet
  facet normal -0.5141027441932222 -0.8577286100002717 0
    outer loop
      vertex -6.215775981815149 -9.30256615382229 8.546875
      vertex -5.274034389394095 -9.867024341808355 8.5703125
      vertex -5.274034389394095 -9.867024341808355 9.34609375
    endloop
  endfacet
  facet normal -0.42755509343028064 -0.903989293123444 0
    outer loop
      vertex -5.274034389394095 -9.867024341808355 8.5703125
      vertex -4.28150096272271 -10.336457691518628 9.36953125
      vertex -5.274034389394095 -9.867024341808355 9.34609375
    endloop
  endfacet
  facet normal -0.3368898533922217 -0.9415440651830203 0
    outer loop
      vertex -4.28150096272271 -10.336457691518628 8.59375
      vertex -3.2477343412738002 -10.706345303177036 9.39296875
      vertex -4.28150096272271 -10.336457691518628 9.36953125
    endloop
  endfacet
  facet normal -0.42755509343028064 -0.903989293123444 0
    outer loop
      vertex -5.274034389394095 -9.867024341808355 8.5703125
      vertex -4.28150096272271 -10.336457691518628 8.59375
      vertex -4.28150096272271 -10.336457691518628 9.36953125
    endloop
  endfacet
  facet normal -0.5141027441932223 -0.8577286100002717 0
    outer loop
      vertex -6.215775981815149 -9.30256615382229 9.32265625
      vertex -5.274034389394095 -9.867024341808355 9.34609375
      vertex -5.274034389394095 -9.867024341808355 9.480859375
    endloop
  endfacet
  facet normal -0.5141027441932222 -0.8577286100002718 0
    outer loop
      vertex -6.215775981815149 -9.30256615382229 9.457421875
      vertex -5.274034389394095 -9.867024341808355 9.480859375
      vertex -5.274034389394095 -9.867024341808355 9.534765625
    endloop
  endfacet
  facet normal -0.5141027441932223 -0.8577286100002717 0
    outer loop
      vertex -6.215775981815149 -9.30256615382229 9.511328125
      vertex -5.274034389394095 -9.867024341808355 9.534765625
      vertex -5.274034389394095 -9.867024341808355 9.66953125
    endloop
  endfacet
  facet normal -0.42755509343028064 -0.903989293123444 0
    outer loop
      vertex -5.274034389394095 -9.867024341808355 9.34609375
      vertex -4.28150096272271 -10.336457691518628 9.504296875
      vertex -5.274034389394095 -9.867024341808355 9.480859375
    endloop
  endfacet
  facet normal -0.4275550934302807 -0.903989293123444 0
    outer loop
      vertex -5.274034389394095 -9.867024341808355 9.480859375
      vertex -4.28150096272271 -10.336457691518628 9.558203125
      vertex -5.274034389394095 -9.867024341808355 9.534765625
    endloop
  endfacet
  facet normal -0.42755509343028064 -0.903989293123444 0
    outer loop
      vertex -5.274034389394095 -9.867024341808355 9.534765625
      vertex -4.28150096272271 -10.336457691518628 9.69296875
      vertex -5.274034389394095 -9.867024341808355 9.66953125
    endloop
  endfacet
  facet normal -0.5141027441932223 -0.8577286100002718 0
    outer loop
      vertex -6.215775981815149 -9.30256615382229 9.64609375
      vertex -5.274034389394095 -9.867024341808355 9.66953125
      vertex -5.274034389394095 -9.867024341808355 10
    endloop
  endfacet
  facet normal -0.4275550934302806 -0.903989293123444 0
    outer loop
      vertex -5.274034389394095 -9.867024341808355 9.66953125
      vertex -4.28150096272271 -10.336457691518628 10
      vertex -5.274034389394095 -9.867024341808355 10
    endloop
  endfacet
  facet normal -0.33688985339222166 -0.9415440651830201 0
    outer loop
      vertex -3.2477343412738002 -10.706345303177036 9.527734375
      vertex -4.28150096272271 -10.336457691518628 9.504296875
      vertex -4.28150096272271 -10.336457691518628 9.36953125
    endloop
  endfacet
  facet normal -0.3368898533922217 -0.9415440651830201 0
    outer loop
      vertex -3.2477343412738002 -10.706345303177036 9.581640625
      vertex -4.28150096272271 -10.336457691518628 9.558203125
      vertex -4.28150096272271 -10.336457691518628 9.504296875
    endloop
  endfacet
  facet normal -0.33688985339222166 -0.9415440651830201 0
    outer loop
      vertex -3.2477343412738002 -10.706345303177036 9.71640625
      vertex -4.28150096272271 -10.336457691518628 9.69296875
      vertex -4.28150096272271 -10.336457691518628 9.558203125
    endloop
  endfacet
  facet normal -0.3368898533922217 -0.9415440651830201 0
    outer loop
      vertex -3.2477343412738002 -10.706345303177036 10
      vertex -4.28150096272271 -10.336457691518628 10
      vertex -4.28150096272271 -10.336457691518628 9.69296875
    endloop
  endfacet
  facet normal -0.42755509343028064 -0.903989293123444 0
    outer loop
      vertex -5.274034389394095 -9.867024341808355 9.34609375
      vertex -4.28150096272271 -10.336457691518628 9.36953125
      vertex -4.28150096272271 -10.336457691518628 9.504296875
    endloop
  endfacet
  facet normal -0.4275550934302806 -0.903989293123444 0
    outer loop
      vertex -5.274034389394095 -9.867024341808355 9.480859375
      vertex -4.28150096272271 -10.336457691518628 9.504296875
      vertex -4.28150096272271 -10.336457691518628 9.558203125
    endloop
  endfacet
  facet normal -0.42755509343028064 -0.903989293123444 0
    outer loop
      vertex -5.274034389394095 -9.867024341808355 9.534765625
      vertex -4.28150096272271 -10.336457691518628 9.558203125
      vertex -4.28150096272271 -10.336457691518628 9.69296875
    endloop
  endfacet
  facet normal -0.4275550934302806 -0.903989293123444 0
    outer loop
      vertex -5.274034389394095 -9.867024341808355 9.66953125
      vertex -4.28150096272271 -10.336457691518628 9.69296875
      vertex -4.28150096272271 -10.336457691518628 10
    endloop
  endfacet
  facet normal -0.10503113458377707 -0.49018146137837604 -0.8652690886013462
    outer loop
      vertex -3.2477343412738002 -10.706345303177036 7.4921875
      vertex -2.341083864193539 -11.769423364838765 7.984375
      vertex -3.483416127053548 -11.483284028786507 7.9609375
    endloop
  endfacet
  facet normal -0.24298017990326343 -0.9700312531945441 0
    outer loop
      vertex -3.483416127053548 -11.483284028786507 7.9609375
      vertex -2.341083864193539 -11.769423364838765 8.171875
      vertex -3.483416127053548 -11.483284028786507 8.1484375
    endloop
  endfacet
  facet normal -0.24298017990326343 -0.9700312531945441 0
    outer loop
      vertex -3.483416127053548 -11.483284028786507 7.9609375
      vertex -2.341083864193539 -11.769423364838765 7.984375
      vertex -2.341083864193539 -11.769423364838765 8.171875
    endloop
  endfacet
  facet normal -0.14673047445536164 -0.989176509964781 0
    outer loop
      vertex -2.341083864193539 -11.769423364838765 7.984375
      vertex -1.1762056839547272 -11.942216720066362 8.1953125
      vertex -2.341083864193539 -11.769423364838765 8.171875
    endloop
  endfacet
  facet normal -0.0564791958759536 -0.4981159551190877 -0.8652690886013464
    outer loop
      vertex -2.182690262726239 -10.973124956882163 7.515625
      vertex -1.1762056839547272 -11.942216720066362 8.0078125
      vertex -2.341083864193539 -11.769423364838765 7.984375
    endloop
  endfacet
  facet normal -0.13844075033829775 -0.481812788286866 0.8652690886013464
    outer loop
      vertex -3.483416127053548 -11.483284028786507 8.1484375
      vertex -2.341083864193539 -11.769423364838765 8.171875
      vertex -2.182690262726239 -10.973124956882163 8.640625
    endloop
  endfacet
  facet normal -0.09160541419530001 -0.4915647860819066 0.8660095318034075
    outer loop
      vertex -2.341083864193539 -11.769423364838765 8.171875
      vertex -1.096625683768755 -11.134227418732241 8.6640625
      vertex -2.182690262726239 -10.973124956882163 8.640625
    endloop
  endfacet
  facet normal -0.055032809462506625 -0.4969898195217951 -0.8660095318034073
    outer loop
      vertex -2.182690262726239 -10.973124956882163 7.515625
      vertex -1.096625683768755 -11.134227418732241 7.5390625
      vertex -1.1762056839547272 -11.942216720066362 8.0078125
    endloop
  endfacet
  facet normal -0.14673047445536164 -0.989176509964781 0
    outer loop
      vertex -2.341083864193539 -11.769423364838765 7.984375
      vertex -1.1762056839547272 -11.942216720066362 8.0078125
      vertex -1.1762056839547272 -11.942216720066362 8.1953125
    endloop
  endfacet
  facet normal -0.006054290560517388 -0.4999908363074789 -0.8660095318034072
    outer loop
      vertex -1.096625683768755 -11.134227418732241 7.5390625
      vertex 0 -11.188101183952089 7.5625
      vertex 0 -12 8.03125
    endloop
  endfacet
  facet normal -0.00738333163717585 -0.5012533199141237 -0.8652690886013464
    outer loop
      vertex -1.096625683768755 -11.134227418732241 7.5390625
      vertex 0 -12 8.03125
      vertex -1.1762056839547272 -11.942216720066362 8.0078125
    endloop
  endfacet
  facet normal -0.049067674327418334 -0.9987954562051724 0
    outer loop
      vertex -1.1762056839547272 -11.942216720066362 8.0078125
      vertex 0 -12 8.03125
      vertex 0 -12 8.21875
    endloop
  endfacet
  facet normal -0.09054820860362227 -0.4930622944716725 0.8652690886013465
    outer loop
      vertex -2.341083864193539 -11.769423364838765 8.171875
      vertex -1.1762056839547272 -11.942216720066362 8.1953125
      vertex -1.096625683768755 -11.134227418732241 8.6640625
    endloop
  endfacet
  facet normal -0.049067674327418334 -0.9987954562051724 0
    outer loop
      vertex -1.1762056839547272 -11.942216720066362 8.0078125
      vertex 0 -12 8.21875
      vertex -1.1762056839547272 -11.942216720066362 8.1953125
    endloop
  endfacet
  facet normal -0.04178363812140806 -0.49956334122544926 0.8652690886013462
    outer loop
      vertex -1.1762056839547272 -11.942216720066362 8.1953125
      vertex 0 -12 8.21875
      vertex 0 -11.188101183952089 8.6875
    endloop
  endfacet
  facet normal -0.042982534469182744 -0.4981766680167274 0.8660095318034073
    outer loop
      vertex -1.1762056839547272 -11.942216720066362 8.1953125
      vertex 0 -11.188101183952089 8.6875
      vertex -1.096625683768755 -11.134227418732241 8.6640625
    endloop
  endfacet
  facet normal -0.15093327338930768 -0.4767039309777424 -0.8660095318034072
    outer loop
      vertex -3.2477343412738002 -10.706345303177036 7.4921875
      vertex -3.483416127053548 -11.483284028786507 7.9609375
      vertex -4.28150096272271 -10.336457691518628 7.46875
    endloop
  endfacet
  facet normal -0.1034813323253779 -0.4892025190918459 -0.8660095318034073
    outer loop
      vertex -3.2477343412738002 -10.706345303177036 7.4921875
      vertex -2.182690262726239 -10.973124956882163 7.515625
      vertex -2.341083864193539 -11.769423364838765 7.984375
    endloop
  endfacet
  facet normal -0.13934608370610316 -0.4802188665404716 0.8660095318034071
    outer loop
      vertex -3.483416127053548 -11.483284028786507 8.1484375
      vertex -2.182690262726239 -10.973124956882163 8.640625
      vertex -3.2477343412738002 -10.706345303177036 8.6171875
    endloop
  endfacet
  facet normal -0.3368898533922217 -0.9415440651830203 0
    outer loop
      vertex -3.2477343412738002 -10.706345303177036 8.6171875
      vertex -3.2477343412738002 -10.706345303177036 9.39296875
      vertex -4.28150096272271 -10.336457691518628 8.59375
    endloop
  endfacet
  facet normal -0.24298017990326254 -0.9700312531945443 0
    outer loop
      vertex -3.2477343412738002 -10.706345303177036 8.6171875
      vertex -2.182690262726239 -10.973124956882163 9.41640625
      vertex -3.2477343412738002 -10.706345303177036 9.39296875
    endloop
  endfacet
  facet normal -0.2429801799032626 -0.9700312531945443 0
    outer loop
      vertex -3.2477343412738002 -10.706345303177036 8.6171875
      vertex -2.182690262726239 -10.973124956882163 8.640625
      vertex -2.182690262726239 -10.973124956882163 9.41640625
    endloop
  endfacet
  facet normal -0.33688985339222166 -0.9415440651830201 0
    outer loop
      vertex -3.2477343412738002 -10.706345303177036 9.39296875
      vertex -3.2477343412738002 -10.706345303177036 9.527734375
      vertex -4.28150096272271 -10.336457691518628 9.36953125
    endloop
  endfacet
  facet normal -0.3368898533922217 -0.9415440651830201 0
    outer loop
      vertex -3.2477343412738002 -10.706345303177036 9.527734375
      vertex -3.2477343412738002 -10.706345303177036 9.581640625
      vertex -4.28150096272271 -10.336457691518628 9.504296875
    endloop
  endfacet
  facet normal -0.33688985339222166 -0.9415440651830201 0
    outer loop
      vertex -3.2477343412738002 -10.706345303177036 9.581640625
      vertex -3.2477343412738002 -10.706345303177036 9.71640625
      vertex -4.28150096272271 -10.336457691518628 9.558203125
    endloop
  endfacet
  facet normal -0.2429801799032626 -0.9700312531945444 0
    outer loop
      vertex -3.2477343412738002 -10.706345303177036 9.39296875
      vertex -2.182690262726239 -10.973124956882163 9.551171875
      vertex -3.2477343412738002 -10.706345303177036 9.527734375
    endloop
  endfacet
  facet normal -0.24298017990326254 -0.9700312531945444 0
    outer loop
      vertex -3.2477343412738002 -10.706345303177036 9.527734375
      vertex -2.182690262726239 -10.973124956882163 9.605078125
      vertex -3.2477343412738002 -10.706345303177036 9.581640625
    endloop
  endfacet
  facet normal -0.2429801799032626 -0.9700312531945444 0
    outer loop
      vertex -3.2477343412738002 -10.706345303177036 9.581640625
      vertex -2.182690262726239 -10.973124956882163 9.73984375
      vertex -3.2477343412738002 -10.706345303177036 9.71640625
    endloop
  endfacet
  facet normal -0.33688985339222177 -0.9415440651830203 0
    outer loop
      vertex -3.2477343412738002 -10.706345303177036 9.71640625
      vertex -3.2477343412738002 -10.706345303177036 10
      vertex -4.28150096272271 -10.336457691518628 9.69296875
    endloop
  endfacet
  facet normal -0.2429801799032626 -0.9700312531945443 0
    outer loop
      vertex -3.2477343412738002 -10.706345303177036 9.71640625
      vertex -2.182690262726239 -10.973124956882163 10
      vertex -3.2477343412738002 -10.706345303177036 10
    endloop
  endfacet
  facet normal -0.2429801799032626 -0.9700312531945444 0
    outer loop
      vertex -3.2477343412738002 -10.706345303177036 9.39296875
      vertex -2.182690262726239 -10.973124956882163 9.41640625
      vertex -2.182690262726239 -10.973124956882163 9.551171875
    endloop
  endfacet
  facet normal -0.24298017990326254 -0.9700312531945444 0
    outer loop
      vertex -3.2477343412738002 -10.706345303177036 9.527734375
      vertex -2.182690262726239 -10.973124956882163 9.551171875
      vertex -2.182690262726239 -10.973124956882163 9.605078125
    endloop
  endfacet
  facet normal -0.2429801799032626 -0.9700312531945444 0
    outer loop
      vertex -3.2477343412738002 -10.706345303177036 9.581640625
      vertex -2.182690262726239 -10.973124956882163 9.605078125
      vertex -2.182690262726239 -10.973124956882163 9.73984375
    endloop
  endfacet
  facet normal -0.24298017990326257 -0.9700312531945443 0
    outer loop
      vertex -3.2477343412738002 -10.706345303177036 9.71640625
      vertex -2.182690262726239 -10.973124956882163 9.73984375
      vertex -2.182690262726239 -10.973124956882163 10
    endloop
  endfacet
  facet normal 0 0 1
    outer loop
      vertex -3.2477343412738002 -10.706345303177036 10
      vertex -0.9567085809127245 -2.309698831278217 10
      vertex -4.28150096272271 -10.336457691518628 10
    endloop
  endfacet
  facet normal 0 0 1
    outer loop
      vertex -3.2477343412738002 -10.706345303177036 10
      vertex -2.182690262726239 -10.973124956882163 10
      vertex -0.7257116931361558 -2.392350839330522 10
    endloop
  endfacet
  facet normal -0.1467304744553617 -0.989176509964781 0
    outer loop
      vertex -2.182690262726239 -10.973124956882163 8.640625
      vertex -1.096625683768755 -11.134227418732241 8.6640625
      vertex -1.096625683768755 -11.134227418732241 9.43984375
    endloop
  endfacet
  facet normal -0.14673047445536166 -0.989176509964781 0
    outer loop
      vertex -2.182690262726239 -10.973124956882163 8.640625
      vertex -1.096625683768755 -11.134227418732241 9.43984375
      vertex -2.182690262726239 -10.973124956882163 9.41640625
    endloop
  endfacet
  facet normal -0.04906767432741878 -0.9987954562051723 0
    outer loop
      vertex -1.096625683768755 -11.134227418732241 8.6640625
      vertex 0 -11.188101183952089 8.6875
      vertex 0 -11.188101183952089 9.46328125
    endloop
  endfacet
  facet normal -0.049067674327418785 -0.9987954562051723 0
    outer loop
      vertex -1.096625683768755 -11.134227418732241 8.6640625
      vertex 0 -11.188101183952089 9.46328125
      vertex -1.096625683768755 -11.134227418732241 9.43984375
    endloop
  endfacet
  facet normal -0.14673047445536164 -0.9891765099647809 0
    outer loop
      vertex -2.182690262726239 -10.973124956882163 9.41640625
      vertex -1.096625683768755 -11.134227418732241 9.574609375
      vertex -2.182690262726239 -10.973124956882163 9.551171875
    endloop
  endfacet
  facet normal -0.14673047445536164 -0.9891765099647809 0
    outer loop
      vertex -2.182690262726239 -10.973124956882163 9.41640625
      vertex -1.096625683768755 -11.134227418732241 9.43984375
      vertex -1.096625683768755 -11.134227418732241 9.574609375
    endloop
  endfacet
  facet normal -0.14673047445536166 -0.9891765099647809 0
    outer loop
      vertex -2.182690262726239 -10.973124956882163 9.551171875
      vertex -1.096625683768755 -11.134227418732241 9.628515625
      vertex -2.182690262726239 -10.973124956882163 9.605078125
    endloop
  endfacet
  facet normal -0.14673047445536166 -0.9891765099647809 0
    outer loop
      vertex -2.182690262726239 -10.973124956882163 9.551171875
      vertex -1.096625683768755 -11.134227418732241 9.574609375
      vertex -1.096625683768755 -11.134227418732241 9.628515625
    endloop
  endfacet
  facet normal -0.14673047445536164 -0.9891765099647809 0
    outer loop
      vertex -2.182690262726239 -10.973124956882163 9.605078125
      vertex -1.096625683768755 -11.134227418732241 9.628515625
      vertex -1.096625683768755 -11.134227418732241 9.76328125
    endloop
  endfacet
  facet normal -0.14673047445536164 -0.9891765099647809 0
    outer loop
      vertex -2.182690262726239 -10.973124956882163 9.605078125
      vertex -1.096625683768755 -11.134227418732241 9.76328125
      vertex -2.182690262726239 -10.973124956882163 9.73984375
    endloop
  endfacet
  facet normal -0.14673047445536166 -0.989176509964781 0
    outer loop
      vertex -2.182690262726239 -10.973124956882163 9.73984375
      vertex -1.096625683768755 -11.134227418732241 9.76328125
      vertex -1.096625683768755 -11.134227418732241 10
    endloop
  endfacet
  facet normal -0.14673047445536166 -0.9891765099647809 0
    outer loop
      vertex -2.182690262726239 -10.973124956882163 9.73984375
      vertex -1.096625683768755 -11.134227418732241 10
      vertex -2.182690262726239 -10.973124956882163 10
    endloop
  endfacet
  facet normal -0.04906767432741878 -0.9987954562051724 0
    outer loop
      vertex -1.096625683768755 -11.134227418732241 9.43984375
      vertex 0 -11.188101183952089 9.598046875
      vertex -1.096625683768755 -11.134227418732241 9.574609375
    endloop
  endfacet
  facet normal -0.04906767432741878 -0.9987954562051724 0
    outer loop
      vertex -1.096625683768755 -11.134227418732241 9.574609375
      vertex 0 -11.188101183952089 9.651953125
      vertex -1.096625683768755 -11.134227418732241 9.628515625
    endloop
  endfacet
  facet normal -0.04906767432741879 -0.9987954562051724 0
    outer loop
      vertex -1.096625683768755 -11.134227418732241 9.43984375
      vertex 0 -11.188101183952089 9.46328125
      vertex 0 -11.188101183952089 9.598046875
    endloop
  endfacet
  facet normal -0.04906767432741878 -0.9987954562051724 0
    outer loop
      vertex -1.096625683768755 -11.134227418732241 9.574609375
      vertex 0 -11.188101183952089 9.598046875
      vertex 0 -11.188101183952089 9.651953125
    endloop
  endfacet
  facet normal -0.04906767432741878 -0.9987954562051724 0
    outer loop
      vertex -1.096625683768755 -11.134227418732241 9.628515625
      vertex 0 -11.188101183952089 9.78671875
      vertex -1.096625683768755 -11.134227418732241 9.76328125
    endloop
  endfacet
  facet normal -0.049067674327418785 -0.9987954562051723 0
    outer loop
      vertex -1.096625683768755 -11.134227418732241 9.76328125
      vertex 0 -11.188101183952089 10
      vertex -1.096625683768755 -11.134227418732241 10
    endloop
  endfacet
  facet normal -0.04906767432741879 -0.9987954562051724 0
    outer loop
      vertex -1.096625683768755 -11.134227418732241 9.628515625
      vertex 0 -11.188101183952089 9.651953125
      vertex 0 -11.188101183952089 9.78671875
    endloop
  endfacet
  facet normal -0.049067674327418785 -0.9987954562051724 0
    outer loop
      vertex -1.096625683768755 -11.134227418732241 9.76328125
      vertex 0 -11.188101183952089 9.78671875
      vertex 0 -11.188101183952089 10
    endloop
  endfacet
  facet normal 0 0 1
    outer loop
      vertex -2.182690262726239 -10.973124956882163 10
      vertex -1.096625683768755 -11.134227418732241 10
      vertex -0.4877258050403207 -2.451963201008076 10
    endloop
  endfacet
  facet normal 0 0 1
    outer loop
      vertex -1.096625683768755 -11.134227418732241 10
      vertex 0 -11.188101183952089 10
      vertex -0.2450428508239015 -2.4879618166804924 10
    endloop
  endfacet
  facet normal 0 0 1
    outer loop
      vertex -9.30256615382229 -6.215775981815149 10
      vertex -8.64851916847498 -7.097656253642536 10
      vertex -2.078674030756363 -1.3889255825490054 10
    endloop
  endfacet
  facet normal 0 0 1
    outer loop
      vertex -9.30256615382229 -6.215775981815149 10
      vertex -2.204803160870888 -1.178491842064994 10
      vertex -9.867024341808355 -5.274034389394095 10
    endloop
  endfacet
  facet normal 0 0 1
    outer loop
      vertex -7.9111822157737635 -7.9111822157737635 10
      vertex -1.7677669529663689 -1.7677669529663689 10
      vertex -8.64851916847498 -7.097656253642536 10
    endloop
  endfacet
  facet normal 0 0 1
    outer loop
      vertex -6.215775981815149 -9.30256615382229 10
      vertex -1.3889255825490054 -2.078674030756363 10
      vertex -7.097656253642536 -8.64851916847498 10
    endloop
  endfacet
  facet normal 0 0 1
    outer loop
      vertex -7.9111822157737635 -7.9111822157737635 10
      vertex -7.097656253642536 -8.64851916847498 10
      vertex -1.7677669529663689 -1.7677669529663689 10
    endloop
  endfacet
  facet normal 0 0 1
    outer loop
      vertex -6.215775981815149 -9.30256615382229 10
      vertex -5.274034389394095 -9.867024341808355 10
      vertex -1.1784918420649941 -2.204803160870888 10
    endloop
  endfacet
  facet normal 0 0 1
    outer loop
      vertex -9.867024341808355 -5.274034389394095 10
      vertex -2.204803160870888 -1.178491842064994 10
      vertex -10.336457691518628 -4.28150096272271 10
    endloop
  endfacet
  facet normal 0 0 1
    outer loop
      vertex -10.336457691518628 -4.28150096272271 10
      vertex -2.204803160870888 -1.178491842064994 10
      vertex -2.309698831278217 -0.9567085809127245 10
    endloop
  endfacet
  facet normal 0 0 1
    outer loop
      vertex -8.64851916847498 -7.097656253642536 10
      vertex -1.9325261334068424 -1.5859832104091136 10
      vertex -2.078674030756363 -1.3889255825490054 10
    endloop
  endfacet
  facet normal 0 0 1
    outer loop
      vertex -9.30256615382229 -6.215775981815149 10
      vertex -2.078674030756363 -1.3889255825490054 10
      vertex -2.204803160870888 -1.178491842064994 10
    endloop
  endfacet
  facet normal 0 0 1
    outer loop
      vertex -8.64851916847498 -7.097656253642536 10
      vertex -1.7677669529663689 -1.7677669529663689 10
      vertex -1.9325261334068424 -1.5859832104091136 10
    endloop
  endfacet
  facet normal 0 0 1
    outer loop
      vertex -10.973124956882163 -2.182690262726239 10
      vertex -2.392350839330522 -0.7257116931361558 10
      vertex -2.451963201008076 -0.4877258050403206 10
    endloop
  endfacet
  facet normal 0 0 1
    outer loop
      vertex -10.706345303177036 -3.2477343412738002 10
      vertex -2.309698831278217 -0.9567085809127245 10
      vertex -2.392350839330522 -0.7257116931361558 10
    endloop
  endfacet
  facet normal 0 0 1
    outer loop
      vertex -11.134227418732241 -1.096625683768755 10
      vertex -2.451963201008076 -0.4877258050403206 10
      vertex -2.4879618166804924 -0.2450428508239015 10
    endloop
  endfacet
  facet normal 0 0 1
    outer loop
      vertex -2.4879618166804924 -0.2450428508239015 10
      vertex -2.5 0 10
      vertex -11.188101183952089 0 10
    endloop
  endfacet
  facet normal 0 0 1
    outer loop
      vertex -5.274034389394095 -9.867024341808355 10
      vertex -4.28150096272271 -10.336457691518628 10
      vertex -1.1784918420649941 -2.204803160870888 10
    endloop
  endfacet
  facet normal 0 0 1
    outer loop
      vertex -7.097656253642536 -8.64851916847498 10
      vertex -1.3889255825490054 -2.078674030756363 10
      vertex -1.5859832104091138 -1.9325261334068424 10
    endloop
  endfacet
  facet normal 0 0 1
    outer loop
      vertex -7.097656253642536 -8.64851916847498 10
      vertex -1.5859832104091138 -1.9325261334068424 10
      vertex -1.7677669529663689 -1.7677669529663689 10
    endloop
  endfacet
  facet normal 0 0 1
    outer loop
      vertex -6.215775981815149 -9.30256615382229 10
      vertex -1.1784918420649941 -2.204803160870888 10
      vertex -1.3889255825490054 -2.078674030756363 10
    endloop
  endfacet
  facet normal 0 0 1
    outer loop
      vertex -4.28150096272271 -10.336457691518628 10
      vertex -0.9567085809127245 -2.309698831278217 10
      vertex -1.1784918420649941 -2.204803160870888 10
    endloop
  endfacet
  facet normal 0 0 1
    outer loop
      vertex -3.2477343412738002 -10.706345303177036 10
      vertex -0.7257116931361558 -2.392350839330522 10
      vertex -0.9567085809127245 -2.309698831278217 10
    endloop
  endfacet
  facet normal 0 0 1
    outer loop
      vertex -2.182690262726239 -10.973124956882163 10
      vertex -0.4877258050403207 -2.451963201008076 10
      vertex -0.7257116931361558 -2.392350839330522 10
    endloop
  endfacet
  facet normal 0 0 1
    outer loop
      vertex -1.096625683768755 -11.134227418732241 10
      vertex -0.2450428508239015 -2.4879618166804924 10
      vertex -0.4877258050403207 -2.451963201008076 10
    endloop
  endfacet
  facet normal 0 0 1
    outer loop
      vertex -0.2450428508239015 -2.4879618166804924 10
      vertex 0 -11.188101183952089 10
      vertex 0 -2.5 10
    endloop
  endfacet
  facet normal -0.4999908363074789 0.00605429056051739 -0.8660095318034072
    outer loop
      vertex -11.188101183952089 0 4.1875
      vertex -12 0 4.65625
      vertex -11.134227418732241 1.096625683768755 4.1640625
    endloop
  endfacet
  facet normal -0.4969898195217952 0.05503280946250664 -0.8660095318034073
    outer loop
      vertex -11.134227418732241 1.096625683768755 4.1640625
      vertex -11.942216720066362 1.1762056839547272 4.6328125
      vertex -10.973124956882163 2.182690262726239 4.140625
    endloop
  endfacet
  facet normal -0.5012533199141237 0.00738333163717585 -0.8652690886013464
    outer loop
      vertex -11.134227418732241 1.096625683768755 4.1640625
      vertex -12 0 4.65625
      vertex -11.942216720066362 1.1762056839547272 4.6328125
    endloop
  endfacet
  facet normal -0.9987954562051724 0.049067674327418334 0
    outer loop
      vertex -12 0 4.65625
      vertex -12 0 4.84375
      vertex -11.942216720066362 1.1762056839547272 4.6328125
    endloop
  endfacet
  facet normal -0.4995633412254494 0.04178363812140806 0.8652690886013462
    outer loop
      vertex -12 0 4.84375
      vertex -11.188101183952089 0 5.3125
      vertex -11.942216720066362 1.1762056839547272 4.8203125
    endloop
  endfacet
  facet normal -0.9987954562051724 0.049067674327418334 0
    outer loop
      vertex -11.942216720066362 1.1762056839547272 4.6328125
      vertex -12 0 4.84375
      vertex -11.942216720066362 1.1762056839547272 4.8203125
    endloop
  endfacet
  facet normal -0.989176509964781 0.14673047445536164 0
    outer loop
      vertex -11.942216720066362 1.1762056839547272 4.6328125
      vertex -11.942216720066362 1.1762056839547272 4.8203125
      vertex -11.769423364838765 2.341083864193539 4.609375
    endloop
  endfacet
  facet normal -0.4930622944716725 0.09054820860362225 0.8652690886013463
    outer loop
      vertex -11.942216720066362 1.1762056839547272 4.8203125
      vertex -11.134227418732241 1.096625683768755 5.2890625
      vertex -11.769423364838765 2.341083864193539 4.796875
    endloop
  endfacet
  facet normal -0.4981159551190877 0.056479195875953625 -0.8652690886013464
    outer loop
      vertex -11.942216720066362 1.1762056839547272 4.6328125
      vertex -11.769423364838765 2.341083864193539 4.609375
      vertex -10.973124956882163 2.182690262726239 4.140625
    endloop
  endfacet
  facet normal -0.9700312531945441 0.24298017990326343 0
    outer loop
      vertex -11.769423364838765 2.341083864193539 4.609375
      vertex -11.769423364838765 2.341083864193539 4.796875
      vertex -11.483284028786507 3.483416127053548 4.5859375
    endloop
  endfacet
  facet normal -0.989176509964781 0.14673047445536164 0
    outer loop
      vertex -11.769423364838765 2.341083864193539 4.609375
      vertex -11.942216720066362 1.1762056839547272 4.8203125
      vertex -11.769423364838765 2.341083864193539 4.796875
    endloop
  endfacet
  facet normal -0.48181278828686613 0.13844075033829778 0.8652690886013464
    outer loop
      vertex -11.769423364838765 2.341083864193539 4.796875
      vertex -10.973124956882163 2.182690262726239 5.265625
      vertex -11.483284028786507 3.483416127053548 4.7734375
    endloop
  endfacet
  facet normal -0.49018146137837604 0.10503113458377708 -0.8652690886013462
    outer loop
      vertex -11.769423364838765 2.341083864193539 4.609375
      vertex -11.483284028786507 3.483416127053548 4.5859375
      vertex -10.706345303177036 3.2477343412738002 4.1171875
    endloop
  endfacet
  facet normal -0.9700312531945441 0.24298017990326343 0
    outer loop
      vertex -11.769423364838765 2.341083864193539 4.796875
      vertex -11.483284028786507 3.483416127053548 4.7734375
      vertex -11.483284028786507 3.483416127053548 4.5859375
    endloop
  endfacet
  facet normal -0.9415440651830204 0.3368898533922211 0
    outer loop
      vertex -11.483284028786507 3.483416127053548 4.5859375
      vertex -11.483284028786507 3.483416127053548 4.7734375
      vertex -11.08655439013544 4.592201188381077 4.5625
    endloop
  endfacet
  facet normal -0.9987954562051724 0.04906767432741878 0
    outer loop
      vertex -11.188101183952089 0 4.1875
      vertex -11.134227418732241 1.096625683768755 4
      vertex -11.188101183952089 0 4
    endloop
  endfacet
  facet normal -0.9987954562051724 0.04906767432741878 0
    outer loop
      vertex -11.188101183952089 0 4.1875
      vertex -11.134227418732241 1.096625683768755 4.1640625
      vertex -11.134227418732241 1.096625683768755 4
    endloop
  endfacet
  facet normal -0.9891765099647809 0.14673047445536166 0
    outer loop
      vertex -11.134227418732241 1.096625683768755 4.1640625
      vertex -10.973124956882163 2.182690262726239 4
      vertex -11.134227418732241 1.096625683768755 4
    endloop
  endfacet
  facet normal -0.9891765099647809 0.14673047445536166 0
    outer loop
      vertex -11.134227418732241 1.096625683768755 4.1640625
      vertex -10.973124956882163 2.182690262726239 4.140625
      vertex -10.973124956882163 2.182690262726239 4
    endloop
  endfacet
  facet normal -0.9700312531945442 0.2429801799032625 0
    outer loop
      vertex -10.973124956882163 2.182690262726239 4.140625
      vertex -10.706345303177036 3.2477343412738002 4
      vertex -10.973124956882163 2.182690262726239 4
    endloop
  endfacet
  facet normal -0.4892025190918459 0.10348133232537791 -0.8660095318034075
    outer loop
      vertex -10.973124956882163 2.182690262726239 4.140625
      vertex -11.769423364838765 2.341083864193539 4.609375
      vertex -10.706345303177036 3.2477343412738002 4.1171875
    endloop
  endfacet
  facet normal -0.9415440651830201 0.3368898533922217 0
    outer loop
      vertex -10.706345303177036 3.2477343412738002 4.1171875
      vertex -10.336457691518628 4.28150096272271 4
      vertex -10.706345303177036 3.2477343412738002 4
    endloop
  endfacet
  facet normal -0.9700312531945442 0.2429801799032625 0
    outer loop
      vertex -10.973124956882163 2.182690262726239 4.140625
      vertex -10.706345303177036 3.2477343412738002 4.1171875
      vertex -10.706345303177036 3.2477343412738002 4
    endloop
  endfacet
  facet normal -0.4767039309777424 0.15093327338930768 -0.8660095318034072
    outer loop
      vertex -10.706345303177036 3.2477343412738002 4.1171875
      vertex -11.483284028786507 3.483416127053548 4.5859375
      vertex -10.336457691518628 4.28150096272271 4.09375
    endloop
  endfacet
  facet normal -0.9415440651830201 0.3368898533922217 0
    outer loop
      vertex -10.706345303177036 3.2477343412738002 4.1171875
      vertex -10.336457691518628 4.28150096272271 4.09375
      vertex -10.336457691518628 4.28150096272271 4
    endloop
  endfacet
  facet normal -0.459614423415447 0.19693164452197492 -0.8660095318034072
    outer loop
      vertex -11.08655439013544 4.592201188381077 4.5625
      vertex -9.867024341808355 5.274034389394095 4.0703125
      vertex -10.336457691518628 4.28150096272271 4.09375
    endloop
  endfacet
  facet normal -0.903989293123444 0.42755509343028064 0
    outer loop
      vertex -10.336457691518628 4.28150096272271 4.09375
      vertex -9.867024341808355 5.274034389394095 4
      vertex -10.336457691518628 4.28150096272271 4
    endloop
  endfacet
  facet normal -0.903989293123444 0.42755509343028064 0
    outer loop
      vertex -10.336457691518628 4.28150096272271 4.09375
      vertex -9.867024341808355 5.274034389394095 4.0703125
      vertex -9.867024341808355 5.274034389394095 4
    endloop
  endfacet
  facet normal -0.8577286100002717 0.5141027441932223 0
    outer loop
      vertex -9.867024341808355 5.274034389394095 4.0703125
      vertex -9.30256615382229 6.215775981815149 4
      vertex -9.867024341808355 5.274034389394095 4
    endloop
  endfacet
  facet normal -0.47752625220414546 0.15257156604970093 -0.8652690886013463
    outer loop
      vertex -11.483284028786507 3.483416127053548 4.5859375
      vertex -11.08655439013544 4.592201188381077 4.5625
      vertex -10.336457691518628 4.28150096272271 4.09375
    endloop
  endfacet
  facet normal -0.4659231615651954 0.18500003196780426 0.8652690886013462
    outer loop
      vertex -11.483284028786507 3.483416127053548 4.7734375
      vertex -10.706345303177036 3.2477343412738002 5.2421875
      vertex -11.08655439013544 4.592201188381077 4.75
    endloop
  endfacet
  facet normal -0.9415440651830204 0.3368898533922211 0
    outer loop
      vertex -11.08655439013544 4.592201188381077 4.5625
      vertex -11.483284028786507 3.483416127053548 4.7734375
      vertex -11.08655439013544 4.592201188381077 4.75
    endloop
  endfacet
  facet normal -0.9039892931234439 0.4275550934302809 0
    outer loop
      vertex -11.08655439013544 4.592201188381077 4.5625
      vertex -11.08655439013544 4.592201188381077 4.75
      vertex -10.583055172180261 5.6567608419119715 4.5390625
    endloop
  endfacet
  facet normal -0.4602722041787875 0.1986426499304625 -0.8652690886013462
    outer loop
      vertex -11.08655439013544 4.592201188381077 4.5625
      vertex -10.583055172180261 5.6567608419119715 4.5390625
      vertex -9.867024341808355 5.274034389394095 4.0703125
    endloop
  endfacet
  facet normal -0.9039892931234439 0.4275550934302809 0
    outer loop
      vertex -10.583055172180261 5.6567608419119715 4.5390625
      vertex -11.08655439013544 4.592201188381077 4.75
      vertex -10.583055172180261 5.6567608419119715 4.7265625
    endloop
  endfacet
  facet normal -0.4455464400981436 0.22977766215815398 0.8652690886013463
    outer loop
      vertex -10.583055172180261 5.6567608419119715 4.7265625
      vertex -11.08655439013544 4.592201188381077 4.75
      vertex -10.336457691518628 4.28150096272271 5.21875
    endloop
  endfacet
  facet normal -0.8577286100002717 0.5141027441932223 0
    outer loop
      vertex -9.867024341808355 5.274034389394095 4.0703125
      vertex -9.30256615382229 6.215775981815149 4.046875
      vertex -9.30256615382229 6.215775981815149 4
    endloop
  endfacet
  facet normal -0.43809857770485894 0.24103345626411093 -0.8660095318034072
    outer loop
      vertex -10.583055172180261 5.6567608419119715 4.5390625
      vertex -9.30256615382229 6.215775981815149 4.046875
      vertex -9.867024341808355 5.274034389394095 4.0703125
    endloop
  endfacet
  facet normal -0.43858548321680585 0.2428006965032776 -0.8652690886013461
    outer loop
      vertex -10.583055172180261 5.6567608419119715 4.5390625
      vertex -9.977635347630542 6.666842796235226 4.515625
      vertex -9.30256615382229 6.215775981815149 4.046875
    endloop
  endfacet
  facet normal -0.8577286100002716 0.5141027441932225 0
    outer loop
      vertex -10.583055172180261 5.6567608419119715 4.5390625
      vertex -10.583055172180261 5.6567608419119715 4.7265625
      vertex -9.977635347630542 6.666842796235226 4.515625
    endloop
  endfacet
  facet normal -0.8577286100002716 0.5141027441932224 0
    outer loop
      vertex -10.583055172180261 5.6567608419119715 4.7265625
      vertex -9.977635347630542 6.666842796235226 4.703125
      vertex -9.977635347630542 6.666842796235226 4.515625
    endloop
  endfacet
  facet normal -0.42087886285248677 0.2723424078526758 0.8652690886013462
    outer loop
      vertex -10.583055172180261 5.6567608419119715 4.7265625
      vertex -9.867024341808355 5.274034389394095 5.1953125
      vertex -9.977635347630542 6.666842796235226 4.703125
    endloop
  endfacet
  facet normal -0.8032075314806455 0.5956993044924325 0
    outer loop
      vertex -9.977635347630542 6.666842796235226 4.515625
      vertex -9.977635347630542 6.666842796235226 4.703125
      vertex -9.276125440352844 7.612719409963746 4.4921875
    endloop
  endfacet
  facet normal -0.8032075314806455 0.5956993044924325 0
    outer loop
      vertex -9.977635347630542 6.666842796235226 4.703125
      vertex -9.276125440352844 7.612719409963746 4.6796875
      vertex -9.276125440352844 7.612719409963746 4.4921875
    endloop
  endfacet
  facet normal -0.3921579920817717 0.31228434728207055 0.8652690886013462
    outer loop
      vertex -9.977635347630542 6.666842796235226 4.703125
      vertex -9.30256615382229 6.215775981815149 5.171875
      vertex -9.276125440352844 7.612719409963746 4.6796875
    endloop
  endfacet
  facet normal -0.8032075314806458 0.5956993044924321 0
    outer loop
      vertex -9.30256615382229 6.215775981815149 4.046875
      vertex -8.64851916847498 7.097656253642536 4
      vertex -9.30256615382229 6.215775981815149 4
    endloop
  endfacet
  facet normal -0.8032075314806458 0.5956993044924321 0
    outer loop
      vertex -9.30256615382229 6.215775981815149 4.046875
      vertex -8.64851916847498 7.097656253642536 4.0234375
      vertex -8.64851916847498 7.097656253642536 4
    endloop
  endfacet
  facet normal -0.4123636032019306 0.28281398406013136 -0.8660095318034071
    outer loop
      vertex -9.30256615382229 6.215775981815149 4.046875
      vertex -9.977635347630542 6.666842796235226 4.515625
      vertex -8.64851916847498 7.097656253642536 4.0234375
    endloop
  endfacet
  facet normal -0.4126749442962342 0.28462043964040246 -0.865269088601346
    outer loop
      vertex -9.977635347630542 6.666842796235226 4.515625
      vertex -9.276125440352844 7.612719409963746 4.4921875
      vertex -8.64851916847498 7.097656253642536 4.0234375
    endloop
  endfacet
  facet normal -0.7409511253549588 0.6715589548470188 0
    outer loop
      vertex -8.64851916847498 7.097656253642536 4.0234375
      vertex -7.9111822157737635 7.9111822157737635 4
      vertex -8.64851916847498 7.097656253642536 4
    endloop
  endfacet
  facet normal -0.1730942119489391 0.5391824489118375 -0.8242091242974742
    outer loop
      vertex -9.276125440352844 7.612719409963746 4.4921875
      vertex -7.9111822157737635 7.9111822157737635 4.40078125
      vertex -8.64851916847498 7.097656253642536 4.0234375
    endloop
  endfacet
  facet normal -0.7409511253549589 0.6715589548470187 0
    outer loop
      vertex -8.64851916847498 7.097656253642536 4.0234375
      vertex -7.9111822157737635 7.9111822157737635 4.40078125
      vertex -7.9111822157737635 7.9111822157737635 4
    endloop
  endfacet
  facet normal -0.6715589548470188 0.7409511253549588 0
    outer loop
      vertex -7.9111822157737635 7.9111822157737635 4.40078125
      vertex -7.097656253642536 8.64851916847498 4
      vertex -7.9111822157737635 7.9111822157737635 4
    endloop
  endfacet
  facet normal -0.21361592151788147 0.9769177232879269 0
    outer loop
      vertex -9.276125440352844 7.612719409963746 4.4921875
      vertex -9.276125440352844 7.612719409963746 4.6796875
      vertex -7.9111822157737635 7.9111822157737635 4.535546875
    endloop
  endfacet
  facet normal -0.14904927734543083 0.5600476843547708 0.8149422704533515
    outer loop
      vertex -9.276125440352844 7.612719409963746 4.6796875
      vertex -8.64851916847498 7.097656253642536 5.1484375
      vertex -7.9111822157737635 7.9111822157737635 4.72421875
    endloop
  endfacet
  facet normal -0.21361592151788145 0.9769177232879268 0
    outer loop
      vertex -9.276125440352844 7.612719409963746 4.4921875
      vertex -7.9111822157737635 7.9111822157737635 4.535546875
      vertex -7.9111822157737635 7.9111822157737635 4.40078125
    endloop
  endfacet
  facet normal -0.2136159215178815 0.9769177232879269 0
    outer loop
      vertex -9.276125440352844 7.612719409963746 4.6796875
      vertex -7.9111822157737635 7.9111822157737635 4.589453125
      vertex -7.9111822157737635 7.9111822157737635 4.535546875
    endloop
  endfacet
  facet normal -0.21361592151788147 0.9769177232879268 0
    outer loop
      vertex -9.276125440352844 7.612719409963746 4.6796875
      vertex -7.9111822157737635 7.9111822157737635 4.72421875
      vertex -7.9111822157737635 7.9111822157737635 4.589453125
    endloop
  endfacet
  facet normal -0.6715589548470188 0.7409511253549589 0
    outer loop
      vertex -7.9111822157737635 7.9111822157737635 4.40078125
      vertex -7.9111822157737635 7.9111822157737635 4.535546875
      vertex -7.097656253642536 8.64851916847498 4.37734375
    endloop
  endfacet
  facet normal -0.6715589548470187 0.7409511253549588 0
    outer loop
      vertex -7.9111822157737635 7.9111822157737635 4.535546875
      vertex -7.9111822157737635 7.9111822157737635 4.589453125
      vertex -7.097656253642536 8.64851916847498 4.512109375
    endloop
  endfacet
  facet normal -0.6715589548470188 0.7409511253549589 0
    outer loop
      vertex -7.9111822157737635 7.9111822157737635 4.589453125
      vertex -7.9111822157737635 7.9111822157737635 4.72421875
      vertex -7.097656253642536 8.64851916847498 4.566015625
    endloop
  endfacet
  facet normal -0.6715589548470187 0.7409511253549588 0
    outer loop
      vertex -7.9111822157737635 7.9111822157737635 4.72421875
      vertex -7.9111822157737635 7.9111822157737635 5.5
      vertex -7.097656253642536 8.64851916847498 4.70078125
    endloop
  endfacet
  facet normal -0.6715589548470188 0.7409511253549587 0
    outer loop
      vertex -7.9111822157737635 7.9111822157737635 4.40078125
      vertex -7.097656253642536 8.64851916847498 4.37734375
      vertex -7.097656253642536 8.64851916847498 4
    endloop
  endfacet
  facet normal -0.5956993044924321 0.8032075314806458 0
    outer loop
      vertex -7.097656253642536 8.64851916847498 4.37734375
      vertex -6.215775981815149 9.30256615382229 4
      vertex -7.097656253642536 8.64851916847498 4
    endloop
  endfacet
  facet normal -0.5956993044924321 0.8032075314806458 0
    outer loop
      vertex -7.097656253642536 8.64851916847498 4.37734375
      vertex -6.215775981815149 9.30256615382229 4.35390625
      vertex -6.215775981815149 9.30256615382229 4
    endloop
  endfacet
  facet normal -0.6715589548470188 0.7409511253549588 0
    outer loop
      vertex -7.9111822157737635 7.9111822157737635 4.535546875
      vertex -7.097656253642536 8.64851916847498 4.512109375
      vertex -7.097656253642536 8.64851916847498 4.37734375
    endloop
  endfacet
  facet normal -0.6715589548470188 0.7409511253549588 0
    outer loop
      vertex -7.9111822157737635 7.9111822157737635 4.589453125
      vertex -7.097656253642536 8.64851916847498 4.566015625
      vertex -7.097656253642536 8.64851916847498 4.512109375
    endloop
  endfacet
  facet normal -0.6715589548470188 0.7409511253549588 0
    outer loop
      vertex -7.9111822157737635 7.9111822157737635 4.72421875
      vertex -7.097656253642536 8.64851916847498 4.70078125
      vertex -7.097656253642536 8.64851916847498 4.566015625
    endloop
  endfacet
  facet normal -0.595699304492432 0.8032075314806458 0
    outer loop
      vertex -7.097656253642536 8.64851916847498 4.37734375
      vertex -7.097656253642536 8.64851916847498 4.512109375
      vertex -6.215775981815149 9.30256615382229 4.35390625
    endloop
  endfacet
  facet normal -0.5956993044924321 0.8032075314806458 0
    outer loop
      vertex -7.097656253642536 8.64851916847498 4.512109375
      vertex -7.097656253642536 8.64851916847498 4.566015625
      vertex -6.215775981815149 9.30256615382229 4.488671875
    endloop
  endfacet
  facet normal -0.595699304492432 0.8032075314806458 0
    outer loop
      vertex -7.097656253642536 8.64851916847498 4.566015625
      vertex -7.097656253642536 8.64851916847498 4.70078125
      vertex -6.215775981815149 9.30256615382229 4.542578125
    endloop
  endfacet
  facet normal -0.5956993044924321 0.8032075314806458 0
    outer loop
      vertex -7.097656253642536 8.64851916847498 4.70078125
      vertex -7.097656253642536 8.64851916847498 5.4765625
      vertex -6.215775981815149 9.30256615382229 4.67734375
    endloop
  endfacet
  facet normal -0.595699304492432 0.8032075314806458 0
    outer loop
      vertex -7.097656253642536 8.64851916847498 4.512109375
      vertex -6.215775981815149 9.30256615382229 4.488671875
      vertex -6.215775981815149 9.30256615382229 4.35390625
    endloop
  endfacet
  facet normal -0.5956993044924321 0.8032075314806458 0
    outer loop
      vertex -7.097656253642536 8.64851916847498 4.566015625
      vertex -6.215775981815149 9.30256615382229 4.542578125
      vertex -6.215775981815149 9.30256615382229 4.488671875
    endloop
  endfacet
  facet normal -0.595699304492432 0.8032075314806458 0
    outer loop
      vertex -7.097656253642536 8.64851916847498 4.70078125
      vertex -6.215775981815149 9.30256615382229 4.67734375
      vertex -6.215775981815149 9.30256615382229 4.542578125
    endloop
  endfacet
  facet normal -0.5141027441932223 0.8577286100002717 0
    outer loop
      vertex -6.215775981815149 9.30256615382229 4.35390625
      vertex -5.274034389394095 9.867024341808355 4
      vertex -6.215775981815149 9.30256615382229 4
    endloop
  endfacet
  facet normal -0.5141027441932223 0.8577286100002717 0
    outer loop
      vertex -6.215775981815149 9.30256615382229 4.35390625
      vertex -6.215775981815149 9.30256615382229 4.488671875
      vertex -5.274034389394095 9.867024341808355 4.33046875
    endloop
  endfacet
  facet normal -0.5141027441932222 0.8577286100002718 0
    outer loop
      vertex -6.215775981815149 9.30256615382229 4.488671875
      vertex -6.215775981815149 9.30256615382229 4.542578125
      vertex -5.274034389394095 9.867024341808355 4.465234375
    endloop
  endfacet
  facet normal -0.5141027441932223 0.8577286100002717 0
    outer loop
      vertex -6.215775981815149 9.30256615382229 4.542578125
      vertex -6.215775981815149 9.30256615382229 4.67734375
      vertex -5.274034389394095 9.867024341808355 4.519140625
    endloop
  endfacet
  facet normal -0.5141027441932223 0.8577286100002717 0
    outer loop
      vertex -6.215775981815149 9.30256615382229 4.67734375
      vertex -6.215775981815149 9.30256615382229 5.453125
      vertex -5.274034389394095 9.867024341808355 4.65390625
    endloop
  endfacet
  facet normal -0.5141027441932223 0.8577286100002718 0
    outer loop
      vertex -6.215775981815149 9.30256615382229 4.35390625
      vertex -5.274034389394095 9.867024341808355 4.33046875
      vertex -5.274034389394095 9.867024341808355 4
    endloop
  endfacet
  facet normal -0.4275550934302806 0.903989293123444 0
    outer loop
      vertex -5.274034389394095 9.867024341808355 4.33046875
      vertex -4.28150096272271 10.336457691518628 4
      vertex -5.274034389394095 9.867024341808355 4
    endloop
  endfacet
  facet normal -0.42755509343028064 0.903989293123444 0
    outer loop
      vertex -5.274034389394095 9.867024341808355 4.33046875
      vertex -5.274034389394095 9.867024341808355 4.465234375
      vertex -4.28150096272271 10.336457691518628 4.30703125
    endloop
  endfacet
  facet normal -0.4275550934302806 0.903989293123444 0
    outer loop
      vertex -5.274034389394095 9.867024341808355 4.33046875
      vertex -4.28150096272271 10.336457691518628 4.30703125
      vertex -4.28150096272271 10.336457691518628 4
    endloop
  endfacet
  facet normal -0.3368898533922217 0.9415440651830201 0
    outer loop
      vertex -4.28150096272271 10.336457691518628 4.30703125
      vertex -3.2477343412738002 10.706345303177036 4
      vertex -4.28150096272271 10.336457691518628 4
    endloop
  endfacet
  facet normal -0.33688985339222166 0.9415440651830201 0
    outer loop
      vertex -4.28150096272271 10.336457691518628 4.30703125
      vertex -4.28150096272271 10.336457691518628 4.441796875
      vertex -3.2477343412738002 10.706345303177036 4.28359375
    endloop
  endfacet
  facet normal -0.5141027441932223 0.8577286100002717 0
    outer loop
      vertex -6.215775981815149 9.30256615382229 4.488671875
      vertex -5.274034389394095 9.867024341808355 4.465234375
      vertex -5.274034389394095 9.867024341808355 4.33046875
    endloop
  endfacet
  facet normal -0.5141027441932222 0.8577286100002718 0
    outer loop
      vertex -6.215775981815149 9.30256615382229 4.542578125
      vertex -5.274034389394095 9.867024341808355 4.519140625
      vertex -5.274034389394095 9.867024341808355 4.465234375
    endloop
  endfacet
  facet normal -0.5141027441932223 0.8577286100002717 0
    outer loop
      vertex -6.215775981815149 9.30256615382229 4.67734375
      vertex -5.274034389394095 9.867024341808355 4.65390625
      vertex -5.274034389394095 9.867024341808355 4.519140625
    endloop
  endfacet
  facet normal -0.4275550934302807 0.903989293123444 0
    outer loop
      vertex -5.274034389394095 9.867024341808355 4.465234375
      vertex -5.274034389394095 9.867024341808355 4.519140625
      vertex -4.28150096272271 10.336457691518628 4.441796875
    endloop
  endfacet
  facet normal -0.42755509343028064 0.903989293123444 0
    outer loop
      vertex -5.274034389394095 9.867024341808355 4.519140625
      vertex -5.274034389394095 9.867024341808355 4.65390625
      vertex -4.28150096272271 10.336457691518628 4.495703125
    endloop
  endfacet
  facet normal -0.42755509343028064 0.903989293123444 0
    outer loop
      vertex -5.274034389394095 9.867024341808355 4.65390625
      vertex -5.274034389394095 9.867024341808355 5.4296875
      vertex -4.28150096272271 10.336457691518628 4.63046875
    endloop
  endfacet
  facet normal -0.42755509343028064 0.903989293123444 0
    outer loop
      vertex -5.274034389394095 9.867024341808355 4.465234375
      vertex -4.28150096272271 10.336457691518628 4.441796875
      vertex -4.28150096272271 10.336457691518628 4.30703125
    endloop
  endfacet
  facet normal -0.4275550934302806 0.903989293123444 0
    outer loop
      vertex -5.274034389394095 9.867024341808355 4.519140625
      vertex -4.28150096272271 10.336457691518628 4.495703125
      vertex -4.28150096272271 10.336457691518628 4.441796875
    endloop
  endfacet
  facet normal -0.42755509343028064 0.903989293123444 0
    outer loop
      vertex -5.274034389394095 9.867024341808355 4.65390625
      vertex -4.28150096272271 10.336457691518628 4.63046875
      vertex -4.28150096272271 10.336457691518628 4.495703125
    endloop
  endfacet
  facet normal -0.3368898533922217 0.9415440651830201 0
    outer loop
      vertex -4.28150096272271 10.336457691518628 4.441796875
      vertex -4.28150096272271 10.336457691518628 4.495703125
      vertex -3.2477343412738002 10.706345303177036 4.418359375
    endloop
  endfacet
  facet normal -0.33688985339222166 0.9415440651830201 0
    outer loop
      vertex -4.28150096272271 10.336457691518628 4.495703125
      vertex -4.28150096272271 10.336457691518628 4.63046875
      vertex -3.2477343412738002 10.706345303177036 4.472265625
    endloop
  endfacet
  facet normal -0.3368898533922217 0.9415440651830203 0
    outer loop
      vertex -4.28150096272271 10.336457691518628 4.63046875
      vertex -4.28150096272271 10.336457691518628 5.40625
      vertex -3.2477343412738002 10.706345303177036 4.60703125
    endloop
  endfacet
  facet normal -0.33688985339222177 0.9415440651830203 0
    outer loop
      vertex -4.28150096272271 10.336457691518628 4.30703125
      vertex -3.2477343412738002 10.706345303177036 4.28359375
      vertex -3.2477343412738002 10.706345303177036 4
    endloop
  endfacet
  facet normal -0.2429801799032626 0.9700312531945443 0
    outer loop
      vertex -3.2477343412738002 10.706345303177036 4.28359375
      vertex -2.182690262726239 10.973124956882163 4
      vertex -3.2477343412738002 10.706345303177036 4
    endloop
  endfacet
  facet normal -0.2429801799032626 0.9700312531945444 0
    outer loop
      vertex -3.2477343412738002 10.706345303177036 4.28359375
      vertex -3.2477343412738002 10.706345303177036 4.418359375
      vertex -2.182690262726239 10.973124956882163 4.26015625
    endloop
  endfacet
  facet normal -0.24298017990326257 0.9700312531945443 0
    outer loop
      vertex -3.2477343412738002 10.706345303177036 4.28359375
      vertex -2.182690262726239 10.973124956882163 4.26015625
      vertex -2.182690262726239 10.973124956882163 4
    endloop
  endfacet
  facet normal -0.2429801799032626 0.9700312531945444 0
    outer loop
      vertex -3.2477343412738002 10.706345303177036 4.418359375
      vertex -2.182690262726239 10.973124956882163 4.394921875
      vertex -2.182690262726239 10.973124956882163 4.26015625
    endloop
  endfacet
  facet normal -0.33688985339222166 0.9415440651830201 0
    outer loop
      vertex -4.28150096272271 10.336457691518628 4.441796875
      vertex -3.2477343412738002 10.706345303177036 4.418359375
      vertex -3.2477343412738002 10.706345303177036 4.28359375
    endloop
  endfacet
  facet normal -0.3368898533922217 0.9415440651830201 0
    outer loop
      vertex -4.28150096272271 10.336457691518628 4.495703125
      vertex -3.2477343412738002 10.706345303177036 4.472265625
      vertex -3.2477343412738002 10.706345303177036 4.418359375
    endloop
  endfacet
  facet normal -0.33688985339222166 0.9415440651830201 0
    outer loop
      vertex -4.28150096272271 10.336457691518628 4.63046875
      vertex -3.2477343412738002 10.706345303177036 4.60703125
      vertex -3.2477343412738002 10.706345303177036 4.472265625
    endloop
  endfacet
  facet normal -0.24298017990326254 0.9700312531945444 0
    outer loop
      vertex -3.2477343412738002 10.706345303177036 4.418359375
      vertex -3.2477343412738002 10.706345303177036 4.472265625
      vertex -2.182690262726239 10.973124956882163 4.394921875
    endloop
  endfacet
  facet normal -0.2429801799032626 0.9700312531945444 0
    outer loop
      vertex -3.2477343412738002 10.706345303177036 4.472265625
      vertex -3.2477343412738002 10.706345303177036 4.60703125
      vertex -2.182690262726239 10.973124956882163 4.448828125
    endloop
  endfacet
  facet normal -0.24298017990326254 0.9700312531945443 0
    outer loop
      vertex -3.2477343412738002 10.706345303177036 4.60703125
      vertex -3.2477343412738002 10.706345303177036 5.3828125
      vertex -2.182690262726239 10.973124956882163 4.58359375
    endloop
  endfacet
  facet normal -0.24298017990326254 0.9700312531945444 0
    outer loop
      vertex -3.2477343412738002 10.706345303177036 4.472265625
      vertex -2.182690262726239 10.973124956882163 4.448828125
      vertex -2.182690262726239 10.973124956882163 4.394921875
    endloop
  endfacet
  facet normal -0.2429801799032626 0.9700312531945444 0
    outer loop
      vertex -3.2477343412738002 10.706345303177036 4.60703125
      vertex -2.182690262726239 10.973124956882163 4.58359375
      vertex -2.182690262726239 10.973124956882163 4.448828125
    endloop
  endfacet
  facet normal -0.14673047445536166 0.9891765099647809 0
    outer loop
      vertex -2.182690262726239 10.973124956882163 4.26015625
      vertex -1.096625683768755 11.134227418732241 4
      vertex -2.182690262726239 10.973124956882163 4
    endloop
  endfacet
  facet normal -0.14673047445536166 0.989176509964781 0
    outer loop
      vertex -2.182690262726239 10.973124956882163 4.26015625
      vertex -1.096625683768755 11.134227418732241 4.23671875
      vertex -1.096625683768755 11.134227418732241 4
    endloop
  endfacet
  facet normal -0.14673047445536164 0.9891765099647809 0
    outer loop
      vertex -2.182690262726239 10.973124956882163 4.26015625
      vertex -2.182690262726239 10.973124956882163 4.394921875
      vertex -1.096625683768755 11.134227418732241 4.23671875
    endloop
  endfacet
  facet normal -0.14673047445536164 0.9891765099647809 0
    outer loop
      vertex -2.182690262726239 10.973124956882163 4.394921875
      vertex -1.096625683768755 11.134227418732241 4.371484375
      vertex -1.096625683768755 11.134227418732241 4.23671875
    endloop
  endfacet
  facet normal -0.049067674327418785 0.9987954562051723 0
    outer loop
      vertex -1.096625683768755 11.134227418732241 4.23671875
      vertex 0 11.188101183952089 4
      vertex -1.096625683768755 11.134227418732241 4
    endloop
  endfacet
  facet normal -0.04906767432741878 0.9987954562051724 0
    outer loop
      vertex -1.096625683768755 11.134227418732241 4.23671875
      vertex -1.096625683768755 11.134227418732241 4.371484375
      vertex 0 11.188101183952089 4.21328125
    endloop
  endfacet
  facet normal -0.049067674327418785 0.9987954562051724 0
    outer loop
      vertex -1.096625683768755 11.134227418732241 4.23671875
      vertex 0 11.188101183952089 4.21328125
      vertex 0 11.188101183952089 4
    endloop
  endfacet
  facet normal -0.04906767432741879 0.9987954562051724 0
    outer loop
      vertex -1.096625683768755 11.134227418732241 4.371484375
      vertex 0 11.188101183952089 4.348046875
      vertex 0 11.188101183952089 4.21328125
    endloop
  endfacet
  facet normal -0.14673047445536166 0.9891765099647809 0
    outer loop
      vertex -2.182690262726239 10.973124956882163 4.394921875
      vertex -2.182690262726239 10.973124956882163 4.448828125
      vertex -1.096625683768755 11.134227418732241 4.371484375
    endloop
  endfacet
  facet normal -0.14673047445536164 0.9891765099647809 0
    outer loop
      vertex -2.182690262726239 10.973124956882163 4.448828125
      vertex -2.182690262726239 10.973124956882163 4.58359375
      vertex -1.096625683768755 11.134227418732241 4.425390625
    endloop
  endfacet
  facet normal -0.14673047445536166 0.9891765099647809 0
    outer loop
      vertex -2.182690262726239 10.973124956882163 4.448828125
      vertex -1.096625683768755 11.134227418732241 4.425390625
      vertex -1.096625683768755 11.134227418732241 4.371484375
    endloop
  endfacet
  facet normal -0.14673047445536164 0.9891765099647809 0
    outer loop
      vertex -2.182690262726239 10.973124956882163 4.58359375
      vertex -1.096625683768755 11.134227418732241 4.56015625
      vertex -1.096625683768755 11.134227418732241 4.425390625
    endloop
  endfacet
  facet normal -0.14673047445536166 0.989176509964781 0
    outer loop
      vertex -2.182690262726239 10.973124956882163 4.58359375
      vertex -2.182690262726239 10.973124956882163 5.359375
      vertex -1.096625683768755 11.134227418732241 4.56015625
    endloop
  endfacet
  facet normal -0.04906767432741878 0.9987954562051724 0
    outer loop
      vertex -1.096625683768755 11.134227418732241 4.371484375
      vertex -1.096625683768755 11.134227418732241 4.425390625
      vertex 0 11.188101183952089 4.348046875
    endloop
  endfacet
  facet normal -0.04906767432741878 0.9987954562051724 0
    outer loop
      vertex -1.096625683768755 11.134227418732241 4.425390625
      vertex -1.096625683768755 11.134227418732241 4.56015625
      vertex 0 11.188101183952089 4.401953125
    endloop
  endfacet
  facet normal -0.04906767432741878 0.9987954562051724 0
    outer loop
      vertex -1.096625683768755 11.134227418732241 4.425390625
      vertex 0 11.188101183952089 4.401953125
      vertex 0 11.188101183952089 4.348046875
    endloop
  endfacet
  facet normal -0.04906767432741879 0.9987954562051724 0
    outer loop
      vertex -1.096625683768755 11.134227418732241 4.56015625
      vertex 0 11.188101183952089 4.53671875
      vertex 0 11.188101183952089 4.401953125
    endloop
  endfacet
  facet normal -0.049067674327418785 0.9987954562051723 0
    outer loop
      vertex -1.096625683768755 11.134227418732241 4.56015625
      vertex -1.096625683768755 11.134227418732241 5.3359375
      vertex 0 11.188101183952089 4.53671875
    endloop
  endfacet
  facet normal -0.4981766680167274 0.042982534469182744 0.8660095318034073
    outer loop
      vertex -11.942216720066362 1.1762056839547272 4.8203125
      vertex -11.188101183952089 0 5.3125
      vertex -11.134227418732241 1.096625683768755 5.2890625
    endloop
  endfacet
  facet normal -0.4999908363074789 0.00605429056051739 -0.8660095318034072
    outer loop
      vertex -11.188101183952089 0 5.6875
      vertex -12 0 6.15625
      vertex -11.134227418732241 1.096625683768755 5.6640625
    endloop
  endfacet
  facet normal -0.9987954562051724 0.049067674327418334 0
    outer loop
      vertex -12 0 6.15625
      vertex -12 0 6.34375
      vertex -11.942216720066362 1.1762056839547272 6.1328125
    endloop
  endfacet
  facet normal -0.5012533199141237 0.00738333163717585 -0.8652690886013464
    outer loop
      vertex -11.134227418732241 1.096625683768755 5.6640625
      vertex -12 0 6.15625
      vertex -11.942216720066362 1.1762056839547272 6.1328125
    endloop
  endfacet
  facet normal -0.4969898195217952 0.05503280946250664 -0.8660095318034073
    outer loop
      vertex -11.134227418732241 1.096625683768755 5.6640625
      vertex -11.942216720066362 1.1762056839547272 6.1328125
      vertex -10.973124956882163 2.182690262726239 5.640625
    endloop
  endfacet
  facet normal -0.989176509964781 0.14673047445536164 0
    outer loop
      vertex -11.942216720066362 1.1762056839547272 6.1328125
      vertex -11.942216720066362 1.1762056839547272 6.3203125
      vertex -11.769423364838765 2.341083864193539 6.109375
    endloop
  endfacet
  facet normal -0.4915647860819065 0.09160541419529995 0.8660095318034073
    outer loop
      vertex -11.134227418732241 1.096625683768755 5.2890625
      vertex -10.973124956882163 2.182690262726239 5.265625
      vertex -11.769423364838765 2.341083864193539 4.796875
    endloop
  endfacet
  facet normal -0.989176509964781 0.14673047445536164 0
    outer loop
      vertex -11.769423364838765 2.341083864193539 6.109375
      vertex -11.942216720066362 1.1762056839547272 6.3203125
      vertex -11.769423364838765 2.341083864193539 6.296875
    endloop
  endfacet
  facet normal -0.4981159551190877 0.056479195875953625 -0.8652690886013464
    outer loop
      vertex -11.942216720066362 1.1762056839547272 6.1328125
      vertex -11.769423364838765 2.341083864193539 6.109375
      vertex -10.973124956882163 2.182690262726239 5.640625
    endloop
  endfacet
  facet normal -0.9700312531945441 0.24298017990326343 0
    outer loop
      vertex -11.769423364838765 2.341083864193539 6.109375
      vertex -11.769423364838765 2.341083864193539 6.296875
      vertex -11.483284028786507 3.483416127053548 6.0859375
    endloop
  endfacet
  facet normal -0.49018146137837604 0.10503113458377708 -0.8652690886013462
    outer loop
      vertex -11.769423364838765 2.341083864193539 6.109375
      vertex -11.483284028786507 3.483416127053548 6.0859375
      vertex -10.706345303177036 3.2477343412738002 5.6171875
    endloop
  endfacet
  facet normal -0.9700312531945441 0.24298017990326343 0
    outer loop
      vertex -11.769423364838765 2.341083864193539 6.296875
      vertex -11.483284028786507 3.483416127053548 6.2734375
      vertex -11.483284028786507 3.483416127053548 6.0859375
    endloop
  endfacet
  facet normal -0.4995633412254494 0.04178363812140806 0.8652690886013462
    outer loop
      vertex -12 0 6.34375
      vertex -11.188101183952089 0 6.8125
      vertex -11.942216720066362 1.1762056839547272 6.3203125
    endloop
  endfacet
  facet normal -0.9987954562051724 0.049067674327418334 0
    outer loop
      vertex -11.942216720066362 1.1762056839547272 6.1328125
      vertex -12 0 6.34375
      vertex -11.942216720066362 1.1762056839547272 6.3203125
    endloop
  endfacet
  facet normal -0.4981766680167274 0.042982534469182744 0.8660095318034073
    outer loop
      vertex -11.942216720066362 1.1762056839547272 6.3203125
      vertex -11.188101183952089 0 6.8125
      vertex -11.134227418732241 1.096625683768755 6.7890625
    endloop
  endfacet
  facet normal -0.4930622944716725 0.09054820860362225 0.8652690886013463
    outer loop
      vertex -11.942216720066362 1.1762056839547272 6.3203125
      vertex -11.134227418732241 1.096625683768755 6.7890625
      vertex -11.769423364838765 2.341083864193539 6.296875
    endloop
  endfacet
  facet normal -0.4999908363074789 0.00605429056051739 -0.8660095318034072
    outer loop
      vertex -11.188101183952089 0 7.1875
      vertex -12 0 7.65625
      vertex -11.134227418732241 1.096625683768755 7.1640625
    endloop
  endfacet
  facet normal -0.5012533199141237 0.00738333163717585 -0.8652690886013464
    outer loop
      vertex -11.134227418732241 1.096625683768755 7.1640625
      vertex -12 0 7.65625
      vertex -11.942216720066362 1.1762056839547272 7.6328125
    endloop
  endfacet
  facet normal -0.4969898195217952 0.05503280946250664 -0.8660095318034073
    outer loop
      vertex -11.134227418732241 1.096625683768755 7.1640625
      vertex -11.942216720066362 1.1762056839547272 7.6328125
      vertex -10.973124956882163 2.182690262726239 7.140625
    endloop
  endfacet
  facet normal -0.48181278828686613 0.13844075033829778 0.8652690886013464
    outer loop
      vertex -11.769423364838765 2.341083864193539 6.296875
      vertex -10.973124956882163 2.182690262726239 6.765625
      vertex -11.483284028786507 3.483416127053548 6.2734375
    endloop
  endfacet
  facet normal -0.4915647860819065 0.09160541419529995 0.8660095318034073
    outer loop
      vertex -11.134227418732241 1.096625683768755 6.7890625
      vertex -10.973124956882163 2.182690262726239 6.765625
      vertex -11.769423364838765 2.341083864193539 6.296875
    endloop
  endfacet
  facet normal -0.4981159551190877 0.056479195875953625 -0.8652690886013464
    outer loop
      vertex -11.942216720066362 1.1762056839547272 7.6328125
      vertex -11.769423364838765 2.341083864193539 7.609375
      vertex -10.973124956882163 2.182690262726239 7.140625
    endloop
  endfacet
  facet normal -0.49018146137837604 0.10503113458377708 -0.8652690886013462
    outer loop
      vertex -11.769423364838765 2.341083864193539 7.609375
      vertex -11.483284028786507 3.483416127053548 7.5859375
      vertex -10.706345303177036 3.2477343412738002 7.1171875
    endloop
  endfacet
  facet normal -0.9415440651830204 0.3368898533922211 0
    outer loop
      vertex -11.483284028786507 3.483416127053548 6.0859375
      vertex -11.483284028786507 3.483416127053548 6.2734375
      vertex -11.08655439013544 4.592201188381077 6.0625
    endloop
  endfacet
  facet normal -0.9987954562051724 0.04906767432741878 0
    outer loop
      vertex -11.188101183952089 0 5.3125
      vertex -11.188101183952089 0 5.6875
      vertex -11.134227418732241 1.096625683768755 5.2890625
    endloop
  endfacet
  facet normal -0.9987954562051724 0.04906767432741878 0
    outer loop
      vertex -11.134227418732241 1.096625683768755 5.2890625
      vertex -11.188101183952089 0 5.6875
      vertex -11.134227418732241 1.096625683768755 5.6640625
    endloop
  endfacet
  facet normal -0.9891765099647809 0.14673047445536166 0
    outer loop
      vertex -11.134227418732241 1.096625683768755 5.2890625
      vertex -11.134227418732241 1.096625683768755 5.6640625
      vertex -10.973124956882163 2.182690262726239 5.265625
    endloop
  endfacet
  facet normal -0.9891765099647809 0.14673047445536166 0
    outer loop
      vertex -10.973124956882163 2.182690262726239 5.265625
      vertex -11.134227418732241 1.096625683768755 5.6640625
      vertex -10.973124956882163 2.182690262726239 5.640625
    endloop
  endfacet
  facet normal -0.9700312531945444 0.24298017990326257 0
    outer loop
      vertex -10.973124956882163 2.182690262726239 5.265625
      vertex -10.973124956882163 2.182690262726239 5.640625
      vertex -10.706345303177036 3.2477343412738002 5.2421875
    endloop
  endfacet
  facet normal -0.4802188665404716 0.13934608370610313 0.866009531803407
    outer loop
      vertex -10.973124956882163 2.182690262726239 5.265625
      vertex -10.706345303177036 3.2477343412738002 5.2421875
      vertex -11.483284028786507 3.483416127053548 4.7734375
    endloop
  endfacet
  facet normal -0.9700312531945444 0.24298017990326257 0
    outer loop
      vertex -10.706345303177036 3.2477343412738002 5.2421875
      vertex -10.973124956882163 2.182690262726239 5.640625
      vertex -10.706345303177036 3.2477343412738002 5.6171875
    endloop
  endfacet
  facet normal -0.9415440651830201 0.3368898533922217 0
    outer loop
      vertex -10.706345303177036 3.2477343412738002 5.2421875
      vertex -10.706345303177036 3.2477343412738002 5.6171875
      vertex -10.336457691518628 4.28150096272271 5.21875
    endloop
  endfacet
  facet normal -0.4892025190918459 0.10348133232537791 -0.8660095318034075
    outer loop
      vertex -10.973124956882163 2.182690262726239 5.640625
      vertex -11.769423364838765 2.341083864193539 6.109375
      vertex -10.706345303177036 3.2477343412738002 5.6171875
    endloop
  endfacet
  facet normal -0.4767039309777424 0.15093327338930768 -0.8660095318034072
    outer loop
      vertex -10.706345303177036 3.2477343412738002 5.6171875
      vertex -11.483284028786507 3.483416127053548 6.0859375
      vertex -10.336457691518628 4.28150096272271 5.59375
    endloop
  endfacet
  facet normal -0.9987954562051724 0.04906767432741878 0
    outer loop
      vertex -11.188101183952089 0 6.8125
      vertex -11.188101183952089 0 7.1875
      vertex -11.134227418732241 1.096625683768755 6.7890625
    endloop
  endfacet
  facet normal -0.9987954562051724 0.04906767432741878 0
    outer loop
      vertex -11.134227418732241 1.096625683768755 6.7890625
      vertex -11.188101183952089 0 7.1875
      vertex -11.134227418732241 1.096625683768755 7.1640625
    endloop
  endfacet
  facet normal -0.9891765099647809 0.14673047445536166 0
    outer loop
      vertex -11.134227418732241 1.096625683768755 6.7890625
      vertex -11.134227418732241 1.096625683768755 7.1640625
      vertex -10.973124956882163 2.182690262726239 6.765625
    endloop
  endfacet
  facet normal -0.9891765099647809 0.14673047445536166 0
    outer loop
      vertex -10.973124956882163 2.182690262726239 6.765625
      vertex -11.134227418732241 1.096625683768755 7.1640625
      vertex -10.973124956882163 2.182690262726239 7.140625
    endloop
  endfacet
  facet normal -0.4802188665404716 0.13934608370610313 0.866009531803407
    outer loop
      vertex -10.973124956882163 2.182690262726239 6.765625
      vertex -10.706345303177036 3.2477343412738002 6.7421875
      vertex -11.483284028786507 3.483416127053548 6.2734375
    endloop
  endfacet
  facet normal -0.9415440651830201 0.3368898533922217 0
    outer loop
      vertex -10.706345303177036 3.2477343412738002 6.7421875
      vertex -10.706345303177036 3.2477343412738002 7.1171875
      vertex -10.336457691518628 4.28150096272271 6.71875
    endloop
  endfacet
  facet normal -0.9700312531945444 0.24298017990326257 0
    outer loop
      vertex -10.973124956882163 2.182690262726239 6.765625
      vertex -10.973124956882163 2.182690262726239 7.140625
      vertex -10.706345303177036 3.2477343412738002 6.7421875
    endloop
  endfacet
  facet normal -0.4892025190918459 0.10348133232537791 -0.8660095318034075
    outer loop
      vertex -10.973124956882163 2.182690262726239 7.140625
      vertex -11.769423364838765 2.341083864193539 7.609375
      vertex -10.706345303177036 3.2477343412738002 7.1171875
    endloop
  endfacet
  facet normal -0.9700312531945444 0.24298017990326257 0
    outer loop
      vertex -10.706345303177036 3.2477343412738002 6.7421875
      vertex -10.973124956882163 2.182690262726239 7.140625
      vertex -10.706345303177036 3.2477343412738002 7.1171875
    endloop
  endfacet
  facet normal -0.4767039309777424 0.15093327338930768 -0.8660095318034072
    outer loop
      vertex -10.706345303177036 3.2477343412738002 7.1171875
      vertex -11.483284028786507 3.483416127053548 7.5859375
      vertex -10.336457691518628 4.28150096272271 7.09375
    endloop
  endfacet
  facet normal -0.46424817679991476 0.18574477425650066 0.8660095318034073
    outer loop
      vertex -10.706345303177036 3.2477343412738002 5.2421875
      vertex -10.336457691518628 4.28150096272271 5.21875
      vertex -11.08655439013544 4.592201188381077 4.75
    endloop
  endfacet
  facet normal -0.9415440651830201 0.3368898533922217 0
    outer loop
      vertex -10.336457691518628 4.28150096272271 5.21875
      vertex -10.706345303177036 3.2477343412738002 5.6171875
      vertex -10.336457691518628 4.28150096272271 5.59375
    endloop
  endfacet
  facet normal -0.903989293123444 0.42755509343028064 0
    outer loop
      vertex -10.336457691518628 4.28150096272271 5.21875
      vertex -10.336457691518628 4.28150096272271 5.59375
      vertex -9.867024341808355 5.274034389394095 5.1953125
    endloop
  endfacet
  facet normal -0.44380652333290777 0.230354641092383 0.8660095318034073
    outer loop
      vertex -10.583055172180261 5.6567608419119715 4.7265625
      vertex -10.336457691518628 4.28150096272271 5.21875
      vertex -9.867024341808355 5.274034389394095 5.1953125
    endloop
  endfacet
  facet normal -0.903989293123444 0.42755509343028064 0
    outer loop
      vertex -9.867024341808355 5.274034389394095 5.1953125
      vertex -10.336457691518628 4.28150096272271 5.59375
      vertex -9.867024341808355 5.274034389394095 5.5703125
    endloop
  endfacet
  facet normal -0.8577286100002717 0.5141027441932223 0
    outer loop
      vertex -9.867024341808355 5.274034389394095 5.1953125
      vertex -9.867024341808355 5.274034389394095 5.5703125
      vertex -9.30256615382229 6.215775981815149 5.171875
    endloop
  endfacet
  facet normal -0.47752625220414546 0.15257156604970093 -0.8652690886013463
    outer loop
      vertex -11.483284028786507 3.483416127053548 6.0859375
      vertex -11.08655439013544 4.592201188381077 6.0625
      vertex -10.336457691518628 4.28150096272271 5.59375
    endloop
  endfacet
  facet normal -0.9415440651830204 0.3368898533922211 0
    outer loop
      vertex -11.08655439013544 4.592201188381077 6.0625
      vertex -11.483284028786507 3.483416127053548 6.2734375
      vertex -11.08655439013544 4.592201188381077 6.25
    endloop
  endfacet
  facet normal -0.459614423415447 0.19693164452197492 -0.8660095318034072
    outer loop
      vertex -11.08655439013544 4.592201188381077 6.0625
      vertex -9.867024341808355 5.274034389394095 5.5703125
      vertex -10.336457691518628 4.28150096272271 5.59375
    endloop
  endfacet
  facet normal -0.4602722041787875 0.1986426499304625 -0.8652690886013462
    outer loop
      vertex -11.08655439013544 4.592201188381077 6.0625
      vertex -10.583055172180261 5.6567608419119715 6.0390625
      vertex -9.867024341808355 5.274034389394095 5.5703125
    endloop
  endfacet
  facet normal -0.9039892931234439 0.4275550934302809 0
    outer loop
      vertex -11.08655439013544 4.592201188381077 6.0625
      vertex -11.08655439013544 4.592201188381077 6.25
      vertex -10.583055172180261 5.6567608419119715 6.0390625
    endloop
  endfacet
  facet normal -0.9039892931234439 0.4275550934302809 0
    outer loop
      vertex -10.583055172180261 5.6567608419119715 6.0390625
      vertex -11.08655439013544 4.592201188381077 6.25
      vertex -10.583055172180261 5.6567608419119715 6.2265625
    endloop
  endfacet
  facet normal -0.41909077043687964 0.2727460668098922 0.8660095318034071
    outer loop
      vertex -9.867024341808355 5.274034389394095 5.1953125
      vertex -9.30256615382229 6.215775981815149 5.171875
      vertex -9.977635347630542 6.666842796235226 4.703125
    endloop
  endfacet
  facet normal -0.8577286100002717 0.5141027441932223 0
    outer loop
      vertex -9.867024341808355 5.274034389394095 5.5703125
      vertex -9.30256615382229 6.215775981815149 5.546875
      vertex -9.30256615382229 6.215775981815149 5.171875
    endloop
  endfacet
  facet normal -0.8577286100002716 0.5141027441932225 0
    outer loop
      vertex -10.583055172180261 5.6567608419119715 6.0390625
      vertex -10.583055172180261 5.6567608419119715 6.2265625
      vertex -9.977635347630542 6.666842796235226 6.015625
    endloop
  endfacet
  facet normal -0.43809857770485894 0.24103345626411093 -0.8660095318034072
    outer loop
      vertex -10.583055172180261 5.6567608419119715 6.0390625
      vertex -9.30256615382229 6.215775981815149 5.546875
      vertex -9.867024341808355 5.274034389394095 5.5703125
    endloop
  endfacet
  facet normal -0.43858548321680585 0.2428006965032776 -0.8652690886013461
    outer loop
      vertex -10.583055172180261 5.6567608419119715 6.0390625
      vertex -9.977635347630542 6.666842796235226 6.015625
      vertex -9.30256615382229 6.215775981815149 5.546875
    endloop
  endfacet
  facet normal -0.8577286100002716 0.5141027441932224 0
    outer loop
      vertex -10.583055172180261 5.6567608419119715 6.2265625
      vertex -9.977635347630542 6.666842796235226 6.203125
      vertex -9.977635347630542 6.666842796235226 6.015625
    endloop
  endfacet
  facet normal -0.8032075314806455 0.5956993044924325 0
    outer loop
      vertex -9.977635347630542 6.666842796235226 6.015625
      vertex -9.977635347630542 6.666842796235226 6.203125
      vertex -9.276125440352844 7.612719409963746 5.9921875
    endloop
  endfacet
  facet normal -0.8032075314806455 0.5956993044924325 0
    outer loop
      vertex -9.977635347630542 6.666842796235226 6.203125
      vertex -9.276125440352844 7.612719409963746 6.1796875
      vertex -9.276125440352844 7.612719409963746 5.9921875
    endloop
  endfacet
  facet normal -0.8032075314806458 0.5956993044924321 0
    outer loop
      vertex -9.30256615382229 6.215775981815149 5.171875
      vertex -9.30256615382229 6.215775981815149 5.546875
      vertex -8.64851916847498 7.097656253642536 5.1484375
    endloop
  endfacet
  facet normal -0.39033894432322647 0.31251079880585386 0.8660095318034071
    outer loop
      vertex -9.276125440352844 7.612719409963746 4.6796875
      vertex -9.30256615382229 6.215775981815149 5.171875
      vertex -8.64851916847498 7.097656253642536 5.1484375
    endloop
  endfacet
  facet normal -0.8032075314806458 0.5956993044924321 0
    outer loop
      vertex -8.64851916847498 7.097656253642536 5.1484375
      vertex -9.30256615382229 6.215775981815149 5.546875
      vertex -8.64851916847498 7.097656253642536 5.5234375
    endloop
  endfacet
  facet normal -0.7409511253549588 0.6715589548470188 0
    outer loop
      vertex -7.9111822157737635 7.9111822157737635 4.72421875
      vertex -8.64851916847498 7.097656253642536 5.1484375
      vertex -8.64851916847498 7.097656253642536 5.5234375
    endloop
  endfacet
  facet normal -0.4123636032019306 0.28281398406013136 -0.8660095318034071
    outer loop
      vertex -9.30256615382229 6.215775981815149 5.546875
      vertex -9.977635347630542 6.666842796235226 6.015625
      vertex -8.64851916847498 7.097656253642536 5.5234375
    endloop
  endfacet
  facet normal -0.4126749442962342 0.28462043964040246 -0.865269088601346
    outer loop
      vertex -9.977635347630542 6.666842796235226 6.015625
      vertex -9.276125440352844 7.612719409963746 5.9921875
      vertex -8.64851916847498 7.097656253642536 5.5234375
    endloop
  endfacet
  facet normal -0.4659231615651954 0.18500003196780426 0.8652690886013462
    outer loop
      vertex -11.483284028786507 3.483416127053548 6.2734375
      vertex -10.706345303177036 3.2477343412738002 6.7421875
      vertex -11.08655439013544 4.592201188381077 6.25
    endloop
  endfacet
  facet normal -0.46424817679991476 0.18574477425650066 0.8660095318034073
    outer loop
      vertex -10.706345303177036 3.2477343412738002 6.7421875
      vertex -10.336457691518628 4.28150096272271 6.71875
      vertex -11.08655439013544 4.592201188381077 6.25
    endloop
  endfacet
  facet normal -0.4455464400981436 0.22977766215815398 0.8652690886013463
    outer loop
      vertex -10.583055172180261 5.6567608419119715 6.2265625
      vertex -11.08655439013544 4.592201188381077 6.25
      vertex -10.336457691518628 4.28150096272271 6.71875
    endloop
  endfacet
  facet normal -0.903989293123444 0.42755509343028064 0
    outer loop
      vertex -10.336457691518628 4.28150096272271 6.71875
      vertex -10.336457691518628 4.28150096272271 7.09375
      vertex -9.867024341808355 5.274034389394095 6.6953125
    endloop
  endfacet
  facet normal -0.44380652333290777 0.230354641092383 0.8660095318034073
    outer loop
      vertex -10.583055172180261 5.6567608419119715 6.2265625
      vertex -10.336457691518628 4.28150096272271 6.71875
      vertex -9.867024341808355 5.274034389394095 6.6953125
    endloop
  endfacet
  facet normal -0.8577286100002717 0.5141027441932223 0
    outer loop
      vertex -9.867024341808355 5.274034389394095 6.6953125
      vertex -9.867024341808355 5.274034389394095 7.0703125
      vertex -9.30256615382229 6.215775981815149 6.671875
    endloop
  endfacet
  facet normal -0.9415440651830201 0.3368898533922217 0
    outer loop
      vertex -10.336457691518628 4.28150096272271 6.71875
      vertex -10.706345303177036 3.2477343412738002 7.1171875
      vertex -10.336457691518628 4.28150096272271 7.09375
    endloop
  endfacet
  facet normal -0.47752625220414546 0.15257156604970093 -0.8652690886013463
    outer loop
      vertex -11.483284028786507 3.483416127053548 7.5859375
      vertex -11.08655439013544 4.592201188381077 7.5625
      vertex -10.336457691518628 4.28150096272271 7.09375
    endloop
  endfacet
  facet normal -0.459614423415447 0.19693164452197492 -0.8660095318034072
    outer loop
      vertex -11.08655439013544 4.592201188381077 7.5625
      vertex -9.867024341808355 5.274034389394095 7.0703125
      vertex -10.336457691518628 4.28150096272271 7.09375
    endloop
  endfacet
  facet normal -0.4602722041787875 0.1986426499304625 -0.8652690886013462
    outer loop
      vertex -11.08655439013544 4.592201188381077 7.5625
      vertex -10.583055172180261 5.6567608419119715 7.5390625
      vertex -9.867024341808355 5.274034389394095 7.0703125
    endloop
  endfacet
  facet normal -0.903989293123444 0.42755509343028064 0
    outer loop
      vertex -9.867024341808355 5.274034389394095 6.6953125
      vertex -10.336457691518628 4.28150096272271 7.09375
      vertex -9.867024341808355 5.274034389394095 7.0703125
    endloop
  endfacet
  facet normal -0.42087886285248677 0.2723424078526758 0.8652690886013462
    outer loop
      vertex -10.583055172180261 5.6567608419119715 6.2265625
      vertex -9.867024341808355 5.274034389394095 6.6953125
      vertex -9.977635347630542 6.666842796235226 6.203125
    endloop
  endfacet
  facet normal -0.41909077043687964 0.2727460668098922 0.8660095318034071
    outer loop
      vertex -9.867024341808355 5.274034389394095 6.6953125
      vertex -9.30256615382229 6.215775981815149 6.671875
      vertex -9.977635347630542 6.666842796235226 6.203125
    endloop
  endfacet
  facet normal -0.3921579920817717 0.31228434728207055 0.8652690886013462
    outer loop
      vertex -9.977635347630542 6.666842796235226 6.203125
      vertex -9.30256615382229 6.215775981815149 6.671875
      vertex -9.276125440352844 7.612719409963746 6.1796875
    endloop
  endfacet
  facet normal -0.8577286100002717 0.5141027441932223 0
    outer loop
      vertex -9.30256615382229 6.215775981815149 6.671875
      vertex -9.867024341808355 5.274034389394095 7.0703125
      vertex -9.30256615382229 6.215775981815149 7.046875
    endloop
  endfacet
  facet normal -0.43809857770485894 0.24103345626411093 -0.8660095318034072
    outer loop
      vertex -10.583055172180261 5.6567608419119715 7.5390625
      vertex -9.30256615382229 6.215775981815149 7.046875
      vertex -9.867024341808355 5.274034389394095 7.0703125
    endloop
  endfacet
  facet normal -0.43858548321680585 0.2428006965032776 -0.8652690886013461
    outer loop
      vertex -10.583055172180261 5.6567608419119715 7.5390625
      vertex -9.977635347630542 6.666842796235226 7.515625
      vertex -9.30256615382229 6.215775981815149 7.046875
    endloop
  endfacet
  facet normal -0.8032075314806458 0.5956993044924321 0
    outer loop
      vertex -9.30256615382229 6.215775981815149 6.671875
      vertex -9.30256615382229 6.215775981815149 7.046875
      vertex -8.64851916847498 7.097656253642536 6.6484375
    endloop
  endfacet
  facet normal -0.39033894432322647 0.31251079880585386 0.8660095318034071
    outer loop
      vertex -9.276125440352844 7.612719409963746 6.1796875
      vertex -9.30256615382229 6.215775981815149 6.671875
      vertex -8.64851916847498 7.097656253642536 6.6484375
    endloop
  endfacet
  facet normal -0.7409511253549588 0.6715589548470188 0
    outer loop
      vertex -8.64851916847498 7.097656253642536 6.6484375
      vertex -8.64851916847498 7.097656253642536 7.0234375
      vertex -7.9111822157737635 7.9111822157737635 6.625
    endloop
  endfacet
  facet normal -0.8032075314806458 0.5956993044924321 0
    outer loop
      vertex -8.64851916847498 7.097656253642536 6.6484375
      vertex -9.30256615382229 6.215775981815149 7.046875
      vertex -8.64851916847498 7.097656253642536 7.0234375
    endloop
  endfacet
  facet normal -0.4123636032019306 0.28281398406013136 -0.8660095318034071
    outer loop
      vertex -9.30256615382229 6.215775981815149 7.046875
      vertex -9.977635347630542 6.666842796235226 7.515625
      vertex -8.64851916847498 7.097656253642536 7.0234375
    endloop
  endfacet
  facet normal -0.4126749442962342 0.28462043964040246 -0.865269088601346
    outer loop
      vertex -9.977635347630542 6.666842796235226 7.515625
      vertex -9.276125440352844 7.612719409963746 7.4921875
      vertex -8.64851916847498 7.097656253642536 7.0234375
    endloop
  endfacet
  facet normal -0.9987954562051724 0.049067674327418334 0
    outer loop
      vertex -12 0 7.65625
      vertex -12 0 7.84375
      vertex -11.942216720066362 1.1762056839547272 7.6328125
    endloop
  endfacet
  facet normal -0.9987954562051724 0.049067674327418334 0
    outer loop
      vertex -11.942216720066362 1.1762056839547272 7.6328125
      vertex -12 0 7.84375
      vertex -11.942216720066362 1.1762056839547272 7.8203125
    endloop
  endfacet
  facet normal -0.4995633412254494 0.04178363812140806 0.8652690886013462
    outer loop
      vertex -12 0 7.84375
      vertex -11.188101183952089 0 8.3125
      vertex -11.942216720066362 1.1762056839547272 7.8203125
    endloop
  endfacet
  facet normal -0.989176509964781 0.14673047445536164 0
    outer loop
      vertex -11.942216720066362 1.1762056839547272 7.6328125
      vertex -11.942216720066362 1.1762056839547272 7.8203125
      vertex -11.769423364838765 2.341083864193539 7.609375
    endloop
  endfacet
  facet normal -0.4930622944716725 0.09054820860362225 0.8652690886013463
    outer loop
      vertex -11.942216720066362 1.1762056839547272 7.8203125
      vertex -11.134227418732241 1.096625683768755 8.2890625
      vertex -11.769423364838765 2.341083864193539 7.796875
    endloop
  endfacet
  facet normal -0.4981766680167274 0.042982534469182744 0.8660095318034073
    outer loop
      vertex -11.942216720066362 1.1762056839547272 7.8203125
      vertex -11.188101183952089 0 8.3125
      vertex -11.134227418732241 1.096625683768755 8.2890625
    endloop
  endfacet
  facet normal -0.989176509964781 0.14673047445536164 0
    outer loop
      vertex -11.769423364838765 2.341083864193539 7.609375
      vertex -11.942216720066362 1.1762056839547272 7.8203125
      vertex -11.769423364838765 2.341083864193539 7.796875
    endloop
  endfacet
  facet normal -0.9700312531945441 0.24298017990326343 0
    outer loop
      vertex -11.769423364838765 2.341083864193539 7.609375
      vertex -11.769423364838765 2.341083864193539 7.796875
      vertex -11.483284028786507 3.483416127053548 7.5859375
    endloop
  endfacet
  facet normal -0.4915647860819065 0.09160541419529995 0.8660095318034073
    outer loop
      vertex -11.134227418732241 1.096625683768755 8.2890625
      vertex -10.973124956882163 2.182690262726239 8.265625
      vertex -11.769423364838765 2.341083864193539 7.796875
    endloop
  endfacet
  facet normal -0.48181278828686613 0.13844075033829778 0.8652690886013464
    outer loop
      vertex -11.769423364838765 2.341083864193539 7.796875
      vertex -10.973124956882163 2.182690262726239 8.265625
      vertex -11.483284028786507 3.483416127053548 7.7734375
    endloop
  endfacet
  facet normal -0.9700312531945441 0.24298017990326343 0
    outer loop
      vertex -11.769423364838765 2.341083864193539 7.796875
      vertex -11.483284028786507 3.483416127053548 7.7734375
      vertex -11.483284028786507 3.483416127053548 7.5859375
    endloop
  endfacet
  facet normal -0.4999908363074789 0.00605429056051739 -0.8660095318034072
    outer loop
      vertex -11.188101183952089 0 8.6875
      vertex -12 0 9.15625
      vertex -11.134227418732241 1.096625683768755 8.6640625
    endloop
  endfacet
  facet normal -0.5012533199141237 0.00738333163717585 -0.8652690886013464
    outer loop
      vertex -11.134227418732241 1.096625683768755 8.6640625
      vertex -12 0 9.15625
      vertex -11.942216720066362 1.1762056839547272 9.1328125
    endloop
  endfacet
  facet normal -0.9987954562051724 0.049067674327418334 0
    outer loop
      vertex -12 0 9.15625
      vertex -12 0 9.34375
      vertex -11.942216720066362 1.1762056839547272 9.1328125
    endloop
  endfacet
  facet normal -0.9987954562051724 0.049067674327418334 0
    outer loop
      vertex -11.942216720066362 1.1762056839547272 9.1328125
      vertex -12 0 9.34375
      vertex -11.942216720066362 1.1762056839547272 9.3203125
    endloop
  endfacet
  facet normal -0.4969898195217952 0.05503280946250664 -0.8660095318034073
    outer loop
      vertex -11.134227418732241 1.096625683768755 8.6640625
      vertex -11.942216720066362 1.1762056839547272 9.1328125
      vertex -10.973124956882163 2.182690262726239 8.640625
    endloop
  endfacet
  facet normal -0.989176509964781 0.14673047445536164 0
    outer loop
      vertex -11.942216720066362 1.1762056839547272 9.1328125
      vertex -11.942216720066362 1.1762056839547272 9.3203125
      vertex -11.769423364838765 2.341083864193539 9.109375
    endloop
  endfacet
  facet normal -0.4995633412254494 0.04178363812140806 0.8652690886013462
    outer loop
      vertex -12 0 9.34375
      vertex -11.188101183952089 0 9.8125
      vertex -11.942216720066362 1.1762056839547272 9.3203125
    endloop
  endfacet
  facet normal -0.4981766680167274 0.042982534469182744 0.8660095318034073
    outer loop
      vertex -11.942216720066362 1.1762056839547272 9.3203125
      vertex -11.188101183952089 0 9.8125
      vertex -11.134227418732241 1.096625683768755 9.7890625
    endloop
  endfacet
  facet normal -0.4930622944716725 0.09054820860362225 0.8652690886013463
    outer loop
      vertex -11.942216720066362 1.1762056839547272 9.3203125
      vertex -11.134227418732241 1.096625683768755 9.7890625
      vertex -11.769423364838765 2.341083864193539 9.296875
    endloop
  endfacet
  facet normal -0.4981159551190877 0.056479195875953625 -0.8652690886013464
    outer loop
      vertex -11.942216720066362 1.1762056839547272 9.1328125
      vertex -11.769423364838765 2.341083864193539 9.109375
      vertex -10.973124956882163 2.182690262726239 8.640625
    endloop
  endfacet
  facet normal -0.989176509964781 0.14673047445536164 0
    outer loop
      vertex -11.769423364838765 2.341083864193539 9.109375
      vertex -11.942216720066362 1.1762056839547272 9.3203125
      vertex -11.769423364838765 2.341083864193539 9.296875
    endloop
  endfacet
  facet normal -0.9700312531945441 0.24298017990326343 0
    outer loop
      vertex -11.769423364838765 2.341083864193539 9.109375
      vertex -11.769423364838765 2.341083864193539 9.296875
      vertex -11.483284028786507 3.483416127053548 9.0859375
    endloop
  endfacet
  facet normal -0.49018146137837604 0.10503113458377708 -0.8652690886013462
    outer loop
      vertex -11.769423364838765 2.341083864193539 9.109375
      vertex -11.483284028786507 3.483416127053548 9.0859375
      vertex -10.706345303177036 3.2477343412738002 8.6171875
    endloop
  endfacet
  facet normal -0.9700312531945441 0.24298017990326343 0
    outer loop
      vertex -11.769423364838765 2.341083864193539 9.296875
      vertex -11.483284028786507 3.483416127053548 9.2734375
      vertex -11.483284028786507 3.483416127053548 9.0859375
    endloop
  endfacet
  facet normal -0.4915647860819065 0.09160541419529995 0.8660095318034073
    outer loop
      vertex -11.134227418732241 1.096625683768755 9.7890625
      vertex -10.973124956882163 2.182690262726239 9.765625
      vertex -11.769423364838765 2.341083864193539 9.296875
    endloop
  endfacet
  facet normal -0.48181278828686613 0.13844075033829778 0.8652690886013464
    outer loop
      vertex -11.769423364838765 2.341083864193539 9.296875
      vertex -10.973124956882163 2.182690262726239 9.765625
      vertex -11.483284028786507 3.483416127053548 9.2734375
    endloop
  endfacet
  facet normal -0.9415440651830204 0.3368898533922211 0
    outer loop
      vertex -11.483284028786507 3.483416127053548 7.5859375
      vertex -11.483284028786507 3.483416127053548 7.7734375
      vertex -11.08655439013544 4.592201188381077 7.5625
    endloop
  endfacet
  facet normal -0.9415440651830204 0.3368898533922211 0
    outer loop
      vertex -11.483284028786507 3.483416127053548 9.0859375
      vertex -11.483284028786507 3.483416127053548 9.2734375
      vertex -11.08655439013544 4.592201188381077 9.0625
    endloop
  endfacet
  facet normal -0.9987954562051724 0.04906767432741878 0
    outer loop
      vertex -11.188101183952089 0 8.3125
      vertex -11.188101183952089 0 8.6875
      vertex -11.134227418732241 1.096625683768755 8.2890625
    endloop
  endfacet
  facet normal -0.9987954562051724 0.04906767432741878 0
    outer loop
      vertex -11.134227418732241 1.096625683768755 8.2890625
      vertex -11.188101183952089 0 8.6875
      vertex -11.134227418732241 1.096625683768755 8.6640625
    endloop
  endfacet
  facet normal -0.9891765099647809 0.14673047445536166 0
    outer loop
      vertex -11.134227418732241 1.096625683768755 8.2890625
      vertex -11.134227418732241 1.096625683768755 8.6640625
      vertex -10.973124956882163 2.182690262726239 8.265625
    endloop
  endfacet
  facet normal -0.9891765099647809 0.14673047445536166 0
    outer loop
      vertex -10.973124956882163 2.182690262726239 8.265625
      vertex -11.134227418732241 1.096625683768755 8.6640625
      vertex -10.973124956882163 2.182690262726239 8.640625
    endloop
  endfacet
  facet normal -0.4802188665404716 0.13934608370610313 0.866009531803407
    outer loop
      vertex -10.973124956882163 2.182690262726239 8.265625
      vertex -10.706345303177036 3.2477343412738002 8.2421875
      vertex -11.483284028786507 3.483416127053548 7.7734375
    endloop
  endfacet
  facet normal -0.9700312531945444 0.24298017990326257 0
    outer loop
      vertex -10.973124956882163 2.182690262726239 8.265625
      vertex -10.973124956882163 2.182690262726239 8.640625
      vertex -10.706345303177036 3.2477343412738002 8.2421875
    endloop
  endfacet
  facet normal -0.9415440651830201 0.3368898533922217 0
    outer loop
      vertex -10.706345303177036 3.2477343412738002 8.2421875
      vertex -10.706345303177036 3.2477343412738002 8.6171875
      vertex -10.336457691518628 4.28150096272271 8.21875
    endloop
  endfacet
  facet normal -0.9700312531945444 0.24298017990326257 0
    outer loop
      vertex -10.706345303177036 3.2477343412738002 8.2421875
      vertex -10.973124956882163 2.182690262726239 8.640625
      vertex -10.706345303177036 3.2477343412738002 8.6171875
    endloop
  endfacet
  facet normal -0.9987954562051724 0.04906767432741878 0
    outer loop
      vertex -11.188101183952089 0 9.8125
      vertex -11.188101183952089 0 10
      vertex -11.134227418732241 1.096625683768755 9.7890625
    endloop
  endfacet
  facet normal -0.9987954562051724 0.049067674327418785 0
    outer loop
      vertex -11.188101183952089 0 10
      vertex -11.134227418732241 1.096625683768755 10
      vertex -11.134227418732241 1.096625683768755 9.7890625
    endloop
  endfacet
  facet normal -0.9891765099647809 0.14673047445536166 0
    outer loop
      vertex -11.134227418732241 1.096625683768755 9.7890625
      vertex -11.134227418732241 1.096625683768755 10
      vertex -10.973124956882163 2.182690262726239 9.765625
    endloop
  endfacet
  facet normal -0.9891765099647809 0.14673047445536166 0
    outer loop
      vertex -11.134227418732241 1.096625683768755 10
      vertex -10.973124956882163 2.182690262726239 10
      vertex -10.973124956882163 2.182690262726239 9.765625
    endloop
  endfacet
  facet normal -0.4892025190918459 0.10348133232537791 -0.8660095318034075
    outer loop
      vertex -10.973124956882163 2.182690262726239 8.640625
      vertex -11.769423364838765 2.341083864193539 9.109375
      vertex -10.706345303177036 3.2477343412738002 8.6171875
    endloop
  endfacet
  facet normal -0.4767039309777424 0.15093327338930768 -0.8660095318034072
    outer loop
      vertex -10.706345303177036 3.2477343412738002 8.6171875
      vertex -11.483284028786507 3.483416127053548 9.0859375
      vertex -10.336457691518628 4.28150096272271 8.59375
    endloop
  endfacet
  facet normal -0.9700312531945443 0.24298017990326257 0
    outer loop
      vertex -10.973124956882163 2.182690262726239 9.765625
      vertex -10.973124956882163 2.182690262726239 10
      vertex -10.706345303177036 3.2477343412738002 9.7421875
    endloop
  endfacet
  facet normal -0.4802188665404716 0.13934608370610313 0.866009531803407
    outer loop
      vertex -10.973124956882163 2.182690262726239 9.765625
      vertex -10.706345303177036 3.2477343412738002 9.7421875
      vertex -11.483284028786507 3.483416127053548 9.2734375
    endloop
  endfacet
  facet normal -0.9700312531945444 0.2429801799032626 0
    outer loop
      vertex -10.973124956882163 2.182690262726239 10
      vertex -10.706345303177036 3.2477343412738002 10
      vertex -10.706345303177036 3.2477343412738002 9.7421875
    endloop
  endfacet
  facet normal -0.9415440651830203 0.3368898533922217 0
    outer loop
      vertex -10.706345303177036 3.2477343412738002 9.7421875
      vertex -10.706345303177036 3.2477343412738002 10
      vertex -10.336457691518628 4.28150096272271 9.71875
    endloop
  endfacet
  facet normal 0 0 1
    outer loop
      vertex -11.188101183952089 0 10
      vertex -2.4879618166804924 0.2450428508239015 10
      vertex -11.134227418732241 1.096625683768755 10
    endloop
  endfacet
  facet normal 0 0 1
    outer loop
      vertex -11.134227418732241 1.096625683768755 10
      vertex -2.451963201008076 0.48772580504032076 10
      vertex -10.973124956882163 2.182690262726239 10
    endloop
  endfacet
  facet normal 0 0 1
    outer loop
      vertex -10.973124956882163 2.182690262726239 10
      vertex -2.392350839330522 0.7257116931361558 10
      vertex -10.706345303177036 3.2477343412738002 10
    endloop
  endfacet
  facet normal 0 0 1
    outer loop
      vertex -10.706345303177036 3.2477343412738002 10
      vertex -2.309698831278217 0.9567085809127245 10
      vertex -10.336457691518628 4.28150096272271 10
    endloop
  endfacet
  facet normal -0.9415440651830204 0.3368898533922211 0
    outer loop
      vertex -11.08655439013544 4.592201188381077 7.5625
      vertex -11.483284028786507 3.483416127053548 7.7734375
      vertex -11.08655439013544 4.592201188381077 7.75
    endloop
  endfacet
  facet normal -0.4659231615651954 0.18500003196780426 0.8652690886013462
    outer loop
      vertex -11.483284028786507 3.483416127053548 7.7734375
      vertex -10.706345303177036 3.2477343412738002 8.2421875
      vertex -11.08655439013544 4.592201188381077 7.75
    endloop
  endfacet
  facet normal -0.46424817679991476 0.18574477425650066 0.8660095318034073
    outer loop
      vertex -10.706345303177036 3.2477343412738002 8.2421875
      vertex -10.336457691518628 4.28150096272271 8.21875
      vertex -11.08655439013544 4.592201188381077 7.75
    endloop
  endfacet
  facet normal -0.9039892931234439 0.4275550934302809 0
    outer loop
      vertex -11.08655439013544 4.592201188381077 7.5625
      vertex -11.08655439013544 4.592201188381077 7.75
      vertex -10.583055172180261 5.6567608419119715 7.5390625
    endloop
  endfacet
  facet normal -0.9039892931234439 0.4275550934302809 0
    outer loop
      vertex -10.583055172180261 5.6567608419119715 7.5390625
      vertex -11.08655439013544 4.592201188381077 7.75
      vertex -10.583055172180261 5.6567608419119715 7.7265625
    endloop
  endfacet
  facet normal -0.4455464400981436 0.22977766215815398 0.8652690886013463
    outer loop
      vertex -10.583055172180261 5.6567608419119715 7.7265625
      vertex -11.08655439013544 4.592201188381077 7.75
      vertex -10.336457691518628 4.28150096272271 8.21875
    endloop
  endfacet
  facet normal -0.44380652333290777 0.230354641092383 0.8660095318034073
    outer loop
      vertex -10.583055172180261 5.6567608419119715 7.7265625
      vertex -10.336457691518628 4.28150096272271 8.21875
      vertex -9.867024341808355 5.274034389394095 8.1953125
    endloop
  endfacet
  facet normal -0.9415440651830201 0.3368898533922217 0
    outer loop
      vertex -10.336457691518628 4.28150096272271 8.21875
      vertex -10.706345303177036 3.2477343412738002 8.6171875
      vertex -10.336457691518628 4.28150096272271 8.59375
    endloop
  endfacet
  facet normal -0.459614423415447 0.19693164452197492 -0.8660095318034072
    outer loop
      vertex -11.08655439013544 4.592201188381077 9.0625
      vertex -9.867024341808355 5.274034389394095 8.5703125
      vertex -10.336457691518628 4.28150096272271 8.59375
    endloop
  endfacet
  facet normal -0.903989293123444 0.42755509343028064 0
    outer loop
      vertex -10.336457691518628 4.28150096272271 8.21875
      vertex -10.336457691518628 4.28150096272271 8.59375
      vertex -9.867024341808355 5.274034389394095 8.1953125
    endloop
  endfacet
  facet normal -0.8577286100002717 0.5141027441932223 0
    outer loop
      vertex -9.867024341808355 5.274034389394095 8.1953125
      vertex -9.867024341808355 5.274034389394095 8.5703125
      vertex -9.30256615382229 6.215775981815149 8.171875
    endloop
  endfacet
  facet normal -0.903989293123444 0.42755509343028064 0
    outer loop
      vertex -9.867024341808355 5.274034389394095 8.1953125
      vertex -10.336457691518628 4.28150096272271 8.59375
      vertex -9.867024341808355 5.274034389394095 8.5703125
    endloop
  endfacet
  facet normal -0.8577286100002716 0.5141027441932225 0
    outer loop
      vertex -10.583055172180261 5.6567608419119715 7.5390625
      vertex -10.583055172180261 5.6567608419119715 7.7265625
      vertex -9.977635347630542 6.666842796235226 7.515625
    endloop
  endfacet
  facet normal -0.8577286100002716 0.5141027441932224 0
    outer loop
      vertex -10.583055172180261 5.6567608419119715 7.7265625
      vertex -9.977635347630542 6.666842796235226 7.703125
      vertex -9.977635347630542 6.666842796235226 7.515625
    endloop
  endfacet
  facet normal -0.42087886285248677 0.2723424078526758 0.8652690886013462
    outer loop
      vertex -10.583055172180261 5.6567608419119715 7.7265625
      vertex -9.867024341808355 5.274034389394095 8.1953125
      vertex -9.977635347630542 6.666842796235226 7.703125
    endloop
  endfacet
  facet normal -0.41909077043687964 0.2727460668098922 0.8660095318034071
    outer loop
      vertex -9.867024341808355 5.274034389394095 8.1953125
      vertex -9.30256615382229 6.215775981815149 8.171875
      vertex -9.977635347630542 6.666842796235226 7.703125
    endloop
  endfacet
  facet normal -0.8032075314806455 0.5956993044924325 0
    outer loop
      vertex -9.977635347630542 6.666842796235226 7.515625
      vertex -9.977635347630542 6.666842796235226 7.703125
      vertex -9.276125440352844 7.612719409963746 7.4921875
    endloop
  endfacet
  facet normal -0.8032075314806455 0.5956993044924325 0
    outer loop
      vertex -9.977635347630542 6.666842796235226 7.703125
      vertex -9.276125440352844 7.612719409963746 7.6796875
      vertex -9.276125440352844 7.612719409963746 7.4921875
    endloop
  endfacet
  facet normal -0.3921579920817717 0.31228434728207055 0.8652690886013462
    outer loop
      vertex -9.977635347630542 6.666842796235226 7.703125
      vertex -9.30256615382229 6.215775981815149 8.171875
      vertex -9.276125440352844 7.612719409963746 7.6796875
    endloop
  endfacet
  facet normal -0.8577286100002717 0.5141027441932223 0
    outer loop
      vertex -9.867024341808355 5.274034389394095 8.5703125
      vertex -9.30256615382229 6.215775981815149 8.546875
      vertex -9.30256615382229 6.215775981815149 8.171875
    endloop
  endfacet
  facet normal -0.43809857770485894 0.24103345626411093 -0.8660095318034072
    outer loop
      vertex -10.583055172180261 5.6567608419119715 9.0390625
      vertex -9.30256615382229 6.215775981815149 8.546875
      vertex -9.867024341808355 5.274034389394095 8.5703125
    endloop
  endfacet
  facet normal -0.39033894432322647 0.31251079880585386 0.8660095318034071
    outer loop
      vertex -9.276125440352844 7.612719409963746 7.6796875
      vertex -9.30256615382229 6.215775981815149 8.171875
      vertex -8.64851916847498 7.097656253642536 8.1484375
    endloop
  endfacet
  facet normal -0.8032075314806458 0.5956993044924321 0
    outer loop
      vertex -9.30256615382229 6.215775981815149 8.171875
      vertex -9.30256615382229 6.215775981815149 8.546875
      vertex -8.64851916847498 7.097656253642536 8.1484375
    endloop
  endfacet
  facet normal -0.8032075314806458 0.5956993044924321 0
    outer loop
      vertex -8.64851916847498 7.097656253642536 8.1484375
      vertex -9.30256615382229 6.215775981815149 8.546875
      vertex -8.64851916847498 7.097656253642536 8.5234375
    endloop
  endfacet
  facet normal -0.4123636032019306 0.28281398406013136 -0.8660095318034071
    outer loop
      vertex -9.30256615382229 6.215775981815149 8.546875
      vertex -9.977635347630542 6.666842796235226 9.015625
      vertex -8.64851916847498 7.097656253642536 8.5234375
    endloop
  endfacet
  facet normal -0.7409511253549588 0.6715589548470188 0
    outer loop
      vertex -8.64851916847498 7.097656253642536 8.1484375
      vertex -8.64851916847498 7.097656253642536 8.5234375
      vertex -7.9111822157737635 7.9111822157737635 8.125
    endloop
  endfacet
  facet normal -0.47752625220414546 0.15257156604970093 -0.8652690886013463
    outer loop
      vertex -11.483284028786507 3.483416127053548 9.0859375
      vertex -11.08655439013544 4.592201188381077 9.0625
      vertex -10.336457691518628 4.28150096272271 8.59375
    endloop
  endfacet
  facet normal -0.9415440651830204 0.3368898533922211 0
    outer loop
      vertex -11.08655439013544 4.592201188381077 9.0625
      vertex -11.483284028786507 3.483416127053548 9.2734375
      vertex -11.08655439013544 4.592201188381077 9.25
    endloop
  endfacet
  facet normal -0.4602722041787875 0.1986426499304625 -0.8652690886013462
    outer loop
      vertex -11.08655439013544 4.592201188381077 9.0625
      vertex -10.583055172180261 5.6567608419119715 9.0390625
      vertex -9.867024341808355 5.274034389394095 8.5703125
    endloop
  endfacet
  facet normal -0.9039892931234439 0.4275550934302809 0
    outer loop
      vertex -11.08655439013544 4.592201188381077 9.0625
      vertex -11.08655439013544 4.592201188381077 9.25
      vertex -10.583055172180261 5.6567608419119715 9.0390625
    endloop
  endfacet
  facet normal -0.9039892931234439 0.4275550934302809 0
    outer loop
      vertex -10.583055172180261 5.6567608419119715 9.0390625
      vertex -11.08655439013544 4.592201188381077 9.25
      vertex -10.583055172180261 5.6567608419119715 9.2265625
    endloop
  endfacet
  facet normal -0.4659231615651954 0.18500003196780426 0.8652690886013462
    outer loop
      vertex -11.483284028786507 3.483416127053548 9.2734375
      vertex -10.706345303177036 3.2477343412738002 9.7421875
      vertex -11.08655439013544 4.592201188381077 9.25
    endloop
  endfacet
  facet normal -0.46424817679991476 0.18574477425650066 0.8660095318034073
    outer loop
      vertex -10.706345303177036 3.2477343412738002 9.7421875
      vertex -10.336457691518628 4.28150096272271 9.71875
      vertex -11.08655439013544 4.592201188381077 9.25
    endloop
  endfacet
  facet normal -0.9415440651830203 0.33688985339222177 0
    outer loop
      vertex -10.706345303177036 3.2477343412738002 10
      vertex -10.336457691518628 4.28150096272271 10
      vertex -10.336457691518628 4.28150096272271 9.71875
    endloop
  endfacet
  facet normal -0.4455464400981436 0.22977766215815398 0.8652690886013463
    outer loop
      vertex -10.583055172180261 5.6567608419119715 9.2265625
      vertex -11.08655439013544 4.592201188381077 9.25
      vertex -10.336457691518628 4.28150096272271 9.71875
    endloop
  endfacet
  facet normal -0.903989293123444 0.42755509343028064 0
    outer loop
      vertex -10.336457691518628 4.28150096272271 9.71875
      vertex -10.336457691518628 4.28150096272271 10
      vertex -9.867024341808355 5.274034389394095 9.6953125
    endloop
  endfacet
  facet normal -0.44380652333290777 0.230354641092383 0.8660095318034073
    outer loop
      vertex -10.583055172180261 5.6567608419119715 9.2265625
      vertex -10.336457691518628 4.28150096272271 9.71875
      vertex -9.867024341808355 5.274034389394095 9.6953125
    endloop
  endfacet
  facet normal -0.903989293123444 0.4275550934302807 0
    outer loop
      vertex -10.336457691518628 4.28150096272271 10
      vertex -9.867024341808355 5.274034389394095 10
      vertex -9.867024341808355 5.274034389394095 9.6953125
    endloop
  endfacet
  facet normal -0.8577286100002718 0.5141027441932223 0
    outer loop
      vertex -9.867024341808355 5.274034389394095 9.6953125
      vertex -9.867024341808355 5.274034389394095 10
      vertex -9.30256615382229 6.215775981815149 9.671875
    endloop
  endfacet
  facet normal -0.8577286100002716 0.5141027441932225 0
    outer loop
      vertex -10.583055172180261 5.6567608419119715 9.0390625
      vertex -10.583055172180261 5.6567608419119715 9.2265625
      vertex -9.977635347630542 6.666842796235226 9.015625
    endloop
  endfacet
  facet normal -0.43858548321680585 0.2428006965032776 -0.8652690886013461
    outer loop
      vertex -10.583055172180261 5.6567608419119715 9.0390625
      vertex -9.977635347630542 6.666842796235226 9.015625
      vertex -9.30256615382229 6.215775981815149 8.546875
    endloop
  endfacet
  facet normal -0.8577286100002716 0.5141027441932224 0
    outer loop
      vertex -10.583055172180261 5.6567608419119715 9.2265625
      vertex -9.977635347630542 6.666842796235226 9.203125
      vertex -9.977635347630542 6.666842796235226 9.015625
    endloop
  endfacet
  facet normal -0.8032075314806455 0.5956993044924325 0
    outer loop
      vertex -9.977635347630542 6.666842796235226 9.015625
      vertex -9.977635347630542 6.666842796235226 9.203125
      vertex -9.276125440352844 7.612719409963746 8.9921875
    endloop
  endfacet
  facet normal -0.3921579920817717 0.31228434728207055 0.8652690886013462
    outer loop
      vertex -9.977635347630542 6.666842796235226 9.203125
      vertex -9.30256615382229 6.215775981815149 9.671875
      vertex -9.276125440352844 7.612719409963746 9.1796875
    endloop
  endfacet
  facet normal -0.8032075314806455 0.5956993044924325 0
    outer loop
      vertex -9.977635347630542 6.666842796235226 9.203125
      vertex -9.276125440352844 7.612719409963746 9.1796875
      vertex -9.276125440352844 7.612719409963746 8.9921875
    endloop
  endfacet
  facet normal -0.42087886285248677 0.2723424078526758 0.8652690886013462
    outer loop
      vertex -10.583055172180261 5.6567608419119715 9.2265625
      vertex -9.867024341808355 5.274034389394095 9.6953125
      vertex -9.977635347630542 6.666842796235226 9.203125
    endloop
  endfacet
  facet normal -0.41909077043687964 0.2727460668098922 0.8660095318034071
    outer loop
      vertex -9.867024341808355 5.274034389394095 9.6953125
      vertex -9.30256615382229 6.215775981815149 9.671875
      vertex -9.977635347630542 6.666842796235226 9.203125
    endloop
  endfacet
  facet normal -0.8577286100002717 0.5141027441932223 0
    outer loop
      vertex -9.867024341808355 5.274034389394095 10
      vertex -9.30256615382229 6.215775981815149 10
      vertex -9.30256615382229 6.215775981815149 9.671875
    endloop
  endfacet
  facet normal -0.4126749442962342 0.28462043964040246 -0.865269088601346
    outer loop
      vertex -9.977635347630542 6.666842796235226 9.015625
      vertex -9.276125440352844 7.612719409963746 8.9921875
      vertex -8.64851916847498 7.097656253642536 8.5234375
    endloop
  endfacet
  facet normal -0.8032075314806458 0.5956993044924321 0
    outer loop
      vertex -9.30256615382229 6.215775981815149 9.671875
      vertex -9.30256615382229 6.215775981815149 10
      vertex -8.64851916847498 7.097656253642536 9.6484375
    endloop
  endfacet
  facet normal -0.39033894432322647 0.31251079880585386 0.8660095318034071
    outer loop
      vertex -9.276125440352844 7.612719409963746 9.1796875
      vertex -9.30256615382229 6.215775981815149 9.671875
      vertex -8.64851916847498 7.097656253642536 9.6484375
    endloop
  endfacet
  facet normal -0.8032075314806458 0.5956993044924321 0
    outer loop
      vertex -9.30256615382229 6.215775981815149 10
      vertex -8.64851916847498 7.097656253642536 10
      vertex -8.64851916847498 7.097656253642536 9.6484375
    endloop
  endfacet
  facet normal -0.7409511253549588 0.6715589548470188 0
    outer loop
      vertex -8.64851916847498 7.097656253642536 9.6484375
      vertex -8.64851916847498 7.097656253642536 10
      vertex -7.9111822157737635 7.9111822157737635 9.625
    endloop
  endfacet
  facet normal -0.7409511253549588 0.6715589548470187 0
    outer loop
      vertex -7.9111822157737635 7.9111822157737635 4.72421875
      vertex -8.64851916847498 7.097656253642536 5.5234375
      vertex -7.9111822157737635 7.9111822157737635 5.5
    endloop
  endfacet
  facet normal -0.382657341779291 0.32187085858780473 -0.866009531803407
    outer loop
      vertex -9.276125440352844 7.612719409963746 5.9921875
      vertex -7.9111822157737635 7.9111822157737635 5.5
      vertex -8.64851916847498 7.097656253642536 5.5234375
    endloop
  endfacet
  facet normal -0.38279012007101676 0.3236991323544317 -0.8652690886013465
    outer loop
      vertex -9.276125440352844 7.612719409963746 5.9921875
      vertex -8.485281374238571 8.485281374238571 5.96875
      vertex -7.9111822157737635 7.9111822157737635 5.5
    endloop
  endfacet
  facet normal -0.7409511253549597 0.6715589548470179 0
    outer loop
      vertex -9.276125440352844 7.612719409963746 5.9921875
      vertex -9.276125440352844 7.612719409963746 6.1796875
      vertex -8.485281374238571 8.485281374238571 5.96875
    endloop
  endfacet
  facet normal -0.7409511253549597 0.6715589548470179 0
    outer loop
      vertex -9.276125440352844 7.612719409963746 6.1796875
      vertex -8.485281374238571 8.485281374238571 6.15625
      vertex -8.485281374238571 8.485281374238571 5.96875
    endloop
  endfacet
  facet normal -0.3492658809735361 0.3578279407947663 -0.8660095318034075
    outer loop
      vertex -7.097656253642536 8.64851916847498 5.4765625
      vertex -7.9111822157737635 7.9111822157737635 5.5
      vertex -8.485281374238571 8.485281374238571 5.96875
    endloop
  endfacet
  facet normal -0.3492188177351507 0.35966042547194355 -0.865269088601346
    outer loop
      vertex -7.097656253642536 8.64851916847498 5.4765625
      vertex -8.485281374238571 8.485281374238571 5.96875
      vertex -7.612719409963746 9.276125440352844 5.9453125
    endloop
  endfacet
  facet normal -0.6715589548470179 0.7409511253549597 0
    outer loop
      vertex -8.485281374238571 8.485281374238571 5.96875
      vertex -8.485281374238571 8.485281374238571 6.15625
      vertex -7.612719409963746 9.276125440352844 5.9453125
    endloop
  endfacet
  facet normal -0.6715589548470179 0.7409511253549597 0
    outer loop
      vertex -8.485281374238571 8.485281374238571 6.15625
      vertex -7.612719409963746 9.276125440352844 6.1328125
      vertex -7.612719409963746 9.276125440352844 5.9453125
    endloop
  endfacet
  facet normal -0.3596604254719436 0.34921881773515073 0.8652690886013461
    outer loop
      vertex -9.276125440352844 7.612719409963746 6.1796875
      vertex -8.64851916847498 7.097656253642536 6.6484375
      vertex -8.485281374238571 8.485281374238571 6.15625
    endloop
  endfacet
  facet normal -0.3578279407947663 0.3492658809735361 0.8660095318034075
    outer loop
      vertex -8.485281374238571 8.485281374238571 6.15625
      vertex -8.64851916847498 7.097656253642536 6.6484375
      vertex -7.9111822157737635 7.9111822157737635 6.625
    endloop
  endfacet
  facet normal -0.6715589548470188 0.7409511253549588 0
    outer loop
      vertex -7.9111822157737635 7.9111822157737635 6.625
      vertex -7.9111822157737635 7.9111822157737635 7
      vertex -7.097656253642536 8.64851916847498 6.6015625
    endloop
  endfacet
  facet normal -0.3236991323544317 0.3827901200710167 0.8652690886013464
    outer loop
      vertex -8.485281374238571 8.485281374238571 6.15625
      vertex -7.9111822157737635 7.9111822157737635 6.625
      vertex -7.612719409963746 9.276125440352844 6.1328125
    endloop
  endfacet
  facet normal -0.3218708585878047 0.38265734177929095 0.866009531803407
    outer loop
      vertex -7.9111822157737635 7.9111822157737635 6.625
      vertex -7.097656253642536 8.64851916847498 6.6015625
      vertex -7.612719409963746 9.276125440352844 6.1328125
    endloop
  endfacet
  facet normal -0.382657341779291 0.32187085858780473 -0.866009531803407
    outer loop
      vertex -9.276125440352844 7.612719409963746 7.4921875
      vertex -7.9111822157737635 7.9111822157737635 7
      vertex -8.64851916847498 7.097656253642536 7.0234375
    endloop
  endfacet
  facet normal -0.38279012007101676 0.3236991323544317 -0.8652690886013465
    outer loop
      vertex -9.276125440352844 7.612719409963746 7.4921875
      vertex -8.485281374238571 8.485281374238571 7.46875
      vertex -7.9111822157737635 7.9111822157737635 7
    endloop
  endfacet
  facet normal -0.7409511253549588 0.6715589548470188 0
    outer loop
      vertex -7.9111822157737635 7.9111822157737635 6.625
      vertex -8.64851916847498 7.097656253642536 7.0234375
      vertex -7.9111822157737635 7.9111822157737635 7
    endloop
  endfacet
  facet normal -0.3492658809735361 0.3578279407947663 -0.8660095318034075
    outer loop
      vertex -7.097656253642536 8.64851916847498 6.9765625
      vertex -7.9111822157737635 7.9111822157737635 7
      vertex -8.485281374238571 8.485281374238571 7.46875
    endloop
  endfacet
  facet normal -0.3492188177351507 0.35966042547194355 -0.865269088601346
    outer loop
      vertex -7.097656253642536 8.64851916847498 6.9765625
      vertex -8.485281374238571 8.485281374238571 7.46875
      vertex -7.612719409963746 9.276125440352844 7.4453125
    endloop
  endfacet
  facet normal -0.7409511253549597 0.6715589548470179 0
    outer loop
      vertex -9.276125440352844 7.612719409963746 7.4921875
      vertex -9.276125440352844 7.612719409963746 7.6796875
      vertex -8.485281374238571 8.485281374238571 7.46875
    endloop
  endfacet
  facet normal -0.7409511253549597 0.6715589548470179 0
    outer loop
      vertex -9.276125440352844 7.612719409963746 7.6796875
      vertex -8.485281374238571 8.485281374238571 7.65625
      vertex -8.485281374238571 8.485281374238571 7.46875
    endloop
  endfacet
  facet normal -0.3596604254719436 0.34921881773515073 0.8652690886013461
    outer loop
      vertex -9.276125440352844 7.612719409963746 7.6796875
      vertex -8.64851916847498 7.097656253642536 8.1484375
      vertex -8.485281374238571 8.485281374238571 7.65625
    endloop
  endfacet
  facet normal -0.3578279407947663 0.3492658809735361 0.8660095318034075
    outer loop
      vertex -8.485281374238571 8.485281374238571 7.65625
      vertex -8.64851916847498 7.097656253642536 8.1484375
      vertex -7.9111822157737635 7.9111822157737635 8.125
    endloop
  endfacet
  facet normal -0.6715589548470179 0.7409511253549597 0
    outer loop
      vertex -8.485281374238571 8.485281374238571 7.46875
      vertex -8.485281374238571 8.485281374238571 7.65625
      vertex -7.612719409963746 9.276125440352844 7.4453125
    endloop
  endfacet
  facet normal -0.3236991323544317 0.3827901200710167 0.8652690886013464
    outer loop
      vertex -8.485281374238571 8.485281374238571 7.65625
      vertex -7.9111822157737635 7.9111822157737635 8.125
      vertex -7.612719409963746 9.276125440352844 7.6328125
    endloop
  endfacet
  facet normal -0.6715589548470179 0.7409511253549597 0
    outer loop
      vertex -8.485281374238571 8.485281374238571 7.65625
      vertex -7.612719409963746 9.276125440352844 7.6328125
      vertex -7.612719409963746 9.276125440352844 7.4453125
    endloop
  endfacet
  facet normal -0.3218708585878047 0.38265734177929095 0.866009531803407
    outer loop
      vertex -7.9111822157737635 7.9111822157737635 8.125
      vertex -7.097656253642536 8.64851916847498 8.1015625
      vertex -7.612719409963746 9.276125440352844 7.6328125
    endloop
  endfacet
  facet normal -0.382657341779291 0.32187085858780473 -0.866009531803407
    outer loop
      vertex -9.276125440352844 7.612719409963746 8.9921875
      vertex -7.9111822157737635 7.9111822157737635 8.5
      vertex -8.64851916847498 7.097656253642536 8.5234375
    endloop
  endfacet
  facet normal -0.7409511253549588 0.6715589548470188 0
    outer loop
      vertex -7.9111822157737635 7.9111822157737635 8.125
      vertex -8.64851916847498 7.097656253642536 8.5234375
      vertex -7.9111822157737635 7.9111822157737635 8.5
    endloop
  endfacet
  facet normal -0.6715589548470188 0.7409511253549588 0
    outer loop
      vertex -7.9111822157737635 7.9111822157737635 8.125
      vertex -7.9111822157737635 7.9111822157737635 8.5
      vertex -7.097656253642536 8.64851916847498 8.1015625
    endloop
  endfacet
  facet normal -0.3492658809735361 0.3578279407947663 -0.8660095318034075
    outer loop
      vertex -7.097656253642536 8.64851916847498 8.4765625
      vertex -7.9111822157737635 7.9111822157737635 8.5
      vertex -8.485281374238571 8.485281374238571 8.96875
    endloop
  endfacet
  facet normal -0.7409511253549597 0.6715589548470179 0
    outer loop
      vertex -9.276125440352844 7.612719409963746 8.9921875
      vertex -9.276125440352844 7.612719409963746 9.1796875
      vertex -8.485281374238571 8.485281374238571 8.96875
    endloop
  endfacet
  facet normal -0.38279012007101676 0.3236991323544317 -0.8652690886013465
    outer loop
      vertex -9.276125440352844 7.612719409963746 8.9921875
      vertex -8.485281374238571 8.485281374238571 8.96875
      vertex -7.9111822157737635 7.9111822157737635 8.5
    endloop
  endfacet
  facet normal -0.3596604254719436 0.34921881773515073 0.8652690886013461
    outer loop
      vertex -9.276125440352844 7.612719409963746 9.1796875
      vertex -8.64851916847498 7.097656253642536 9.6484375
      vertex -8.485281374238571 8.485281374238571 9.15625
    endloop
  endfacet
  facet normal -0.7409511253549597 0.6715589548470179 0
    outer loop
      vertex -9.276125440352844 7.612719409963746 9.1796875
      vertex -8.485281374238571 8.485281374238571 9.15625
      vertex -8.485281374238571 8.485281374238571 8.96875
    endloop
  endfacet
  facet normal -0.6715589548470179 0.7409511253549597 0
    outer loop
      vertex -8.485281374238571 8.485281374238571 8.96875
      vertex -8.485281374238571 8.485281374238571 9.15625
      vertex -7.612719409963746 9.276125440352844 8.9453125
    endloop
  endfacet
  facet normal -0.3492188177351507 0.35966042547194355 -0.865269088601346
    outer loop
      vertex -7.097656253642536 8.64851916847498 8.4765625
      vertex -8.485281374238571 8.485281374238571 8.96875
      vertex -7.612719409963746 9.276125440352844 8.9453125
    endloop
  endfacet
  facet normal -0.3236991323544317 0.3827901200710167 0.8652690886013464
    outer loop
      vertex -8.485281374238571 8.485281374238571 9.15625
      vertex -7.9111822157737635 7.9111822157737635 9.625
      vertex -7.612719409963746 9.276125440352844 9.1328125
    endloop
  endfacet
  facet normal -0.6715589548470179 0.7409511253549597 0
    outer loop
      vertex -8.485281374238571 8.485281374238571 9.15625
      vertex -7.612719409963746 9.276125440352844 9.1328125
      vertex -7.612719409963746 9.276125440352844 8.9453125
    endloop
  endfacet
  facet normal -0.3578279407947663 0.3492658809735361 0.8660095318034075
    outer loop
      vertex -8.485281374238571 8.485281374238571 9.15625
      vertex -8.64851916847498 7.097656253642536 9.6484375
      vertex -7.9111822157737635 7.9111822157737635 9.625
    endloop
  endfacet
  facet normal -0.7409511253549588 0.6715589548470188 0
    outer loop
      vertex -8.64851916847498 7.097656253642536 10
      vertex -7.9111822157737635 7.9111822157737635 10
      vertex -7.9111822157737635 7.9111822157737635 9.625
    endloop
  endfacet
  facet normal -0.6715589548470188 0.7409511253549588 0
    outer loop
      vertex -7.9111822157737635 7.9111822157737635 9.625
      vertex -7.9111822157737635 7.9111822157737635 10
      vertex -7.097656253642536 8.64851916847498 9.6015625
    endloop
  endfacet
  facet normal -0.3218708585878047 0.38265734177929095 0.866009531803407
    outer loop
      vertex -7.9111822157737635 7.9111822157737635 9.625
      vertex -7.097656253642536 8.64851916847498 9.6015625
      vertex -7.612719409963746 9.276125440352844 9.1328125
    endloop
  endfacet
  facet normal 0 0 1
    outer loop
      vertex -10.336457691518628 4.28150096272271 10
      vertex -2.204803160870888 1.1784918420649941 10
      vertex -9.867024341808355 5.274034389394095 10
    endloop
  endfacet
  facet normal 0 0 1
    outer loop
      vertex -11.188101183952089 0 10
      vertex -2.5 0 10
      vertex -2.4879618166804924 0.2450428508239015 10
    endloop
  endfacet
  facet normal 0 0 1
    outer loop
      vertex -11.134227418732241 1.096625683768755 10
      vertex -2.4879618166804924 0.2450428508239015 10
      vertex -2.451963201008076 0.48772580504032076 10
    endloop
  endfacet
  facet normal 0 0 1
    outer loop
      vertex -10.973124956882163 2.182690262726239 10
      vertex -2.451963201008076 0.48772580504032076 10
      vertex -2.392350839330522 0.7257116931361558 10
    endloop
  endfacet
  facet normal 0 0 1
    outer loop
      vertex -10.706345303177036 3.2477343412738002 10
      vertex -2.392350839330522 0.7257116931361558 10
      vertex -2.309698831278217 0.9567085809127245 10
    endloop
  endfacet
  facet normal 0 0 1
    outer loop
      vertex -10.336457691518628 4.28150096272271 10
      vertex -2.309698831278217 0.9567085809127245 10
      vertex -2.204803160870888 1.1784918420649941 10
    endloop
  endfacet
  facet normal 0 0 1
    outer loop
      vertex -9.30256615382229 6.215775981815149 10
      vertex -2.204803160870888 1.1784918420649941 10
      vertex -2.078674030756363 1.3889255825490054 10
    endloop
  endfacet
  facet normal 0 0 1
    outer loop
      vertex -8.64851916847498 7.097656253642536 10
      vertex -2.078674030756363 1.3889255825490054 10
      vertex -1.9325261334068424 1.5859832104091138 10
    endloop
  endfacet
  facet normal 0 0 1
    outer loop
      vertex -9.867024341808355 5.274034389394095 10
      vertex -2.204803160870888 1.1784918420649941 10
      vertex -9.30256615382229 6.215775981815149 10
    endloop
  endfacet
  facet normal 0 0 1
    outer loop
      vertex -9.30256615382229 6.215775981815149 10
      vertex -2.078674030756363 1.3889255825490054 10
      vertex -8.64851916847498 7.097656253642536 10
    endloop
  endfacet
  facet normal 0 0 1
    outer loop
      vertex -8.64851916847498 7.097656253642536 10
      vertex -1.9325261334068424 1.5859832104091138 10
      vertex -7.9111822157737635 7.9111822157737635 10
    endloop
  endfacet
  facet normal 0 0 1
    outer loop
      vertex -7.9111822157737635 7.9111822157737635 10
      vertex -1.9325261334068424 1.5859832104091138 10
      vertex -1.7677669529663689 1.7677669529663689 10
    endloop
  endfacet
  facet normal 0 0 1
    outer loop
      vertex -7.9111822157737635 7.9111822157737635 10
      vertex -1.7677669529663689 1.7677669529663689 10
      vertex -7.097656253642536 8.64851916847498 10
    endloop
  endfacet
  facet normal 0 0 1
    outer loop
      vertex -7.097656253642536 8.64851916847498 10
      vertex -1.3889255825490054 2.078674030756363 10
      vertex -6.215775981815149 9.30256615382229 10
    endloop
  endfacet
  facet normal 0 0 1
    outer loop
      vertex -6.215775981815149 9.30256615382229 10
      vertex -1.1784918420649941 2.204803160870888 10
      vertex -5.274034389394095 9.867024341808355 10
    endloop
  endfacet
  facet normal 0 0 1
    outer loop
      vertex -7.097656253642536 8.64851916847498 10
      vertex -1.7677669529663689 1.7677669529663689 10
      vertex -1.5859832104091134 1.9325261334068426 10
    endloop
  endfacet
  facet normal 0 0 1
    outer loop
      vertex -7.097656253642536 8.64851916847498 10
      vertex -1.5859832104091134 1.9325261334068426 10
      vertex -1.3889255825490054 2.078674030756363 10
    endloop
  endfacet
  facet normal 0 0 1
    outer loop
      vertex -6.215775981815149 9.30256615382229 10
      vertex -1.3889255825490054 2.078674030756363 10
      vertex -1.1784918420649941 2.204803160870888 10
    endloop
  endfacet
  facet normal 0 0 1
    outer loop
      vertex -1.1784918420649941 2.204803160870888 10
      vertex -0.9567085809127245 2.309698831278217 10
      vertex -4.28150096272271 10.336457691518628 10
    endloop
  endfacet
  facet normal 0 0 1
    outer loop
      vertex -1.1784918420649941 2.204803160870888 10
      vertex -4.28150096272271 10.336457691518628 10
      vertex -5.274034389394095 9.867024341808355 10
    endloop
  endfacet
  facet normal 0 0 1
    outer loop
      vertex -0.9567085809127245 2.309698831278217 10
      vertex -0.7257116931361558 2.392350839330522 10
      vertex -3.2477343412738002 10.706345303177036 10
    endloop
  endfacet
  facet normal 0 0 1
    outer loop
      vertex -0.7257116931361558 2.392350839330522 10
      vertex -0.4877258050403206 2.451963201008076 10
      vertex -2.182690262726239 10.973124956882163 10
    endloop
  endfacet
  facet normal 0 0 1
    outer loop
      vertex -0.4877258050403206 2.451963201008076 10
      vertex -0.2450428508239015 2.4879618166804924 10
      vertex -1.096625683768755 11.134227418732241 10
    endloop
  endfacet
  facet normal 0 0 1
    outer loop
      vertex -0.2450428508239015 2.4879618166804924 10
      vertex 0 2.5 10
      vertex 0 11.188101183952089 10
    endloop
  endfacet
  facet normal -0.6715589548470187 0.7409511253549588 0
    outer loop
      vertex -7.097656253642536 8.64851916847498 4.70078125
      vertex -7.9111822157737635 7.9111822157737635 5.5
      vertex -7.097656253642536 8.64851916847498 5.4765625
    endloop
  endfacet
  facet normal -0.5956993044924321 0.8032075314806458 0
    outer loop
      vertex -7.097656253642536 8.64851916847498 5.4765625
      vertex -6.215775981815149 9.30256615382229 5.453125
      vertex -6.215775981815149 9.30256615382229 4.67734375
    endloop
  endfacet
  facet normal -0.31251079880585386 0.3903389443232264 -0.866009531803407
    outer loop
      vertex -7.097656253642536 8.64851916847498 5.4765625
      vertex -7.612719409963746 9.276125440352844 5.9453125
      vertex -6.215775981815149 9.30256615382229 5.453125
    endloop
  endfacet
  facet normal -0.2727460668098922 0.41909077043687964 -0.8660095318034071
    outer loop
      vertex -6.215775981815149 9.30256615382229 5.453125
      vertex -6.666842796235226 9.977635347630542 5.921875
      vertex -5.274034389394095 9.867024341808355 5.4296875
    endloop
  endfacet
  facet normal -0.3122843472820705 0.3921579920817717 -0.8652690886013462
    outer loop
      vertex -6.215775981815149 9.30256615382229 5.453125
      vertex -7.612719409963746 9.276125440352844 5.9453125
      vertex -6.666842796235226 9.977635347630542 5.921875
    endloop
  endfacet
  facet normal -0.5956993044924325 0.8032075314806455 0
    outer loop
      vertex -7.612719409963746 9.276125440352844 5.9453125
      vertex -7.612719409963746 9.276125440352844 6.1328125
      vertex -6.666842796235226 9.977635347630542 5.921875
    endloop
  endfacet
  facet normal -0.5956993044924325 0.8032075314806455 0
    outer loop
      vertex -7.612719409963746 9.276125440352844 6.1328125
      vertex -6.666842796235226 9.977635347630542 6.109375
      vertex -6.666842796235226 9.977635347630542 5.921875
    endloop
  endfacet
  facet normal -0.2723424078526758 0.42087886285248677 -0.8652690886013462
    outer loop
      vertex -6.666842796235226 9.977635347630542 5.921875
      vertex -5.6567608419119715 10.583055172180261 5.8984375
      vertex -5.274034389394095 9.867024341808355 5.4296875
    endloop
  endfacet
  facet normal -0.5141027441932225 0.8577286100002716 0
    outer loop
      vertex -6.666842796235226 9.977635347630542 5.921875
      vertex -6.666842796235226 9.977635347630542 6.109375
      vertex -5.6567608419119715 10.583055172180261 5.8984375
    endloop
  endfacet
  facet normal -0.5141027441932224 0.8577286100002716 0
    outer loop
      vertex -6.666842796235226 9.977635347630542 6.109375
      vertex -5.6567608419119715 10.583055172180261 6.0859375
      vertex -5.6567608419119715 10.583055172180261 5.8984375
    endloop
  endfacet
  facet normal -0.5141027441932222 0.8577286100002717 0
    outer loop
      vertex -6.215775981815149 9.30256615382229 5.453125
      vertex -5.274034389394095 9.867024341808355 5.4296875
      vertex -5.274034389394095 9.867024341808355 4.65390625
    endloop
  endfacet
  facet normal -0.230354641092383 0.44380652333290777 -0.8660095318034072
    outer loop
      vertex -5.274034389394095 9.867024341808355 5.4296875
      vertex -5.6567608419119715 10.583055172180261 5.8984375
      vertex -4.28150096272271 10.336457691518628 5.40625
    endloop
  endfacet
  facet normal -0.42755509343028064 0.903989293123444 0
    outer loop
      vertex -4.28150096272271 10.336457691518628 4.63046875
      vertex -5.274034389394095 9.867024341808355 5.4296875
      vertex -4.28150096272271 10.336457691518628 5.40625
    endloop
  endfacet
  facet normal -0.18574477425650063 0.4642481767999147 -0.8660095318034072
    outer loop
      vertex -4.28150096272271 10.336457691518628 5.40625
      vertex -4.592201188381077 11.08655439013544 5.875
      vertex -3.2477343412738002 10.706345303177036 5.3828125
    endloop
  endfacet
  facet normal -0.22977766215815398 0.4455464400981436 -0.8652690886013463
    outer loop
      vertex -4.28150096272271 10.336457691518628 5.40625
      vertex -5.6567608419119715 10.583055172180261 5.8984375
      vertex -4.592201188381077 11.08655439013544 5.875
    endloop
  endfacet
  facet normal -0.4275550934302809 0.9039892931234439 0
    outer loop
      vertex -5.6567608419119715 10.583055172180261 5.8984375
      vertex -5.6567608419119715 10.583055172180261 6.0859375
      vertex -4.592201188381077 11.08655439013544 5.875
    endloop
  endfacet
  facet normal -0.1986426499304625 0.4602722041787874 0.8652690886013462
    outer loop
      vertex -5.6567608419119715 10.583055172180261 6.0859375
      vertex -5.274034389394095 9.867024341808355 6.5546875
      vertex -4.592201188381077 11.08655439013544 6.0625
    endloop
  endfacet
  facet normal -0.4275550934302809 0.9039892931234439 0
    outer loop
      vertex -5.6567608419119715 10.583055172180261 6.0859375
      vertex -4.592201188381077 11.08655439013544 6.0625
      vertex -4.592201188381077 11.08655439013544 5.875
    endloop
  endfacet
  facet normal -0.3368898533922211 0.9415440651830204 0
    outer loop
      vertex -4.592201188381077 11.08655439013544 5.875
      vertex -4.592201188381077 11.08655439013544 6.0625
      vertex -3.483416127053548 11.483284028786507 5.8515625
    endloop
  endfacet
  facet normal -0.18500003196780426 0.4659231615651954 -0.8652690886013461
    outer loop
      vertex -3.2477343412738002 10.706345303177036 5.3828125
      vertex -4.592201188381077 11.08655439013544 5.875
      vertex -3.483416127053548 11.483284028786507 5.8515625
    endloop
  endfacet
  facet normal -0.15257156604970096 0.47752625220414546 0.8652690886013463
    outer loop
      vertex -4.592201188381077 11.08655439013544 6.0625
      vertex -4.28150096272271 10.336457691518628 6.53125
      vertex -3.483416127053548 11.483284028786507 6.0390625
    endloop
  endfacet
  facet normal -0.6715589548470188 0.7409511253549588 0
    outer loop
      vertex -7.097656253642536 8.64851916847498 6.6015625
      vertex -7.9111822157737635 7.9111822157737635 7
      vertex -7.097656253642536 8.64851916847498 6.9765625
    endloop
  endfacet
  facet normal -0.28462043964040246 0.41267494429623425 0.865269088601346
    outer loop
      vertex -7.097656253642536 8.64851916847498 6.6015625
      vertex -6.666842796235226 9.977635347630542 6.109375
      vertex -7.612719409963746 9.276125440352844 6.1328125
    endloop
  endfacet
  facet normal -0.28281398406013136 0.4123636032019306 0.8660095318034071
    outer loop
      vertex -7.097656253642536 8.64851916847498 6.6015625
      vertex -6.215775981815149 9.30256615382229 6.578125
      vertex -6.666842796235226 9.977635347630542 6.109375
    endloop
  endfacet
  facet normal -0.5956993044924321 0.8032075314806458 0
    outer loop
      vertex -7.097656253642536 8.64851916847498 6.6015625
      vertex -7.097656253642536 8.64851916847498 6.9765625
      vertex -6.215775981815149 9.30256615382229 6.578125
    endloop
  endfacet
  facet normal -0.5956993044924321 0.8032075314806458 0
    outer loop
      vertex -7.097656253642536 8.64851916847498 6.9765625
      vertex -6.215775981815149 9.30256615382229 6.953125
      vertex -6.215775981815149 9.30256615382229 6.578125
    endloop
  endfacet
  facet normal -0.31251079880585386 0.3903389443232264 -0.866009531803407
    outer loop
      vertex -7.097656253642536 8.64851916847498 6.9765625
      vertex -7.612719409963746 9.276125440352844 7.4453125
      vertex -6.215775981815149 9.30256615382229 6.953125
    endloop
  endfacet
  facet normal -0.2428006965032776 0.43858548321680585 0.8652690886013461
    outer loop
      vertex -6.666842796235226 9.977635347630542 6.109375
      vertex -6.215775981815149 9.30256615382229 6.578125
      vertex -5.6567608419119715 10.583055172180261 6.0859375
    endloop
  endfacet
  facet normal -0.24103345626411088 0.43809857770485894 0.8660095318034072
    outer loop
      vertex -6.215775981815149 9.30256615382229 6.578125
      vertex -5.274034389394095 9.867024341808355 6.5546875
      vertex -5.6567608419119715 10.583055172180261 6.0859375
    endloop
  endfacet
  facet normal -0.5141027441932223 0.8577286100002717 0
    outer loop
      vertex -6.215775981815149 9.30256615382229 6.578125
      vertex -6.215775981815149 9.30256615382229 6.953125
      vertex -5.274034389394095 9.867024341808355 6.5546875
    endloop
  endfacet
  facet normal -0.3122843472820705 0.3921579920817717 -0.8652690886013462
    outer loop
      vertex -6.215775981815149 9.30256615382229 6.953125
      vertex -7.612719409963746 9.276125440352844 7.4453125
      vertex -6.666842796235226 9.977635347630542 7.421875
    endloop
  endfacet
  facet normal -0.2727460668098922 0.41909077043687964 -0.8660095318034071
    outer loop
      vertex -6.215775981815149 9.30256615382229 6.953125
      vertex -6.666842796235226 9.977635347630542 7.421875
      vertex -5.274034389394095 9.867024341808355 6.9296875
    endloop
  endfacet
  facet normal -0.5141027441932225 0.8577286100002716 0
    outer loop
      vertex -6.666842796235226 9.977635347630542 7.421875
      vertex -6.666842796235226 9.977635347630542 7.609375
      vertex -5.6567608419119715 10.583055172180261 7.3984375
    endloop
  endfacet
  facet normal -0.2723424078526758 0.42087886285248677 -0.8652690886013462
    outer loop
      vertex -5.274034389394095 9.867024341808355 6.9296875
      vertex -6.666842796235226 9.977635347630542 7.421875
      vertex -5.6567608419119715 10.583055172180261 7.3984375
    endloop
  endfacet
  facet normal -0.5141027441932223 0.8577286100002717 0
    outer loop
      vertex -6.215775981815149 9.30256615382229 6.953125
      vertex -5.274034389394095 9.867024341808355 6.9296875
      vertex -5.274034389394095 9.867024341808355 6.5546875
    endloop
  endfacet
  facet normal -0.42755509343028064 0.903989293123444 0
    outer loop
      vertex -5.274034389394095 9.867024341808355 6.5546875
      vertex -5.274034389394095 9.867024341808355 6.9296875
      vertex -4.28150096272271 10.336457691518628 6.53125
    endloop
  endfacet
  facet normal -0.19693164452197492 0.459614423415447 0.8660095318034072
    outer loop
      vertex -4.592201188381077 11.08655439013544 6.0625
      vertex -5.274034389394095 9.867024341808355 6.5546875
      vertex -4.28150096272271 10.336457691518628 6.53125
    endloop
  endfacet
  facet normal -0.42755509343028064 0.903989293123444 0
    outer loop
      vertex -5.274034389394095 9.867024341808355 6.9296875
      vertex -4.28150096272271 10.336457691518628 6.90625
      vertex -4.28150096272271 10.336457691518628 6.53125
    endloop
  endfacet
  facet normal -0.3368898533922217 0.9415440651830201 0
    outer loop
      vertex -4.28150096272271 10.336457691518628 6.53125
      vertex -4.28150096272271 10.336457691518628 6.90625
      vertex -3.2477343412738002 10.706345303177036 6.5078125
    endloop
  endfacet
  facet normal -0.230354641092383 0.44380652333290777 -0.8660095318034072
    outer loop
      vertex -5.274034389394095 9.867024341808355 6.9296875
      vertex -5.6567608419119715 10.583055172180261 7.3984375
      vertex -4.28150096272271 10.336457691518628 6.90625
    endloop
  endfacet
  facet normal -0.4275550934302809 0.9039892931234439 0
    outer loop
      vertex -5.6567608419119715 10.583055172180261 7.3984375
      vertex -5.6567608419119715 10.583055172180261 7.5859375
      vertex -4.592201188381077 11.08655439013544 7.375
    endloop
  endfacet
  facet normal -0.22977766215815398 0.4455464400981436 -0.8652690886013463
    outer loop
      vertex -4.28150096272271 10.336457691518628 6.90625
      vertex -5.6567608419119715 10.583055172180261 7.3984375
      vertex -4.592201188381077 11.08655439013544 7.375
    endloop
  endfacet
  facet normal -0.18574477425650063 0.4642481767999147 -0.8660095318034072
    outer loop
      vertex -4.28150096272271 10.336457691518628 6.90625
      vertex -4.592201188381077 11.08655439013544 7.375
      vertex -3.2477343412738002 10.706345303177036 6.8828125
    endloop
  endfacet
  facet normal -0.3368898533922211 0.9415440651830204 0
    outer loop
      vertex -4.592201188381077 11.08655439013544 7.375
      vertex -4.592201188381077 11.08655439013544 7.5625
      vertex -3.483416127053548 11.483284028786507 7.3515625
    endloop
  endfacet
  facet normal -0.18500003196780426 0.4659231615651954 -0.8652690886013461
    outer loop
      vertex -3.2477343412738002 10.706345303177036 6.8828125
      vertex -4.592201188381077 11.08655439013544 7.375
      vertex -3.483416127053548 11.483284028786507 7.3515625
    endloop
  endfacet
  facet normal -0.3368898533922211 0.9415440651830204 0
    outer loop
      vertex -4.592201188381077 11.08655439013544 6.0625
      vertex -3.483416127053548 11.483284028786507 6.0390625
      vertex -3.483416127053548 11.483284028786507 5.8515625
    endloop
  endfacet
  facet normal -0.3368898533922211 0.9415440651830204 0
    outer loop
      vertex -4.592201188381077 11.08655439013544 7.5625
      vertex -3.483416127053548 11.483284028786507 7.5390625
      vertex -3.483416127053548 11.483284028786507 7.3515625
    endloop
  endfacet
  facet normal -0.3368898533922217 0.9415440651830203 0
    outer loop
      vertex -3.2477343412738002 10.706345303177036 4.60703125
      vertex -4.28150096272271 10.336457691518628 5.40625
      vertex -3.2477343412738002 10.706345303177036 5.3828125
    endloop
  endfacet
  facet normal -0.13934608370610316 0.4802188665404715 -0.8660095318034071
    outer loop
      vertex -3.2477343412738002 10.706345303177036 5.3828125
      vertex -3.483416127053548 11.483284028786507 5.8515625
      vertex -2.182690262726239 10.973124956882163 5.359375
    endloop
  endfacet
  facet normal -0.2429801799032626 0.9700312531945443 0
    outer loop
      vertex -3.2477343412738002 10.706345303177036 5.3828125
      vertex -2.182690262726239 10.973124956882163 5.359375
      vertex -2.182690262726239 10.973124956882163 4.58359375
    endloop
  endfacet
  facet normal -0.14673047445536166 0.989176509964781 0
    outer loop
      vertex -1.096625683768755 11.134227418732241 4.56015625
      vertex -2.182690262726239 10.973124956882163 5.359375
      vertex -1.096625683768755 11.134227418732241 5.3359375
    endloop
  endfacet
  facet normal -0.04906767432741878 0.9987954562051723 0
    outer loop
      vertex -1.096625683768755 11.134227418732241 5.3359375
      vertex 0 11.188101183952089 5.3125
      vertex 0 11.188101183952089 4.53671875
    endloop
  endfacet
  facet normal -0.15093327338930765 0.4767039309777423 0.8660095318034071
    outer loop
      vertex -3.483416127053548 11.483284028786507 6.0390625
      vertex -4.28150096272271 10.336457691518628 6.53125
      vertex -3.2477343412738002 10.706345303177036 6.5078125
    endloop
  endfacet
  facet normal -0.3368898533922217 0.9415440651830201 0
    outer loop
      vertex -4.28150096272271 10.336457691518628 6.90625
      vertex -3.2477343412738002 10.706345303177036 6.8828125
      vertex -3.2477343412738002 10.706345303177036 6.5078125
    endloop
  endfacet
  facet normal -0.24298017990326257 0.9700312531945444 0
    outer loop
      vertex -3.2477343412738002 10.706345303177036 6.5078125
      vertex -3.2477343412738002 10.706345303177036 6.8828125
      vertex -2.182690262726239 10.973124956882163 6.484375
    endloop
  endfacet
  facet normal -0.1034813323253779 0.4892025190918459 0.8660095318034073
    outer loop
      vertex -3.2477343412738002 10.706345303177036 6.5078125
      vertex -2.182690262726239 10.973124956882163 6.484375
      vertex -2.341083864193539 11.769423364838765 6.015625
    endloop
  endfacet
  facet normal -0.24298017990326257 0.9700312531945444 0
    outer loop
      vertex -3.2477343412738002 10.706345303177036 6.8828125
      vertex -2.182690262726239 10.973124956882163 6.859375
      vertex -2.182690262726239 10.973124956882163 6.484375
    endloop
  endfacet
  facet normal -0.13934608370610316 0.4802188665404715 -0.8660095318034071
    outer loop
      vertex -3.2477343412738002 10.706345303177036 6.8828125
      vertex -3.483416127053548 11.483284028786507 7.3515625
      vertex -2.182690262726239 10.973124956882163 6.859375
    endloop
  endfacet
  facet normal -0.14673047445536166 0.9891765099647809 0
    outer loop
      vertex -2.182690262726239 10.973124956882163 6.484375
      vertex -2.182690262726239 10.973124956882163 6.859375
      vertex -1.096625683768755 11.134227418732241 6.4609375
    endloop
  endfacet
  facet normal -0.14673047445536166 0.9891765099647809 0
    outer loop
      vertex -2.182690262726239 10.973124956882163 6.859375
      vertex -1.096625683768755 11.134227418732241 6.8359375
      vertex -1.096625683768755 11.134227418732241 6.4609375
    endloop
  endfacet
  facet normal -0.04906767432741878 0.9987954562051724 0
    outer loop
      vertex -1.096625683768755 11.134227418732241 6.4609375
      vertex -1.096625683768755 11.134227418732241 6.8359375
      vertex 0 11.188101183952089 6.4375
    endloop
  endfacet
  facet normal -0.04906767432741878 0.9987954562051724 0
    outer loop
      vertex -1.096625683768755 11.134227418732241 6.8359375
      vertex 0 11.188101183952089 6.8125
      vertex 0 11.188101183952089 6.4375
    endloop
  endfacet
  facet normal -0.09160541419529998 0.49156478608190673 -0.8660095318034075
    outer loop
      vertex -2.182690262726239 10.973124956882163 5.359375
      vertex -2.341083864193539 11.769423364838765 5.828125
      vertex -1.096625683768755 11.134227418732241 5.3359375
    endloop
  endfacet
  facet normal -0.24298017990326343 0.9700312531945441 0
    outer loop
      vertex -3.483416127053548 11.483284028786507 5.8515625
      vertex -3.483416127053548 11.483284028786507 6.0390625
      vertex -2.341083864193539 11.769423364838765 5.828125
    endloop
  endfacet
  facet normal -0.10503113458377705 0.490181461378376 0.8652690886013462
    outer loop
      vertex -3.483416127053548 11.483284028786507 6.0390625
      vertex -3.2477343412738002 10.706345303177036 6.5078125
      vertex -2.341083864193539 11.769423364838765 6.015625
    endloop
  endfacet
  facet normal -0.1384407503382978 0.48181278828686613 -0.8652690886013464
    outer loop
      vertex -2.182690262726239 10.973124956882163 5.359375
      vertex -3.483416127053548 11.483284028786507 5.8515625
      vertex -2.341083864193539 11.769423364838765 5.828125
    endloop
  endfacet
  facet normal -0.14673047445536164 0.989176509964781 0
    outer loop
      vertex -2.341083864193539 11.769423364838765 5.828125
      vertex -2.341083864193539 11.769423364838765 6.015625
      vertex -1.1762056839547272 11.942216720066362 5.8046875
    endloop
  endfacet
  facet normal -0.24298017990326343 0.9700312531945441 0
    outer loop
      vertex -3.483416127053548 11.483284028786507 6.0390625
      vertex -2.341083864193539 11.769423364838765 6.015625
      vertex -2.341083864193539 11.769423364838765 5.828125
    endloop
  endfacet
  facet normal -0.056479195875953625 0.4981159551190877 0.8652690886013464
    outer loop
      vertex -2.341083864193539 11.769423364838765 6.015625
      vertex -2.182690262726239 10.973124956882163 6.484375
      vertex -1.1762056839547272 11.942216720066362 5.9921875
    endloop
  endfacet
  facet normal -0.042982534469182716 0.4981766680167274 -0.8660095318034073
    outer loop
      vertex -1.096625683768755 11.134227418732241 5.3359375
      vertex -1.1762056839547272 11.942216720066362 5.8046875
      vertex 0 11.188101183952089 5.3125
    endloop
  endfacet
  facet normal -0.0905482086036223 0.4930622944716725 -0.8652690886013465
    outer loop
      vertex -1.096625683768755 11.134227418732241 5.3359375
      vertex -2.341083864193539 11.769423364838765 5.828125
      vertex -1.1762056839547272 11.942216720066362 5.8046875
    endloop
  endfacet
  facet normal -0.14673047445536164 0.989176509964781 0
    outer loop
      vertex -2.341083864193539 11.769423364838765 6.015625
      vertex -1.1762056839547272 11.942216720066362 5.9921875
      vertex -1.1762056839547272 11.942216720066362 5.8046875
    endloop
  endfacet
  facet normal -0.049067674327418334 0.9987954562051724 0
    outer loop
      vertex -1.1762056839547272 11.942216720066362 5.8046875
      vertex -1.1762056839547272 11.942216720066362 5.9921875
      vertex 0 12 5.78125
    endloop
  endfacet
  facet normal -0.04178363812140806 0.49956334122544926 -0.8652690886013462
    outer loop
      vertex -1.1762056839547272 11.942216720066362 5.8046875
      vertex 0 12 5.78125
      vertex 0 11.188101183952089 5.3125
    endloop
  endfacet
  facet normal -0.049067674327418334 0.9987954562051724 0
    outer loop
      vertex -1.1762056839547272 11.942216720066362 5.9921875
      vertex 0 12 5.96875
      vertex 0 12 5.78125
    endloop
  endfacet
  facet normal -0.007383331637175875 0.5012533199141237 0.8652690886013464
    outer loop
      vertex -1.1762056839547272 11.942216720066362 5.9921875
      vertex -1.096625683768755 11.134227418732241 6.4609375
      vertex 0 12 5.96875
    endloop
  endfacet
  facet normal -0.24298017990326343 0.9700312531945441 0
    outer loop
      vertex -3.483416127053548 11.483284028786507 7.3515625
      vertex -3.483416127053548 11.483284028786507 7.5390625
      vertex -2.341083864193539 11.769423364838765 7.328125
    endloop
  endfacet
  facet normal -0.1384407503382978 0.48181278828686613 -0.8652690886013464
    outer loop
      vertex -2.182690262726239 10.973124956882163 6.859375
      vertex -3.483416127053548 11.483284028786507 7.3515625
      vertex -2.341083864193539 11.769423364838765 7.328125
    endloop
  endfacet
  facet normal -0.09160541419529998 0.49156478608190673 -0.8660095318034075
    outer loop
      vertex -2.182690262726239 10.973124956882163 6.859375
      vertex -2.341083864193539 11.769423364838765 7.328125
      vertex -1.096625683768755 11.134227418732241 6.8359375
    endloop
  endfacet
  facet normal -0.24298017990326343 0.9700312531945441 0
    outer loop
      vertex -3.483416127053548 11.483284028786507 7.5390625
      vertex -2.341083864193539 11.769423364838765 7.515625
      vertex -2.341083864193539 11.769423364838765 7.328125
    endloop
  endfacet
  facet normal -0.14673047445536164 0.989176509964781 0
    outer loop
      vertex -2.341083864193539 11.769423364838765 7.328125
      vertex -2.341083864193539 11.769423364838765 7.515625
      vertex -1.1762056839547272 11.942216720066362 7.3046875
    endloop
  endfacet
  facet normal -0.05503280946250661 0.4969898195217952 0.8660095318034075
    outer loop
      vertex -1.1762056839547272 11.942216720066362 5.9921875
      vertex -2.182690262726239 10.973124956882163 6.484375
      vertex -1.096625683768755 11.134227418732241 6.4609375
    endloop
  endfacet
  facet normal -0.006054290560517388 0.4999908363074789 0.8660095318034072
    outer loop
      vertex -1.096625683768755 11.134227418732241 6.4609375
      vertex 0 11.188101183952089 6.4375
      vertex 0 12 5.96875
    endloop
  endfacet
  facet normal -0.0905482086036223 0.4930622944716725 -0.8652690886013465
    outer loop
      vertex -1.096625683768755 11.134227418732241 6.8359375
      vertex -2.341083864193539 11.769423364838765 7.328125
      vertex -1.1762056839547272 11.942216720066362 7.3046875
    endloop
  endfacet
  facet normal -0.14673047445536164 0.989176509964781 0
    outer loop
      vertex -2.341083864193539 11.769423364838765 7.515625
      vertex -1.1762056839547272 11.942216720066362 7.4921875
      vertex -1.1762056839547272 11.942216720066362 7.3046875
    endloop
  endfacet
  facet normal -0.042982534469182716 0.4981766680167274 -0.8660095318034073
    outer loop
      vertex -1.096625683768755 11.134227418732241 6.8359375
      vertex -1.1762056839547272 11.942216720066362 7.3046875
      vertex 0 11.188101183952089 6.8125
    endloop
  endfacet
  facet normal -0.04178363812140806 0.49956334122544926 -0.8652690886013462
    outer loop
      vertex -1.1762056839547272 11.942216720066362 7.3046875
      vertex 0 12 7.28125
      vertex 0 11.188101183952089 6.8125
    endloop
  endfacet
  facet normal -0.049067674327418334 0.9987954562051724 0
    outer loop
      vertex -1.1762056839547272 11.942216720066362 7.3046875
      vertex -1.1762056839547272 11.942216720066362 7.4921875
      vertex 0 12 7.28125
    endloop
  endfacet
  facet normal -0.049067674327418334 0.9987954562051724 0
    outer loop
      vertex -1.1762056839547272 11.942216720066362 7.4921875
      vertex 0 12 7.46875
      vertex 0 12 7.28125
    endloop
  endfacet
  facet normal -0.28462043964040246 0.41267494429623425 0.865269088601346
    outer loop
      vertex -7.097656253642536 8.64851916847498 8.1015625
      vertex -6.666842796235226 9.977635347630542 7.609375
      vertex -7.612719409963746 9.276125440352844 7.6328125
    endloop
  endfacet
  facet normal -0.28281398406013136 0.4123636032019306 0.8660095318034071
    outer loop
      vertex -7.097656253642536 8.64851916847498 8.1015625
      vertex -6.215775981815149 9.30256615382229 8.078125
      vertex -6.666842796235226 9.977635347630542 7.609375
    endloop
  endfacet
  facet normal -0.6715589548470188 0.7409511253549588 0
    outer loop
      vertex -7.097656253642536 8.64851916847498 8.1015625
      vertex -7.9111822157737635 7.9111822157737635 8.5
      vertex -7.097656253642536 8.64851916847498 8.4765625
    endloop
  endfacet
  facet normal -0.5956993044924321 0.8032075314806458 0
    outer loop
      vertex -7.097656253642536 8.64851916847498 8.1015625
      vertex -7.097656253642536 8.64851916847498 8.4765625
      vertex -6.215775981815149 9.30256615382229 8.078125
    endloop
  endfacet
  facet normal -0.31251079880585386 0.3903389443232264 -0.866009531803407
    outer loop
      vertex -7.097656253642536 8.64851916847498 8.4765625
      vertex -7.612719409963746 9.276125440352844 8.9453125
      vertex -6.215775981815149 9.30256615382229 8.453125
    endloop
  endfacet
  facet normal -0.5956993044924321 0.8032075314806458 0
    outer loop
      vertex -7.097656253642536 8.64851916847498 8.4765625
      vertex -6.215775981815149 9.30256615382229 8.453125
      vertex -6.215775981815149 9.30256615382229 8.078125
    endloop
  endfacet
  facet normal -0.5956993044924325 0.8032075314806455 0
    outer loop
      vertex -7.612719409963746 9.276125440352844 7.4453125
      vertex -7.612719409963746 9.276125440352844 7.6328125
      vertex -6.666842796235226 9.977635347630542 7.421875
    endloop
  endfacet
  facet normal -0.5956993044924325 0.8032075314806455 0
    outer loop
      vertex -7.612719409963746 9.276125440352844 7.6328125
      vertex -6.666842796235226 9.977635347630542 7.609375
      vertex -6.666842796235226 9.977635347630542 7.421875
    endloop
  endfacet
  facet normal -0.2428006965032776 0.43858548321680585 0.8652690886013461
    outer loop
      vertex -6.666842796235226 9.977635347630542 7.609375
      vertex -6.215775981815149 9.30256615382229 8.078125
      vertex -5.6567608419119715 10.583055172180261 7.5859375
    endloop
  endfacet
  facet normal -0.24103345626411088 0.43809857770485894 0.8660095318034072
    outer loop
      vertex -6.215775981815149 9.30256615382229 8.078125
      vertex -5.274034389394095 9.867024341808355 8.0546875
      vertex -5.6567608419119715 10.583055172180261 7.5859375
    endloop
  endfacet
  facet normal -0.5141027441932224 0.8577286100002716 0
    outer loop
      vertex -6.666842796235226 9.977635347630542 7.609375
      vertex -5.6567608419119715 10.583055172180261 7.5859375
      vertex -5.6567608419119715 10.583055172180261 7.3984375
    endloop
  endfacet
  facet normal -0.5141027441932223 0.8577286100002717 0
    outer loop
      vertex -6.215775981815149 9.30256615382229 8.078125
      vertex -6.215775981815149 9.30256615382229 8.453125
      vertex -5.274034389394095 9.867024341808355 8.0546875
    endloop
  endfacet
  facet normal -0.2727460668098922 0.41909077043687964 -0.8660095318034071
    outer loop
      vertex -6.215775981815149 9.30256615382229 8.453125
      vertex -6.666842796235226 9.977635347630542 8.921875
      vertex -5.274034389394095 9.867024341808355 8.4296875
    endloop
  endfacet
  facet normal -0.1986426499304625 0.4602722041787874 0.8652690886013462
    outer loop
      vertex -5.6567608419119715 10.583055172180261 7.5859375
      vertex -5.274034389394095 9.867024341808355 8.0546875
      vertex -4.592201188381077 11.08655439013544 7.5625
    endloop
  endfacet
  facet normal -0.4275550934302809 0.9039892931234439 0
    outer loop
      vertex -5.6567608419119715 10.583055172180261 7.5859375
      vertex -4.592201188381077 11.08655439013544 7.5625
      vertex -4.592201188381077 11.08655439013544 7.375
    endloop
  endfacet
  facet normal -0.19693164452197492 0.459614423415447 0.8660095318034072
    outer loop
      vertex -4.592201188381077 11.08655439013544 7.5625
      vertex -5.274034389394095 9.867024341808355 8.0546875
      vertex -4.28150096272271 10.336457691518628 8.03125
    endloop
  endfacet
  facet normal -0.15257156604970096 0.47752625220414546 0.8652690886013463
    outer loop
      vertex -4.592201188381077 11.08655439013544 7.5625
      vertex -4.28150096272271 10.336457691518628 8.03125
      vertex -3.483416127053548 11.483284028786507 7.5390625
    endloop
  endfacet
  facet normal -0.5141027441932223 0.8577286100002717 0
    outer loop
      vertex -6.215775981815149 9.30256615382229 8.453125
      vertex -5.274034389394095 9.867024341808355 8.4296875
      vertex -5.274034389394095 9.867024341808355 8.0546875
    endloop
  endfacet
  facet normal -0.42755509343028064 0.903989293123444 0
    outer loop
      vertex -5.274034389394095 9.867024341808355 8.0546875
      vertex -5.274034389394095 9.867024341808355 8.4296875
      vertex -4.28150096272271 10.336457691518628 8.03125
    endloop
  endfacet
  facet normal -0.230354641092383 0.44380652333290777 -0.8660095318034072
    outer loop
      vertex -5.274034389394095 9.867024341808355 8.4296875
      vertex -5.6567608419119715 10.583055172180261 8.8984375
      vertex -4.28150096272271 10.336457691518628 8.40625
    endloop
  endfacet
  facet normal -0.22977766215815398 0.4455464400981436 -0.8652690886013463
    outer loop
      vertex -4.28150096272271 10.336457691518628 8.40625
      vertex -5.6567608419119715 10.583055172180261 8.8984375
      vertex -4.592201188381077 11.08655439013544 8.875
    endloop
  endfacet
  facet normal -0.42755509343028064 0.903989293123444 0
    outer loop
      vertex -5.274034389394095 9.867024341808355 8.4296875
      vertex -4.28150096272271 10.336457691518628 8.40625
      vertex -4.28150096272271 10.336457691518628 8.03125
    endloop
  endfacet
  facet normal -0.3368898533922217 0.9415440651830201 0
    outer loop
      vertex -4.28150096272271 10.336457691518628 8.03125
      vertex -4.28150096272271 10.336457691518628 8.40625
      vertex -3.2477343412738002 10.706345303177036 8.0078125
    endloop
  endfacet
  facet normal -0.18574477425650063 0.4642481767999147 -0.8660095318034072
    outer loop
      vertex -4.28150096272271 10.336457691518628 8.40625
      vertex -4.592201188381077 11.08655439013544 8.875
      vertex -3.2477343412738002 10.706345303177036 8.3828125
    endloop
  endfacet
  facet normal -0.18500003196780426 0.4659231615651954 -0.8652690886013461
    outer loop
      vertex -3.2477343412738002 10.706345303177036 8.3828125
      vertex -4.592201188381077 11.08655439013544 8.875
      vertex -3.483416127053548 11.483284028786507 8.8515625
    endloop
  endfacet
  facet normal -0.28462043964040246 0.41267494429623425 0.865269088601346
    outer loop
      vertex -7.097656253642536 8.64851916847498 9.6015625
      vertex -6.666842796235226 9.977635347630542 9.109375
      vertex -7.612719409963746 9.276125440352844 9.1328125
    endloop
  endfacet
  facet normal -0.6715589548470188 0.7409511253549587 0
    outer loop
      vertex -7.9111822157737635 7.9111822157737635 10
      vertex -7.097656253642536 8.64851916847498 10
      vertex -7.097656253642536 8.64851916847498 9.6015625
    endloop
  endfacet
  facet normal -0.28281398406013136 0.4123636032019306 0.8660095318034071
    outer loop
      vertex -7.097656253642536 8.64851916847498 9.6015625
      vertex -6.215775981815149 9.30256615382229 9.578125
      vertex -6.666842796235226 9.977635347630542 9.109375
    endloop
  endfacet
  facet normal -0.5956993044924322 0.8032075314806458 0
    outer loop
      vertex -7.097656253642536 8.64851916847498 9.6015625
      vertex -7.097656253642536 8.64851916847498 10
      vertex -6.215775981815149 9.30256615382229 9.578125
    endloop
  endfacet
  facet normal -0.5956993044924321 0.8032075314806458 0
    outer loop
      vertex -7.097656253642536 8.64851916847498 10
      vertex -6.215775981815149 9.30256615382229 10
      vertex -6.215775981815149 9.30256615382229 9.578125
    endloop
  endfacet
  facet normal -0.5956993044924325 0.8032075314806455 0
    outer loop
      vertex -7.612719409963746 9.276125440352844 8.9453125
      vertex -7.612719409963746 9.276125440352844 9.1328125
      vertex -6.666842796235226 9.977635347630542 8.921875
    endloop
  endfacet
  facet normal -0.3122843472820705 0.3921579920817717 -0.8652690886013462
    outer loop
      vertex -6.215775981815149 9.30256615382229 8.453125
      vertex -7.612719409963746 9.276125440352844 8.9453125
      vertex -6.666842796235226 9.977635347630542 8.921875
    endloop
  endfacet
  facet normal -0.5956993044924325 0.8032075314806455 0
    outer loop
      vertex -7.612719409963746 9.276125440352844 9.1328125
      vertex -6.666842796235226 9.977635347630542 9.109375
      vertex -6.666842796235226 9.977635347630542 8.921875
    endloop
  endfacet
  facet normal -0.5141027441932225 0.8577286100002716 0
    outer loop
      vertex -6.666842796235226 9.977635347630542 8.921875
      vertex -6.666842796235226 9.977635347630542 9.109375
      vertex -5.6567608419119715 10.583055172180261 8.8984375
    endloop
  endfacet
  facet normal -0.2723424078526758 0.42087886285248677 -0.8652690886013462
    outer loop
      vertex -6.666842796235226 9.977635347630542 8.921875
      vertex -5.6567608419119715 10.583055172180261 8.8984375
      vertex -5.274034389394095 9.867024341808355 8.4296875
    endloop
  endfacet
  facet normal -0.2428006965032776 0.43858548321680585 0.8652690886013461
    outer loop
      vertex -6.666842796235226 9.977635347630542 9.109375
      vertex -6.215775981815149 9.30256615382229 9.578125
      vertex -5.6567608419119715 10.583055172180261 9.0859375
    endloop
  endfacet
  facet normal -0.5141027441932224 0.8577286100002716 0
    outer loop
      vertex -6.666842796235226 9.977635347630542 9.109375
      vertex -5.6567608419119715 10.583055172180261 9.0859375
      vertex -5.6567608419119715 10.583055172180261 8.8984375
    endloop
  endfacet
  facet normal -0.24103345626411088 0.43809857770485894 0.8660095318034072
    outer loop
      vertex -6.215775981815149 9.30256615382229 9.578125
      vertex -5.274034389394095 9.867024341808355 9.5546875
      vertex -5.6567608419119715 10.583055172180261 9.0859375
    endloop
  endfacet
  facet normal -0.5141027441932223 0.8577286100002718 0
    outer loop
      vertex -6.215775981815149 9.30256615382229 9.578125
      vertex -6.215775981815149 9.30256615382229 10
      vertex -5.274034389394095 9.867024341808355 9.5546875
    endloop
  endfacet
  facet normal -0.4275550934302809 0.9039892931234439 0
    outer loop
      vertex -5.6567608419119715 10.583055172180261 8.8984375
      vertex -5.6567608419119715 10.583055172180261 9.0859375
      vertex -4.592201188381077 11.08655439013544 8.875
    endloop
  endfacet
  facet normal -0.4275550934302809 0.9039892931234439 0
    outer loop
      vertex -5.6567608419119715 10.583055172180261 9.0859375
      vertex -4.592201188381077 11.08655439013544 9.0625
      vertex -4.592201188381077 11.08655439013544 8.875
    endloop
  endfacet
  facet normal -0.1986426499304625 0.4602722041787874 0.8652690886013462
    outer loop
      vertex -5.6567608419119715 10.583055172180261 9.0859375
      vertex -5.274034389394095 9.867024341808355 9.5546875
      vertex -4.592201188381077 11.08655439013544 9.0625
    endloop
  endfacet
  facet normal -0.3368898533922211 0.9415440651830204 0
    outer loop
      vertex -4.592201188381077 11.08655439013544 8.875
      vertex -4.592201188381077 11.08655439013544 9.0625
      vertex -3.483416127053548 11.483284028786507 8.8515625
    endloop
  endfacet
  facet normal -0.15257156604970096 0.47752625220414546 0.8652690886013463
    outer loop
      vertex -4.592201188381077 11.08655439013544 9.0625
      vertex -4.28150096272271 10.336457691518628 9.53125
      vertex -3.483416127053548 11.483284028786507 9.0390625
    endloop
  endfacet
  facet normal -0.5141027441932223 0.8577286100002718 0
    outer loop
      vertex -6.215775981815149 9.30256615382229 10
      vertex -5.274034389394095 9.867024341808355 10
      vertex -5.274034389394095 9.867024341808355 9.5546875
    endloop
  endfacet
  facet normal -0.42755509343028064 0.903989293123444 0
    outer loop
      vertex -5.274034389394095 9.867024341808355 9.5546875
      vertex -5.274034389394095 9.867024341808355 10
      vertex -4.28150096272271 10.336457691518628 9.53125
    endloop
  endfacet
  facet normal -0.19693164452197492 0.459614423415447 0.8660095318034072
    outer loop
      vertex -4.592201188381077 11.08655439013544 9.0625
      vertex -5.274034389394095 9.867024341808355 9.5546875
      vertex -4.28150096272271 10.336457691518628 9.53125
    endloop
  endfacet
  facet normal -0.42755509343028064 0.9039892931234439 0
    outer loop
      vertex -5.274034389394095 9.867024341808355 10
      vertex -4.28150096272271 10.336457691518628 10
      vertex -4.28150096272271 10.336457691518628 9.53125
    endloop
  endfacet
  facet normal -0.3368898533922217 0.9415440651830201 0
    outer loop
      vertex -4.28150096272271 10.336457691518628 9.53125
      vertex -4.28150096272271 10.336457691518628 10
      vertex -3.2477343412738002 10.706345303177036 9.5078125
    endloop
  endfacet
  facet normal -0.3368898533922211 0.9415440651830204 0
    outer loop
      vertex -4.592201188381077 11.08655439013544 9.0625
      vertex -3.483416127053548 11.483284028786507 9.0390625
      vertex -3.483416127053548 11.483284028786507 8.8515625
    endloop
  endfacet
  facet normal -0.15093327338930765 0.4767039309777423 0.8660095318034071
    outer loop
      vertex -3.483416127053548 11.483284028786507 7.5390625
      vertex -4.28150096272271 10.336457691518628 8.03125
      vertex -3.2477343412738002 10.706345303177036 8.0078125
    endloop
  endfacet
  facet normal -0.1034813323253779 0.4892025190918459 0.8660095318034073
    outer loop
      vertex -3.2477343412738002 10.706345303177036 8.0078125
      vertex -2.182690262726239 10.973124956882163 7.984375
      vertex -2.341083864193539 11.769423364838765 7.515625
    endloop
  endfacet
  facet normal -0.3368898533922217 0.9415440651830201 0
    outer loop
      vertex -4.28150096272271 10.336457691518628 8.40625
      vertex -3.2477343412738002 10.706345303177036 8.3828125
      vertex -3.2477343412738002 10.706345303177036 8.0078125
    endloop
  endfacet
  facet normal -0.24298017990326257 0.9700312531945444 0
    outer loop
      vertex -3.2477343412738002 10.706345303177036 8.0078125
      vertex -3.2477343412738002 10.706345303177036 8.3828125
      vertex -2.182690262726239 10.973124956882163 7.984375
    endloop
  endfacet
  facet normal -0.13934608370610316 0.4802188665404715 -0.8660095318034071
    outer loop
      vertex -3.2477343412738002 10.706345303177036 8.3828125
      vertex -3.483416127053548 11.483284028786507 8.8515625
      vertex -2.182690262726239 10.973124956882163 8.359375
    endloop
  endfacet
  facet normal -0.24298017990326257 0.9700312531945444 0
    outer loop
      vertex -3.2477343412738002 10.706345303177036 8.3828125
      vertex -2.182690262726239 10.973124956882163 8.359375
      vertex -2.182690262726239 10.973124956882163 7.984375
    endloop
  endfacet
  facet normal -0.14673047445536166 0.9891765099647809 0
    outer loop
      vertex -2.182690262726239 10.973124956882163 7.984375
      vertex -2.182690262726239 10.973124956882163 8.359375
      vertex -1.096625683768755 11.134227418732241 7.9609375
    endloop
  endfacet
  facet normal -0.04906767432741878 0.9987954562051724 0
    outer loop
      vertex -1.096625683768755 11.134227418732241 7.9609375
      vertex -1.096625683768755 11.134227418732241 8.3359375
      vertex 0 11.188101183952089 7.9375
    endloop
  endfacet
  facet normal -0.14673047445536166 0.9891765099647809 0
    outer loop
      vertex -2.182690262726239 10.973124956882163 8.359375
      vertex -1.096625683768755 11.134227418732241 8.3359375
      vertex -1.096625683768755 11.134227418732241 7.9609375
    endloop
  endfacet
  facet normal -0.04906767432741878 0.9987954562051724 0
    outer loop
      vertex -1.096625683768755 11.134227418732241 8.3359375
      vertex 0 11.188101183952089 8.3125
      vertex 0 11.188101183952089 7.9375
    endloop
  endfacet
  facet normal 0 0 1
    outer loop
      vertex -0.9567085809127245 2.309698831278217 10
      vertex -3.2477343412738002 10.706345303177036 10
      vertex -4.28150096272271 10.336457691518628 10
    endloop
  endfacet
  facet normal 0 0 1
    outer loop
      vertex -0.7257116931361558 2.392350839330522 10
      vertex -2.182690262726239 10.973124956882163 10
      vertex -3.2477343412738002 10.706345303177036 10
    endloop
  endfacet
  facet normal -0.15093327338930765 0.4767039309777423 0.8660095318034071
    outer loop
      vertex -3.483416127053548 11.483284028786507 9.0390625
      vertex -4.28150096272271 10.336457691518628 9.53125
      vertex -3.2477343412738002 10.706345303177036 9.5078125
    endloop
  endfacet
  facet normal -0.1034813323253779 0.4892025190918459 0.8660095318034073
    outer loop
      vertex -3.2477343412738002 10.706345303177036 9.5078125
      vertex -2.182690262726239 10.973124956882163 9.484375
      vertex -2.341083864193539 11.769423364838765 9.015625
    endloop
  endfacet
  facet normal -0.24298017990326254 0.9700312531945443 0
    outer loop
      vertex -3.2477343412738002 10.706345303177036 9.5078125
      vertex -3.2477343412738002 10.706345303177036 10
      vertex -2.182690262726239 10.973124956882163 9.484375
    endloop
  endfacet
  facet normal -0.3368898533922217 0.94154406518302 0
    outer loop
      vertex -4.28150096272271 10.336457691518628 10
      vertex -3.2477343412738002 10.706345303177036 10
      vertex -3.2477343412738002 10.706345303177036 9.5078125
    endloop
  endfacet
  facet normal -0.2429801799032626 0.9700312531945444 0
    outer loop
      vertex -3.2477343412738002 10.706345303177036 10
      vertex -2.182690262726239 10.973124956882163 10
      vertex -2.182690262726239 10.973124956882163 9.484375
    endloop
  endfacet
  facet normal 0 0 1
    outer loop
      vertex -0.4877258050403206 2.451963201008076 10
      vertex -1.096625683768755 11.134227418732241 10
      vertex -2.182690262726239 10.973124956882163 10
    endloop
  endfacet
  facet normal 0 0 1
    outer loop
      vertex -0.2450428508239015 2.4879618166804924 10
      vertex 0 11.188101183952089 10
      vertex -1.096625683768755 11.134227418732241 10
    endloop
  endfacet
  facet normal -0.1467304744553617 0.989176509964781 0
    outer loop
      vertex -2.182690262726239 10.973124956882163 9.484375
      vertex -2.182690262726239 10.973124956882163 10
      vertex -1.096625683768755 11.134227418732241 9.4609375
    endloop
  endfacet
  facet normal -0.14673047445536164 0.9891765099647809 0
    outer loop
      vertex -2.182690262726239 10.973124956882163 10
      vertex -1.096625683768755 11.134227418732241 10
      vertex -1.096625683768755 11.134227418732241 9.4609375
    endloop
  endfacet
  facet normal -0.04906767432741878 0.9987954562051724 0
    outer loop
      vertex -1.096625683768755 11.134227418732241 9.4609375
      vertex -1.096625683768755 11.134227418732241 10
      vertex 0 11.188101183952089 9.4375
    endloop
  endfacet
  facet normal -0.04906767432741878 0.9987954562051724 0
    outer loop
      vertex -1.096625683768755 11.134227418732241 10
      vertex 0 11.188101183952089 10
      vertex 0 11.188101183952089 9.4375
    endloop
  endfacet
  facet normal -0.10503113458377705 0.490181461378376 0.8652690886013462
    outer loop
      vertex -3.483416127053548 11.483284028786507 7.5390625
      vertex -3.2477343412738002 10.706345303177036 8.0078125
      vertex -2.341083864193539 11.769423364838765 7.515625
    endloop
  endfacet
  facet normal -0.056479195875953625 0.4981159551190877 0.8652690886013464
    outer loop
      vertex -2.341083864193539 11.769423364838765 7.515625
      vertex -2.182690262726239 10.973124956882163 7.984375
      vertex -1.1762056839547272 11.942216720066362 7.4921875
    endloop
  endfacet
  facet normal -0.1384407503382978 0.48181278828686613 -0.8652690886013464
    outer loop
      vertex -2.182690262726239 10.973124956882163 8.359375
      vertex -3.483416127053548 11.483284028786507 8.8515625
      vertex -2.341083864193539 11.769423364838765 8.828125
    endloop
  endfacet
  facet normal -0.09160541419529998 0.49156478608190673 -0.8660095318034075
    outer loop
      vertex -2.182690262726239 10.973124956882163 8.359375
      vertex -2.341083864193539 11.769423364838765 8.828125
      vertex -1.096625683768755 11.134227418732241 8.3359375
    endloop
  endfacet
  facet normal -0.05503280946250661 0.4969898195217952 0.8660095318034075
    outer loop
      vertex -1.1762056839547272 11.942216720066362 7.4921875
      vertex -2.182690262726239 10.973124956882163 7.984375
      vertex -1.096625683768755 11.134227418732241 7.9609375
    endloop
  endfacet
  facet normal -0.007383331637175875 0.5012533199141237 0.8652690886013464
    outer loop
      vertex -1.1762056839547272 11.942216720066362 7.4921875
      vertex -1.096625683768755 11.134227418732241 7.9609375
      vertex 0 12 7.46875
    endloop
  endfacet
  facet normal -0.006054290560517388 0.4999908363074789 0.8660095318034072
    outer loop
      vertex -1.096625683768755 11.134227418732241 7.9609375
      vertex 0 11.188101183952089 7.9375
      vertex 0 12 7.46875
    endloop
  endfacet
  facet normal -0.0905482086036223 0.4930622944716725 -0.8652690886013465
    outer loop
      vertex -1.096625683768755 11.134227418732241 8.3359375
      vertex -2.341083864193539 11.769423364838765 8.828125
      vertex -1.1762056839547272 11.942216720066362 8.8046875
    endloop
  endfacet
  facet normal -0.042982534469182716 0.4981766680167274 -0.8660095318034073
    outer loop
      vertex -1.096625683768755 11.134227418732241 8.3359375
      vertex -1.1762056839547272 11.942216720066362 8.8046875
      vertex 0 11.188101183952089 8.3125
    endloop
  endfacet
  facet normal -0.04178363812140806 0.49956334122544926 -0.8652690886013462
    outer loop
      vertex -1.1762056839547272 11.942216720066362 8.8046875
      vertex 0 12 8.78125
      vertex 0 11.188101183952089 8.3125
    endloop
  endfacet
  facet normal -0.24298017990326343 0.9700312531945441 0
    outer loop
      vertex -3.483416127053548 11.483284028786507 8.8515625
      vertex -3.483416127053548 11.483284028786507 9.0390625
      vertex -2.341083864193539 11.769423364838765 8.828125
    endloop
  endfacet
  facet normal -0.10503113458377705 0.490181461378376 0.8652690886013462
    outer loop
      vertex -3.483416127053548 11.483284028786507 9.0390625
      vertex -3.2477343412738002 10.706345303177036 9.5078125
      vertex -2.341083864193539 11.769423364838765 9.015625
    endloop
  endfacet
  facet normal -0.24298017990326343 0.9700312531945441 0
    outer loop
      vertex -3.483416127053548 11.483284028786507 9.0390625
      vertex -2.341083864193539 11.769423364838765 9.015625
      vertex -2.341083864193539 11.769423364838765 8.828125
    endloop
  endfacet
  facet normal -0.14673047445536164 0.989176509964781 0
    outer loop
      vertex -2.341083864193539 11.769423364838765 8.828125
      vertex -2.341083864193539 11.769423364838765 9.015625
      vertex -1.1762056839547272 11.942216720066362 8.8046875
    endloop
  endfacet
  facet normal -0.056479195875953625 0.4981159551190877 0.8652690886013464
    outer loop
      vertex -2.341083864193539 11.769423364838765 9.015625
      vertex -2.182690262726239 10.973124956882163 9.484375
      vertex -1.1762056839547272 11.942216720066362 8.9921875
    endloop
  endfacet
  facet normal -0.14673047445536164 0.989176509964781 0
    outer loop
      vertex -2.341083864193539 11.769423364838765 9.015625
      vertex -1.1762056839547272 11.942216720066362 8.9921875
      vertex -1.1762056839547272 11.942216720066362 8.8046875
    endloop
  endfacet
  facet normal -0.05503280946250661 0.4969898195217952 0.8660095318034075
    outer loop
      vertex -1.1762056839547272 11.942216720066362 8.9921875
      vertex -2.182690262726239 10.973124956882163 9.484375
      vertex -1.096625683768755 11.134227418732241 9.4609375
    endloop
  endfacet
  facet normal -0.049067674327418334 0.9987954562051724 0
    outer loop
      vertex -1.1762056839547272 11.942216720066362 8.8046875
      vertex -1.1762056839547272 11.942216720066362 8.9921875
      vertex 0 12 8.78125
    endloop
  endfacet
  facet normal -0.049067674327418334 0.9987954562051724 0
    outer loop
      vertex -1.1762056839547272 11.942216720066362 8.9921875
      vertex 0 12 8.96875
      vertex 0 12 8.78125
    endloop
  endfacet
  facet normal -0.007383331637175875 0.5012533199141237 0.8652690886013464
    outer loop
      vertex -1.1762056839547272 11.942216720066362 8.9921875
      vertex -1.096625683768755 11.134227418732241 9.4609375
      vertex 0 12 8.96875
    endloop
  endfacet
  facet normal -0.006054290560517388 0.4999908363074789 0.8660095318034072
    outer loop
      vertex -1.096625683768755 11.134227418732241 9.4609375
      vertex 0 11.188101183952089 9.4375
      vertex 0 12 8.96875
    endloop
  endfacet
  facet normal 0.04178363812140804 -0.4995633412254494 -0.8652690886013462
    outer loop
      vertex 0 -11.188101183952089 4.5625
      vertex 1.1762056839547272 -11.942216720066362 5.0546875
      vertex 0 -12 5.03125
    endloop
  endfacet
  facet normal 0.042982534469182716 -0.4981766680167274 -0.8660095318034073
    outer loop
      vertex 0 -11.188101183952089 4.5625
      vertex 1.096625683768755 -11.134227418732241 4.5859375
      vertex 1.1762056839547272 -11.942216720066362 5.0546875
    endloop
  endfacet
  facet normal 0.0905482086036223 -0.4930622944716725 -0.8652690886013465
    outer loop
      vertex 1.096625683768755 -11.134227418732241 4.5859375
      vertex 2.341083864193539 -11.769423364838765 5.078125
      vertex 1.1762056839547272 -11.942216720066362 5.0546875
    endloop
  endfacet
  facet normal 0.09160541419529995 -0.4915647860819065 -0.8660095318034073
    outer loop
      vertex 1.096625683768755 -11.134227418732241 4.5859375
      vertex 2.182690262726239 -10.973124956882163 4.609375
      vertex 2.341083864193539 -11.769423364838765 5.078125
    endloop
  endfacet
  facet normal 0.1384407503382978 -0.48181278828686613 -0.8652690886013464
    outer loop
      vertex 2.182690262726239 -10.973124956882163 4.609375
      vertex 3.483416127053548 -11.483284028786507 5.1015625
      vertex 2.341083864193539 -11.769423364838765 5.078125
    endloop
  endfacet
  facet normal 0.04906767432741878 -0.9987954562051723 0
    outer loop
      vertex 1.096625683768755 -11.134227418732241 4.5859375
      vertex 0 -11.188101183952089 4
      vertex 1.096625683768755 -11.134227418732241 4
    endloop
  endfacet
  facet normal 0.14673047445536166 -0.989176509964781 0
    outer loop
      vertex 2.182690262726239 -10.973124956882163 4.609375
      vertex 1.096625683768755 -11.134227418732241 4
      vertex 2.182690262726239 -10.973124956882163 4
    endloop
  endfacet
  facet normal 0.04906767432741878 -0.9987954562051724 0
    outer loop
      vertex 0 -11.188101183952089 4.5625
      vertex 0 -11.188101183952089 4
      vertex 1.096625683768755 -11.134227418732241 4.5859375
    endloop
  endfacet
  facet normal 0.14673047445536166 -0.989176509964781 0
    outer loop
      vertex 1.096625683768755 -11.134227418732241 4.5859375
      vertex 1.096625683768755 -11.134227418732241 4
      vertex 2.182690262726239 -10.973124956882163 4.609375
    endloop
  endfacet
  facet normal 0.24298017990326257 -0.9700312531945443 0
    outer loop
      vertex 3.2477343412738002 -10.706345303177036 4.6328125
      vertex 2.182690262726239 -10.973124956882163 4
      vertex 3.2477343412738002 -10.706345303177036 4
    endloop
  endfacet
  facet normal 0.24298017990326254 -0.9700312531945443 0
    outer loop
      vertex 2.182690262726239 -10.973124956882163 4.609375
      vertex 2.182690262726239 -10.973124956882163 4
      vertex 3.2477343412738002 -10.706345303177036 4.6328125
    endloop
  endfacet
  facet normal 0.33688985339222166 -0.9415440651830201 0
    outer loop
      vertex 3.2477343412738002 -10.706345303177036 4.6328125
      vertex 3.2477343412738002 -10.706345303177036 4
      vertex 4.28150096272271 -10.336457691518628 4.65625
    endloop
  endfacet
  facet normal 0.13934608370610313 -0.4802188665404716 -0.866009531803407
    outer loop
      vertex 2.182690262726239 -10.973124956882163 4.609375
      vertex 3.2477343412738002 -10.706345303177036 4.6328125
      vertex 3.483416127053548 -11.483284028786507 5.1015625
    endloop
  endfacet
  facet normal 0.3368898533922217 -0.9415440651830201 0
    outer loop
      vertex 4.28150096272271 -10.336457691518628 4.65625
      vertex 3.2477343412738002 -10.706345303177036 4
      vertex 4.28150096272271 -10.336457691518628 4
    endloop
  endfacet
  facet normal 0.42755509343028064 -0.903989293123444 0
    outer loop
      vertex 5.274034389394095 -9.867024341808355 4.6796875
      vertex 4.28150096272271 -10.336457691518628 4
      vertex 5.274034389394095 -9.867024341808355 4
    endloop
  endfacet
  facet normal 0.18500003196780426 -0.4659231615651954 -0.8652690886013461
    outer loop
      vertex 3.2477343412738002 -10.706345303177036 4.6328125
      vertex 4.592201188381077 -11.08655439013544 5.125
      vertex 3.483416127053548 -11.483284028786507 5.1015625
    endloop
  endfacet
  facet normal 0.18574477425650066 -0.46424817679991476 -0.8660095318034073
    outer loop
      vertex 3.2477343412738002 -10.706345303177036 4.6328125
      vertex 4.28150096272271 -10.336457691518628 4.65625
      vertex 4.592201188381077 -11.08655439013544 5.125
    endloop
  endfacet
  facet normal 0.4275550934302807 -0.903989293123444 0
    outer loop
      vertex 4.28150096272271 -10.336457691518628 4.65625
      vertex 4.28150096272271 -10.336457691518628 4
      vertex 5.274034389394095 -9.867024341808355 4.6796875
    endloop
  endfacet
  facet normal 0.22977766215815398 -0.4455464400981436 -0.8652690886013463
    outer loop
      vertex 4.28150096272271 -10.336457691518628 4.65625
      vertex 5.6567608419119715 -10.583055172180261 5.1484375
      vertex 4.592201188381077 -11.08655439013544 5.125
    endloop
  endfacet
  facet normal 0.5141027441932223 -0.8577286100002717 0
    outer loop
      vertex 5.274034389394095 -9.867024341808355 4.6796875
      vertex 5.274034389394095 -9.867024341808355 4
      vertex 6.215775981815149 -9.30256615382229 4.703125
    endloop
  endfacet
  facet normal 0.230354641092383 -0.44380652333290777 -0.8660095318034072
    outer loop
      vertex 4.28150096272271 -10.336457691518628 4.65625
      vertex 5.274034389394095 -9.867024341808355 4.6796875
      vertex 5.6567608419119715 -10.583055172180261 5.1484375
    endloop
  endfacet
  facet normal 0.5141027441932222 -0.8577286100002718 0
    outer loop
      vertex 6.215775981815149 -9.30256615382229 4.703125
      vertex 5.274034389394095 -9.867024341808355 4
      vertex 6.215775981815149 -9.30256615382229 4
    endloop
  endfacet
  facet normal 0.2727460668098922 -0.41909077043687964 -0.8660095318034071
    outer loop
      vertex 5.274034389394095 -9.867024341808355 4.6796875
      vertex 6.215775981815149 -9.30256615382229 4.703125
      vertex 6.666842796235226 -9.977635347630542 5.171875
    endloop
  endfacet
  facet normal 0.5956993044924321 -0.8032075314806458 0
    outer loop
      vertex 7.097656253642536 -8.64851916847498 4.7265625
      vertex 6.215775981815149 -9.30256615382229 4
      vertex 7.097656253642536 -8.64851916847498 4
    endloop
  endfacet
  facet normal 0.5956993044924321 -0.8032075314806458 0
    outer loop
      vertex 6.215775981815149 -9.30256615382229 4.703125
      vertex 6.215775981815149 -9.30256615382229 4
      vertex 7.097656253642536 -8.64851916847498 4.7265625
    endloop
  endfacet
  facet normal 0.3125107988058539 -0.39033894432322647 -0.866009531803407
    outer loop
      vertex 6.215775981815149 -9.30256615382229 4.703125
      vertex 7.097656253642536 -8.64851916847498 4.7265625
      vertex 7.612719409963746 -9.276125440352844 5.1953125
    endloop
  endfacet
  facet normal 0.6715589548470188 -0.7409511253549589 0
    outer loop
      vertex 7.097656253642536 -8.64851916847498 4.7265625
      vertex 7.097656253642536 -8.64851916847498 4
      vertex 7.9111822157737635 -7.9111822157737635 4.75
    endloop
  endfacet
  facet normal 0.6715589548470188 -0.7409511253549588 0
    outer loop
      vertex 7.9111822157737635 -7.9111822157737635 4.75
      vertex 7.097656253642536 -8.64851916847498 4
      vertex 7.9111822157737635 -7.9111822157737635 4
    endloop
  endfacet
  facet normal 0.7409511253549588 -0.6715589548470188 0
    outer loop
      vertex 7.9111822157737635 -7.9111822157737635 4.75
      vertex 7.9111822157737635 -7.9111822157737635 4
      vertex 8.64851916847498 -7.097656253642536 4.7734375
    endloop
  endfacet
  facet normal 0.3492658809735361 -0.3578279407947663 -0.8660095318034075
    outer loop
      vertex 7.097656253642536 -8.64851916847498 4.7265625
      vertex 7.9111822157737635 -7.9111822157737635 4.75
      vertex 8.485281374238571 -8.485281374238571 5.21875
    endloop
  endfacet
  facet normal 0.38265734177929095 -0.3218708585878047 -0.866009531803407
    outer loop
      vertex 7.9111822157737635 -7.9111822157737635 4.75
      vertex 8.64851916847498 -7.097656253642536 4.7734375
      vertex 9.276125440352844 -7.612719409963746 5.2421875
    endloop
  endfacet
  facet normal 0.7409511253549588 -0.6715589548470188 0
    outer loop
      vertex 8.64851916847498 -7.097656253642536 4.7734375
      vertex 7.9111822157737635 -7.9111822157737635 4
      vertex 8.64851916847498 -7.097656253642536 4
    endloop
  endfacet
  facet normal 0.8032075314806458 -0.5956993044924321 0
    outer loop
      vertex 9.30256615382229 -6.215775981815149 4.02109375
      vertex 8.64851916847498 -7.097656253642536 4
      vertex 9.30256615382229 -6.215775981815149 4
    endloop
  endfacet
  facet normal 0.8032075314806458 -0.5956993044924321 0
    outer loop
      vertex 9.30256615382229 -6.215775981815149 4.02109375
      vertex 9.30256615382229 -6.215775981815149 4.796875
      vertex 8.64851916847498 -7.097656253642536 4
    endloop
  endfacet
  facet normal 0.8032075314806458 -0.5956993044924321 0
    outer loop
      vertex 8.64851916847498 -7.097656253642536 4.7734375
      vertex 8.64851916847498 -7.097656253642536 4
      vertex 9.30256615382229 -6.215775981815149 4.796875
    endloop
  endfacet
  facet normal 0.4123636032019306 -0.28281398406013136 -0.8660095318034071
    outer loop
      vertex 8.64851916847498 -7.097656253642536 4.7734375
      vertex 9.30256615382229 -6.215775981815149 4.796875
      vertex 9.977635347630542 -6.666842796235226 5.265625
    endloop
  endfacet
  facet normal 0.8577286100002718 -0.5141027441932223 0
    outer loop
      vertex 9.30256615382229 -6.215775981815149 4.02109375
      vertex 9.30256615382229 -6.215775981815149 4
      vertex 9.867024341808355 -5.274034389394095 4.04453125
    endloop
  endfacet
  facet normal 0.8577286100002717 -0.5141027441932223 0
    outer loop
      vertex 9.30256615382229 -6.215775981815149 4.02109375
      vertex 9.867024341808355 -5.274034389394095 4.8203125
      vertex 9.30256615382229 -6.215775981815149 4.796875
    endloop
  endfacet
  facet normal 0.43809857770485894 -0.24103345626411088 -0.8660095318034072
    outer loop
      vertex 9.30256615382229 -6.215775981815149 4.796875
      vertex 9.867024341808355 -5.274034389394095 4.8203125
      vertex 10.583055172180261 -5.6567608419119715 5.2890625
    endloop
  endfacet
  facet normal 0.8577286100002718 -0.5141027441932223 0
    outer loop
      vertex 9.867024341808355 -5.274034389394095 4.04453125
      vertex 9.30256615382229 -6.215775981815149 4
      vertex 9.867024341808355 -5.274034389394095 4
    endloop
  endfacet
  facet normal 0.9039892931234439 -0.4275550934302806 0
    outer loop
      vertex 9.867024341808355 -5.274034389394095 4.04453125
      vertex 9.867024341808355 -5.274034389394095 4
      vertex 10.336457691518628 -4.28150096272271 4.06796875
    endloop
  endfacet
  facet normal 0.8577286100002717 -0.5141027441932222 0
    outer loop
      vertex 9.30256615382229 -6.215775981815149 4.02109375
      vertex 9.867024341808355 -5.274034389394095 4.04453125
      vertex 9.867024341808355 -5.274034389394095 4.8203125
    endloop
  endfacet
  facet normal 0.903989293123444 -0.4275550934302807 0
    outer loop
      vertex 10.336457691518628 -4.28150096272271 4.06796875
      vertex 9.867024341808355 -5.274034389394095 4
      vertex 10.336457691518628 -4.28150096272271 4
    endloop
  endfacet
  facet normal 0.903989293123444 -0.42755509343028064 0
    outer loop
      vertex 9.867024341808355 -5.274034389394095 4.04453125
      vertex 10.336457691518628 -4.28150096272271 4.06796875
      vertex 10.336457691518628 -4.28150096272271 4.84375
    endloop
  endfacet
  facet normal 0.9415440651830201 -0.3368898533922217 0
    outer loop
      vertex 10.336457691518628 -4.28150096272271 4.06796875
      vertex 10.336457691518628 -4.28150096272271 4
      vertex 10.706345303177036 -3.2477343412738002 4.09140625
    endloop
  endfacet
  facet normal 0.903989293123444 -0.42755509343028064 0
    outer loop
      vertex 9.867024341808355 -5.274034389394095 4.04453125
      vertex 10.336457691518628 -4.28150096272271 4.84375
      vertex 9.867024341808355 -5.274034389394095 4.8203125
    endloop
  endfacet
  facet normal 0.45961442341544695 -0.19693164452197498 -0.8660095318034072
    outer loop
      vertex 9.867024341808355 -5.274034389394095 4.8203125
      vertex 10.336457691518628 -4.28150096272271 4.84375
      vertex 11.08655439013544 -4.592201188381077 5.3125
    endloop
  endfacet
  facet normal 0.9415440651830203 -0.3368898533922217 0
    outer loop
      vertex 10.336457691518628 -4.28150096272271 4.06796875
      vertex 10.706345303177036 -3.2477343412738002 4.8671875
      vertex 10.336457691518628 -4.28150096272271 4.84375
    endloop
  endfacet
  facet normal 0.9415440651830201 -0.3368898533922217 0
    outer loop
      vertex 10.706345303177036 -3.2477343412738002 4.09140625
      vertex 10.336457691518628 -4.28150096272271 4
      vertex 10.706345303177036 -3.2477343412738002 4
    endloop
  endfacet
  facet normal 0.9415440651830203 -0.3368898533922217 0
    outer loop
      vertex 10.336457691518628 -4.28150096272271 4.06796875
      vertex 10.706345303177036 -3.2477343412738002 4.09140625
      vertex 10.706345303177036 -3.2477343412738002 4.8671875
    endloop
  endfacet
  facet normal 0.9700312531945443 -0.24298017990326254 0
    outer loop
      vertex 10.706345303177036 -3.2477343412738002 4.09140625
      vertex 10.706345303177036 -3.2477343412738002 4
      vertex 10.973124956882163 -2.182690262726239 4.11484375
    endloop
  endfacet
  facet normal 0.9700312531945444 -0.24298017990326257 0
    outer loop
      vertex 10.973124956882163 -2.182690262726239 4.11484375
      vertex 10.706345303177036 -3.2477343412738002 4
      vertex 10.973124956882163 -2.182690262726239 4
    endloop
  endfacet
  facet normal 0.9700312531945443 -0.2429801799032626 0
    outer loop
      vertex 10.706345303177036 -3.2477343412738002 4.09140625
      vertex 10.973124956882163 -2.182690262726239 4.11484375
      vertex 10.973124956882163 -2.182690262726239 4.890625
    endloop
  endfacet
  facet normal 0.9700312531945443 -0.24298017990326254 0
    outer loop
      vertex 10.706345303177036 -3.2477343412738002 4.09140625
      vertex 10.973124956882163 -2.182690262726239 4.890625
      vertex 10.706345303177036 -3.2477343412738002 4.8671875
    endloop
  endfacet
  facet normal 0.9891765099647809 -0.14673047445536166 0
    outer loop
      vertex 11.134227418732241 -1.096625683768755 4.003515625
      vertex 10.973124956882163 -2.182690262726239 4
      vertex 11.134227418732241 -1.096625683768755 4
    endloop
  endfacet
  facet normal 0.9891765099647809 -0.14673047445536164 0
    outer loop
      vertex 11.134227418732241 -1.096625683768755 4.003515625
      vertex 11.134227418732241 -1.096625683768755 4.13828125
      vertex 10.973124956882163 -2.182690262726239 4
    endloop
  endfacet
  facet normal 0.989176509964781 -0.14673047445536164 0
    outer loop
      vertex 10.973124956882163 -2.182690262726239 4.11484375
      vertex 10.973124956882163 -2.182690262726239 4
      vertex 11.134227418732241 -1.096625683768755 4.13828125
    endloop
  endfacet
  facet normal 0.9987954562051724 -0.049067674327418785 0
    outer loop
      vertex 11.134227418732241 -1.096625683768755 4.003515625
      vertex 11.134227418732241 -1.096625683768755 4
      vertex 11.188101183952089 0 4.026953125
    endloop
  endfacet
  facet normal 0.9987954562051724 -0.04906767432741878 0
    outer loop
      vertex 11.188101183952089 0 4.026953125
      vertex 11.134227418732241 -1.096625683768755 4
      vertex 11.188101183952089 0 4
    endloop
  endfacet
  facet normal 0.9987954562051724 -0.04906767432741878 0
    outer loop
      vertex 11.134227418732241 -1.096625683768755 4.003515625
      vertex 11.188101183952089 0 4.16171875
      vertex 11.134227418732241 -1.096625683768755 4.13828125
    endloop
  endfacet
  facet normal 0.9987954562051724 -0.04906767432741879 0
    outer loop
      vertex 11.134227418732241 -1.096625683768755 4.003515625
      vertex 11.188101183952089 0 4.026953125
      vertex 11.188101183952089 0 4.16171875
    endloop
  endfacet
  facet normal 0.989176509964781 -0.1467304744553617 0
    outer loop
      vertex 10.973124956882163 -2.182690262726239 4.11484375
      vertex 11.134227418732241 -1.096625683768755 4.13828125
      vertex 11.134227418732241 -1.096625683768755 4.9140625
    endloop
  endfacet
  facet normal 0.989176509964781 -0.14673047445536166 0
    outer loop
      vertex 10.973124956882163 -2.182690262726239 4.11484375
      vertex 11.134227418732241 -1.096625683768755 4.9140625
      vertex 10.973124956882163 -2.182690262726239 4.890625
    endloop
  endfacet
  facet normal 0.9987954562051723 -0.049067674327418785 0
    outer loop
      vertex 11.134227418732241 -1.096625683768755 4.13828125
      vertex 11.188101183952089 0 4.9375
      vertex 11.134227418732241 -1.096625683768755 4.9140625
    endloop
  endfacet
  facet normal 0.9987954562051723 -0.04906767432741878 0
    outer loop
      vertex 11.134227418732241 -1.096625683768755 4.13828125
      vertex 11.188101183952089 0 4.16171875
      vertex 11.188101183952089 0 4.9375
    endloop
  endfacet
  facet normal 0.049067674327418334 -0.9987954562051724 0
    outer loop
      vertex 0 -12 5.03125
      vertex 1.1762056839547272 -11.942216720066362 5.2421875
      vertex 0 -12 5.21875
    endloop
  endfacet
  facet normal 0.049067674327418334 -0.9987954562051724 0
    outer loop
      vertex 0 -12 5.03125
      vertex 1.1762056839547272 -11.942216720066362 5.0546875
      vertex 1.1762056839547272 -11.942216720066362 5.2421875
    endloop
  endfacet
  facet normal 0.006054290560517417 -0.4999908363074789 0.8660095318034072
    outer loop
      vertex 0 -12 5.21875
      vertex 1.096625683768755 -11.134227418732241 5.7109375
      vertex 0 -11.188101183952089 5.6875
    endloop
  endfacet
  facet normal 0.007383331637175875 -0.5012533199141237 0.8652690886013464
    outer loop
      vertex 0 -12 5.21875
      vertex 1.1762056839547272 -11.942216720066362 5.2421875
      vertex 1.096625683768755 -11.134227418732241 5.7109375
    endloop
  endfacet
  facet normal 0.14673047445536164 -0.989176509964781 0
    outer loop
      vertex 1.1762056839547272 -11.942216720066362 5.0546875
      vertex 2.341083864193539 -11.769423364838765 5.265625
      vertex 1.1762056839547272 -11.942216720066362 5.2421875
    endloop
  endfacet
  facet normal 0.05503280946250661 -0.4969898195217952 0.8660095318034075
    outer loop
      vertex 1.1762056839547272 -11.942216720066362 5.2421875
      vertex 2.182690262726239 -10.973124956882163 5.734375
      vertex 1.096625683768755 -11.134227418732241 5.7109375
    endloop
  endfacet
  facet normal 0.042982534469182716 -0.4981766680167274 -0.8660095318034073
    outer loop
      vertex 0 -11.188101183952089 6.0625
      vertex 1.096625683768755 -11.134227418732241 6.0859375
      vertex 1.1762056839547272 -11.942216720066362 6.5546875
    endloop
  endfacet
  facet normal 0.14673047445536164 -0.989176509964781 0
    outer loop
      vertex 1.1762056839547272 -11.942216720066362 5.0546875
      vertex 2.341083864193539 -11.769423364838765 5.078125
      vertex 2.341083864193539 -11.769423364838765 5.265625
    endloop
  endfacet
  facet normal 0.24298017990326343 -0.9700312531945441 0
    outer loop
      vertex 2.341083864193539 -11.769423364838765 5.078125
      vertex 3.483416127053548 -11.483284028786507 5.2890625
      vertex 2.341083864193539 -11.769423364838765 5.265625
    endloop
  endfacet
  facet normal 0.056479195875953625 -0.4981159551190877 0.8652690886013464
    outer loop
      vertex 1.1762056839547272 -11.942216720066362 5.2421875
      vertex 2.341083864193539 -11.769423364838765 5.265625
      vertex 2.182690262726239 -10.973124956882163 5.734375
    endloop
  endfacet
  facet normal 0.24298017990326343 -0.9700312531945441 0
    outer loop
      vertex 2.341083864193539 -11.769423364838765 5.078125
      vertex 3.483416127053548 -11.483284028786507 5.1015625
      vertex 3.483416127053548 -11.483284028786507 5.2890625
    endloop
  endfacet
  facet normal 0.10503113458377708 -0.49018146137837604 0.8652690886013462
    outer loop
      vertex 2.341083864193539 -11.769423364838765 5.265625
      vertex 3.483416127053548 -11.483284028786507 5.2890625
      vertex 3.2477343412738002 -10.706345303177036 5.7578125
    endloop
  endfacet
  facet normal 0.04178363812140804 -0.4995633412254494 -0.8652690886013462
    outer loop
      vertex 0 -11.188101183952089 6.0625
      vertex 1.1762056839547272 -11.942216720066362 6.5546875
      vertex 0 -12 6.53125
    endloop
  endfacet
  facet normal 0.049067674327418334 -0.9987954562051724 0
    outer loop
      vertex 0 -12 6.53125
      vertex 1.1762056839547272 -11.942216720066362 6.7421875
      vertex 0 -12 6.71875
    endloop
  endfacet
  facet normal 0.049067674327418334 -0.9987954562051724 0
    outer loop
      vertex 0 -12 6.53125
      vertex 1.1762056839547272 -11.942216720066362 6.5546875
      vertex 1.1762056839547272 -11.942216720066362 6.7421875
    endloop
  endfacet
  facet normal 0.0905482086036223 -0.4930622944716725 -0.8652690886013465
    outer loop
      vertex 1.096625683768755 -11.134227418732241 6.0859375
      vertex 2.341083864193539 -11.769423364838765 6.578125
      vertex 1.1762056839547272 -11.942216720066362 6.5546875
    endloop
  endfacet
  facet normal 0.14673047445536164 -0.989176509964781 0
    outer loop
      vertex 1.1762056839547272 -11.942216720066362 6.5546875
      vertex 2.341083864193539 -11.769423364838765 6.765625
      vertex 1.1762056839547272 -11.942216720066362 6.7421875
    endloop
  endfacet
  facet normal 0.006054290560517417 -0.4999908363074789 0.8660095318034072
    outer loop
      vertex 0 -12 6.71875
      vertex 1.096625683768755 -11.134227418732241 7.2109375
      vertex 0 -11.188101183952089 7.1875
    endloop
  endfacet
  facet normal 0.007383331637175875 -0.5012533199141237 0.8652690886013464
    outer loop
      vertex 0 -12 6.71875
      vertex 1.1762056839547272 -11.942216720066362 6.7421875
      vertex 1.096625683768755 -11.134227418732241 7.2109375
    endloop
  endfacet
  facet normal 0.05503280946250661 -0.4969898195217952 0.8660095318034075
    outer loop
      vertex 1.1762056839547272 -11.942216720066362 6.7421875
      vertex 2.182690262726239 -10.973124956882163 7.234375
      vertex 1.096625683768755 -11.134227418732241 7.2109375
    endloop
  endfacet
  facet normal 0.09160541419529995 -0.4915647860819065 -0.8660095318034073
    outer loop
      vertex 1.096625683768755 -11.134227418732241 6.0859375
      vertex 2.182690262726239 -10.973124956882163 6.109375
      vertex 2.341083864193539 -11.769423364838765 6.578125
    endloop
  endfacet
  facet normal 0.1384407503382978 -0.48181278828686613 -0.8652690886013464
    outer loop
      vertex 2.182690262726239 -10.973124956882163 6.109375
      vertex 3.483416127053548 -11.483284028786507 6.6015625
      vertex 2.341083864193539 -11.769423364838765 6.578125
    endloop
  endfacet
  facet normal 0.14673047445536164 -0.989176509964781 0
    outer loop
      vertex 1.1762056839547272 -11.942216720066362 6.5546875
      vertex 2.341083864193539 -11.769423364838765 6.578125
      vertex 2.341083864193539 -11.769423364838765 6.765625
    endloop
  endfacet
  facet normal 0.24298017990326343 -0.9700312531945441 0
    outer loop
      vertex 2.341083864193539 -11.769423364838765 6.578125
      vertex 3.483416127053548 -11.483284028786507 6.7890625
      vertex 2.341083864193539 -11.769423364838765 6.765625
    endloop
  endfacet
  facet normal 0.24298017990326343 -0.9700312531945441 0
    outer loop
      vertex 2.341083864193539 -11.769423364838765 6.578125
      vertex 3.483416127053548 -11.483284028786507 6.6015625
      vertex 3.483416127053548 -11.483284028786507 6.7890625
    endloop
  endfacet
  facet normal 0.056479195875953625 -0.4981159551190877 0.8652690886013464
    outer loop
      vertex 1.1762056839547272 -11.942216720066362 6.7421875
      vertex 2.341083864193539 -11.769423364838765 6.765625
      vertex 2.182690262726239 -10.973124956882163 7.234375
    endloop
  endfacet
  facet normal 0.10503113458377708 -0.49018146137837604 0.8652690886013462
    outer loop
      vertex 2.341083864193539 -11.769423364838765 6.765625
      vertex 3.483416127053548 -11.483284028786507 6.7890625
      vertex 3.2477343412738002 -10.706345303177036 7.2578125
    endloop
  endfacet
  facet normal 0.04906767432741878 -0.9987954562051724 0
    outer loop
      vertex 0 -11.188101183952089 5.6875
      vertex 1.096625683768755 -11.134227418732241 5.7109375
      vertex 1.096625683768755 -11.134227418732241 6.0859375
    endloop
  endfacet
  facet normal 0.04906767432741878 -0.9987954562051724 0
    outer loop
      vertex 0 -11.188101183952089 5.6875
      vertex 1.096625683768755 -11.134227418732241 6.0859375
      vertex 0 -11.188101183952089 6.0625
    endloop
  endfacet
  facet normal 0.14673047445536166 -0.9891765099647809 0
    outer loop
      vertex 1.096625683768755 -11.134227418732241 5.7109375
      vertex 2.182690262726239 -10.973124956882163 5.734375
      vertex 2.182690262726239 -10.973124956882163 6.109375
    endloop
  endfacet
  facet normal 0.14673047445536166 -0.9891765099647809 0
    outer loop
      vertex 1.096625683768755 -11.134227418732241 5.7109375
      vertex 2.182690262726239 -10.973124956882163 6.109375
      vertex 1.096625683768755 -11.134227418732241 6.0859375
    endloop
  endfacet
  facet normal 0.10348133232537789 -0.4892025190918459 0.8660095318034073
    outer loop
      vertex 2.341083864193539 -11.769423364838765 5.265625
      vertex 3.2477343412738002 -10.706345303177036 5.7578125
      vertex 2.182690262726239 -10.973124956882163 5.734375
    endloop
  endfacet
  facet normal 0.15093327338930765 -0.4767039309777423 0.8660095318034071
    outer loop
      vertex 3.483416127053548 -11.483284028786507 5.2890625
      vertex 4.28150096272271 -10.336457691518628 5.78125
      vertex 3.2477343412738002 -10.706345303177036 5.7578125
    endloop
  endfacet
  facet normal 0.24298017990326257 -0.9700312531945444 0
    outer loop
      vertex 2.182690262726239 -10.973124956882163 5.734375
      vertex 3.2477343412738002 -10.706345303177036 6.1328125
      vertex 2.182690262726239 -10.973124956882163 6.109375
    endloop
  endfacet
  facet normal 0.24298017990326257 -0.9700312531945444 0
    outer loop
      vertex 2.182690262726239 -10.973124956882163 5.734375
      vertex 3.2477343412738002 -10.706345303177036 5.7578125
      vertex 3.2477343412738002 -10.706345303177036 6.1328125
    endloop
  endfacet
  facet normal 0.3368898533922217 -0.9415440651830201 0
    outer loop
      vertex 3.2477343412738002 -10.706345303177036 5.7578125
      vertex 4.28150096272271 -10.336457691518628 6.15625
      vertex 3.2477343412738002 -10.706345303177036 6.1328125
    endloop
  endfacet
  facet normal 0.04906767432741878 -0.9987954562051724 0
    outer loop
      vertex 0 -11.188101183952089 7.1875
      vertex 1.096625683768755 -11.134227418732241 7.5859375
      vertex 0 -11.188101183952089 7.5625
    endloop
  endfacet
  facet normal 0.04906767432741878 -0.9987954562051724 0
    outer loop
      vertex 0 -11.188101183952089 7.1875
      vertex 1.096625683768755 -11.134227418732241 7.2109375
      vertex 1.096625683768755 -11.134227418732241 7.5859375
    endloop
  endfacet
  facet normal 0.14673047445536166 -0.9891765099647809 0
    outer loop
      vertex 1.096625683768755 -11.134227418732241 7.2109375
      vertex 2.182690262726239 -10.973124956882163 7.609375
      vertex 1.096625683768755 -11.134227418732241 7.5859375
    endloop
  endfacet
  facet normal 0.14673047445536166 -0.9891765099647809 0
    outer loop
      vertex 1.096625683768755 -11.134227418732241 7.2109375
      vertex 2.182690262726239 -10.973124956882163 7.234375
      vertex 2.182690262726239 -10.973124956882163 7.609375
    endloop
  endfacet
  facet normal 0.13934608370610313 -0.4802188665404716 -0.866009531803407
    outer loop
      vertex 2.182690262726239 -10.973124956882163 6.109375
      vertex 3.2477343412738002 -10.706345303177036 6.1328125
      vertex 3.483416127053548 -11.483284028786507 6.6015625
    endloop
  endfacet
  facet normal 0.10348133232537789 -0.4892025190918459 0.8660095318034073
    outer loop
      vertex 2.341083864193539 -11.769423364838765 6.765625
      vertex 3.2477343412738002 -10.706345303177036 7.2578125
      vertex 2.182690262726239 -10.973124956882163 7.234375
    endloop
  endfacet
  facet normal 0.24298017990326257 -0.9700312531945444 0
    outer loop
      vertex 2.182690262726239 -10.973124956882163 7.234375
      vertex 3.2477343412738002 -10.706345303177036 7.6328125
      vertex 2.182690262726239 -10.973124956882163 7.609375
    endloop
  endfacet
  facet normal 0.15093327338930765 -0.4767039309777423 0.8660095318034071
    outer loop
      vertex 3.483416127053548 -11.483284028786507 6.7890625
      vertex 4.28150096272271 -10.336457691518628 7.28125
      vertex 3.2477343412738002 -10.706345303177036 7.2578125
    endloop
  endfacet
  facet normal 0.24298017990326257 -0.9700312531945444 0
    outer loop
      vertex 2.182690262726239 -10.973124956882163 7.234375
      vertex 3.2477343412738002 -10.706345303177036 7.2578125
      vertex 3.2477343412738002 -10.706345303177036 7.6328125
    endloop
  endfacet
  facet normal 0.3368898533922211 -0.9415440651830204 0
    outer loop
      vertex 3.483416127053548 -11.483284028786507 5.1015625
      vertex 4.592201188381077 -11.08655439013544 5.3125
      vertex 3.483416127053548 -11.483284028786507 5.2890625
    endloop
  endfacet
  facet normal 0.3368898533922211 -0.9415440651830204 0
    outer loop
      vertex 3.483416127053548 -11.483284028786507 6.6015625
      vertex 4.592201188381077 -11.08655439013544 6.8125
      vertex 3.483416127053548 -11.483284028786507 6.7890625
    endloop
  endfacet
  facet normal 0.3368898533922211 -0.9415440651830204 0
    outer loop
      vertex 3.483416127053548 -11.483284028786507 5.1015625
      vertex 4.592201188381077 -11.08655439013544 5.125
      vertex 4.592201188381077 -11.08655439013544 5.3125
    endloop
  endfacet
  facet normal 0.15257156604970093 -0.47752625220414546 0.8652690886013463
    outer loop
      vertex 3.483416127053548 -11.483284028786507 5.2890625
      vertex 4.592201188381077 -11.08655439013544 5.3125
      vertex 4.28150096272271 -10.336457691518628 5.78125
    endloop
  endfacet
  facet normal 0.4275550934302809 -0.9039892931234439 0
    outer loop
      vertex 4.592201188381077 -11.08655439013544 5.125
      vertex 5.6567608419119715 -10.583055172180261 5.3359375
      vertex 4.592201188381077 -11.08655439013544 5.3125
    endloop
  endfacet
  facet normal 0.4275550934302809 -0.9039892931234439 0
    outer loop
      vertex 4.592201188381077 -11.08655439013544 5.125
      vertex 5.6567608419119715 -10.583055172180261 5.1484375
      vertex 5.6567608419119715 -10.583055172180261 5.3359375
    endloop
  endfacet
  facet normal 0.1986426499304625 -0.4602722041787875 0.8652690886013462
    outer loop
      vertex 4.592201188381077 -11.08655439013544 5.3125
      vertex 5.6567608419119715 -10.583055172180261 5.3359375
      vertex 5.274034389394095 -9.867024341808355 5.8046875
    endloop
  endfacet
  facet normal 0.3368898533922217 -0.9415440651830201 0
    outer loop
      vertex 3.2477343412738002 -10.706345303177036 5.7578125
      vertex 4.28150096272271 -10.336457691518628 5.78125
      vertex 4.28150096272271 -10.336457691518628 6.15625
    endloop
  endfacet
  facet normal 0.42755509343028064 -0.903989293123444 0
    outer loop
      vertex 4.28150096272271 -10.336457691518628 5.78125
      vertex 5.274034389394095 -9.867024341808355 6.1796875
      vertex 4.28150096272271 -10.336457691518628 6.15625
    endloop
  endfacet
  facet normal 0.19693164452197492 -0.459614423415447 0.8660095318034072
    outer loop
      vertex 4.592201188381077 -11.08655439013544 5.3125
      vertex 5.274034389394095 -9.867024341808355 5.8046875
      vertex 4.28150096272271 -10.336457691518628 5.78125
    endloop
  endfacet
  facet normal 0.42755509343028064 -0.903989293123444 0
    outer loop
      vertex 4.28150096272271 -10.336457691518628 5.78125
      vertex 5.274034389394095 -9.867024341808355 5.8046875
      vertex 5.274034389394095 -9.867024341808355 6.1796875
    endloop
  endfacet
  facet normal 0.5141027441932223 -0.8577286100002717 0
    outer loop
      vertex 5.274034389394095 -9.867024341808355 5.8046875
      vertex 6.215775981815149 -9.30256615382229 6.203125
      vertex 5.274034389394095 -9.867024341808355 6.1796875
    endloop
  endfacet
  facet normal 0.5141027441932225 -0.8577286100002716 0
    outer loop
      vertex 5.6567608419119715 -10.583055172180261 5.1484375
      vertex 6.666842796235226 -9.977635347630542 5.359375
      vertex 5.6567608419119715 -10.583055172180261 5.3359375
    endloop
  endfacet
  facet normal 0.2723424078526758 -0.42087886285248677 -0.8652690886013462
    outer loop
      vertex 5.274034389394095 -9.867024341808355 4.6796875
      vertex 6.666842796235226 -9.977635347630542 5.171875
      vertex 5.6567608419119715 -10.583055172180261 5.1484375
    endloop
  endfacet
  facet normal 0.5141027441932224 -0.8577286100002716 0
    outer loop
      vertex 5.6567608419119715 -10.583055172180261 5.1484375
      vertex 6.666842796235226 -9.977635347630542 5.171875
      vertex 6.666842796235226 -9.977635347630542 5.359375
    endloop
  endfacet
  facet normal 0.2428006965032776 -0.43858548321680585 0.8652690886013461
    outer loop
      vertex 5.6567608419119715 -10.583055172180261 5.3359375
      vertex 6.666842796235226 -9.977635347630542 5.359375
      vertex 6.215775981815149 -9.30256615382229 5.828125
    endloop
  endfacet
  facet normal 0.3122843472820705 -0.3921579920817717 -0.8652690886013462
    outer loop
      vertex 6.215775981815149 -9.30256615382229 4.703125
      vertex 7.612719409963746 -9.276125440352844 5.1953125
      vertex 6.666842796235226 -9.977635347630542 5.171875
    endloop
  endfacet
  facet normal 0.5956993044924325 -0.8032075314806455 0
    outer loop
      vertex 6.666842796235226 -9.977635347630542 5.171875
      vertex 7.612719409963746 -9.276125440352844 5.3828125
      vertex 6.666842796235226 -9.977635347630542 5.359375
    endloop
  endfacet
  facet normal 0.5956993044924325 -0.8032075314806455 0
    outer loop
      vertex 6.666842796235226 -9.977635347630542 5.171875
      vertex 7.612719409963746 -9.276125440352844 5.1953125
      vertex 7.612719409963746 -9.276125440352844 5.3828125
    endloop
  endfacet
  facet normal 0.24103345626411093 -0.43809857770485894 0.8660095318034072
    outer loop
      vertex 5.6567608419119715 -10.583055172180261 5.3359375
      vertex 6.215775981815149 -9.30256615382229 5.828125
      vertex 5.274034389394095 -9.867024341808355 5.8046875
    endloop
  endfacet
  facet normal 0.5141027441932223 -0.8577286100002717 0
    outer loop
      vertex 5.274034389394095 -9.867024341808355 5.8046875
      vertex 6.215775981815149 -9.30256615382229 5.828125
      vertex 6.215775981815149 -9.30256615382229 6.203125
    endloop
  endfacet
  facet normal 0.28462043964040246 -0.4126749442962342 0.865269088601346
    outer loop
      vertex 6.666842796235226 -9.977635347630542 5.359375
      vertex 7.612719409963746 -9.276125440352844 5.3828125
      vertex 7.097656253642536 -8.64851916847498 5.8515625
    endloop
  endfacet
  facet normal 0.5956993044924321 -0.8032075314806458 0
    outer loop
      vertex 6.215775981815149 -9.30256615382229 5.828125
      vertex 7.097656253642536 -8.64851916847498 6.2265625
      vertex 6.215775981815149 -9.30256615382229 6.203125
    endloop
  endfacet
  facet normal 0.2828139840601314 -0.41236360320193066 0.8660095318034071
    outer loop
      vertex 6.666842796235226 -9.977635347630542 5.359375
      vertex 7.097656253642536 -8.64851916847498 5.8515625
      vertex 6.215775981815149 -9.30256615382229 5.828125
    endloop
  endfacet
  facet normal 0.5956993044924321 -0.8032075314806458 0
    outer loop
      vertex 6.215775981815149 -9.30256615382229 5.828125
      vertex 7.097656253642536 -8.64851916847498 5.8515625
      vertex 7.097656253642536 -8.64851916847498 6.2265625
    endloop
  endfacet
  facet normal 0.6715589548470188 -0.7409511253549588 0
    outer loop
      vertex 7.097656253642536 -8.64851916847498 5.8515625
      vertex 7.9111822157737635 -7.9111822157737635 6.25
      vertex 7.097656253642536 -8.64851916847498 6.2265625
    endloop
  endfacet
  facet normal 0.18500003196780426 -0.4659231615651954 -0.8652690886013461
    outer loop
      vertex 3.2477343412738002 -10.706345303177036 6.1328125
      vertex 4.592201188381077 -11.08655439013544 6.625
      vertex 3.483416127053548 -11.483284028786507 6.6015625
    endloop
  endfacet
  facet normal 0.18574477425650066 -0.46424817679991476 -0.8660095318034073
    outer loop
      vertex 3.2477343412738002 -10.706345303177036 6.1328125
      vertex 4.28150096272271 -10.336457691518628 6.15625
      vertex 4.592201188381077 -11.08655439013544 6.625
    endloop
  endfacet
  facet normal 0.3368898533922211 -0.9415440651830204 0
    outer loop
      vertex 3.483416127053548 -11.483284028786507 6.6015625
      vertex 4.592201188381077 -11.08655439013544 6.625
      vertex 4.592201188381077 -11.08655439013544 6.8125
    endloop
  endfacet
  facet normal 0.22977766215815398 -0.4455464400981436 -0.8652690886013463
    outer loop
      vertex 4.28150096272271 -10.336457691518628 6.15625
      vertex 5.6567608419119715 -10.583055172180261 6.6484375
      vertex 4.592201188381077 -11.08655439013544 6.625
    endloop
  endfacet
  facet normal 0.4275550934302809 -0.9039892931234439 0
    outer loop
      vertex 4.592201188381077 -11.08655439013544 6.625
      vertex 5.6567608419119715 -10.583055172180261 6.8359375
      vertex 4.592201188381077 -11.08655439013544 6.8125
    endloop
  endfacet
  facet normal 0.4275550934302809 -0.9039892931234439 0
    outer loop
      vertex 4.592201188381077 -11.08655439013544 6.625
      vertex 5.6567608419119715 -10.583055172180261 6.6484375
      vertex 5.6567608419119715 -10.583055172180261 6.8359375
    endloop
  endfacet
  facet normal 0.230354641092383 -0.44380652333290777 -0.8660095318034072
    outer loop
      vertex 4.28150096272271 -10.336457691518628 6.15625
      vertex 5.274034389394095 -9.867024341808355 6.1796875
      vertex 5.6567608419119715 -10.583055172180261 6.6484375
    endloop
  endfacet
  facet normal 0.15257156604970093 -0.47752625220414546 0.8652690886013463
    outer loop
      vertex 3.483416127053548 -11.483284028786507 6.7890625
      vertex 4.592201188381077 -11.08655439013544 6.8125
      vertex 4.28150096272271 -10.336457691518628 7.28125
    endloop
  endfacet
  facet normal 0.3368898533922217 -0.9415440651830201 0
    outer loop
      vertex 3.2477343412738002 -10.706345303177036 7.2578125
      vertex 4.28150096272271 -10.336457691518628 7.28125
      vertex 4.28150096272271 -10.336457691518628 7.65625
    endloop
  endfacet
  facet normal 0.19693164452197492 -0.459614423415447 0.8660095318034072
    outer loop
      vertex 4.592201188381077 -11.08655439013544 6.8125
      vertex 5.274034389394095 -9.867024341808355 7.3046875
      vertex 4.28150096272271 -10.336457691518628 7.28125
    endloop
  endfacet
  facet normal 0.1986426499304625 -0.4602722041787875 0.8652690886013462
    outer loop
      vertex 4.592201188381077 -11.08655439013544 6.8125
      vertex 5.6567608419119715 -10.583055172180261 6.8359375
      vertex 5.274034389394095 -9.867024341808355 7.3046875
    endloop
  endfacet
  facet normal 0.42755509343028064 -0.903989293123444 0
    outer loop
      vertex 4.28150096272271 -10.336457691518628 7.28125
      vertex 5.274034389394095 -9.867024341808355 7.3046875
      vertex 5.274034389394095 -9.867024341808355 7.6796875
    endloop
  endfacet
  facet normal 0.5141027441932225 -0.8577286100002716 0
    outer loop
      vertex 5.6567608419119715 -10.583055172180261 6.6484375
      vertex 6.666842796235226 -9.977635347630542 6.859375
      vertex 5.6567608419119715 -10.583055172180261 6.8359375
    endloop
  endfacet
  facet normal 0.2723424078526758 -0.42087886285248677 -0.8652690886013462
    outer loop
      vertex 5.274034389394095 -9.867024341808355 6.1796875
      vertex 6.666842796235226 -9.977635347630542 6.671875
      vertex 5.6567608419119715 -10.583055172180261 6.6484375
    endloop
  endfacet
  facet normal 0.2727460668098922 -0.41909077043687964 -0.8660095318034071
    outer loop
      vertex 5.274034389394095 -9.867024341808355 6.1796875
      vertex 6.215775981815149 -9.30256615382229 6.203125
      vertex 6.666842796235226 -9.977635347630542 6.671875
    endloop
  endfacet
  facet normal 0.5141027441932224 -0.8577286100002716 0
    outer loop
      vertex 5.6567608419119715 -10.583055172180261 6.6484375
      vertex 6.666842796235226 -9.977635347630542 6.671875
      vertex 6.666842796235226 -9.977635347630542 6.859375
    endloop
  endfacet
  facet normal 0.3122843472820705 -0.3921579920817717 -0.8652690886013462
    outer loop
      vertex 6.215775981815149 -9.30256615382229 6.203125
      vertex 7.612719409963746 -9.276125440352844 6.6953125
      vertex 6.666842796235226 -9.977635347630542 6.671875
    endloop
  endfacet
  facet normal 0.5956993044924325 -0.8032075314806455 0
    outer loop
      vertex 6.666842796235226 -9.977635347630542 6.671875
      vertex 7.612719409963746 -9.276125440352844 6.8828125
      vertex 6.666842796235226 -9.977635347630542 6.859375
    endloop
  endfacet
  facet normal 0.5956993044924325 -0.8032075314806455 0
    outer loop
      vertex 6.666842796235226 -9.977635347630542 6.671875
      vertex 7.612719409963746 -9.276125440352844 6.6953125
      vertex 7.612719409963746 -9.276125440352844 6.8828125
    endloop
  endfacet
  facet normal 0.24103345626411093 -0.43809857770485894 0.8660095318034072
    outer loop
      vertex 5.6567608419119715 -10.583055172180261 6.8359375
      vertex 6.215775981815149 -9.30256615382229 7.328125
      vertex 5.274034389394095 -9.867024341808355 7.3046875
    endloop
  endfacet
  facet normal 0.2428006965032776 -0.43858548321680585 0.8652690886013461
    outer loop
      vertex 5.6567608419119715 -10.583055172180261 6.8359375
      vertex 6.666842796235226 -9.977635347630542 6.859375
      vertex 6.215775981815149 -9.30256615382229 7.328125
    endloop
  endfacet
  facet normal 0.5141027441932223 -0.8577286100002717 0
    outer loop
      vertex 5.274034389394095 -9.867024341808355 7.3046875
      vertex 6.215775981815149 -9.30256615382229 7.328125
      vertex 6.215775981815149 -9.30256615382229 7.703125
    endloop
  endfacet
  facet normal 0.3125107988058539 -0.39033894432322647 -0.866009531803407
    outer loop
      vertex 6.215775981815149 -9.30256615382229 6.203125
      vertex 7.097656253642536 -8.64851916847498 6.2265625
      vertex 7.612719409963746 -9.276125440352844 6.6953125
    endloop
  endfacet
  facet normal 0.2828139840601314 -0.41236360320193066 0.8660095318034071
    outer loop
      vertex 6.666842796235226 -9.977635347630542 6.859375
      vertex 7.097656253642536 -8.64851916847498 7.3515625
      vertex 6.215775981815149 -9.30256615382229 7.328125
    endloop
  endfacet
  facet normal 0.28462043964040246 -0.4126749442962342 0.865269088601346
    outer loop
      vertex 6.666842796235226 -9.977635347630542 6.859375
      vertex 7.612719409963746 -9.276125440352844 6.8828125
      vertex 7.097656253642536 -8.64851916847498 7.3515625
    endloop
  endfacet
  facet normal 0.5956993044924321 -0.8032075314806458 0
    outer loop
      vertex 6.215775981815149 -9.30256615382229 7.328125
      vertex 7.097656253642536 -8.64851916847498 7.3515625
      vertex 7.097656253642536 -8.64851916847498 7.7265625
    endloop
  endfacet
  facet normal 0.042982534469182716 -0.4981766680167274 -0.8660095318034073
    outer loop
      vertex 0 -11.188101183952089 7.5625
      vertex 1.096625683768755 -11.134227418732241 7.5859375
      vertex 1.1762056839547272 -11.942216720066362 8.0546875
    endloop
  endfacet
  facet normal 0.04178363812140804 -0.4995633412254494 -0.8652690886013462
    outer loop
      vertex 0 -11.188101183952089 7.5625
      vertex 1.1762056839547272 -11.942216720066362 8.0546875
      vertex 0 -12 8.03125
    endloop
  endfacet
  facet normal 0.049067674327418334 -0.9987954562051724 0
    outer loop
      vertex 0 -12 8.03125
      vertex 1.1762056839547272 -11.942216720066362 8.0546875
      vertex 1.1762056839547272 -11.942216720066362 8.2421875
    endloop
  endfacet
  facet normal 0.0905482086036223 -0.4930622944716725 -0.8652690886013465
    outer loop
      vertex 1.096625683768755 -11.134227418732241 7.5859375
      vertex 2.341083864193539 -11.769423364838765 8.078125
      vertex 1.1762056839547272 -11.942216720066362 8.0546875
    endloop
  endfacet
  facet normal 0.049067674327418334 -0.9987954562051724 0
    outer loop
      vertex 0 -12 8.03125
      vertex 1.1762056839547272 -11.942216720066362 8.2421875
      vertex 0 -12 8.21875
    endloop
  endfacet
  facet normal 0.007383331637175875 -0.5012533199141237 0.8652690886013464
    outer loop
      vertex 0 -12 8.21875
      vertex 1.1762056839547272 -11.942216720066362 8.2421875
      vertex 1.096625683768755 -11.134227418732241 8.7109375
    endloop
  endfacet
  facet normal 0.006054290560517417 -0.4999908363074789 0.8660095318034072
    outer loop
      vertex 0 -12 8.21875
      vertex 1.096625683768755 -11.134227418732241 8.7109375
      vertex 0 -11.188101183952089 8.6875
    endloop
  endfacet
  facet normal 0.14673047445536164 -0.989176509964781 0
    outer loop
      vertex 1.1762056839547272 -11.942216720066362 8.0546875
      vertex 2.341083864193539 -11.769423364838765 8.265625
      vertex 1.1762056839547272 -11.942216720066362 8.2421875
    endloop
  endfacet
  facet normal 0.05503280946250661 -0.4969898195217952 0.8660095318034075
    outer loop
      vertex 1.1762056839547272 -11.942216720066362 8.2421875
      vertex 2.182690262726239 -10.973124956882163 8.734375
      vertex 1.096625683768755 -11.134227418732241 8.7109375
    endloop
  endfacet
  facet normal 0.09160541419529995 -0.4915647860819065 -0.8660095318034073
    outer loop
      vertex 1.096625683768755 -11.134227418732241 7.5859375
      vertex 2.182690262726239 -10.973124956882163 7.609375
      vertex 2.341083864193539 -11.769423364838765 8.078125
    endloop
  endfacet
  facet normal 0.1384407503382978 -0.48181278828686613 -0.8652690886013464
    outer loop
      vertex 2.182690262726239 -10.973124956882163 7.609375
      vertex 3.483416127053548 -11.483284028786507 8.1015625
      vertex 2.341083864193539 -11.769423364838765 8.078125
    endloop
  endfacet
  facet normal 0.14673047445536164 -0.989176509964781 0
    outer loop
      vertex 1.1762056839547272 -11.942216720066362 8.0546875
      vertex 2.341083864193539 -11.769423364838765 8.078125
      vertex 2.341083864193539 -11.769423364838765 8.265625
    endloop
  endfacet
  facet normal 0.056479195875953625 -0.4981159551190877 0.8652690886013464
    outer loop
      vertex 1.1762056839547272 -11.942216720066362 8.2421875
      vertex 2.341083864193539 -11.769423364838765 8.265625
      vertex 2.182690262726239 -10.973124956882163 8.734375
    endloop
  endfacet
  facet normal 0.24298017990326343 -0.9700312531945441 0
    outer loop
      vertex 2.341083864193539 -11.769423364838765 8.078125
      vertex 3.483416127053548 -11.483284028786507 8.2890625
      vertex 2.341083864193539 -11.769423364838765 8.265625
    endloop
  endfacet
  facet normal 0.24298017990326343 -0.9700312531945441 0
    outer loop
      vertex 2.341083864193539 -11.769423364838765 8.078125
      vertex 3.483416127053548 -11.483284028786507 8.1015625
      vertex 3.483416127053548 -11.483284028786507 8.2890625
    endloop
  endfacet
  facet normal 0.10503113458377708 -0.49018146137837604 0.8652690886013462
    outer loop
      vertex 2.341083864193539 -11.769423364838765 8.265625
      vertex 3.483416127053548 -11.483284028786507 8.2890625
      vertex 3.2477343412738002 -10.706345303177036 8.7578125
    endloop
  endfacet
  facet normal 0.13934608370610313 -0.4802188665404716 -0.866009531803407
    outer loop
      vertex 2.182690262726239 -10.973124956882163 7.609375
      vertex 3.2477343412738002 -10.706345303177036 7.6328125
      vertex 3.483416127053548 -11.483284028786507 8.1015625
    endloop
  endfacet
  facet normal 0.3368898533922217 -0.9415440651830201 0
    outer loop
      vertex 3.2477343412738002 -10.706345303177036 7.2578125
      vertex 4.28150096272271 -10.336457691518628 7.65625
      vertex 3.2477343412738002 -10.706345303177036 7.6328125
    endloop
  endfacet
  facet normal 0.10348133232537789 -0.4892025190918459 0.8660095318034073
    outer loop
      vertex 2.341083864193539 -11.769423364838765 8.265625
      vertex 3.2477343412738002 -10.706345303177036 8.7578125
      vertex 2.182690262726239 -10.973124956882163 8.734375
    endloop
  endfacet
  facet normal 0.15093327338930765 -0.4767039309777423 0.8660095318034071
    outer loop
      vertex 3.483416127053548 -11.483284028786507 8.2890625
      vertex 4.28150096272271 -10.336457691518628 8.78125
      vertex 3.2477343412738002 -10.706345303177036 8.7578125
    endloop
  endfacet
  facet normal 0.04906767432741878 -0.9987954562051723 0
    outer loop
      vertex 0 -11.188101183952089 8.6875
      vertex 1.096625683768755 -11.134227418732241 8.7109375
      vertex 1.096625683768755 -11.134227418732241 9.48671875
    endloop
  endfacet
  facet normal 0.049067674327418785 -0.9987954562051723 0
    outer loop
      vertex 0 -11.188101183952089 8.6875
      vertex 1.096625683768755 -11.134227418732241 9.48671875
      vertex 0 -11.188101183952089 9.46328125
    endloop
  endfacet
  facet normal 0.1467304744553617 -0.989176509964781 0
    outer loop
      vertex 1.096625683768755 -11.134227418732241 8.7109375
      vertex 2.182690262726239 -10.973124956882163 8.734375
      vertex 2.182690262726239 -10.973124956882163 9.51015625
    endloop
  endfacet
  facet normal 0.14673047445536166 -0.989176509964781 0
    outer loop
      vertex 1.096625683768755 -11.134227418732241 8.7109375
      vertex 2.182690262726239 -10.973124956882163 9.51015625
      vertex 1.096625683768755 -11.134227418732241 9.48671875
    endloop
  endfacet
  facet normal 0.04906767432741878 -0.9987954562051724 0
    outer loop
      vertex 0 -11.188101183952089 9.46328125
      vertex 1.096625683768755 -11.134227418732241 9.621484375
      vertex 0 -11.188101183952089 9.598046875
    endloop
  endfacet
  facet normal 0.04906767432741878 -0.9987954562051724 0
    outer loop
      vertex 0 -11.188101183952089 9.598046875
      vertex 1.096625683768755 -11.134227418732241 9.675390625
      vertex 0 -11.188101183952089 9.651953125
    endloop
  endfacet
  facet normal 0.04906767432741879 -0.9987954562051724 0
    outer loop
      vertex 0 -11.188101183952089 9.46328125
      vertex 1.096625683768755 -11.134227418732241 9.48671875
      vertex 1.096625683768755 -11.134227418732241 9.621484375
    endloop
  endfacet
  facet normal 0.04906767432741878 -0.9987954562051724 0
    outer loop
      vertex 0 -11.188101183952089 9.598046875
      vertex 1.096625683768755 -11.134227418732241 9.621484375
      vertex 1.096625683768755 -11.134227418732241 9.675390625
    endloop
  endfacet
  facet normal 0.04906767432741878 -0.9987954562051724 0
    outer loop
      vertex 0 -11.188101183952089 9.651953125
      vertex 1.096625683768755 -11.134227418732241 9.81015625
      vertex 0 -11.188101183952089 9.78671875
    endloop
  endfacet
  facet normal 0.049067674327418785 -0.9987954562051724 0
    outer loop
      vertex 0 -11.188101183952089 9.78671875
      vertex 1.096625683768755 -11.134227418732241 10
      vertex 0 -11.188101183952089 10
    endloop
  endfacet
  facet normal 0.04906767432741879 -0.9987954562051724 0
    outer loop
      vertex 0 -11.188101183952089 9.651953125
      vertex 1.096625683768755 -11.134227418732241 9.675390625
      vertex 1.096625683768755 -11.134227418732241 9.81015625
    endloop
  endfacet
  facet normal 0.04906767432741878 -0.9987954562051723 0
    outer loop
      vertex 0 -11.188101183952089 9.78671875
      vertex 1.096625683768755 -11.134227418732241 9.81015625
      vertex 1.096625683768755 -11.134227418732241 10
    endloop
  endfacet
  facet normal 0.14673047445536164 -0.9891765099647809 0
    outer loop
      vertex 1.096625683768755 -11.134227418732241 9.48671875
      vertex 2.182690262726239 -10.973124956882163 9.644921875
      vertex 1.096625683768755 -11.134227418732241 9.621484375
    endloop
  endfacet
  facet normal 0.14673047445536166 -0.9891765099647809 0
    outer loop
      vertex 1.096625683768755 -11.134227418732241 9.621484375
      vertex 2.182690262726239 -10.973124956882163 9.698828125
      vertex 1.096625683768755 -11.134227418732241 9.675390625
    endloop
  endfacet
  facet normal 0.14673047445536164 -0.9891765099647809 0
    outer loop
      vertex 1.096625683768755 -11.134227418732241 9.48671875
      vertex 2.182690262726239 -10.973124956882163 9.51015625
      vertex 2.182690262726239 -10.973124956882163 9.644921875
    endloop
  endfacet
  facet normal 0.14673047445536166 -0.9891765099647809 0
    outer loop
      vertex 1.096625683768755 -11.134227418732241 9.621484375
      vertex 2.182690262726239 -10.973124956882163 9.644921875
      vertex 2.182690262726239 -10.973124956882163 9.698828125
    endloop
  endfacet
  facet normal 0.14673047445536164 -0.9891765099647809 0
    outer loop
      vertex 1.096625683768755 -11.134227418732241 9.675390625
      vertex 2.182690262726239 -10.973124956882163 9.83359375
      vertex 1.096625683768755 -11.134227418732241 9.81015625
    endloop
  endfacet
  facet normal 0.14673047445536164 -0.9891765099647809 0
    outer loop
      vertex 1.096625683768755 -11.134227418732241 9.675390625
      vertex 2.182690262726239 -10.973124956882163 9.698828125
      vertex 2.182690262726239 -10.973124956882163 9.83359375
    endloop
  endfacet
  facet normal 0.14673047445536166 -0.9891765099647809 0
    outer loop
      vertex 1.096625683768755 -11.134227418732241 9.81015625
      vertex 2.182690262726239 -10.973124956882163 10
      vertex 1.096625683768755 -11.134227418732241 10
    endloop
  endfacet
  facet normal 0.1467304744553617 -0.989176509964781 0
    outer loop
      vertex 1.096625683768755 -11.134227418732241 9.81015625
      vertex 2.182690262726239 -10.973124956882163 9.83359375
      vertex 2.182690262726239 -10.973124956882163 10
    endloop
  endfacet
  facet normal 0 0 1
    outer loop
      vertex 0 -11.188101183952089 10
      vertex 1.096625683768755 -11.134227418732241 10
      vertex 0.2450428508239015 -2.4879618166804924 10
    endloop
  endfacet
  facet normal 0 0 1
    outer loop
      vertex 1.096625683768755 -11.134227418732241 10
      vertex 2.182690262726239 -10.973124956882163 10
      vertex 0.4877258050403206 -2.451963201008076 10
    endloop
  endfacet
  facet normal 0.24298017990326254 -0.9700312531945443 0
    outer loop
      vertex 2.182690262726239 -10.973124956882163 8.734375
      vertex 3.2477343412738002 -10.706345303177036 9.53359375
      vertex 2.182690262726239 -10.973124956882163 9.51015625
    endloop
  endfacet
  facet normal 0.2429801799032626 -0.9700312531945443 0
    outer loop
      vertex 2.182690262726239 -10.973124956882163 8.734375
      vertex 3.2477343412738002 -10.706345303177036 8.7578125
      vertex 3.2477343412738002 -10.706345303177036 9.53359375
    endloop
  endfacet
  facet normal 0.3368898533922217 -0.9415440651830203 0
    outer loop
      vertex 3.2477343412738002 -10.706345303177036 8.7578125
      vertex 4.28150096272271 -10.336457691518628 9.55703125
      vertex 3.2477343412738002 -10.706345303177036 9.53359375
    endloop
  endfacet
  facet normal 0.2429801799032626 -0.9700312531945444 0
    outer loop
      vertex 2.182690262726239 -10.973124956882163 9.51015625
      vertex 3.2477343412738002 -10.706345303177036 9.668359375
      vertex 2.182690262726239 -10.973124956882163 9.644921875
    endloop
  endfacet
  facet normal 0.24298017990326254 -0.9700312531945444 0
    outer loop
      vertex 2.182690262726239 -10.973124956882163 9.644921875
      vertex 3.2477343412738002 -10.706345303177036 9.722265625
      vertex 2.182690262726239 -10.973124956882163 9.698828125
    endloop
  endfacet
  facet normal 0.2429801799032626 -0.9700312531945444 0
    outer loop
      vertex 2.182690262726239 -10.973124956882163 9.698828125
      vertex 3.2477343412738002 -10.706345303177036 9.85703125
      vertex 2.182690262726239 -10.973124956882163 9.83359375
    endloop
  endfacet
  facet normal 0.24298017990326254 -0.9700312531945443 0
    outer loop
      vertex 2.182690262726239 -10.973124956882163 9.83359375
      vertex 3.2477343412738002 -10.706345303177036 10
      vertex 2.182690262726239 -10.973124956882163 10
    endloop
  endfacet
  facet normal 0.2429801799032626 -0.9700312531945444 0
    outer loop
      vertex 2.182690262726239 -10.973124956882163 9.51015625
      vertex 3.2477343412738002 -10.706345303177036 9.53359375
      vertex 3.2477343412738002 -10.706345303177036 9.668359375
    endloop
  endfacet
  facet normal 0.24298017990326254 -0.9700312531945444 0
    outer loop
      vertex 2.182690262726239 -10.973124956882163 9.644921875
      vertex 3.2477343412738002 -10.706345303177036 9.668359375
      vertex 3.2477343412738002 -10.706345303177036 9.722265625
    endloop
  endfacet
  facet normal 0.33688985339222166 -0.9415440651830201 0
    outer loop
      vertex 3.2477343412738002 -10.706345303177036 9.53359375
      vertex 4.28150096272271 -10.336457691518628 9.691796875
      vertex 3.2477343412738002 -10.706345303177036 9.668359375
    endloop
  endfacet
  facet normal 0.2429801799032626 -0.9700312531945444 0
    outer loop
      vertex 2.182690262726239 -10.973124956882163 9.698828125
      vertex 3.2477343412738002 -10.706345303177036 9.722265625
      vertex 3.2477343412738002 -10.706345303177036 9.85703125
    endloop
  endfacet
  facet normal 0.24298017990326254 -0.9700312531945443 0
    outer loop
      vertex 2.182690262726239 -10.973124956882163 9.83359375
      vertex 3.2477343412738002 -10.706345303177036 9.85703125
      vertex 3.2477343412738002 -10.706345303177036 10
    endloop
  endfacet
  facet normal 0.3368898533922217 -0.9415440651830201 0
    outer loop
      vertex 3.2477343412738002 -10.706345303177036 9.668359375
      vertex 4.28150096272271 -10.336457691518628 9.745703125
      vertex 3.2477343412738002 -10.706345303177036 9.722265625
    endloop
  endfacet
  facet normal 0.33688985339222166 -0.9415440651830201 0
    outer loop
      vertex 3.2477343412738002 -10.706345303177036 9.722265625
      vertex 4.28150096272271 -10.336457691518628 9.88046875
      vertex 3.2477343412738002 -10.706345303177036 9.85703125
    endloop
  endfacet
  facet normal 0.33688985339222177 -0.9415440651830201 0
    outer loop
      vertex 3.2477343412738002 -10.706345303177036 9.85703125
      vertex 4.28150096272271 -10.336457691518628 10
      vertex 3.2477343412738002 -10.706345303177036 10
    endloop
  endfacet
  facet normal 0 0 1
    outer loop
      vertex 2.182690262726239 -10.973124956882163 10
      vertex 3.2477343412738002 -10.706345303177036 10
      vertex 0.7257116931361558 -2.392350839330522 10
    endloop
  endfacet
  facet normal 0 0 1
    outer loop
      vertex 3.2477343412738002 -10.706345303177036 10
      vertex 4.28150096272271 -10.336457691518628 10
      vertex 0.9567085809127245 -2.309698831278217 10
    endloop
  endfacet
  facet normal 0.3368898533922211 -0.9415440651830204 0
    outer loop
      vertex 3.483416127053548 -11.483284028786507 8.1015625
      vertex 4.592201188381077 -11.08655439013544 8.3125
      vertex 3.483416127053548 -11.483284028786507 8.2890625
    endloop
  endfacet
  facet normal 0.18574477425650066 -0.46424817679991476 -0.8660095318034073
    outer loop
      vertex 3.2477343412738002 -10.706345303177036 7.6328125
      vertex 4.28150096272271 -10.336457691518628 7.65625
      vertex 4.592201188381077 -11.08655439013544 8.125
    endloop
  endfacet
  facet normal 0.18500003196780426 -0.4659231615651954 -0.8652690886013461
    outer loop
      vertex 3.2477343412738002 -10.706345303177036 7.6328125
      vertex 4.592201188381077 -11.08655439013544 8.125
      vertex 3.483416127053548 -11.483284028786507 8.1015625
    endloop
  endfacet
  facet normal 0.42755509343028064 -0.903989293123444 0
    outer loop
      vertex 4.28150096272271 -10.336457691518628 7.28125
      vertex 5.274034389394095 -9.867024341808355 7.6796875
      vertex 4.28150096272271 -10.336457691518628 7.65625
    endloop
  endfacet
  facet normal 0.22977766215815398 -0.4455464400981436 -0.8652690886013463
    outer loop
      vertex 4.28150096272271 -10.336457691518628 7.65625
      vertex 5.6567608419119715 -10.583055172180261 8.1484375
      vertex 4.592201188381077 -11.08655439013544 8.125
    endloop
  endfacet
  facet normal 0.5141027441932223 -0.8577286100002717 0
    outer loop
      vertex 5.274034389394095 -9.867024341808355 7.3046875
      vertex 6.215775981815149 -9.30256615382229 7.703125
      vertex 5.274034389394095 -9.867024341808355 7.6796875
    endloop
  endfacet
  facet normal 0.230354641092383 -0.44380652333290777 -0.8660095318034072
    outer loop
      vertex 4.28150096272271 -10.336457691518628 7.65625
      vertex 5.274034389394095 -9.867024341808355 7.6796875
      vertex 5.6567608419119715 -10.583055172180261 8.1484375
    endloop
  endfacet
  facet normal 0.3368898533922211 -0.9415440651830204 0
    outer loop
      vertex 3.483416127053548 -11.483284028786507 8.1015625
      vertex 4.592201188381077 -11.08655439013544 8.125
      vertex 4.592201188381077 -11.08655439013544 8.3125
    endloop
  endfacet
  facet normal 0.15257156604970093 -0.47752625220414546 0.8652690886013463
    outer loop
      vertex 3.483416127053548 -11.483284028786507 8.2890625
      vertex 4.592201188381077 -11.08655439013544 8.3125
      vertex 4.28150096272271 -10.336457691518628 8.78125
    endloop
  endfacet
  facet normal 0.4275550934302809 -0.9039892931234439 0
    outer loop
      vertex 4.592201188381077 -11.08655439013544 8.125
      vertex 5.6567608419119715 -10.583055172180261 8.3359375
      vertex 4.592201188381077 -11.08655439013544 8.3125
    endloop
  endfacet
  facet normal 0.4275550934302809 -0.9039892931234439 0
    outer loop
      vertex 4.592201188381077 -11.08655439013544 8.125
      vertex 5.6567608419119715 -10.583055172180261 8.1484375
      vertex 5.6567608419119715 -10.583055172180261 8.3359375
    endloop
  endfacet
  facet normal 0.19693164452197492 -0.459614423415447 0.8660095318034072
    outer loop
      vertex 4.592201188381077 -11.08655439013544 8.3125
      vertex 5.274034389394095 -9.867024341808355 8.8046875
      vertex 4.28150096272271 -10.336457691518628 8.78125
    endloop
  endfacet
  facet normal 0.1986426499304625 -0.4602722041787875 0.8652690886013462
    outer loop
      vertex 4.592201188381077 -11.08655439013544 8.3125
      vertex 5.6567608419119715 -10.583055172180261 8.3359375
      vertex 5.274034389394095 -9.867024341808355 8.8046875
    endloop
  endfacet
  facet normal 0.2723424078526758 -0.42087886285248677 -0.8652690886013462
    outer loop
      vertex 5.274034389394095 -9.867024341808355 7.6796875
      vertex 6.666842796235226 -9.977635347630542 8.171875
      vertex 5.6567608419119715 -10.583055172180261 8.1484375
    endloop
  endfacet
  facet normal 0.2727460668098922 -0.41909077043687964 -0.8660095318034071
    outer loop
      vertex 5.274034389394095 -9.867024341808355 7.6796875
      vertex 6.215775981815149 -9.30256615382229 7.703125
      vertex 6.666842796235226 -9.977635347630542 8.171875
    endloop
  endfacet
  facet normal 0.3122843472820705 -0.3921579920817717 -0.8652690886013462
    outer loop
      vertex 6.215775981815149 -9.30256615382229 7.703125
      vertex 7.612719409963746 -9.276125440352844 8.1953125
      vertex 6.666842796235226 -9.977635347630542 8.171875
    endloop
  endfacet
  facet normal 0.5141027441932225 -0.8577286100002716 0
    outer loop
      vertex 5.6567608419119715 -10.583055172180261 8.1484375
      vertex 6.666842796235226 -9.977635347630542 8.359375
      vertex 5.6567608419119715 -10.583055172180261 8.3359375
    endloop
  endfacet
  facet normal 0.5141027441932224 -0.8577286100002716 0
    outer loop
      vertex 5.6567608419119715 -10.583055172180261 8.1484375
      vertex 6.666842796235226 -9.977635347630542 8.171875
      vertex 6.666842796235226 -9.977635347630542 8.359375
    endloop
  endfacet
  facet normal 0.24103345626411093 -0.43809857770485894 0.8660095318034072
    outer loop
      vertex 5.6567608419119715 -10.583055172180261 8.3359375
      vertex 6.215775981815149 -9.30256615382229 8.828125
      vertex 5.274034389394095 -9.867024341808355 8.8046875
    endloop
  endfacet
  facet normal 0.2428006965032776 -0.43858548321680585 0.8652690886013461
    outer loop
      vertex 5.6567608419119715 -10.583055172180261 8.3359375
      vertex 6.666842796235226 -9.977635347630542 8.359375
      vertex 6.215775981815149 -9.30256615382229 8.828125
    endloop
  endfacet
  facet normal 0.5956993044924325 -0.8032075314806455 0
    outer loop
      vertex 6.666842796235226 -9.977635347630542 8.171875
      vertex 7.612719409963746 -9.276125440352844 8.3828125
      vertex 6.666842796235226 -9.977635347630542 8.359375
    endloop
  endfacet
  facet normal 0.5956993044924325 -0.8032075314806455 0
    outer loop
      vertex 6.666842796235226 -9.977635347630542 8.171875
      vertex 7.612719409963746 -9.276125440352844 8.1953125
      vertex 7.612719409963746 -9.276125440352844 8.3828125
    endloop
  endfacet
  facet normal 0.5956993044924321 -0.8032075314806458 0
    outer loop
      vertex 6.215775981815149 -9.30256615382229 7.328125
      vertex 7.097656253642536 -8.64851916847498 7.7265625
      vertex 6.215775981815149 -9.30256615382229 7.703125
    endloop
  endfacet
  facet normal 0.3125107988058539 -0.39033894432322647 -0.866009531803407
    outer loop
      vertex 6.215775981815149 -9.30256615382229 7.703125
      vertex 7.097656253642536 -8.64851916847498 7.7265625
      vertex 7.612719409963746 -9.276125440352844 8.1953125
    endloop
  endfacet
  facet normal 0.6715589548470188 -0.7409511253549588 0
    outer loop
      vertex 7.097656253642536 -8.64851916847498 7.3515625
      vertex 7.9111822157737635 -7.9111822157737635 7.75
      vertex 7.097656253642536 -8.64851916847498 7.7265625
    endloop
  endfacet
  facet normal 0.2828139840601314 -0.41236360320193066 0.8660095318034071
    outer loop
      vertex 6.666842796235226 -9.977635347630542 8.359375
      vertex 7.097656253642536 -8.64851916847498 8.8515625
      vertex 6.215775981815149 -9.30256615382229 8.828125
    endloop
  endfacet
  facet normal 0.28462043964040246 -0.4126749442962342 0.865269088601346
    outer loop
      vertex 6.666842796235226 -9.977635347630542 8.359375
      vertex 7.612719409963746 -9.276125440352844 8.3828125
      vertex 7.097656253642536 -8.64851916847498 8.8515625
    endloop
  endfacet
  facet normal 0.3368898533922217 -0.9415440651830203 0
    outer loop
      vertex 3.2477343412738002 -10.706345303177036 8.7578125
      vertex 4.28150096272271 -10.336457691518628 8.78125
      vertex 4.28150096272271 -10.336457691518628 9.55703125
    endloop
  endfacet
  facet normal 0.42755509343028064 -0.903989293123444 0
    outer loop
      vertex 4.28150096272271 -10.336457691518628 8.78125
      vertex 5.274034389394095 -9.867024341808355 9.58046875
      vertex 4.28150096272271 -10.336457691518628 9.55703125
    endloop
  endfacet
  facet normal 0.42755509343028064 -0.903989293123444 0
    outer loop
      vertex 4.28150096272271 -10.336457691518628 8.78125
      vertex 5.274034389394095 -9.867024341808355 8.8046875
      vertex 5.274034389394095 -9.867024341808355 9.58046875
    endloop
  endfacet
  facet normal 0.5141027441932223 -0.8577286100002717 0
    outer loop
      vertex 5.274034389394095 -9.867024341808355 8.8046875
      vertex 6.215775981815149 -9.30256615382229 9.60390625
      vertex 5.274034389394095 -9.867024341808355 9.58046875
    endloop
  endfacet
  facet normal 0.33688985339222166 -0.9415440651830201 0
    outer loop
      vertex 3.2477343412738002 -10.706345303177036 9.53359375
      vertex 4.28150096272271 -10.336457691518628 9.55703125
      vertex 4.28150096272271 -10.336457691518628 9.691796875
    endloop
  endfacet
  facet normal 0.3368898533922217 -0.9415440651830201 0
    outer loop
      vertex 3.2477343412738002 -10.706345303177036 9.668359375
      vertex 4.28150096272271 -10.336457691518628 9.691796875
      vertex 4.28150096272271 -10.336457691518628 9.745703125
    endloop
  endfacet
  facet normal 0.33688985339222166 -0.9415440651830201 0
    outer loop
      vertex 3.2477343412738002 -10.706345303177036 9.722265625
      vertex 4.28150096272271 -10.336457691518628 9.745703125
      vertex 4.28150096272271 -10.336457691518628 9.88046875
    endloop
  endfacet
  facet normal 0.3368898533922217 -0.9415440651830201 0
    outer loop
      vertex 3.2477343412738002 -10.706345303177036 9.85703125
      vertex 4.28150096272271 -10.336457691518628 9.88046875
      vertex 4.28150096272271 -10.336457691518628 10
    endloop
  endfacet
  facet normal 0.42755509343028064 -0.903989293123444 0
    outer loop
      vertex 4.28150096272271 -10.336457691518628 9.55703125
      vertex 5.274034389394095 -9.867024341808355 9.715234375
      vertex 4.28150096272271 -10.336457691518628 9.691796875
    endloop
  endfacet
  facet normal 0.4275550934302807 -0.903989293123444 0
    outer loop
      vertex 4.28150096272271 -10.336457691518628 9.691796875
      vertex 5.274034389394095 -9.867024341808355 9.769140625
      vertex 4.28150096272271 -10.336457691518628 9.745703125
    endloop
  endfacet
  facet normal 0.42755509343028064 -0.903989293123444 0
    outer loop
      vertex 4.28150096272271 -10.336457691518628 9.745703125
      vertex 5.274034389394095 -9.867024341808355 9.90390625
      vertex 4.28150096272271 -10.336457691518628 9.88046875
    endloop
  endfacet
  facet normal 0.4275550934302806 -0.903989293123444 0
    outer loop
      vertex 4.28150096272271 -10.336457691518628 9.88046875
      vertex 5.274034389394095 -9.867024341808355 10
      vertex 4.28150096272271 -10.336457691518628 10
    endloop
  endfacet
  facet normal 0.42755509343028064 -0.903989293123444 0
    outer loop
      vertex 4.28150096272271 -10.336457691518628 9.55703125
      vertex 5.274034389394095 -9.867024341808355 9.58046875
      vertex 5.274034389394095 -9.867024341808355 9.715234375
    endloop
  endfacet
  facet normal 0.5141027441932223 -0.8577286100002717 0
    outer loop
      vertex 5.274034389394095 -9.867024341808355 9.58046875
      vertex 6.215775981815149 -9.30256615382229 9.738671875
      vertex 5.274034389394095 -9.867024341808355 9.715234375
    endloop
  endfacet
  facet normal 0.4275550934302806 -0.903989293123444 0
    outer loop
      vertex 4.28150096272271 -10.336457691518628 9.691796875
      vertex 5.274034389394095 -9.867024341808355 9.715234375
      vertex 5.274034389394095 -9.867024341808355 9.769140625
    endloop
  endfacet
  facet normal 0.42755509343028064 -0.903989293123444 0
    outer loop
      vertex 4.28150096272271 -10.336457691518628 9.745703125
      vertex 5.274034389394095 -9.867024341808355 9.769140625
      vertex 5.274034389394095 -9.867024341808355 9.90390625
    endloop
  endfacet
  facet normal 0.42755509343028064 -0.903989293123444 0
    outer loop
      vertex 4.28150096272271 -10.336457691518628 9.88046875
      vertex 5.274034389394095 -9.867024341808355 9.90390625
      vertex 5.274034389394095 -9.867024341808355 10
    endloop
  endfacet
  facet normal 0.5141027441932222 -0.8577286100002718 0
    outer loop
      vertex 5.274034389394095 -9.867024341808355 9.715234375
      vertex 6.215775981815149 -9.30256615382229 9.792578125
      vertex 5.274034389394095 -9.867024341808355 9.769140625
    endloop
  endfacet
  facet normal 0.5141027441932223 -0.8577286100002717 0
    outer loop
      vertex 5.274034389394095 -9.867024341808355 9.769140625
      vertex 6.215775981815149 -9.30256615382229 9.92734375
      vertex 5.274034389394095 -9.867024341808355 9.90390625
    endloop
  endfacet
  facet normal 0.5141027441932223 -0.8577286100002718 0
    outer loop
      vertex 5.274034389394095 -9.867024341808355 9.90390625
      vertex 6.215775981815149 -9.30256615382229 10
      vertex 5.274034389394095 -9.867024341808355 10
    endloop
  endfacet
  facet normal 0.5141027441932222 -0.8577286100002717 0
    outer loop
      vertex 5.274034389394095 -9.867024341808355 8.8046875
      vertex 6.215775981815149 -9.30256615382229 8.828125
      vertex 6.215775981815149 -9.30256615382229 9.60390625
    endloop
  endfacet
  facet normal 0.5141027441932223 -0.8577286100002717 0
    outer loop
      vertex 5.274034389394095 -9.867024341808355 9.58046875
      vertex 6.215775981815149 -9.30256615382229 9.60390625
      vertex 6.215775981815149 -9.30256615382229 9.738671875
    endloop
  endfacet
  facet normal 0.5141027441932222 -0.8577286100002718 0
    outer loop
      vertex 5.274034389394095 -9.867024341808355 9.715234375
      vertex 6.215775981815149 -9.30256615382229 9.738671875
      vertex 6.215775981815149 -9.30256615382229 9.792578125
    endloop
  endfacet
  facet normal 0.5141027441932223 -0.8577286100002717 0
    outer loop
      vertex 5.274034389394095 -9.867024341808355 9.769140625
      vertex 6.215775981815149 -9.30256615382229 9.792578125
      vertex 6.215775981815149 -9.30256615382229 9.92734375
    endloop
  endfacet
  facet normal 0.5141027441932223 -0.8577286100002717 0
    outer loop
      vertex 5.274034389394095 -9.867024341808355 9.90390625
      vertex 6.215775981815149 -9.30256615382229 9.92734375
      vertex 6.215775981815149 -9.30256615382229 10
    endloop
  endfacet
  facet normal 0.5956993044924321 -0.8032075314806458 0
    outer loop
      vertex 6.215775981815149 -9.30256615382229 8.828125
      vertex 7.097656253642536 -8.64851916847498 9.62734375
      vertex 6.215775981815149 -9.30256615382229 9.60390625
    endloop
  endfacet
  facet normal 0.5956993044924321 -0.8032075314806458 0
    outer loop
      vertex 6.215775981815149 -9.30256615382229 8.828125
      vertex 7.097656253642536 -8.64851916847498 8.8515625
      vertex 7.097656253642536 -8.64851916847498 9.62734375
    endloop
  endfacet
  facet normal 0.595699304492432 -0.8032075314806458 0
    outer loop
      vertex 6.215775981815149 -9.30256615382229 9.60390625
      vertex 7.097656253642536 -8.64851916847498 9.762109375
      vertex 6.215775981815149 -9.30256615382229 9.738671875
    endloop
  endfacet
  facet normal 0.5956993044924321 -0.8032075314806458 0
    outer loop
      vertex 6.215775981815149 -9.30256615382229 9.738671875
      vertex 7.097656253642536 -8.64851916847498 9.816015625
      vertex 6.215775981815149 -9.30256615382229 9.792578125
    endloop
  endfacet
  facet normal 0.595699304492432 -0.8032075314806458 0
    outer loop
      vertex 6.215775981815149 -9.30256615382229 9.792578125
      vertex 7.097656253642536 -8.64851916847498 9.95078125
      vertex 6.215775981815149 -9.30256615382229 9.92734375
    endloop
  endfacet
  facet normal 0.5956993044924321 -0.8032075314806458 0
    outer loop
      vertex 6.215775981815149 -9.30256615382229 9.92734375
      vertex 7.097656253642536 -8.64851916847498 10
      vertex 6.215775981815149 -9.30256615382229 10
    endloop
  endfacet
  facet normal 0.595699304492432 -0.8032075314806458 0
    outer loop
      vertex 6.215775981815149 -9.30256615382229 9.60390625
      vertex 7.097656253642536 -8.64851916847498 9.62734375
      vertex 7.097656253642536 -8.64851916847498 9.762109375
    endloop
  endfacet
  facet normal 0.5956993044924321 -0.8032075314806458 0
    outer loop
      vertex 6.215775981815149 -9.30256615382229 9.738671875
      vertex 7.097656253642536 -8.64851916847498 9.762109375
      vertex 7.097656253642536 -8.64851916847498 9.816015625
    endloop
  endfacet
  facet normal 0.595699304492432 -0.8032075314806458 0
    outer loop
      vertex 6.215775981815149 -9.30256615382229 9.792578125
      vertex 7.097656253642536 -8.64851916847498 9.816015625
      vertex 7.097656253642536 -8.64851916847498 9.95078125
    endloop
  endfacet
  facet normal 0.5956993044924321 -0.8032075314806457 0
    outer loop
      vertex 6.215775981815149 -9.30256615382229 9.92734375
      vertex 7.097656253642536 -8.64851916847498 9.95078125
      vertex 7.097656253642536 -8.64851916847498 10
    endloop
  endfacet
  facet normal 0.6715589548470187 -0.7409511253549588 0
    outer loop
      vertex 7.097656253642536 -8.64851916847498 8.8515625
      vertex 7.9111822157737635 -7.9111822157737635 9.65078125
      vertex 7.097656253642536 -8.64851916847498 9.62734375
    endloop
  endfacet
  facet normal 0.6715589548470188 -0.7409511253549589 0
    outer loop
      vertex 7.097656253642536 -8.64851916847498 9.62734375
      vertex 7.9111822157737635 -7.9111822157737635 9.785546875
      vertex 7.097656253642536 -8.64851916847498 9.762109375
    endloop
  endfacet
  facet normal 0.6715589548470187 -0.7409511253549588 0
    outer loop
      vertex 7.097656253642536 -8.64851916847498 9.762109375
      vertex 7.9111822157737635 -7.9111822157737635 9.839453125
      vertex 7.097656253642536 -8.64851916847498 9.816015625
    endloop
  endfacet
  facet normal 0.6715589548470188 -0.7409511253549589 0
    outer loop
      vertex 7.097656253642536 -8.64851916847498 9.816015625
      vertex 7.9111822157737635 -7.9111822157737635 9.97421875
      vertex 7.097656253642536 -8.64851916847498 9.95078125
    endloop
  endfacet
  facet normal 0.6715589548470187 -0.7409511253549588 0
    outer loop
      vertex 7.097656253642536 -8.64851916847498 9.95078125
      vertex 7.9111822157737635 -7.9111822157737635 10
      vertex 7.097656253642536 -8.64851916847498 10
    endloop
  endfacet
  facet normal 0 0 1
    outer loop
      vertex 0 -11.188101183952089 10
      vertex 0.2450428508239015 -2.4879618166804924 10
      vertex 0 -2.5 10
    endloop
  endfacet
  facet normal 0 0 1
    outer loop
      vertex 1.096625683768755 -11.134227418732241 10
      vertex 0.4877258050403206 -2.451963201008076 10
      vertex 0.2450428508239015 -2.4879618166804924 10
    endloop
  endfacet
  facet normal 0 0 1
    outer loop
      vertex 2.182690262726239 -10.973124956882163 10
      vertex 0.7257116931361558 -2.392350839330522 10
      vertex 0.4877258050403206 -2.451963201008076 10
    endloop
  endfacet
  facet normal 0 0 1
    outer loop
      vertex 3.2477343412738002 -10.706345303177036 10
      vertex 0.9567085809127245 -2.309698831278217 10
      vertex 0.7257116931361558 -2.392350839330522 10
    endloop
  endfacet
  facet normal 0 0 1
    outer loop
      vertex 4.28150096272271 -10.336457691518628 10
      vertex 5.274034389394095 -9.867024341808355 10
      vertex 1.1784918420649941 -2.204803160870888 10
    endloop
  endfacet
  facet normal 0 0 1
    outer loop
      vertex 4.28150096272271 -10.336457691518628 10
      vertex 1.1784918420649941 -2.204803160870888 10
      vertex 0.9567085809127245 -2.309698831278217 10
    endloop
  endfacet
  facet normal 0 0 1
    outer loop
      vertex 1.1784918420649941 -2.204803160870888 10
      vertex 6.215775981815149 -9.30256615382229 10
      vertex 1.3889255825490054 -2.078674030756363 10
    endloop
  endfacet
  facet normal 0 0 1
    outer loop
      vertex 1.3889255825490054 -2.078674030756363 10
      vertex 7.097656253642536 -8.64851916847498 10
      vertex 1.5859832104091134 -1.9325261334068426 10
    endloop
  endfacet
  facet normal 0 0 1
    outer loop
      vertex 1.5859832104091134 -1.9325261334068426 10
      vertex 7.097656253642536 -8.64851916847498 10
      vertex 1.7677669529663689 -1.7677669529663689 10
    endloop
  endfacet
  facet normal 0 0 1
    outer loop
      vertex 5.274034389394095 -9.867024341808355 10
      vertex 6.215775981815149 -9.30256615382229 10
      vertex 1.1784918420649941 -2.204803160870888 10
    endloop
  endfacet
  facet normal 0 0 1
    outer loop
      vertex 1.3889255825490054 -2.078674030756363 10
      vertex 6.215775981815149 -9.30256615382229 10
      vertex 7.097656253642536 -8.64851916847498 10
    endloop
  endfacet
  facet normal 0 0 1
    outer loop
      vertex 1.7677669529663689 -1.7677669529663689 10
      vertex 7.097656253642536 -8.64851916847498 10
      vertex 7.9111822157737635 -7.9111822157737635 10
    endloop
  endfacet
  facet normal 0 0 1
    outer loop
      vertex 1.7677669529663689 -1.7677669529663689 10
      vertex 7.9111822157737635 -7.9111822157737635 10
      vertex 8.64851916847498 -7.097656253642536 10
    endloop
  endfacet
  facet normal 0 0 1
    outer loop
      vertex 2.078674030756363 -1.3889255825490054 10
      vertex 8.64851916847498 -7.097656253642536 10
      vertex 9.30256615382229 -6.215775981815149 10
    endloop
  endfacet
  facet normal 0 0 1
    outer loop
      vertex 2.204803160870888 -1.1784918420649941 10
      vertex 9.30256615382229 -6.215775981815149 10
      vertex 9.867024341808355 -5.274034389394095 10
    endloop
  endfacet
  facet normal 0 0 1
    outer loop
      vertex 1.7677669529663689 -1.7677669529663689 10
      vertex 8.64851916847498 -7.097656253642536 10
      vertex 1.9325261334068424 -1.5859832104091138 10
    endloop
  endfacet
  facet normal 0 0 1
    outer loop
      vertex 1.9325261334068424 -1.5859832104091138 10
      vertex 8.64851916847498 -7.097656253642536 10
      vertex 2.078674030756363 -1.3889255825490054 10
    endloop
  endfacet
  facet normal 0 0 1
    outer loop
      vertex 2.078674030756363 -1.3889255825490054 10
      vertex 9.30256615382229 -6.215775981815149 10
      vertex 2.204803160870888 -1.1784918420649941 10
    endloop
  endfacet
  facet normal 0 0 1
    outer loop
      vertex 2.204803160870888 -1.1784918420649941 10
      vertex 10.336457691518628 -4.28150096272271 10
      vertex 2.309698831278217 -0.9567085809127245 10
    endloop
  endfacet
  facet normal 0 0 1
    outer loop
      vertex 2.309698831278217 -0.9567085809127245 10
      vertex 10.706345303177036 -3.2477343412738002 10
      vertex 2.392350839330522 -0.7257116931361558 10
    endloop
  endfacet
  facet normal 0 0 1
    outer loop
      vertex 2.392350839330522 -0.7257116931361558 10
      vertex 10.973124956882163 -2.182690262726239 10
      vertex 2.451963201008076 -0.48772580504032076 10
    endloop
  endfacet
  facet normal 0 0 1
    outer loop
      vertex 2.451963201008076 -0.48772580504032076 10
      vertex 11.134227418732241 -1.096625683768755 10
      vertex 2.4879618166804924 -0.2450428508239015 10
    endloop
  endfacet
  facet normal 0 0 1
    outer loop
      vertex 2.4879618166804924 -0.2450428508239015 10
      vertex 11.188101183952089 0 10
      vertex 2.5 0 10
    endloop
  endfacet
  facet normal 0 0 1
    outer loop
      vertex 2.204803160870888 -1.1784918420649941 10
      vertex 9.867024341808355 -5.274034389394095 10
      vertex 10.336457691518628 -4.28150096272271 10
    endloop
  endfacet
  facet normal 0.34921881773515073 -0.3596604254719436 -0.8652690886013461
    outer loop
      vertex 7.612719409963746 -9.276125440352844 5.1953125
      vertex 7.097656253642536 -8.64851916847498 4.7265625
      vertex 8.485281374238571 -8.485281374238571 5.21875
    endloop
  endfacet
  facet normal 0.6715589548470179 -0.7409511253549597 0
    outer loop
      vertex 7.612719409963746 -9.276125440352844 5.1953125
      vertex 8.485281374238571 -8.485281374238571 5.21875
      vertex 8.485281374238571 -8.485281374238571 5.40625
    endloop
  endfacet
  facet normal 0.6715589548470179 -0.7409511253549597 0
    outer loop
      vertex 7.612719409963746 -9.276125440352844 5.1953125
      vertex 8.485281374238571 -8.485281374238571 5.40625
      vertex 7.612719409963746 -9.276125440352844 5.3828125
    endloop
  endfacet
  facet normal 0.3236991323544317 -0.38279012007101676 0.8652690886013465
    outer loop
      vertex 7.612719409963746 -9.276125440352844 5.3828125
      vertex 8.485281374238571 -8.485281374238571 5.40625
      vertex 7.9111822157737635 -7.9111822157737635 5.875
    endloop
  endfacet
  facet normal 0.3827901200710167 -0.3236991323544317 -0.8652690886013464
    outer loop
      vertex 7.9111822157737635 -7.9111822157737635 4.75
      vertex 9.276125440352844 -7.612719409963746 5.2421875
      vertex 8.485281374238571 -8.485281374238571 5.21875
    endloop
  endfacet
  facet normal 0.7409511253549597 -0.6715589548470179 0
    outer loop
      vertex 8.485281374238571 -8.485281374238571 5.21875
      vertex 9.276125440352844 -7.612719409963746 5.2421875
      vertex 9.276125440352844 -7.612719409963746 5.4296875
    endloop
  endfacet
  facet normal 0.7409511253549597 -0.6715589548470179 0
    outer loop
      vertex 8.485281374238571 -8.485281374238571 5.21875
      vertex 9.276125440352844 -7.612719409963746 5.4296875
      vertex 8.485281374238571 -8.485281374238571 5.40625
    endloop
  endfacet
  facet normal 0.35966042547194355 -0.3492188177351507 0.8652690886013461
    outer loop
      vertex 8.485281374238571 -8.485281374238571 5.40625
      vertex 9.276125440352844 -7.612719409963746 5.4296875
      vertex 8.64851916847498 -7.097656253642536 5.8984375
    endloop
  endfacet
  facet normal 0.32187085858780473 -0.382657341779291 0.866009531803407
    outer loop
      vertex 7.612719409963746 -9.276125440352844 5.3828125
      vertex 7.9111822157737635 -7.9111822157737635 5.875
      vertex 7.097656253642536 -8.64851916847498 5.8515625
    endloop
  endfacet
  facet normal 0.3578279407947663 -0.3492658809735361 0.8660095318034075
    outer loop
      vertex 8.485281374238571 -8.485281374238571 5.40625
      vertex 8.64851916847498 -7.097656253642536 5.8984375
      vertex 7.9111822157737635 -7.9111822157737635 5.875
    endloop
  endfacet
  facet normal 0.6715589548470188 -0.7409511253549588 0
    outer loop
      vertex 7.097656253642536 -8.64851916847498 5.8515625
      vertex 7.9111822157737635 -7.9111822157737635 5.875
      vertex 7.9111822157737635 -7.9111822157737635 6.25
    endloop
  endfacet
  facet normal 0.7409511253549588 -0.6715589548470188 0
    outer loop
      vertex 7.9111822157737635 -7.9111822157737635 5.875
      vertex 8.64851916847498 -7.097656253642536 6.2734375
      vertex 7.9111822157737635 -7.9111822157737635 6.25
    endloop
  endfacet
  facet normal 0.34921881773515073 -0.3596604254719436 -0.8652690886013461
    outer loop
      vertex 7.612719409963746 -9.276125440352844 6.6953125
      vertex 7.097656253642536 -8.64851916847498 6.2265625
      vertex 8.485281374238571 -8.485281374238571 6.71875
    endloop
  endfacet
  facet normal 0.6715589548470179 -0.7409511253549597 0
    outer loop
      vertex 7.612719409963746 -9.276125440352844 6.6953125
      vertex 8.485281374238571 -8.485281374238571 6.90625
      vertex 7.612719409963746 -9.276125440352844 6.8828125
    endloop
  endfacet
  facet normal 0.6715589548470179 -0.7409511253549597 0
    outer loop
      vertex 7.612719409963746 -9.276125440352844 6.6953125
      vertex 8.485281374238571 -8.485281374238571 6.71875
      vertex 8.485281374238571 -8.485281374238571 6.90625
    endloop
  endfacet
  facet normal 0.3492658809735361 -0.3578279407947663 -0.8660095318034075
    outer loop
      vertex 7.097656253642536 -8.64851916847498 6.2265625
      vertex 7.9111822157737635 -7.9111822157737635 6.25
      vertex 8.485281374238571 -8.485281374238571 6.71875
    endloop
  endfacet
  facet normal 0.38265734177929095 -0.3218708585878047 -0.866009531803407
    outer loop
      vertex 7.9111822157737635 -7.9111822157737635 6.25
      vertex 8.64851916847498 -7.097656253642536 6.2734375
      vertex 9.276125440352844 -7.612719409963746 6.7421875
    endloop
  endfacet
  facet normal 0.3827901200710167 -0.3236991323544317 -0.8652690886013464
    outer loop
      vertex 7.9111822157737635 -7.9111822157737635 6.25
      vertex 9.276125440352844 -7.612719409963746 6.7421875
      vertex 8.485281374238571 -8.485281374238571 6.71875
    endloop
  endfacet
  facet normal 0.7409511253549597 -0.6715589548470179 0
    outer loop
      vertex 8.485281374238571 -8.485281374238571 6.71875
      vertex 9.276125440352844 -7.612719409963746 6.9296875
      vertex 8.485281374238571 -8.485281374238571 6.90625
    endloop
  endfacet
  facet normal 0.7409511253549597 -0.6715589548470179 0
    outer loop
      vertex 8.485281374238571 -8.485281374238571 6.71875
      vertex 9.276125440352844 -7.612719409963746 6.7421875
      vertex 9.276125440352844 -7.612719409963746 6.9296875
    endloop
  endfacet
  facet normal 0.3236991323544317 -0.38279012007101676 0.8652690886013465
    outer loop
      vertex 7.612719409963746 -9.276125440352844 6.8828125
      vertex 8.485281374238571 -8.485281374238571 6.90625
      vertex 7.9111822157737635 -7.9111822157737635 7.375
    endloop
  endfacet
  facet normal 0.32187085858780473 -0.382657341779291 0.866009531803407
    outer loop
      vertex 7.612719409963746 -9.276125440352844 6.8828125
      vertex 7.9111822157737635 -7.9111822157737635 7.375
      vertex 7.097656253642536 -8.64851916847498 7.3515625
    endloop
  endfacet
  facet normal 0.6715589548470188 -0.7409511253549588 0
    outer loop
      vertex 7.097656253642536 -8.64851916847498 7.3515625
      vertex 7.9111822157737635 -7.9111822157737635 7.375
      vertex 7.9111822157737635 -7.9111822157737635 7.75
    endloop
  endfacet
  facet normal 0.3578279407947663 -0.3492658809735361 0.8660095318034075
    outer loop
      vertex 8.485281374238571 -8.485281374238571 6.90625
      vertex 8.64851916847498 -7.097656253642536 7.3984375
      vertex 7.9111822157737635 -7.9111822157737635 7.375
    endloop
  endfacet
  facet normal 0.35966042547194355 -0.3492188177351507 0.8652690886013461
    outer loop
      vertex 8.485281374238571 -8.485281374238571 6.90625
      vertex 9.276125440352844 -7.612719409963746 6.9296875
      vertex 8.64851916847498 -7.097656253642536 7.3984375
    endloop
  endfacet
  facet normal 0.34921881773515073 -0.3596604254719436 -0.8652690886013461
    outer loop
      vertex 7.612719409963746 -9.276125440352844 8.1953125
      vertex 7.097656253642536 -8.64851916847498 7.7265625
      vertex 8.485281374238571 -8.485281374238571 8.21875
    endloop
  endfacet
  facet normal 0.7409511253549588 -0.6715589548470188 0
    outer loop
      vertex 7.9111822157737635 -7.9111822157737635 7.375
      vertex 8.64851916847498 -7.097656253642536 7.7734375
      vertex 7.9111822157737635 -7.9111822157737635 7.75
    endloop
  endfacet
  facet normal 0.3492658809735361 -0.3578279407947663 -0.8660095318034075
    outer loop
      vertex 7.097656253642536 -8.64851916847498 7.7265625
      vertex 7.9111822157737635 -7.9111822157737635 7.75
      vertex 8.485281374238571 -8.485281374238571 8.21875
    endloop
  endfacet
  facet normal 0.3827901200710167 -0.3236991323544317 -0.8652690886013464
    outer loop
      vertex 7.9111822157737635 -7.9111822157737635 7.75
      vertex 9.276125440352844 -7.612719409963746 8.2421875
      vertex 8.485281374238571 -8.485281374238571 8.21875
    endloop
  endfacet
  facet normal 0.38265734177929095 -0.3218708585878047 -0.866009531803407
    outer loop
      vertex 7.9111822157737635 -7.9111822157737635 7.75
      vertex 8.64851916847498 -7.097656253642536 7.7734375
      vertex 9.276125440352844 -7.612719409963746 8.2421875
    endloop
  endfacet
  facet normal 0.6715589548470179 -0.7409511253549597 0
    outer loop
      vertex 7.612719409963746 -9.276125440352844 8.1953125
      vertex 8.485281374238571 -8.485281374238571 8.40625
      vertex 7.612719409963746 -9.276125440352844 8.3828125
    endloop
  endfacet
  facet normal 0.6715589548470179 -0.7409511253549597 0
    outer loop
      vertex 7.612719409963746 -9.276125440352844 8.1953125
      vertex 8.485281374238571 -8.485281374238571 8.21875
      vertex 8.485281374238571 -8.485281374238571 8.40625
    endloop
  endfacet
  facet normal 0.32187085858780473 -0.382657341779291 0.866009531803407
    outer loop
      vertex 7.612719409963746 -9.276125440352844 8.3828125
      vertex 7.9111822157737635 -7.9111822157737635 8.875
      vertex 7.097656253642536 -8.64851916847498 8.8515625
    endloop
  endfacet
  facet normal 0.3236991323544317 -0.38279012007101676 0.8652690886013465
    outer loop
      vertex 7.612719409963746 -9.276125440352844 8.3828125
      vertex 8.485281374238571 -8.485281374238571 8.40625
      vertex 7.9111822157737635 -7.9111822157737635 8.875
    endloop
  endfacet
  facet normal 0.3578279407947663 -0.3492658809735361 0.8660095318034075
    outer loop
      vertex 8.485281374238571 -8.485281374238571 8.40625
      vertex 8.64851916847498 -7.097656253642536 8.8984375
      vertex 7.9111822157737635 -7.9111822157737635 8.875
    endloop
  endfacet
  facet normal 0.7409511253549597 -0.6715589548470179 0
    outer loop
      vertex 8.485281374238571 -8.485281374238571 8.21875
      vertex 9.276125440352844 -7.612719409963746 8.4296875
      vertex 8.485281374238571 -8.485281374238571 8.40625
    endloop
  endfacet
  facet normal 0.7409511253549597 -0.6715589548470179 0
    outer loop
      vertex 8.485281374238571 -8.485281374238571 8.21875
      vertex 9.276125440352844 -7.612719409963746 8.2421875
      vertex 9.276125440352844 -7.612719409963746 8.4296875
    endloop
  endfacet
  facet normal 0.35966042547194355 -0.3492188177351507 0.8652690886013461
    outer loop
      vertex 8.485281374238571 -8.485281374238571 8.40625
      vertex 9.276125440352844 -7.612719409963746 8.4296875
      vertex 8.64851916847498 -7.097656253642536 8.8984375
    endloop
  endfacet
  facet normal 0.6715589548470187 -0.7409511253549588 0
    outer loop
      vertex 7.097656253642536 -8.64851916847498 8.8515625
      vertex 7.9111822157737635 -7.9111822157737635 8.875
      vertex 7.9111822157737635 -7.9111822157737635 9.65078125
    endloop
  endfacet
  facet normal 0.7409511253549588 -0.6715589548470187 0
    outer loop
      vertex 7.9111822157737635 -7.9111822157737635 8.875
      vertex 8.64851916847498 -7.097656253642536 9.67421875
      vertex 7.9111822157737635 -7.9111822157737635 9.65078125
    endloop
  endfacet
  facet normal 0.6715589548470188 -0.7409511253549588 0
    outer loop
      vertex 7.097656253642536 -8.64851916847498 9.62734375
      vertex 7.9111822157737635 -7.9111822157737635 9.65078125
      vertex 7.9111822157737635 -7.9111822157737635 9.785546875
    endloop
  endfacet
  facet normal 0.6715589548470188 -0.7409511253549588 0
    outer loop
      vertex 7.097656253642536 -8.64851916847498 9.762109375
      vertex 7.9111822157737635 -7.9111822157737635 9.785546875
      vertex 7.9111822157737635 -7.9111822157737635 9.839453125
    endloop
  endfacet
  facet normal 0.6715589548470188 -0.7409511253549588 0
    outer loop
      vertex 7.097656253642536 -8.64851916847498 9.816015625
      vertex 7.9111822157737635 -7.9111822157737635 9.839453125
      vertex 7.9111822157737635 -7.9111822157737635 9.97421875
    endloop
  endfacet
  facet normal 0.6715589548470187 -0.7409511253549589 0
    outer loop
      vertex 7.097656253642536 -8.64851916847498 9.95078125
      vertex 7.9111822157737635 -7.9111822157737635 9.97421875
      vertex 7.9111822157737635 -7.9111822157737635 10
    endloop
  endfacet
  facet normal 0.7409511253549589 -0.6715589548470188 0
    outer loop
      vertex 7.9111822157737635 -7.9111822157737635 9.65078125
      vertex 8.64851916847498 -7.097656253642536 9.808984375
      vertex 7.9111822157737635 -7.9111822157737635 9.785546875
    endloop
  endfacet
  facet normal 0.7409511253549588 -0.6715589548470187 0
    outer loop
      vertex 7.9111822157737635 -7.9111822157737635 9.785546875
      vertex 8.64851916847498 -7.097656253642536 9.862890625
      vertex 7.9111822157737635 -7.9111822157737635 9.839453125
    endloop
  endfacet
  facet normal 0.7409511253549589 -0.6715589548470188 0
    outer loop
      vertex 7.9111822157737635 -7.9111822157737635 9.839453125
      vertex 8.64851916847498 -7.097656253642536 9.99765625
      vertex 7.9111822157737635 -7.9111822157737635 9.97421875
    endloop
  endfacet
  facet normal 0.7409511253549588 -0.6715589548470187 0
    outer loop
      vertex 7.9111822157737635 -7.9111822157737635 9.97421875
      vertex 8.64851916847498 -7.097656253642536 10
      vertex 7.9111822157737635 -7.9111822157737635 10
    endloop
  endfacet
  facet normal 0.41267494429623425 -0.28462043964040246 -0.865269088601346
    outer loop
      vertex 8.64851916847498 -7.097656253642536 4.7734375
      vertex 9.977635347630542 -6.666842796235226 5.265625
      vertex 9.276125440352844 -7.612719409963746 5.2421875
    endloop
  endfacet
  facet normal 0.7409511253549588 -0.6715589548470188 0
    outer loop
      vertex 7.9111822157737635 -7.9111822157737635 5.875
      vertex 8.64851916847498 -7.097656253642536 5.8984375
      vertex 8.64851916847498 -7.097656253642536 6.2734375
    endloop
  endfacet
  facet normal 0.39033894432322647 -0.31251079880585386 0.8660095318034071
    outer loop
      vertex 9.276125440352844 -7.612719409963746 5.4296875
      vertex 9.30256615382229 -6.215775981815149 5.921875
      vertex 8.64851916847498 -7.097656253642536 5.8984375
    endloop
  endfacet
  facet normal 0.8032075314806458 -0.5956993044924321 0
    outer loop
      vertex 8.64851916847498 -7.097656253642536 5.8984375
      vertex 9.30256615382229 -6.215775981815149 6.296875
      vertex 8.64851916847498 -7.097656253642536 6.2734375
    endloop
  endfacet
  facet normal 0.8032075314806458 -0.5956993044924321 0
    outer loop
      vertex 8.64851916847498 -7.097656253642536 5.8984375
      vertex 9.30256615382229 -6.215775981815149 5.921875
      vertex 9.30256615382229 -6.215775981815149 6.296875
    endloop
  endfacet
  facet normal 0.8032075314806455 -0.5956993044924325 0
    outer loop
      vertex 9.276125440352844 -7.612719409963746 5.2421875
      vertex 9.977635347630542 -6.666842796235226 5.453125
      vertex 9.276125440352844 -7.612719409963746 5.4296875
    endloop
  endfacet
  facet normal 0.8032075314806455 -0.5956993044924325 0
    outer loop
      vertex 9.276125440352844 -7.612719409963746 5.2421875
      vertex 9.977635347630542 -6.666842796235226 5.265625
      vertex 9.977635347630542 -6.666842796235226 5.453125
    endloop
  endfacet
  facet normal 0.3921579920817717 -0.31228434728207055 0.8652690886013462
    outer loop
      vertex 9.276125440352844 -7.612719409963746 5.4296875
      vertex 9.977635347630542 -6.666842796235226 5.453125
      vertex 9.30256615382229 -6.215775981815149 5.921875
    endloop
  endfacet
  facet normal 0.43858548321680585 -0.2428006965032777 -0.8652690886013461
    outer loop
      vertex 9.30256615382229 -6.215775981815149 4.796875
      vertex 10.583055172180261 -5.6567608419119715 5.2890625
      vertex 9.977635347630542 -6.666842796235226 5.265625
    endloop
  endfacet
  facet normal 0.8577286100002716 -0.5141027441932225 0
    outer loop
      vertex 9.977635347630542 -6.666842796235226 5.265625
      vertex 10.583055172180261 -5.6567608419119715 5.4765625
      vertex 9.977635347630542 -6.666842796235226 5.453125
    endloop
  endfacet
  facet normal 0.8577286100002716 -0.5141027441932224 0
    outer loop
      vertex 9.977635347630542 -6.666842796235226 5.265625
      vertex 10.583055172180261 -5.6567608419119715 5.2890625
      vertex 10.583055172180261 -5.6567608419119715 5.4765625
    endloop
  endfacet
  facet normal 0.41909077043687964 -0.27274606680989216 0.8660095318034071
    outer loop
      vertex 9.977635347630542 -6.666842796235226 5.453125
      vertex 9.867024341808355 -5.274034389394095 5.9453125
      vertex 9.30256615382229 -6.215775981815149 5.921875
    endloop
  endfacet
  facet normal 0.42087886285248677 -0.2723424078526758 0.8652690886013462
    outer loop
      vertex 9.977635347630542 -6.666842796235226 5.453125
      vertex 10.583055172180261 -5.6567608419119715 5.4765625
      vertex 9.867024341808355 -5.274034389394095 5.9453125
    endloop
  endfacet
  facet normal 0.8577286100002717 -0.5141027441932223 0
    outer loop
      vertex 9.30256615382229 -6.215775981815149 5.921875
      vertex 9.867024341808355 -5.274034389394095 6.3203125
      vertex 9.30256615382229 -6.215775981815149 6.296875
    endloop
  endfacet
  facet normal 0.4602722041787875 -0.19864264993046243 -0.8652690886013462
    outer loop
      vertex 9.867024341808355 -5.274034389394095 4.8203125
      vertex 11.08655439013544 -4.592201188381077 5.3125
      vertex 10.583055172180261 -5.6567608419119715 5.2890625
    endloop
  endfacet
  facet normal 0.9039892931234439 -0.4275550934302809 0
    outer loop
      vertex 10.583055172180261 -5.6567608419119715 5.2890625
      vertex 11.08655439013544 -4.592201188381077 5.5
      vertex 10.583055172180261 -5.6567608419119715 5.4765625
    endloop
  endfacet
  facet normal 0.9039892931234439 -0.4275550934302809 0
    outer loop
      vertex 10.583055172180261 -5.6567608419119715 5.2890625
      vertex 11.08655439013544 -4.592201188381077 5.3125
      vertex 11.08655439013544 -4.592201188381077 5.5
    endloop
  endfacet
  facet normal 0.4775262522041456 -0.15257156604970099 -0.8652690886013463
    outer loop
      vertex 10.336457691518628 -4.28150096272271 4.84375
      vertex 11.483284028786507 -3.483416127053548 5.3359375
      vertex 11.08655439013544 -4.592201188381077 5.3125
    endloop
  endfacet
  facet normal 0.9415440651830204 -0.3368898533922211 0
    outer loop
      vertex 11.08655439013544 -4.592201188381077 5.3125
      vertex 11.483284028786507 -3.483416127053548 5.5234375
      vertex 11.08655439013544 -4.592201188381077 5.5
    endloop
  endfacet
  facet normal 0.44380652333290777 -0.230354641092383 0.8660095318034073
    outer loop
      vertex 10.583055172180261 -5.6567608419119715 5.4765625
      vertex 10.336457691518628 -4.28150096272271 5.96875
      vertex 9.867024341808355 -5.274034389394095 5.9453125
    endloop
  endfacet
  facet normal 0.8577286100002717 -0.5141027441932223 0
    outer loop
      vertex 9.30256615382229 -6.215775981815149 5.921875
      vertex 9.867024341808355 -5.274034389394095 5.9453125
      vertex 9.867024341808355 -5.274034389394095 6.3203125
    endloop
  endfacet
  facet normal 0.903989293123444 -0.42755509343028064 0
    outer loop
      vertex 9.867024341808355 -5.274034389394095 5.9453125
      vertex 10.336457691518628 -4.28150096272271 6.34375
      vertex 9.867024341808355 -5.274034389394095 6.3203125
    endloop
  endfacet
  facet normal 0.903989293123444 -0.42755509343028064 0
    outer loop
      vertex 9.867024341808355 -5.274034389394095 5.9453125
      vertex 10.336457691518628 -4.28150096272271 5.96875
      vertex 10.336457691518628 -4.28150096272271 6.34375
    endloop
  endfacet
  facet normal 0.4455464400981436 -0.22977766215815398 0.8652690886013463
    outer loop
      vertex 10.583055172180261 -5.6567608419119715 5.4765625
      vertex 11.08655439013544 -4.592201188381077 5.5
      vertex 10.336457691518628 -4.28150096272271 5.96875
    endloop
  endfacet
  facet normal 0.4642481767999147 -0.18574477425650063 0.8660095318034072
    outer loop
      vertex 10.336457691518628 -4.28150096272271 5.96875
      vertex 11.08655439013544 -4.592201188381077 5.5
      vertex 10.706345303177036 -3.2477343412738002 5.9921875
    endloop
  endfacet
  facet normal 0.46592316156519553 -0.18500003196780426 0.8652690886013462
    outer loop
      vertex 11.08655439013544 -4.592201188381077 5.5
      vertex 11.483284028786507 -3.483416127053548 5.5234375
      vertex 10.706345303177036 -3.2477343412738002 5.9921875
    endloop
  endfacet
  facet normal 0.9415440651830201 -0.3368898533922217 0
    outer loop
      vertex 10.336457691518628 -4.28150096272271 5.96875
      vertex 10.706345303177036 -3.2477343412738002 6.3671875
      vertex 10.336457691518628 -4.28150096272271 6.34375
    endloop
  endfacet
  facet normal 0.4123636032019306 -0.28281398406013136 -0.8660095318034071
    outer loop
      vertex 8.64851916847498 -7.097656253642536 6.2734375
      vertex 9.30256615382229 -6.215775981815149 6.296875
      vertex 9.977635347630542 -6.666842796235226 6.765625
    endloop
  endfacet
  facet normal 0.41267494429623425 -0.28462043964040246 -0.865269088601346
    outer loop
      vertex 8.64851916847498 -7.097656253642536 6.2734375
      vertex 9.977635347630542 -6.666842796235226 6.765625
      vertex 9.276125440352844 -7.612719409963746 6.7421875
    endloop
  endfacet
  facet normal 0.39033894432322647 -0.31251079880585386 0.8660095318034071
    outer loop
      vertex 9.276125440352844 -7.612719409963746 6.9296875
      vertex 9.30256615382229 -6.215775981815149 7.421875
      vertex 8.64851916847498 -7.097656253642536 7.3984375
    endloop
  endfacet
  facet normal 0.8032075314806455 -0.5956993044924325 0
    outer loop
      vertex 9.276125440352844 -7.612719409963746 6.7421875
      vertex 9.977635347630542 -6.666842796235226 6.765625
      vertex 9.977635347630542 -6.666842796235226 6.953125
    endloop
  endfacet
  facet normal 0.43809857770485894 -0.24103345626411088 -0.8660095318034072
    outer loop
      vertex 9.30256615382229 -6.215775981815149 6.296875
      vertex 9.867024341808355 -5.274034389394095 6.3203125
      vertex 10.583055172180261 -5.6567608419119715 6.7890625
    endloop
  endfacet
  facet normal 0.43858548321680585 -0.2428006965032777 -0.8652690886013461
    outer loop
      vertex 9.30256615382229 -6.215775981815149 6.296875
      vertex 10.583055172180261 -5.6567608419119715 6.7890625
      vertex 9.977635347630542 -6.666842796235226 6.765625
    endloop
  endfacet
  facet normal 0.8577286100002716 -0.5141027441932224 0
    outer loop
      vertex 9.977635347630542 -6.666842796235226 6.765625
      vertex 10.583055172180261 -5.6567608419119715 6.7890625
      vertex 10.583055172180261 -5.6567608419119715 6.9765625
    endloop
  endfacet
  facet normal 0.8032075314806455 -0.5956993044924325 0
    outer loop
      vertex 9.276125440352844 -7.612719409963746 6.7421875
      vertex 9.977635347630542 -6.666842796235226 6.953125
      vertex 9.276125440352844 -7.612719409963746 6.9296875
    endloop
  endfacet
  facet normal 0.3921579920817717 -0.31228434728207055 0.8652690886013462
    outer loop
      vertex 9.276125440352844 -7.612719409963746 6.9296875
      vertex 9.977635347630542 -6.666842796235226 6.953125
      vertex 9.30256615382229 -6.215775981815149 7.421875
    endloop
  endfacet
  facet normal 0.8577286100002716 -0.5141027441932225 0
    outer loop
      vertex 9.977635347630542 -6.666842796235226 6.765625
      vertex 10.583055172180261 -5.6567608419119715 6.9765625
      vertex 9.977635347630542 -6.666842796235226 6.953125
    endloop
  endfacet
  facet normal 0.42087886285248677 -0.2723424078526758 0.8652690886013462
    outer loop
      vertex 9.977635347630542 -6.666842796235226 6.953125
      vertex 10.583055172180261 -5.6567608419119715 6.9765625
      vertex 9.867024341808355 -5.274034389394095 7.4453125
    endloop
  endfacet
  facet normal 0.41909077043687964 -0.27274606680989216 0.8660095318034071
    outer loop
      vertex 9.977635347630542 -6.666842796235226 6.953125
      vertex 9.867024341808355 -5.274034389394095 7.4453125
      vertex 9.30256615382229 -6.215775981815149 7.421875
    endloop
  endfacet
  facet normal 0.45961442341544695 -0.19693164452197498 -0.8660095318034072
    outer loop
      vertex 9.867024341808355 -5.274034389394095 6.3203125
      vertex 10.336457691518628 -4.28150096272271 6.34375
      vertex 11.08655439013544 -4.592201188381077 6.8125
    endloop
  endfacet
  facet normal 0.4602722041787875 -0.19864264993046243 -0.8652690886013462
    outer loop
      vertex 9.867024341808355 -5.274034389394095 6.3203125
      vertex 11.08655439013544 -4.592201188381077 6.8125
      vertex 10.583055172180261 -5.6567608419119715 6.7890625
    endloop
  endfacet
  facet normal 0.9039892931234439 -0.4275550934302809 0
    outer loop
      vertex 10.583055172180261 -5.6567608419119715 6.7890625
      vertex 11.08655439013544 -4.592201188381077 6.8125
      vertex 11.08655439013544 -4.592201188381077 7
    endloop
  endfacet
  facet normal 0.4775262522041456 -0.15257156604970099 -0.8652690886013463
    outer loop
      vertex 10.336457691518628 -4.28150096272271 6.34375
      vertex 11.483284028786507 -3.483416127053548 6.8359375
      vertex 11.08655439013544 -4.592201188381077 6.8125
    endloop
  endfacet
  facet normal 0.44380652333290777 -0.230354641092383 0.8660095318034073
    outer loop
      vertex 10.583055172180261 -5.6567608419119715 6.9765625
      vertex 10.336457691518628 -4.28150096272271 7.46875
      vertex 9.867024341808355 -5.274034389394095 7.4453125
    endloop
  endfacet
  facet normal 0.9039892931234439 -0.4275550934302809 0
    outer loop
      vertex 10.583055172180261 -5.6567608419119715 6.7890625
      vertex 11.08655439013544 -4.592201188381077 7
      vertex 10.583055172180261 -5.6567608419119715 6.9765625
    endloop
  endfacet
  facet normal 0.4455464400981436 -0.22977766215815398 0.8652690886013463
    outer loop
      vertex 10.583055172180261 -5.6567608419119715 6.9765625
      vertex 11.08655439013544 -4.592201188381077 7
      vertex 10.336457691518628 -4.28150096272271 7.46875
    endloop
  endfacet
  facet normal 0.9415440651830204 -0.3368898533922211 0
    outer loop
      vertex 11.08655439013544 -4.592201188381077 6.8125
      vertex 11.483284028786507 -3.483416127053548 7.0234375
      vertex 11.08655439013544 -4.592201188381077 7
    endloop
  endfacet
  facet normal 0.46592316156519553 -0.18500003196780426 0.8652690886013462
    outer loop
      vertex 11.08655439013544 -4.592201188381077 7
      vertex 11.483284028786507 -3.483416127053548 7.0234375
      vertex 10.706345303177036 -3.2477343412738002 7.4921875
    endloop
  endfacet
  facet normal 0.4642481767999147 -0.18574477425650063 0.8660095318034072
    outer loop
      vertex 10.336457691518628 -4.28150096272271 7.46875
      vertex 11.08655439013544 -4.592201188381077 7
      vertex 10.706345303177036 -3.2477343412738002 7.4921875
    endloop
  endfacet
  facet normal 0.4767039309777423 -0.15093327338930768 -0.8660095318034072
    outer loop
      vertex 10.336457691518628 -4.28150096272271 4.84375
      vertex 10.706345303177036 -3.2477343412738002 4.8671875
      vertex 11.483284028786507 -3.483416127053548 5.3359375
    endloop
  endfacet
  facet normal 0.4892025190918459 -0.1034813323253779 -0.8660095318034073
    outer loop
      vertex 10.706345303177036 -3.2477343412738002 4.8671875
      vertex 10.973124956882163 -2.182690262726239 4.890625
      vertex 11.769423364838765 -2.341083864193539 5.359375
    endloop
  endfacet
  facet normal 0.4802188665404716 -0.13934608370610316 0.8660095318034071
    outer loop
      vertex 11.483284028786507 -3.483416127053548 5.5234375
      vertex 10.973124956882163 -2.182690262726239 6.015625
      vertex 10.706345303177036 -3.2477343412738002 5.9921875
    endloop
  endfacet
  facet normal 0.9415440651830201 -0.3368898533922217 0
    outer loop
      vertex 10.336457691518628 -4.28150096272271 5.96875
      vertex 10.706345303177036 -3.2477343412738002 5.9921875
      vertex 10.706345303177036 -3.2477343412738002 6.3671875
    endloop
  endfacet
  facet normal 0.9700312531945444 -0.24298017990326257 0
    outer loop
      vertex 10.706345303177036 -3.2477343412738002 5.9921875
      vertex 10.973124956882163 -2.182690262726239 6.015625
      vertex 10.973124956882163 -2.182690262726239 6.390625
    endloop
  endfacet
  facet normal 0.9891765099647809 -0.14673047445536166 0
    outer loop
      vertex 10.973124956882163 -2.182690262726239 6.015625
      vertex 11.134227418732241 -1.096625683768755 6.0390625
      vertex 11.134227418732241 -1.096625683768755 6.4140625
    endloop
  endfacet
  facet normal 0.9987954562051724 -0.04906767432741878 0
    outer loop
      vertex 11.134227418732241 -1.096625683768755 6.0390625
      vertex 11.188101183952089 0 6.0625
      vertex 11.188101183952089 0 6.4375
    endloop
  endfacet
  facet normal 0.4767039309777423 -0.15093327338930768 -0.8660095318034072
    outer loop
      vertex 10.336457691518628 -4.28150096272271 6.34375
      vertex 10.706345303177036 -3.2477343412738002 6.3671875
      vertex 11.483284028786507 -3.483416127053548 6.8359375
    endloop
  endfacet
  facet normal 0.9700312531945444 -0.24298017990326257 0
    outer loop
      vertex 10.706345303177036 -3.2477343412738002 5.9921875
      vertex 10.973124956882163 -2.182690262726239 6.390625
      vertex 10.706345303177036 -3.2477343412738002 6.3671875
    endloop
  endfacet
  facet normal 0.4892025190918459 -0.1034813323253779 -0.8660095318034073
    outer loop
      vertex 10.706345303177036 -3.2477343412738002 6.3671875
      vertex 10.973124956882163 -2.182690262726239 6.390625
      vertex 11.769423364838765 -2.341083864193539 6.859375
    endloop
  endfacet
  facet normal 0.4802188665404716 -0.13934608370610316 0.8660095318034071
    outer loop
      vertex 11.483284028786507 -3.483416127053548 7.0234375
      vertex 10.973124956882163 -2.182690262726239 7.515625
      vertex 10.706345303177036 -3.2477343412738002 7.4921875
    endloop
  endfacet
  facet normal 0.9891765099647809 -0.14673047445536166 0
    outer loop
      vertex 10.973124956882163 -2.182690262726239 6.015625
      vertex 11.134227418732241 -1.096625683768755 6.4140625
      vertex 10.973124956882163 -2.182690262726239 6.390625
    endloop
  endfacet
  facet normal 0.9987954562051724 -0.04906767432741878 0
    outer loop
      vertex 11.134227418732241 -1.096625683768755 6.0390625
      vertex 11.188101183952089 0 6.4375
      vertex 11.134227418732241 -1.096625683768755 6.4140625
    endloop
  endfacet
  facet normal 0.9415440651830204 -0.3368898533922211 0
    outer loop
      vertex 11.08655439013544 -4.592201188381077 5.3125
      vertex 11.483284028786507 -3.483416127053548 5.3359375
      vertex 11.483284028786507 -3.483416127053548 5.5234375
    endloop
  endfacet
  facet normal 0.9415440651830204 -0.3368898533922211 0
    outer loop
      vertex 11.08655439013544 -4.592201188381077 6.8125
      vertex 11.483284028786507 -3.483416127053548 6.8359375
      vertex 11.483284028786507 -3.483416127053548 7.0234375
    endloop
  endfacet
  facet normal 0.49018146137837604 -0.10503113458377707 -0.8652690886013462
    outer loop
      vertex 10.706345303177036 -3.2477343412738002 4.8671875
      vertex 11.769423364838765 -2.341083864193539 5.359375
      vertex 11.483284028786507 -3.483416127053548 5.3359375
    endloop
  endfacet
  facet normal 0.9700312531945441 -0.24298017990326343 0
    outer loop
      vertex 11.483284028786507 -3.483416127053548 5.3359375
      vertex 11.769423364838765 -2.341083864193539 5.546875
      vertex 11.483284028786507 -3.483416127053548 5.5234375
    endloop
  endfacet
  facet normal 0.4981159551190877 -0.0564791958759536 -0.8652690886013464
    outer loop
      vertex 10.973124956882163 -2.182690262726239 4.890625
      vertex 11.942216720066362 -1.1762056839547272 5.3828125
      vertex 11.769423364838765 -2.341083864193539 5.359375
    endloop
  endfacet
  facet normal 0.9700312531945441 -0.24298017990326343 0
    outer loop
      vertex 11.483284028786507 -3.483416127053548 5.3359375
      vertex 11.769423364838765 -2.341083864193539 5.359375
      vertex 11.769423364838765 -2.341083864193539 5.546875
    endloop
  endfacet
  facet normal 0.989176509964781 -0.14673047445536164 0
    outer loop
      vertex 11.769423364838765 -2.341083864193539 5.359375
      vertex 11.942216720066362 -1.1762056839547272 5.5703125
      vertex 11.769423364838765 -2.341083864193539 5.546875
    endloop
  endfacet
  facet normal 0.481812788286866 -0.13844075033829775 0.8652690886013464
    outer loop
      vertex 11.483284028786507 -3.483416127053548 5.5234375
      vertex 11.769423364838765 -2.341083864193539 5.546875
      vertex 10.973124956882163 -2.182690262726239 6.015625
    endloop
  endfacet
  facet normal 0.4915647860819066 -0.09160541419530001 0.8660095318034075
    outer loop
      vertex 11.769423364838765 -2.341083864193539 5.546875
      vertex 11.134227418732241 -1.096625683768755 6.0390625
      vertex 10.973124956882163 -2.182690262726239 6.015625
    endloop
  endfacet
  facet normal 0.4969898195217951 -0.055032809462506625 -0.8660095318034073
    outer loop
      vertex 10.973124956882163 -2.182690262726239 4.890625
      vertex 11.134227418732241 -1.096625683768755 4.9140625
      vertex 11.942216720066362 -1.1762056839547272 5.3828125
    endloop
  endfacet
  facet normal 0.989176509964781 -0.14673047445536164 0
    outer loop
      vertex 11.769423364838765 -2.341083864193539 5.359375
      vertex 11.942216720066362 -1.1762056839547272 5.3828125
      vertex 11.942216720066362 -1.1762056839547272 5.5703125
    endloop
  endfacet
  facet normal 0.5012533199141237 -0.00738333163717585 -0.8652690886013464
    outer loop
      vertex 11.134227418732241 -1.096625683768755 4.9140625
      vertex 12 0 5.40625
      vertex 11.942216720066362 -1.1762056839547272 5.3828125
    endloop
  endfacet
  facet normal 0.4999908363074789 -0.006054290560517388 -0.8660095318034072
    outer loop
      vertex 11.134227418732241 -1.096625683768755 4.9140625
      vertex 11.188101183952089 0 4.9375
      vertex 12 0 5.40625
    endloop
  endfacet
  facet normal 0.9987954562051724 -0.049067674327418334 0
    outer loop
      vertex 11.942216720066362 -1.1762056839547272 5.3828125
      vertex 12 0 5.59375
      vertex 11.942216720066362 -1.1762056839547272 5.5703125
    endloop
  endfacet
  facet normal 0.9987954562051724 -0.049067674327418334 0
    outer loop
      vertex 11.942216720066362 -1.1762056839547272 5.3828125
      vertex 12 0 5.40625
      vertex 12 0 5.59375
    endloop
  endfacet
  facet normal 0.4930622944716725 -0.09054820860362227 0.8652690886013465
    outer loop
      vertex 11.769423364838765 -2.341083864193539 5.546875
      vertex 11.942216720066362 -1.1762056839547272 5.5703125
      vertex 11.134227418732241 -1.096625683768755 6.0390625
    endloop
  endfacet
  facet normal 0.4981766680167274 -0.042982534469182744 0.8660095318034073
    outer loop
      vertex 11.942216720066362 -1.1762056839547272 5.5703125
      vertex 11.188101183952089 0 6.0625
      vertex 11.134227418732241 -1.096625683768755 6.0390625
    endloop
  endfacet
  facet normal 0.49956334122544926 -0.04178363812140806 0.8652690886013462
    outer loop
      vertex 11.942216720066362 -1.1762056839547272 5.5703125
      vertex 12 0 5.59375
      vertex 11.188101183952089 0 6.0625
    endloop
  endfacet
  facet normal 0.49018146137837604 -0.10503113458377707 -0.8652690886013462
    outer loop
      vertex 10.706345303177036 -3.2477343412738002 6.3671875
      vertex 11.769423364838765 -2.341083864193539 6.859375
      vertex 11.483284028786507 -3.483416127053548 6.8359375
    endloop
  endfacet
  facet normal 0.4981159551190877 -0.0564791958759536 -0.8652690886013464
    outer loop
      vertex 10.973124956882163 -2.182690262726239 6.390625
      vertex 11.942216720066362 -1.1762056839547272 6.8828125
      vertex 11.769423364838765 -2.341083864193539 6.859375
    endloop
  endfacet
  facet normal 0.9700312531945441 -0.24298017990326343 0
    outer loop
      vertex 11.483284028786507 -3.483416127053548 6.8359375
      vertex 11.769423364838765 -2.341083864193539 7.046875
      vertex 11.483284028786507 -3.483416127053548 7.0234375
    endloop
  endfacet
  facet normal 0.9700312531945441 -0.24298017990326343 0
    outer loop
      vertex 11.483284028786507 -3.483416127053548 6.8359375
      vertex 11.769423364838765 -2.341083864193539 6.859375
      vertex 11.769423364838765 -2.341083864193539 7.046875
    endloop
  endfacet
  facet normal 0.989176509964781 -0.14673047445536164 0
    outer loop
      vertex 11.769423364838765 -2.341083864193539 6.859375
      vertex 11.942216720066362 -1.1762056839547272 7.0703125
      vertex 11.769423364838765 -2.341083864193539 7.046875
    endloop
  endfacet
  facet normal 0.481812788286866 -0.13844075033829775 0.8652690886013464
    outer loop
      vertex 11.483284028786507 -3.483416127053548 7.0234375
      vertex 11.769423364838765 -2.341083864193539 7.046875
      vertex 10.973124956882163 -2.182690262726239 7.515625
    endloop
  endfacet
  facet normal 0.4915647860819066 -0.09160541419530001 0.8660095318034075
    outer loop
      vertex 11.769423364838765 -2.341083864193539 7.046875
      vertex 11.134227418732241 -1.096625683768755 7.5390625
      vertex 10.973124956882163 -2.182690262726239 7.515625
    endloop
  endfacet
  facet normal 0.4969898195217951 -0.055032809462506625 -0.8660095318034073
    outer loop
      vertex 10.973124956882163 -2.182690262726239 6.390625
      vertex 11.134227418732241 -1.096625683768755 6.4140625
      vertex 11.942216720066362 -1.1762056839547272 6.8828125
    endloop
  endfacet
  facet normal 0.5012533199141237 -0.00738333163717585 -0.8652690886013464
    outer loop
      vertex 11.134227418732241 -1.096625683768755 6.4140625
      vertex 12 0 6.90625
      vertex 11.942216720066362 -1.1762056839547272 6.8828125
    endloop
  endfacet
  facet normal 0.4999908363074789 -0.006054290560517388 -0.8660095318034072
    outer loop
      vertex 11.134227418732241 -1.096625683768755 6.4140625
      vertex 11.188101183952089 0 6.4375
      vertex 12 0 6.90625
    endloop
  endfacet
  facet normal 0.989176509964781 -0.14673047445536164 0
    outer loop
      vertex 11.769423364838765 -2.341083864193539 6.859375
      vertex 11.942216720066362 -1.1762056839547272 6.8828125
      vertex 11.942216720066362 -1.1762056839547272 7.0703125
    endloop
  endfacet
  facet normal 0.4930622944716725 -0.09054820860362227 0.8652690886013465
    outer loop
      vertex 11.769423364838765 -2.341083864193539 7.046875
      vertex 11.942216720066362 -1.1762056839547272 7.0703125
      vertex 11.134227418732241 -1.096625683768755 7.5390625
    endloop
  endfacet
  facet normal 0.9987954562051724 -0.049067674327418334 0
    outer loop
      vertex 11.942216720066362 -1.1762056839547272 6.8828125
      vertex 12 0 7.09375
      vertex 11.942216720066362 -1.1762056839547272 7.0703125
    endloop
  endfacet
  facet normal 0.9987954562051724 -0.049067674327418334 0
    outer loop
      vertex 11.942216720066362 -1.1762056839547272 6.8828125
      vertex 12 0 6.90625
      vertex 12 0 7.09375
    endloop
  endfacet
  facet normal 0.4981766680167274 -0.042982534469182744 0.8660095318034073
    outer loop
      vertex 11.942216720066362 -1.1762056839547272 7.0703125
      vertex 11.188101183952089 0 7.5625
      vertex 11.134227418732241 -1.096625683768755 7.5390625
    endloop
  endfacet
  facet normal 0.49956334122544926 -0.04178363812140806 0.8652690886013462
    outer loop
      vertex 11.942216720066362 -1.1762056839547272 7.0703125
      vertex 12 0 7.09375
      vertex 11.188101183952089 0 7.5625
    endloop
  endfacet
  facet normal 0.7409511253549588 -0.6715589548470188 0
    outer loop
      vertex 7.9111822157737635 -7.9111822157737635 7.375
      vertex 8.64851916847498 -7.097656253642536 7.3984375
      vertex 8.64851916847498 -7.097656253642536 7.7734375
    endloop
  endfacet
  facet normal 0.8032075314806458 -0.5956993044924321 0
    outer loop
      vertex 8.64851916847498 -7.097656253642536 7.3984375
      vertex 9.30256615382229 -6.215775981815149 7.796875
      vertex 8.64851916847498 -7.097656253642536 7.7734375
    endloop
  endfacet
  facet normal 0.41267494429623425 -0.28462043964040246 -0.865269088601346
    outer loop
      vertex 8.64851916847498 -7.097656253642536 7.7734375
      vertex 9.977635347630542 -6.666842796235226 8.265625
      vertex 9.276125440352844 -7.612719409963746 8.2421875
    endloop
  endfacet
  facet normal 0.4123636032019306 -0.28281398406013136 -0.8660095318034071
    outer loop
      vertex 8.64851916847498 -7.097656253642536 7.7734375
      vertex 9.30256615382229 -6.215775981815149 7.796875
      vertex 9.977635347630542 -6.666842796235226 8.265625
    endloop
  endfacet
  facet normal 0.8032075314806458 -0.5956993044924321 0
    outer loop
      vertex 8.64851916847498 -7.097656253642536 7.3984375
      vertex 9.30256615382229 -6.215775981815149 7.421875
      vertex 9.30256615382229 -6.215775981815149 7.796875
    endloop
  endfacet
  facet normal 0.8577286100002717 -0.5141027441932223 0
    outer loop
      vertex 9.30256615382229 -6.215775981815149 7.421875
      vertex 9.867024341808355 -5.274034389394095 7.8203125
      vertex 9.30256615382229 -6.215775981815149 7.796875
    endloop
  endfacet
  facet normal 0.43858548321680585 -0.2428006965032777 -0.8652690886013461
    outer loop
      vertex 9.30256615382229 -6.215775981815149 7.796875
      vertex 10.583055172180261 -5.6567608419119715 8.2890625
      vertex 9.977635347630542 -6.666842796235226 8.265625
    endloop
  endfacet
  facet normal 0.43809857770485894 -0.24103345626411088 -0.8660095318034072
    outer loop
      vertex 9.30256615382229 -6.215775981815149 7.796875
      vertex 9.867024341808355 -5.274034389394095 7.8203125
      vertex 10.583055172180261 -5.6567608419119715 8.2890625
    endloop
  endfacet
  facet normal 0.8032075314806455 -0.5956993044924325 0
    outer loop
      vertex 9.276125440352844 -7.612719409963746 8.2421875
      vertex 9.977635347630542 -6.666842796235226 8.453125
      vertex 9.276125440352844 -7.612719409963746 8.4296875
    endloop
  endfacet
  facet normal 0.8032075314806455 -0.5956993044924325 0
    outer loop
      vertex 9.276125440352844 -7.612719409963746 8.2421875
      vertex 9.977635347630542 -6.666842796235226 8.265625
      vertex 9.977635347630542 -6.666842796235226 8.453125
    endloop
  endfacet
  facet normal 0.3921579920817717 -0.31228434728207055 0.8652690886013462
    outer loop
      vertex 9.276125440352844 -7.612719409963746 8.4296875
      vertex 9.977635347630542 -6.666842796235226 8.453125
      vertex 9.30256615382229 -6.215775981815149 8.921875
    endloop
  endfacet
  facet normal 0.8577286100002716 -0.5141027441932225 0
    outer loop
      vertex 9.977635347630542 -6.666842796235226 8.265625
      vertex 10.583055172180261 -5.6567608419119715 8.4765625
      vertex 9.977635347630542 -6.666842796235226 8.453125
    endloop
  endfacet
  facet normal 0.42087886285248677 -0.2723424078526758 0.8652690886013462
    outer loop
      vertex 9.977635347630542 -6.666842796235226 8.453125
      vertex 10.583055172180261 -5.6567608419119715 8.4765625
      vertex 9.867024341808355 -5.274034389394095 8.9453125
    endloop
  endfacet
  facet normal 0.8577286100002716 -0.5141027441932224 0
    outer loop
      vertex 9.977635347630542 -6.666842796235226 8.265625
      vertex 10.583055172180261 -5.6567608419119715 8.2890625
      vertex 10.583055172180261 -5.6567608419119715 8.4765625
    endloop
  endfacet
  facet normal 0.8577286100002717 -0.5141027441932223 0
    outer loop
      vertex 9.30256615382229 -6.215775981815149 7.421875
      vertex 9.867024341808355 -5.274034389394095 7.4453125
      vertex 9.867024341808355 -5.274034389394095 7.8203125
    endloop
  endfacet
  facet normal 0.903989293123444 -0.42755509343028064 0
    outer loop
      vertex 9.867024341808355 -5.274034389394095 7.4453125
      vertex 10.336457691518628 -4.28150096272271 7.84375
      vertex 9.867024341808355 -5.274034389394095 7.8203125
    endloop
  endfacet
  facet normal 0.903989293123444 -0.42755509343028064 0
    outer loop
      vertex 9.867024341808355 -5.274034389394095 7.4453125
      vertex 10.336457691518628 -4.28150096272271 7.46875
      vertex 10.336457691518628 -4.28150096272271 7.84375
    endloop
  endfacet
  facet normal 0.45961442341544695 -0.19693164452197498 -0.8660095318034072
    outer loop
      vertex 9.867024341808355 -5.274034389394095 7.8203125
      vertex 10.336457691518628 -4.28150096272271 7.84375
      vertex 11.08655439013544 -4.592201188381077 8.3125
    endloop
  endfacet
  facet normal 0.9415440651830201 -0.3368898533922217 0
    outer loop
      vertex 10.336457691518628 -4.28150096272271 7.46875
      vertex 10.706345303177036 -3.2477343412738002 7.8671875
      vertex 10.336457691518628 -4.28150096272271 7.84375
    endloop
  endfacet
  facet normal 0.4602722041787875 -0.19864264993046243 -0.8652690886013462
    outer loop
      vertex 9.867024341808355 -5.274034389394095 7.8203125
      vertex 11.08655439013544 -4.592201188381077 8.3125
      vertex 10.583055172180261 -5.6567608419119715 8.2890625
    endloop
  endfacet
  facet normal 0.9039892931234439 -0.4275550934302809 0
    outer loop
      vertex 10.583055172180261 -5.6567608419119715 8.2890625
      vertex 11.08655439013544 -4.592201188381077 8.5
      vertex 10.583055172180261 -5.6567608419119715 8.4765625
    endloop
  endfacet
  facet normal 0.9039892931234439 -0.4275550934302809 0
    outer loop
      vertex 10.583055172180261 -5.6567608419119715 8.2890625
      vertex 11.08655439013544 -4.592201188381077 8.3125
      vertex 11.08655439013544 -4.592201188381077 8.5
    endloop
  endfacet
  facet normal 0.4455464400981436 -0.22977766215815398 0.8652690886013463
    outer loop
      vertex 10.583055172180261 -5.6567608419119715 8.4765625
      vertex 11.08655439013544 -4.592201188381077 8.5
      vertex 10.336457691518628 -4.28150096272271 8.96875
    endloop
  endfacet
  facet normal 0.4775262522041456 -0.15257156604970099 -0.8652690886013463
    outer loop
      vertex 10.336457691518628 -4.28150096272271 7.84375
      vertex 11.483284028786507 -3.483416127053548 8.3359375
      vertex 11.08655439013544 -4.592201188381077 8.3125
    endloop
  endfacet
  facet normal 0.9415440651830204 -0.3368898533922211 0
    outer loop
      vertex 11.08655439013544 -4.592201188381077 8.3125
      vertex 11.483284028786507 -3.483416127053548 8.5234375
      vertex 11.08655439013544 -4.592201188381077 8.5
    endloop
  endfacet
  facet normal 0.46592316156519553 -0.18500003196780426 0.8652690886013462
    outer loop
      vertex 11.08655439013544 -4.592201188381077 8.5
      vertex 11.483284028786507 -3.483416127053548 8.5234375
      vertex 10.706345303177036 -3.2477343412738002 8.9921875
    endloop
  endfacet
  facet normal 0.7409511253549588 -0.6715589548470187 0
    outer loop
      vertex 7.9111822157737635 -7.9111822157737635 8.875
      vertex 8.64851916847498 -7.097656253642536 8.8984375
      vertex 8.64851916847498 -7.097656253642536 9.67421875
    endloop
  endfacet
  facet normal 0.39033894432322647 -0.31251079880585386 0.8660095318034071
    outer loop
      vertex 9.276125440352844 -7.612719409963746 8.4296875
      vertex 9.30256615382229 -6.215775981815149 8.921875
      vertex 8.64851916847498 -7.097656253642536 8.8984375
    endloop
  endfacet
  facet normal 0.8032075314806458 -0.5956993044924321 0
    outer loop
      vertex 8.64851916847498 -7.097656253642536 8.8984375
      vertex 9.30256615382229 -6.215775981815149 8.921875
      vertex 9.30256615382229 -6.215775981815149 9.69765625
    endloop
  endfacet
  facet normal 0.7409511253549588 -0.6715589548470188 0
    outer loop
      vertex 7.9111822157737635 -7.9111822157737635 9.65078125
      vertex 8.64851916847498 -7.097656253642536 9.67421875
      vertex 8.64851916847498 -7.097656253642536 9.808984375
    endloop
  endfacet
  facet normal 0.7409511253549588 -0.6715589548470188 0
    outer loop
      vertex 7.9111822157737635 -7.9111822157737635 9.785546875
      vertex 8.64851916847498 -7.097656253642536 9.808984375
      vertex 8.64851916847498 -7.097656253642536 9.862890625
    endloop
  endfacet
  facet normal 0.7409511253549588 -0.6715589548470188 0
    outer loop
      vertex 7.9111822157737635 -7.9111822157737635 9.839453125
      vertex 8.64851916847498 -7.097656253642536 9.862890625
      vertex 8.64851916847498 -7.097656253642536 9.99765625
    endloop
  endfacet
  facet normal 0.7409511253549589 -0.6715589548470187 0
    outer loop
      vertex 7.9111822157737635 -7.9111822157737635 9.97421875
      vertex 8.64851916847498 -7.097656253642536 9.99765625
      vertex 8.64851916847498 -7.097656253642536 10
    endloop
  endfacet
  facet normal 0.8032075314806458 -0.5956993044924321 0
    outer loop
      vertex 8.64851916847498 -7.097656253642536 8.8984375
      vertex 9.30256615382229 -6.215775981815149 9.69765625
      vertex 8.64851916847498 -7.097656253642536 9.67421875
    endloop
  endfacet
  facet normal 0.8032075314806458 -0.595699304492432 0
    outer loop
      vertex 8.64851916847498 -7.097656253642536 9.67421875
      vertex 9.30256615382229 -6.215775981815149 9.832421875
      vertex 8.64851916847498 -7.097656253642536 9.808984375
    endloop
  endfacet
  facet normal 0.8032075314806458 -0.5956993044924321 0
    outer loop
      vertex 8.64851916847498 -7.097656253642536 9.808984375
      vertex 9.30256615382229 -6.215775981815149 9.886328125
      vertex 8.64851916847498 -7.097656253642536 9.862890625
    endloop
  endfacet
  facet normal 0.8032075314806458 -0.595699304492432 0
    outer loop
      vertex 8.64851916847498 -7.097656253642536 9.862890625
      vertex 9.30256615382229 -6.215775981815149 10
      vertex 8.64851916847498 -7.097656253642536 9.99765625
    endloop
  endfacet
  facet normal 0.8032075314806457 -0.595699304492432 0
    outer loop
      vertex 8.64851916847498 -7.097656253642536 9.99765625
      vertex 9.30256615382229 -6.215775981815149 10
      vertex 8.64851916847498 -7.097656253642536 10
    endloop
  endfacet
  facet normal 0.8032075314806458 -0.595699304492432 0
    outer loop
      vertex 8.64851916847498 -7.097656253642536 9.67421875
      vertex 9.30256615382229 -6.215775981815149 9.69765625
      vertex 9.30256615382229 -6.215775981815149 9.832421875
    endloop
  endfacet
  facet normal 0.8032075314806458 -0.5956993044924321 0
    outer loop
      vertex 8.64851916847498 -7.097656253642536 9.808984375
      vertex 9.30256615382229 -6.215775981815149 9.832421875
      vertex 9.30256615382229 -6.215775981815149 9.886328125
    endloop
  endfacet
  facet normal 0.8032075314806458 -0.595699304492432 0
    outer loop
      vertex 8.64851916847498 -7.097656253642536 9.862890625
      vertex 9.30256615382229 -6.215775981815149 9.886328125
      vertex 9.30256615382229 -6.215775981815149 10
    endloop
  endfacet
  facet normal 0.41909077043687964 -0.27274606680989216 0.8660095318034071
    outer loop
      vertex 9.977635347630542 -6.666842796235226 8.453125
      vertex 9.867024341808355 -5.274034389394095 8.9453125
      vertex 9.30256615382229 -6.215775981815149 8.921875
    endloop
  endfacet
  facet normal 0.8577286100002717 -0.5141027441932223 0
    outer loop
      vertex 9.30256615382229 -6.215775981815149 8.921875
      vertex 9.867024341808355 -5.274034389394095 9.72109375
      vertex 9.30256615382229 -6.215775981815149 9.69765625
    endloop
  endfacet
  facet normal 0.8577286100002717 -0.5141027441932223 0
    outer loop
      vertex 9.30256615382229 -6.215775981815149 9.69765625
      vertex 9.867024341808355 -5.274034389394095 9.855859375
      vertex 9.30256615382229 -6.215775981815149 9.832421875
    endloop
  endfacet
  facet normal 0.8577286100002718 -0.5141027441932222 0
    outer loop
      vertex 9.30256615382229 -6.215775981815149 9.832421875
      vertex 9.867024341808355 -5.274034389394095 9.909765625
      vertex 9.30256615382229 -6.215775981815149 9.886328125
    endloop
  endfacet
  facet normal 0.8577286100002717 -0.5141027441932223 0
    outer loop
      vertex 9.30256615382229 -6.215775981815149 9.886328125
      vertex 9.867024341808355 -5.274034389394095 10
      vertex 9.30256615382229 -6.215775981815149 10
    endloop
  endfacet
  facet normal 0.44380652333290777 -0.230354641092383 0.8660095318034073
    outer loop
      vertex 10.583055172180261 -5.6567608419119715 8.4765625
      vertex 10.336457691518628 -4.28150096272271 8.96875
      vertex 9.867024341808355 -5.274034389394095 8.9453125
    endloop
  endfacet
  facet normal 0.8577286100002717 -0.5141027441932222 0
    outer loop
      vertex 9.30256615382229 -6.215775981815149 8.921875
      vertex 9.867024341808355 -5.274034389394095 8.9453125
      vertex 9.867024341808355 -5.274034389394095 9.72109375
    endloop
  endfacet
  facet normal 0.903989293123444 -0.42755509343028064 0
    outer loop
      vertex 9.867024341808355 -5.274034389394095 8.9453125
      vertex 10.336457691518628 -4.28150096272271 8.96875
      vertex 10.336457691518628 -4.28150096272271 9.74453125
    endloop
  endfacet
  facet normal 0.4642481767999147 -0.18574477425650063 0.8660095318034072
    outer loop
      vertex 10.336457691518628 -4.28150096272271 8.96875
      vertex 11.08655439013544 -4.592201188381077 8.5
      vertex 10.706345303177036 -3.2477343412738002 8.9921875
    endloop
  endfacet
  facet normal 0.903989293123444 -0.42755509343028064 0
    outer loop
      vertex 9.867024341808355 -5.274034389394095 8.9453125
      vertex 10.336457691518628 -4.28150096272271 9.74453125
      vertex 9.867024341808355 -5.274034389394095 9.72109375
    endloop
  endfacet
  facet normal 0.8577286100002717 -0.5141027441932223 0
    outer loop
      vertex 9.30256615382229 -6.215775981815149 9.69765625
      vertex 9.867024341808355 -5.274034389394095 9.72109375
      vertex 9.867024341808355 -5.274034389394095 9.855859375
    endloop
  endfacet
  facet normal 0.8577286100002718 -0.5141027441932222 0
    outer loop
      vertex 9.30256615382229 -6.215775981815149 9.832421875
      vertex 9.867024341808355 -5.274034389394095 9.855859375
      vertex 9.867024341808355 -5.274034389394095 9.909765625
    endloop
  endfacet
  facet normal 0.8577286100002717 -0.5141027441932223 0
    outer loop
      vertex 9.30256615382229 -6.215775981815149 9.886328125
      vertex 9.867024341808355 -5.274034389394095 9.909765625
      vertex 9.867024341808355 -5.274034389394095 10
    endloop
  endfacet
  facet normal 0.903989293123444 -0.42755509343028064 0
    outer loop
      vertex 9.867024341808355 -5.274034389394095 9.72109375
      vertex 10.336457691518628 -4.28150096272271 9.879296875
      vertex 9.867024341808355 -5.274034389394095 9.855859375
    endloop
  endfacet
  facet normal 0.903989293123444 -0.4275550934302807 0
    outer loop
      vertex 9.867024341808355 -5.274034389394095 9.855859375
      vertex 10.336457691518628 -4.28150096272271 9.933203125
      vertex 9.867024341808355 -5.274034389394095 9.909765625
    endloop
  endfacet
  facet normal 0.903989293123444 -0.4275550934302807 0
    outer loop
      vertex 9.867024341808355 -5.274034389394095 9.909765625
      vertex 10.336457691518628 -4.28150096272271 10
      vertex 9.867024341808355 -5.274034389394095 10
    endloop
  endfacet
  facet normal 0.903989293123444 -0.42755509343028064 0
    outer loop
      vertex 9.867024341808355 -5.274034389394095 9.72109375
      vertex 10.336457691518628 -4.28150096272271 9.74453125
      vertex 10.336457691518628 -4.28150096272271 9.879296875
    endloop
  endfacet
  facet normal 0.903989293123444 -0.4275550934302806 0
    outer loop
      vertex 9.867024341808355 -5.274034389394095 9.855859375
      vertex 10.336457691518628 -4.28150096272271 9.879296875
      vertex 10.336457691518628 -4.28150096272271 9.933203125
    endloop
  endfacet
  facet normal 0.9039892931234439 -0.42755509343028064 0
    outer loop
      vertex 9.867024341808355 -5.274034389394095 9.909765625
      vertex 10.336457691518628 -4.28150096272271 9.933203125
      vertex 10.336457691518628 -4.28150096272271 10
    endloop
  endfacet
  facet normal 0.9415440651830203 -0.3368898533922217 0
    outer loop
      vertex 10.336457691518628 -4.28150096272271 8.96875
      vertex 10.706345303177036 -3.2477343412738002 9.76796875
      vertex 10.336457691518628 -4.28150096272271 9.74453125
    endloop
  endfacet
  facet normal 0.9415440651830201 -0.33688985339222166 0
    outer loop
      vertex 10.336457691518628 -4.28150096272271 9.74453125
      vertex 10.706345303177036 -3.2477343412738002 9.902734375
      vertex 10.336457691518628 -4.28150096272271 9.879296875
    endloop
  endfacet
  facet normal 0.9415440651830201 -0.3368898533922217 0
    outer loop
      vertex 10.336457691518628 -4.28150096272271 9.879296875
      vertex 10.706345303177036 -3.2477343412738002 9.956640625
      vertex 10.336457691518628 -4.28150096272271 9.933203125
    endloop
  endfacet
  facet normal 0.9415440651830203 -0.33688985339222177 0
    outer loop
      vertex 10.336457691518628 -4.28150096272271 9.933203125
      vertex 10.706345303177036 -3.2477343412738002 10
      vertex 10.336457691518628 -4.28150096272271 10
    endloop
  endfacet
  facet normal 0.9415440651830201 -0.3368898533922217 0
    outer loop
      vertex 10.336457691518628 -4.28150096272271 7.46875
      vertex 10.706345303177036 -3.2477343412738002 7.4921875
      vertex 10.706345303177036 -3.2477343412738002 7.8671875
    endloop
  endfacet
  facet normal 0.9700312531945444 -0.24298017990326257 0
    outer loop
      vertex 10.706345303177036 -3.2477343412738002 7.4921875
      vertex 10.973124956882163 -2.182690262726239 7.890625
      vertex 10.706345303177036 -3.2477343412738002 7.8671875
    endloop
  endfacet
  facet normal 0.4767039309777423 -0.15093327338930768 -0.8660095318034072
    outer loop
      vertex 10.336457691518628 -4.28150096272271 7.84375
      vertex 10.706345303177036 -3.2477343412738002 7.8671875
      vertex 11.483284028786507 -3.483416127053548 8.3359375
    endloop
  endfacet
  facet normal 0.9700312531945444 -0.24298017990326257 0
    outer loop
      vertex 10.706345303177036 -3.2477343412738002 7.4921875
      vertex 10.973124956882163 -2.182690262726239 7.515625
      vertex 10.973124956882163 -2.182690262726239 7.890625
    endloop
  endfacet
  facet normal 0.4892025190918459 -0.1034813323253779 -0.8660095318034073
    outer loop
      vertex 10.706345303177036 -3.2477343412738002 7.8671875
      vertex 10.973124956882163 -2.182690262726239 7.890625
      vertex 11.769423364838765 -2.341083864193539 8.359375
    endloop
  endfacet
  facet normal 0.9891765099647809 -0.14673047445536166 0
    outer loop
      vertex 10.973124956882163 -2.182690262726239 7.515625
      vertex 11.134227418732241 -1.096625683768755 7.9140625
      vertex 10.973124956882163 -2.182690262726239 7.890625
    endloop
  endfacet
  facet normal 0.9891765099647809 -0.14673047445536166 0
    outer loop
      vertex 10.973124956882163 -2.182690262726239 7.515625
      vertex 11.134227418732241 -1.096625683768755 7.5390625
      vertex 11.134227418732241 -1.096625683768755 7.9140625
    endloop
  endfacet
  facet normal 0.9987954562051724 -0.04906767432741878 0
    outer loop
      vertex 11.134227418732241 -1.096625683768755 7.5390625
      vertex 11.188101183952089 0 7.9375
      vertex 11.134227418732241 -1.096625683768755 7.9140625
    endloop
  endfacet
  facet normal 0.9987954562051724 -0.04906767432741878 0
    outer loop
      vertex 11.134227418732241 -1.096625683768755 7.5390625
      vertex 11.188101183952089 0 7.5625
      vertex 11.188101183952089 0 7.9375
    endloop
  endfacet
  facet normal 0 0 1
    outer loop
      vertex 2.309698831278217 -0.9567085809127245 10
      vertex 10.336457691518628 -4.28150096272271 10
      vertex 10.706345303177036 -3.2477343412738002 10
    endloop
  endfacet
  facet normal 0 0 1
    outer loop
      vertex 2.392350839330522 -0.7257116931361558 10
      vertex 10.706345303177036 -3.2477343412738002 10
      vertex 10.973124956882163 -2.182690262726239 10
    endloop
  endfacet
  facet normal 0 0 1
    outer loop
      vertex 2.451963201008076 -0.48772580504032076 10
      vertex 10.973124956882163 -2.182690262726239 10
      vertex 11.134227418732241 -1.096625683768755 10
    endloop
  endfacet
  facet normal 0 0 1
    outer loop
      vertex 2.4879618166804924 -0.2450428508239015 10
      vertex 11.134227418732241 -1.096625683768755 10
      vertex 11.188101183952089 0 10
    endloop
  endfacet
  facet normal 0.4802188665404716 -0.13934608370610316 0.8660095318034071
    outer loop
      vertex 11.483284028786507 -3.483416127053548 8.5234375
      vertex 10.973124956882163 -2.182690262726239 9.015625
      vertex 10.706345303177036 -3.2477343412738002 8.9921875
    endloop
  endfacet
  facet normal 0.9415440651830203 -0.3368898533922217 0
    outer loop
      vertex 10.336457691518628 -4.28150096272271 8.96875
      vertex 10.706345303177036 -3.2477343412738002 8.9921875
      vertex 10.706345303177036 -3.2477343412738002 9.76796875
    endloop
  endfacet
  facet normal 0.9700312531945443 -0.2429801799032626 0
    outer loop
      vertex 10.706345303177036 -3.2477343412738002 8.9921875
      vertex 10.973124956882163 -2.182690262726239 9.015625
      vertex 10.973124956882163 -2.182690262726239 9.79140625
    endloop
  endfacet
  facet normal 0.9700312531945443 -0.24298017990326254 0
    outer loop
      vertex 10.706345303177036 -3.2477343412738002 8.9921875
      vertex 10.973124956882163 -2.182690262726239 9.79140625
      vertex 10.706345303177036 -3.2477343412738002 9.76796875
    endloop
  endfacet
  facet normal 0.9415440651830201 -0.33688985339222166 0
    outer loop
      vertex 10.336457691518628 -4.28150096272271 9.74453125
      vertex 10.706345303177036 -3.2477343412738002 9.76796875
      vertex 10.706345303177036 -3.2477343412738002 9.902734375
    endloop
  endfacet
  facet normal 0.9415440651830201 -0.3368898533922217 0
    outer loop
      vertex 10.336457691518628 -4.28150096272271 9.879296875
      vertex 10.706345303177036 -3.2477343412738002 9.902734375
      vertex 10.706345303177036 -3.2477343412738002 9.956640625
    endloop
  endfacet
  facet normal 0.9415440651830201 -0.3368898533922217 0
    outer loop
      vertex 10.336457691518628 -4.28150096272271 9.933203125
      vertex 10.706345303177036 -3.2477343412738002 9.956640625
      vertex 10.706345303177036 -3.2477343412738002 10
    endloop
  endfacet
  facet normal 0.9700312531945444 -0.2429801799032626 0
    outer loop
      vertex 10.706345303177036 -3.2477343412738002 9.76796875
      vertex 10.973124956882163 -2.182690262726239 9.926171875
      vertex 10.706345303177036 -3.2477343412738002 9.902734375
    endloop
  endfacet
  facet normal 0.9700312531945444 -0.24298017990326254 0
    outer loop
      vertex 10.706345303177036 -3.2477343412738002 9.902734375
      vertex 10.973124956882163 -2.182690262726239 9.980078125
      vertex 10.706345303177036 -3.2477343412738002 9.956640625
    endloop
  endfacet
  facet normal 0.9700312531945444 -0.24298017990326257 0
    outer loop
      vertex 10.706345303177036 -3.2477343412738002 9.956640625
      vertex 10.973124956882163 -2.182690262726239 10
      vertex 10.706345303177036 -3.2477343412738002 10
    endloop
  endfacet
  facet normal 0.9700312531945444 -0.2429801799032626 0
    outer loop
      vertex 10.706345303177036 -3.2477343412738002 9.76796875
      vertex 10.973124956882163 -2.182690262726239 9.79140625
      vertex 10.973124956882163 -2.182690262726239 9.926171875
    endloop
  endfacet
  facet normal 0.9700312531945444 -0.24298017990326254 0
    outer loop
      vertex 10.706345303177036 -3.2477343412738002 9.902734375
      vertex 10.973124956882163 -2.182690262726239 9.926171875
      vertex 10.973124956882163 -2.182690262726239 9.980078125
    endloop
  endfacet
  facet normal 0.9700312531945443 -0.24298017990326254 0
    outer loop
      vertex 10.706345303177036 -3.2477343412738002 9.956640625
      vertex 10.973124956882163 -2.182690262726239 9.980078125
      vertex 10.973124956882163 -2.182690262726239 10
    endloop
  endfacet
  facet normal 0.989176509964781 -0.1467304744553617 0
    outer loop
      vertex 10.973124956882163 -2.182690262726239 9.015625
      vertex 11.134227418732241 -1.096625683768755 9.0390625
      vertex 11.134227418732241 -1.096625683768755 9.81484375
    endloop
  endfacet
  facet normal 0.9987954562051723 -0.04906767432741878 0
    outer loop
      vertex 11.134227418732241 -1.096625683768755 9.0390625
      vertex 11.188101183952089 0 9.0625
      vertex 11.188101183952089 0 9.83828125
    endloop
  endfacet
  facet normal 0.989176509964781 -0.14673047445536166 0
    outer loop
      vertex 10.973124956882163 -2.182690262726239 9.015625
      vertex 11.134227418732241 -1.096625683768755 9.81484375
      vertex 10.973124956882163 -2.182690262726239 9.79140625
    endloop
  endfacet
  facet normal 0.9891765099647809 -0.14673047445536164 0
    outer loop
      vertex 10.973124956882163 -2.182690262726239 9.79140625
      vertex 11.134227418732241 -1.096625683768755 9.949609375
      vertex 10.973124956882163 -2.182690262726239 9.926171875
    endloop
  endfacet
  facet normal 0.9891765099647809 -0.14673047445536166 0
    outer loop
      vertex 10.973124956882163 -2.182690262726239 9.926171875
      vertex 11.134227418732241 -1.096625683768755 10
      vertex 10.973124956882163 -2.182690262726239 9.980078125
    endloop
  endfacet
  facet normal 0.9891765099647811 -0.1467304744553617 0
    outer loop
      vertex 10.973124956882163 -2.182690262726239 9.980078125
      vertex 11.134227418732241 -1.096625683768755 10
      vertex 10.973124956882163 -2.182690262726239 10
    endloop
  endfacet
  facet normal 0.9891765099647809 -0.14673047445536164 0
    outer loop
      vertex 10.973124956882163 -2.182690262726239 9.79140625
      vertex 11.134227418732241 -1.096625683768755 9.81484375
      vertex 11.134227418732241 -1.096625683768755 9.949609375
    endloop
  endfacet
  facet normal 0.9891765099647809 -0.14673047445536166 0
    outer loop
      vertex 10.973124956882163 -2.182690262726239 9.926171875
      vertex 11.134227418732241 -1.096625683768755 9.949609375
      vertex 11.134227418732241 -1.096625683768755 10
    endloop
  endfacet
  facet normal 0.9987954562051723 -0.049067674327418785 0
    outer loop
      vertex 11.134227418732241 -1.096625683768755 9.0390625
      vertex 11.188101183952089 0 9.83828125
      vertex 11.134227418732241 -1.096625683768755 9.81484375
    endloop
  endfacet
  facet normal 0.9987954562051724 -0.04906767432741878 0
    outer loop
      vertex 11.134227418732241 -1.096625683768755 9.81484375
      vertex 11.188101183952089 0 9.973046875
      vertex 11.134227418732241 -1.096625683768755 9.949609375
    endloop
  endfacet
  facet normal 0.9987954562051724 -0.04906767432741878 0
    outer loop
      vertex 11.134227418732241 -1.096625683768755 9.949609375
      vertex 11.188101183952089 0 10
      vertex 11.134227418732241 -1.096625683768755 10
    endloop
  endfacet
  facet normal 0.9987954562051724 -0.04906767432741879 0
    outer loop
      vertex 11.134227418732241 -1.096625683768755 9.81484375
      vertex 11.188101183952089 0 9.83828125
      vertex 11.188101183952089 0 9.973046875
    endloop
  endfacet
  facet normal 0.9987954562051724 -0.04906767432741878 0
    outer loop
      vertex 11.134227418732241 -1.096625683768755 9.949609375
      vertex 11.188101183952089 0 9.973046875
      vertex 11.188101183952089 0 10
    endloop
  endfacet
  facet normal 0.9415440651830204 -0.3368898533922211 0
    outer loop
      vertex 11.08655439013544 -4.592201188381077 8.3125
      vertex 11.483284028786507 -3.483416127053548 8.3359375
      vertex 11.483284028786507 -3.483416127053548 8.5234375
    endloop
  endfacet
  facet normal 0.49018146137837604 -0.10503113458377707 -0.8652690886013462
    outer loop
      vertex 10.706345303177036 -3.2477343412738002 7.8671875
      vertex 11.769423364838765 -2.341083864193539 8.359375
      vertex 11.483284028786507 -3.483416127053548 8.3359375
    endloop
  endfacet
  facet normal 0.9700312531945441 -0.24298017990326343 0
    outer loop
      vertex 11.483284028786507 -3.483416127053548 8.3359375
      vertex 11.769423364838765 -2.341083864193539 8.546875
      vertex 11.483284028786507 -3.483416127053548 8.5234375
    endloop
  endfacet
  facet normal 0.9700312531945441 -0.24298017990326343 0
    outer loop
      vertex 11.483284028786507 -3.483416127053548 8.3359375
      vertex 11.769423364838765 -2.341083864193539 8.359375
      vertex 11.769423364838765 -2.341083864193539 8.546875
    endloop
  endfacet
  facet normal 0.4981159551190877 -0.0564791958759536 -0.8652690886013464
    outer loop
      vertex 10.973124956882163 -2.182690262726239 7.890625
      vertex 11.942216720066362 -1.1762056839547272 8.3828125
      vertex 11.769423364838765 -2.341083864193539 8.359375
    endloop
  endfacet
  facet normal 0.481812788286866 -0.13844075033829775 0.8652690886013464
    outer loop
      vertex 11.483284028786507 -3.483416127053548 8.5234375
      vertex 11.769423364838765 -2.341083864193539 8.546875
      vertex 10.973124956882163 -2.182690262726239 9.015625
    endloop
  endfacet
  facet normal 0.989176509964781 -0.14673047445536164 0
    outer loop
      vertex 11.769423364838765 -2.341083864193539 8.359375
      vertex 11.942216720066362 -1.1762056839547272 8.5703125
      vertex 11.769423364838765 -2.341083864193539 8.546875
    endloop
  endfacet
  facet normal 0.4969898195217951 -0.055032809462506625 -0.8660095318034073
    outer loop
      vertex 10.973124956882163 -2.182690262726239 7.890625
      vertex 11.134227418732241 -1.096625683768755 7.9140625
      vertex 11.942216720066362 -1.1762056839547272 8.3828125
    endloop
  endfacet
  facet normal 0.4999908363074789 -0.006054290560517388 -0.8660095318034072
    outer loop
      vertex 11.134227418732241 -1.096625683768755 7.9140625
      vertex 11.188101183952089 0 7.9375
      vertex 12 0 8.40625
    endloop
  endfacet
  facet normal 0.4930622944716725 -0.09054820860362227 0.8652690886013465
    outer loop
      vertex 11.769423364838765 -2.341083864193539 8.546875
      vertex 11.942216720066362 -1.1762056839547272 8.5703125
      vertex 11.134227418732241 -1.096625683768755 9.0390625
    endloop
  endfacet
  facet normal 0.989176509964781 -0.14673047445536164 0
    outer loop
      vertex 11.769423364838765 -2.341083864193539 8.359375
      vertex 11.942216720066362 -1.1762056839547272 8.3828125
      vertex 11.942216720066362 -1.1762056839547272 8.5703125
    endloop
  endfacet
  facet normal 0.5012533199141237 -0.00738333163717585 -0.8652690886013464
    outer loop
      vertex 11.134227418732241 -1.096625683768755 7.9140625
      vertex 12 0 8.40625
      vertex 11.942216720066362 -1.1762056839547272 8.3828125
    endloop
  endfacet
  facet normal 0.9987954562051724 -0.049067674327418334 0
    outer loop
      vertex 11.942216720066362 -1.1762056839547272 8.3828125
      vertex 12 0 8.59375
      vertex 11.942216720066362 -1.1762056839547272 8.5703125
    endloop
  endfacet
  facet normal 0.9987954562051724 -0.049067674327418334 0
    outer loop
      vertex 11.942216720066362 -1.1762056839547272 8.3828125
      vertex 12 0 8.40625
      vertex 12 0 8.59375
    endloop
  endfacet
  facet normal 0.49956334122544926 -0.04178363812140806 0.8652690886013462
    outer loop
      vertex 11.942216720066362 -1.1762056839547272 8.5703125
      vertex 12 0 8.59375
      vertex 11.188101183952089 0 9.0625
    endloop
  endfacet
  facet normal 0.4915647860819066 -0.09160541419530001 0.8660095318034075
    outer loop
      vertex 11.769423364838765 -2.341083864193539 8.546875
      vertex 11.134227418732241 -1.096625683768755 9.0390625
      vertex 10.973124956882163 -2.182690262726239 9.015625
    endloop
  endfacet
  facet normal 0.4981766680167274 -0.042982534469182744 0.8660095318034073
    outer loop
      vertex 11.942216720066362 -1.1762056839547272 8.5703125
      vertex 11.188101183952089 0 9.0625
      vertex 11.134227418732241 -1.096625683768755 9.0390625
    endloop
  endfacet
  facet normal 0.049067674327418785 0.9987954562051724 0
    outer loop
      vertex 0 11.188101183952089 4.21328125
      vertex 1.096625683768755 11.134227418732241 4
      vertex 0 11.188101183952089 4
    endloop
  endfacet
  facet normal 0.04906767432741878 0.9987954562051724 0
    outer loop
      vertex 0 11.188101183952089 4.21328125
      vertex 0 11.188101183952089 4.348046875
      vertex 1.096625683768755 11.134227418732241 4.18984375
    endloop
  endfacet
  facet normal 0.04906767432741878 0.9987954562051724 0
    outer loop
      vertex 0 11.188101183952089 4.348046875
      vertex 0 11.188101183952089 4.401953125
      vertex 1.096625683768755 11.134227418732241 4.324609375
    endloop
  endfacet
  facet normal 0.04906767432741878 0.9987954562051723 0
    outer loop
      vertex 0 11.188101183952089 4.21328125
      vertex 1.096625683768755 11.134227418732241 4.18984375
      vertex 1.096625683768755 11.134227418732241 4
    endloop
  endfacet
  facet normal 0.04906767432741879 0.9987954562051724 0
    outer loop
      vertex 0 11.188101183952089 4.348046875
      vertex 1.096625683768755 11.134227418732241 4.324609375
      vertex 1.096625683768755 11.134227418732241 4.18984375
    endloop
  endfacet
  facet normal 0.04906767432741878 0.9987954562051724 0
    outer loop
      vertex 1.096625683768755 11.134227418732241 4.324609375
      vertex 0 11.188101183952089 4.401953125
      vertex 1.096625683768755 11.134227418732241 4.378515625
    endloop
  endfacet
  facet normal 0.14673047445536166 0.9891765099647809 0
    outer loop
      vertex 1.096625683768755 11.134227418732241 4.18984375
      vertex 2.182690262726239 10.973124956882163 4
      vertex 1.096625683768755 11.134227418732241 4
    endloop
  endfacet
  facet normal 0.1467304744553617 0.989176509964781 0
    outer loop
      vertex 1.096625683768755 11.134227418732241 4.18984375
      vertex 2.182690262726239 10.973124956882163 4.16640625
      vertex 2.182690262726239 10.973124956882163 4
    endloop
  endfacet
  facet normal 0.14673047445536164 0.9891765099647809 0
    outer loop
      vertex 1.096625683768755 11.134227418732241 4.18984375
      vertex 1.096625683768755 11.134227418732241 4.324609375
      vertex 2.182690262726239 10.973124956882163 4.16640625
    endloop
  endfacet
  facet normal 0.14673047445536166 0.9891765099647809 0
    outer loop
      vertex 1.096625683768755 11.134227418732241 4.324609375
      vertex 1.096625683768755 11.134227418732241 4.378515625
      vertex 2.182690262726239 10.973124956882163 4.301171875
    endloop
  endfacet
  facet normal 0.14673047445536164 0.9891765099647809 0
    outer loop
      vertex 1.096625683768755 11.134227418732241 4.324609375
      vertex 2.182690262726239 10.973124956882163 4.301171875
      vertex 2.182690262726239 10.973124956882163 4.16640625
    endloop
  endfacet
  facet normal 0.14673047445536166 0.9891765099647809 0
    outer loop
      vertex 1.096625683768755 11.134227418732241 4.378515625
      vertex 2.182690262726239 10.973124956882163 4.355078125
      vertex 2.182690262726239 10.973124956882163 4.301171875
    endloop
  endfacet
  facet normal 0.04906767432741878 0.9987954562051724 0
    outer loop
      vertex 0 11.188101183952089 4.401953125
      vertex 0 11.188101183952089 4.53671875
      vertex 1.096625683768755 11.134227418732241 4.378515625
    endloop
  endfacet
  facet normal 0.04906767432741879 0.9987954562051724 0
    outer loop
      vertex 0 11.188101183952089 4.53671875
      vertex 1.096625683768755 11.134227418732241 4.51328125
      vertex 1.096625683768755 11.134227418732241 4.378515625
    endloop
  endfacet
  facet normal 0.049067674327418785 0.9987954562051723 0
    outer loop
      vertex 0 11.188101183952089 4.53671875
      vertex 0 11.188101183952089 5.3125
      vertex 1.096625683768755 11.134227418732241 4.51328125
    endloop
  endfacet
  facet normal 0.14673047445536164 0.9891765099647809 0
    outer loop
      vertex 1.096625683768755 11.134227418732241 4.378515625
      vertex 1.096625683768755 11.134227418732241 4.51328125
      vertex 2.182690262726239 10.973124956882163 4.355078125
    endloop
  endfacet
  facet normal 0.14673047445536164 0.9891765099647809 0
    outer loop
      vertex 1.096625683768755 11.134227418732241 4.51328125
      vertex 2.182690262726239 10.973124956882163 4.48984375
      vertex 2.182690262726239 10.973124956882163 4.355078125
    endloop
  endfacet
  facet normal 0.14673047445536166 0.989176509964781 0
    outer loop
      vertex 1.096625683768755 11.134227418732241 4.51328125
      vertex 1.096625683768755 11.134227418732241 5.2890625
      vertex 2.182690262726239 10.973124956882163 4.48984375
    endloop
  endfacet
  facet normal 0.24298017990326254 0.9700312531945443 0
    outer loop
      vertex 2.182690262726239 10.973124956882163 4.16640625
      vertex 3.2477343412738002 10.706345303177036 4
      vertex 2.182690262726239 10.973124956882163 4
    endloop
  endfacet
  facet normal 0.2429801799032626 0.9700312531945444 0
    outer loop
      vertex 2.182690262726239 10.973124956882163 4.16640625
      vertex 2.182690262726239 10.973124956882163 4.301171875
      vertex 3.2477343412738002 10.706345303177036 4.14296875
    endloop
  endfacet
  facet normal 0.24298017990326254 0.9700312531945444 0
    outer loop
      vertex 2.182690262726239 10.973124956882163 4.301171875
      vertex 2.182690262726239 10.973124956882163 4.355078125
      vertex 3.2477343412738002 10.706345303177036 4.277734375
    endloop
  endfacet
  facet normal 0.33688985339222177 0.9415440651830201 0
    outer loop
      vertex 3.2477343412738002 10.706345303177036 4.14296875
      vertex 4.28150096272271 10.336457691518628 4
      vertex 3.2477343412738002 10.706345303177036 4
    endloop
  endfacet
  facet normal 0.24298017990326254 0.9700312531945443 0
    outer loop
      vertex 2.182690262726239 10.973124956882163 4.16640625
      vertex 3.2477343412738002 10.706345303177036 4.14296875
      vertex 3.2477343412738002 10.706345303177036 4
    endloop
  endfacet
  facet normal 0.2429801799032626 0.9700312531945444 0
    outer loop
      vertex 2.182690262726239 10.973124956882163 4.301171875
      vertex 3.2477343412738002 10.706345303177036 4.277734375
      vertex 3.2477343412738002 10.706345303177036 4.14296875
    endloop
  endfacet
  facet normal 0.24298017990326254 0.9700312531945444 0
    outer loop
      vertex 2.182690262726239 10.973124956882163 4.355078125
      vertex 3.2477343412738002 10.706345303177036 4.331640625
      vertex 3.2477343412738002 10.706345303177036 4.277734375
    endloop
  endfacet
  facet normal 0.33688985339222166 0.9415440651830201 0
    outer loop
      vertex 4.28150096272271 10.336457691518628 4.11953125
      vertex 3.2477343412738002 10.706345303177036 4.14296875
      vertex 3.2477343412738002 10.706345303177036 4.277734375
    endloop
  endfacet
  facet normal 0.3368898533922217 0.9415440651830201 0
    outer loop
      vertex 4.28150096272271 10.336457691518628 4.254296875
      vertex 3.2477343412738002 10.706345303177036 4.277734375
      vertex 3.2477343412738002 10.706345303177036 4.331640625
    endloop
  endfacet
  facet normal 0.33688985339222166 0.9415440651830201 0
    outer loop
      vertex 4.28150096272271 10.336457691518628 4.308203125
      vertex 3.2477343412738002 10.706345303177036 4.331640625
      vertex 3.2477343412738002 10.706345303177036 4.46640625
    endloop
  endfacet
  facet normal 0.2429801799032626 0.9700312531945444 0
    outer loop
      vertex 2.182690262726239 10.973124956882163 4.355078125
      vertex 2.182690262726239 10.973124956882163 4.48984375
      vertex 3.2477343412738002 10.706345303177036 4.331640625
    endloop
  endfacet
  facet normal 0.24298017990326254 0.9700312531945443 0
    outer loop
      vertex 2.182690262726239 10.973124956882163 4.48984375
      vertex 2.182690262726239 10.973124956882163 5.265625
      vertex 3.2477343412738002 10.706345303177036 4.46640625
    endloop
  endfacet
  facet normal 0.2429801799032626 0.9700312531945444 0
    outer loop
      vertex 2.182690262726239 10.973124956882163 4.48984375
      vertex 3.2477343412738002 10.706345303177036 4.46640625
      vertex 3.2477343412738002 10.706345303177036 4.331640625
    endloop
  endfacet
  facet normal 0.2429801799032626 0.9700312531945443 0
    outer loop
      vertex 2.182690262726239 10.973124956882163 5.265625
      vertex 3.2477343412738002 10.706345303177036 5.2421875
      vertex 3.2477343412738002 10.706345303177036 4.46640625
    endloop
  endfacet
  facet normal 0.3368898533922217 0.9415440651830203 0
    outer loop
      vertex 4.28150096272271 10.336457691518628 4.44296875
      vertex 3.2477343412738002 10.706345303177036 4.46640625
      vertex 3.2477343412738002 10.706345303177036 5.2421875
    endloop
  endfacet
  facet normal 0.4275550934302806 0.903989293123444 0
    outer loop
      vertex 4.28150096272271 10.336457691518628 4.11953125
      vertex 5.274034389394095 9.867024341808355 4
      vertex 4.28150096272271 10.336457691518628 4
    endloop
  endfacet
  facet normal 0.42755509343028064 0.903989293123444 0
    outer loop
      vertex 4.28150096272271 10.336457691518628 4.11953125
      vertex 4.28150096272271 10.336457691518628 4.254296875
      vertex 5.274034389394095 9.867024341808355 4.09609375
    endloop
  endfacet
  facet normal 0.4275550934302807 0.903989293123444 0
    outer loop
      vertex 4.28150096272271 10.336457691518628 4.254296875
      vertex 4.28150096272271 10.336457691518628 4.308203125
      vertex 5.274034389394095 9.867024341808355 4.230859375
    endloop
  endfacet
  facet normal 0.42755509343028064 0.903989293123444 0
    outer loop
      vertex 4.28150096272271 10.336457691518628 4.308203125
      vertex 4.28150096272271 10.336457691518628 4.44296875
      vertex 5.274034389394095 9.867024341808355 4.284765625
    endloop
  endfacet
  facet normal 0.3368898533922217 0.9415440651830201 0
    outer loop
      vertex 4.28150096272271 10.336457691518628 4.11953125
      vertex 4.28150096272271 10.336457691518628 4
      vertex 3.2477343412738002 10.706345303177036 4.14296875
    endloop
  endfacet
  facet normal 0.33688985339222166 0.9415440651830201 0
    outer loop
      vertex 4.28150096272271 10.336457691518628 4.11953125
      vertex 3.2477343412738002 10.706345303177036 4.277734375
      vertex 4.28150096272271 10.336457691518628 4.254296875
    endloop
  endfacet
  facet normal 0.3368898533922217 0.9415440651830201 0
    outer loop
      vertex 4.28150096272271 10.336457691518628 4.254296875
      vertex 3.2477343412738002 10.706345303177036 4.331640625
      vertex 4.28150096272271 10.336457691518628 4.308203125
    endloop
  endfacet
  facet normal 0.5141027441932223 0.8577286100002718 0
    outer loop
      vertex 5.274034389394095 9.867024341808355 4.09609375
      vertex 6.215775981815149 9.30256615382229 4
      vertex 5.274034389394095 9.867024341808355 4
    endloop
  endfacet
  facet normal 0.42755509343028064 0.903989293123444 0
    outer loop
      vertex 4.28150096272271 10.336457691518628 4.11953125
      vertex 5.274034389394095 9.867024341808355 4.09609375
      vertex 5.274034389394095 9.867024341808355 4
    endloop
  endfacet
  facet normal 0.42755509343028064 0.903989293123444 0
    outer loop
      vertex 4.28150096272271 10.336457691518628 4.254296875
      vertex 5.274034389394095 9.867024341808355 4.230859375
      vertex 5.274034389394095 9.867024341808355 4.09609375
    endloop
  endfacet
  facet normal 0.4275550934302806 0.903989293123444 0
    outer loop
      vertex 4.28150096272271 10.336457691518628 4.308203125
      vertex 5.274034389394095 9.867024341808355 4.284765625
      vertex 5.274034389394095 9.867024341808355 4.230859375
    endloop
  endfacet
  facet normal 0.5141027441932223 0.8577286100002717 0
    outer loop
      vertex 5.274034389394095 9.867024341808355 4.09609375
      vertex 5.274034389394095 9.867024341808355 4.230859375
      vertex 6.215775981815149 9.30256615382229 4.07265625
    endloop
  endfacet
  facet normal 0.5141027441932222 0.8577286100002718 0
    outer loop
      vertex 5.274034389394095 9.867024341808355 4.230859375
      vertex 5.274034389394095 9.867024341808355 4.284765625
      vertex 6.215775981815149 9.30256615382229 4.207421875
    endloop
  endfacet
  facet normal 0.5141027441932223 0.8577286100002717 0
    outer loop
      vertex 5.274034389394095 9.867024341808355 4.284765625
      vertex 5.274034389394095 9.867024341808355 4.41953125
      vertex 6.215775981815149 9.30256615382229 4.261328125
    endloop
  endfacet
  facet normal 0.42755509343028064 0.903989293123444 0
    outer loop
      vertex 4.28150096272271 10.336457691518628 4.44296875
      vertex 4.28150096272271 10.336457691518628 5.21875
      vertex 5.274034389394095 9.867024341808355 4.41953125
    endloop
  endfacet
  facet normal 0.33688985339222166 0.9415440651830201 0
    outer loop
      vertex 4.28150096272271 10.336457691518628 4.308203125
      vertex 3.2477343412738002 10.706345303177036 4.46640625
      vertex 4.28150096272271 10.336457691518628 4.44296875
    endloop
  endfacet
  facet normal 0.3368898533922217 0.9415440651830203 0
    outer loop
      vertex 4.28150096272271 10.336457691518628 4.44296875
      vertex 3.2477343412738002 10.706345303177036 5.2421875
      vertex 4.28150096272271 10.336457691518628 5.21875
    endloop
  endfacet
  facet normal 0.42755509343028064 0.903989293123444 0
    outer loop
      vertex 4.28150096272271 10.336457691518628 4.44296875
      vertex 5.274034389394095 9.867024341808355 4.41953125
      vertex 5.274034389394095 9.867024341808355 4.284765625
    endloop
  endfacet
  facet normal 0.5141027441932223 0.8577286100002717 0
    outer loop
      vertex 5.274034389394095 9.867024341808355 4.41953125
      vertex 5.274034389394095 9.867024341808355 5.1953125
      vertex 6.215775981815149 9.30256615382229 4.39609375
    endloop
  endfacet
  facet normal 0.42755509343028064 0.903989293123444 0
    outer loop
      vertex 5.274034389394095 9.867024341808355 4.41953125
      vertex 4.28150096272271 10.336457691518628 5.21875
      vertex 5.274034389394095 9.867024341808355 5.1953125
    endloop
  endfacet
  facet normal 0.5956993044924321 0.8032075314806458 0
    outer loop
      vertex 6.215775981815149 9.30256615382229 4.07265625
      vertex 7.097656253642536 8.64851916847498 4
      vertex 6.215775981815149 9.30256615382229 4
    endloop
  endfacet
  facet normal 0.595699304492432 0.8032075314806458 0
    outer loop
      vertex 7.097656253642536 8.64851916847498 4.04921875
      vertex 6.215775981815149 9.30256615382229 4.07265625
      vertex 6.215775981815149 9.30256615382229 4.207421875
    endloop
  endfacet
  facet normal 0.5956993044924321 0.8032075314806458 0
    outer loop
      vertex 7.097656253642536 8.64851916847498 4.183984375
      vertex 6.215775981815149 9.30256615382229 4.207421875
      vertex 6.215775981815149 9.30256615382229 4.261328125
    endloop
  endfacet
  facet normal 0.595699304492432 0.8032075314806458 0
    outer loop
      vertex 7.097656253642536 8.64851916847498 4.237890625
      vertex 6.215775981815149 9.30256615382229 4.261328125
      vertex 6.215775981815149 9.30256615382229 4.39609375
    endloop
  endfacet
  facet normal 0.6715589548470187 0.7409511253549588 0
    outer loop
      vertex 7.097656253642536 8.64851916847498 4.04921875
      vertex 7.9111822157737635 7.9111822157737635 4
      vertex 7.097656253642536 8.64851916847498 4
    endloop
  endfacet
  facet normal 0.6715589548470188 0.7409511253549589 0
    outer loop
      vertex 7.097656253642536 8.64851916847498 4.04921875
      vertex 7.097656253642536 8.64851916847498 4.183984375
      vertex 7.9111822157737635 7.9111822157737635 4.02578125
    endloop
  endfacet
  facet normal 0.6715589548470187 0.7409511253549588 0
    outer loop
      vertex 7.097656253642536 8.64851916847498 4.183984375
      vertex 7.097656253642536 8.64851916847498 4.237890625
      vertex 7.9111822157737635 7.9111822157737635 4.160546875
    endloop
  endfacet
  facet normal 0.6715589548470188 0.7409511253549589 0
    outer loop
      vertex 7.097656253642536 8.64851916847498 4.237890625
      vertex 7.097656253642536 8.64851916847498 4.37265625
      vertex 7.9111822157737635 7.9111822157737635 4.214453125
    endloop
  endfacet
  facet normal 0.5956993044924321 0.8032075314806459 0
    outer loop
      vertex 7.097656253642536 8.64851916847498 4.04921875
      vertex 7.097656253642536 8.64851916847498 4
      vertex 6.215775981815149 9.30256615382229 4.07265625
    endloop
  endfacet
  facet normal 0.595699304492432 0.8032075314806458 0
    outer loop
      vertex 7.097656253642536 8.64851916847498 4.04921875
      vertex 6.215775981815149 9.30256615382229 4.207421875
      vertex 7.097656253642536 8.64851916847498 4.183984375
    endloop
  endfacet
  facet normal 0.5956993044924321 0.8032075314806458 0
    outer loop
      vertex 7.097656253642536 8.64851916847498 4.183984375
      vertex 6.215775981815149 9.30256615382229 4.261328125
      vertex 7.097656253642536 8.64851916847498 4.237890625
    endloop
  endfacet
  facet normal 0.595699304492432 0.8032075314806458 0
    outer loop
      vertex 7.097656253642536 8.64851916847498 4.237890625
      vertex 6.215775981815149 9.30256615382229 4.39609375
      vertex 7.097656253642536 8.64851916847498 4.37265625
    endloop
  endfacet
  facet normal 0.5956993044924321 0.8032075314806458 0
    outer loop
      vertex 7.097656253642536 8.64851916847498 4.37265625
      vertex 6.215775981815149 9.30256615382229 4.39609375
      vertex 6.215775981815149 9.30256615382229 5.171875
    endloop
  endfacet
  facet normal 0.6715589548470187 0.7409511253549588 0
    outer loop
      vertex 7.097656253642536 8.64851916847498 4.37265625
      vertex 7.097656253642536 8.64851916847498 5.1484375
      vertex 7.9111822157737635 7.9111822157737635 4.34921875
    endloop
  endfacet
  facet normal 0.5956993044924321 0.8032075314806458 0
    outer loop
      vertex 7.097656253642536 8.64851916847498 4.37265625
      vertex 6.215775981815149 9.30256615382229 5.171875
      vertex 7.097656253642536 8.64851916847498 5.1484375
    endloop
  endfacet
  facet normal 0.5141027441932223 0.8577286100002717 0
    outer loop
      vertex 5.274034389394095 9.867024341808355 4.09609375
      vertex 6.215775981815149 9.30256615382229 4.07265625
      vertex 6.215775981815149 9.30256615382229 4
    endloop
  endfacet
  facet normal 0.5141027441932223 0.8577286100002717 0
    outer loop
      vertex 5.274034389394095 9.867024341808355 4.230859375
      vertex 6.215775981815149 9.30256615382229 4.207421875
      vertex 6.215775981815149 9.30256615382229 4.07265625
    endloop
  endfacet
  facet normal 0.5141027441932222 0.8577286100002718 0
    outer loop
      vertex 5.274034389394095 9.867024341808355 4.284765625
      vertex 6.215775981815149 9.30256615382229 4.261328125
      vertex 6.215775981815149 9.30256615382229 4.207421875
    endloop
  endfacet
  facet normal 0.5141027441932223 0.8577286100002717 0
    outer loop
      vertex 5.274034389394095 9.867024341808355 4.41953125
      vertex 6.215775981815149 9.30256615382229 4.39609375
      vertex 6.215775981815149 9.30256615382229 4.261328125
    endloop
  endfacet
  facet normal 0.5141027441932222 0.8577286100002717 0
    outer loop
      vertex 5.274034389394095 9.867024341808355 5.1953125
      vertex 6.215775981815149 9.30256615382229 5.171875
      vertex 6.215775981815149 9.30256615382229 4.39609375
    endloop
  endfacet
  facet normal 0.9987954562051724 0.04906767432741878 0
    outer loop
      vertex 11.188101183952089 0 4.026953125
      vertex 11.188101183952089 0 4
      vertex 11.134227418732241 1.096625683768755 4.050390625
    endloop
  endfacet
  facet normal 0.9987954562051724 0.04906767432741878 0
    outer loop
      vertex 11.134227418732241 1.096625683768755 4.050390625
      vertex 11.188101183952089 0 4
      vertex 11.134227418732241 1.096625683768755 4
    endloop
  endfacet
  facet normal 0.9987954562051724 0.04906767432741878 0
    outer loop
      vertex 11.188101183952089 0 4.026953125
      vertex 11.134227418732241 1.096625683768755 4.18515625
      vertex 11.188101183952089 0 4.16171875
    endloop
  endfacet
  facet normal 0.9987954562051724 0.04906767432741879 0
    outer loop
      vertex 11.188101183952089 0 4.026953125
      vertex 11.134227418732241 1.096625683768755 4.050390625
      vertex 11.134227418732241 1.096625683768755 4.18515625
    endloop
  endfacet
  facet normal 0.9891765099647809 0.14673047445536166 0
    outer loop
      vertex 11.134227418732241 1.096625683768755 4.050390625
      vertex 11.134227418732241 1.096625683768755 4
      vertex 10.973124956882163 2.182690262726239 4.073828125
    endloop
  endfacet
  facet normal 0.9891765099647811 0.1467304744553617 0
    outer loop
      vertex 10.973124956882163 2.182690262726239 4.019921875
      vertex 11.134227418732241 1.096625683768755 4
      vertex 10.973124956882163 2.182690262726239 4
    endloop
  endfacet
  facet normal 0.9891765099647809 0.14673047445536166 0
    outer loop
      vertex 10.973124956882163 2.182690262726239 4.019921875
      vertex 10.973124956882163 2.182690262726239 4.073828125
      vertex 11.134227418732241 1.096625683768755 4
    endloop
  endfacet
  facet normal 0.9891765099647809 0.14673047445536164 0
    outer loop
      vertex 11.134227418732241 1.096625683768755 4.050390625
      vertex 10.973124956882163 2.182690262726239 4.20859375
      vertex 11.134227418732241 1.096625683768755 4.18515625
    endloop
  endfacet
  facet normal 0.9891765099647809 0.14673047445536164 0
    outer loop
      vertex 11.134227418732241 1.096625683768755 4.050390625
      vertex 10.973124956882163 2.182690262726239 4.073828125
      vertex 10.973124956882163 2.182690262726239 4.20859375
    endloop
  endfacet
  facet normal 0.9987954562051723 0.049067674327418785 0
    outer loop
      vertex 11.188101183952089 0 4.16171875
      vertex 11.134227418732241 1.096625683768755 4.9609375
      vertex 11.188101183952089 0 4.9375
    endloop
  endfacet
  facet normal 0.9987954562051723 0.04906767432741878 0
    outer loop
      vertex 11.188101183952089 0 4.16171875
      vertex 11.134227418732241 1.096625683768755 4.18515625
      vertex 11.134227418732241 1.096625683768755 4.9609375
    endloop
  endfacet
  facet normal 0.989176509964781 0.1467304744553617 0
    outer loop
      vertex 11.134227418732241 1.096625683768755 4.18515625
      vertex 10.973124956882163 2.182690262726239 4.20859375
      vertex 10.973124956882163 2.182690262726239 4.984375
    endloop
  endfacet
  facet normal 0.989176509964781 0.14673047445536166 0
    outer loop
      vertex 11.134227418732241 1.096625683768755 4.18515625
      vertex 10.973124956882163 2.182690262726239 4.984375
      vertex 11.134227418732241 1.096625683768755 4.9609375
    endloop
  endfacet
  facet normal 0.9700312531945443 0.2429801799032626 0
    outer loop
      vertex 10.973124956882163 2.182690262726239 4.019921875
      vertex 10.973124956882163 2.182690262726239 4
      vertex 10.706345303177036 3.2477343412738002 4.043359375
    endloop
  endfacet
  facet normal 0.9700312531945444 0.24298017990326254 0
    outer loop
      vertex 10.973124956882163 2.182690262726239 4.019921875
      vertex 10.706345303177036 3.2477343412738002 4.097265625
      vertex 10.973124956882163 2.182690262726239 4.073828125
    endloop
  endfacet
  facet normal 0.9700312531945444 0.2429801799032626 0
    outer loop
      vertex 10.973124956882163 2.182690262726239 4.073828125
      vertex 10.706345303177036 3.2477343412738002 4.23203125
      vertex 10.973124956882163 2.182690262726239 4.20859375
    endloop
  endfacet
  facet normal 0.9415440651830201 0.3368898533922217 0
    outer loop
      vertex 10.336457691518628 4.28150096272271 4.066796875
      vertex 10.706345303177036 3.2477343412738002 4.043359375
      vertex 10.706345303177036 3.2477343412738002 4
    endloop
  endfacet
  facet normal 0.9700312531945444 0.24298017990326257 0
    outer loop
      vertex 10.706345303177036 3.2477343412738002 4.043359375
      vertex 10.973124956882163 2.182690262726239 4
      vertex 10.706345303177036 3.2477343412738002 4
    endloop
  endfacet
  facet normal 0.9700312531945444 0.24298017990326254 0
    outer loop
      vertex 10.973124956882163 2.182690262726239 4.019921875
      vertex 10.706345303177036 3.2477343412738002 4.043359375
      vertex 10.706345303177036 3.2477343412738002 4.097265625
    endloop
  endfacet
  facet normal 0.9415440651830201 0.3368898533922217 0
    outer loop
      vertex 10.336457691518628 4.28150096272271 4.120703125
      vertex 10.706345303177036 3.2477343412738002 4.097265625
      vertex 10.706345303177036 3.2477343412738002 4.043359375
    endloop
  endfacet
  facet normal 0.9415440651830201 0.33688985339222166 0
    outer loop
      vertex 10.336457691518628 4.28150096272271 4.25546875
      vertex 10.706345303177036 3.2477343412738002 4.23203125
      vertex 10.706345303177036 3.2477343412738002 4.097265625
    endloop
  endfacet
  facet normal 0.9700312531945444 0.2429801799032626 0
    outer loop
      vertex 10.973124956882163 2.182690262726239 4.073828125
      vertex 10.706345303177036 3.2477343412738002 4.097265625
      vertex 10.706345303177036 3.2477343412738002 4.23203125
    endloop
  endfacet
  facet normal 0.9700312531945443 0.24298017990326254 0
    outer loop
      vertex 10.973124956882163 2.182690262726239 4.20859375
      vertex 10.706345303177036 3.2477343412738002 5.0078125
      vertex 10.973124956882163 2.182690262726239 4.984375
    endloop
  endfacet
  facet normal 0.9700312531945443 0.2429801799032626 0
    outer loop
      vertex 10.973124956882163 2.182690262726239 4.20859375
      vertex 10.706345303177036 3.2477343412738002 4.23203125
      vertex 10.706345303177036 3.2477343412738002 5.0078125
    endloop
  endfacet
  facet normal 0.9415440651830203 0.3368898533922217 0
    outer loop
      vertex 10.706345303177036 3.2477343412738002 4.23203125
      vertex 10.336457691518628 4.28150096272271 5.03125
      vertex 10.706345303177036 3.2477343412738002 5.0078125
    endloop
  endfacet
  facet normal 0.7409511253549589 0.6715589548470188 0
    outer loop
      vertex 8.64851916847498 7.097656253642536 4.00234375
      vertex 8.64851916847498 7.097656253642536 4
      vertex 7.9111822157737635 7.9111822157737635 4.02578125
    endloop
  endfacet
  facet normal 0.7409511253549589 0.6715589548470188 0
    outer loop
      vertex 8.64851916847498 7.097656253642536 4.00234375
      vertex 7.9111822157737635 7.9111822157737635 4.160546875
      vertex 8.64851916847498 7.097656253642536 4.137109375
    endloop
  endfacet
  facet normal 0.7409511253549588 0.6715589548470187 0
    outer loop
      vertex 8.64851916847498 7.097656253642536 4.137109375
      vertex 7.9111822157737635 7.9111822157737635 4.214453125
      vertex 8.64851916847498 7.097656253642536 4.191015625
    endloop
  endfacet
  facet normal 0.7409511253549589 0.6715589548470188 0
    outer loop
      vertex 8.64851916847498 7.097656253642536 4.191015625
      vertex 7.9111822157737635 7.9111822157737635 4.34921875
      vertex 8.64851916847498 7.097656253642536 4.32578125
    endloop
  endfacet
  facet normal 0.8032075314806458 0.595699304492432 0
    outer loop
      vertex 8.64851916847498 7.097656253642536 4.137109375
      vertex 9.30256615382229 6.215775981815149 4.113671875
      vertex 9.30256615382229 6.215775981815149 4
    endloop
  endfacet
  facet normal 0.8032075314806458 0.5956993044924321 0
    outer loop
      vertex 8.64851916847498 7.097656253642536 4.191015625
      vertex 9.30256615382229 6.215775981815149 4.167578125
      vertex 9.30256615382229 6.215775981815149 4.113671875
    endloop
  endfacet
  facet normal 0.8032075314806458 0.595699304492432 0
    outer loop
      vertex 8.64851916847498 7.097656253642536 4.32578125
      vertex 9.30256615382229 6.215775981815149 4.30234375
      vertex 9.30256615382229 6.215775981815149 4.167578125
    endloop
  endfacet
  facet normal 0.8032075314806457 0.595699304492432 0
    outer loop
      vertex 8.64851916847498 7.097656253642536 4.00234375
      vertex 9.30256615382229 6.215775981815149 4
      vertex 8.64851916847498 7.097656253642536 4
    endloop
  endfacet
  facet normal 0.8032075314806458 0.595699304492432 0
    outer loop
      vertex 8.64851916847498 7.097656253642536 4.00234375
      vertex 8.64851916847498 7.097656253642536 4.137109375
      vertex 9.30256615382229 6.215775981815149 4
    endloop
  endfacet
  facet normal 0.8032075314806458 0.5956993044924321 0
    outer loop
      vertex 8.64851916847498 7.097656253642536 4.137109375
      vertex 8.64851916847498 7.097656253642536 4.191015625
      vertex 9.30256615382229 6.215775981815149 4.113671875
    endloop
  endfacet
  facet normal 0.8032075314806458 0.595699304492432 0
    outer loop
      vertex 8.64851916847498 7.097656253642536 4.191015625
      vertex 8.64851916847498 7.097656253642536 4.32578125
      vertex 9.30256615382229 6.215775981815149 4.167578125
    endloop
  endfacet
  facet normal 0.7409511253549588 0.6715589548470187 0
    outer loop
      vertex 8.64851916847498 7.097656253642536 4.32578125
      vertex 7.9111822157737635 7.9111822157737635 5.125
      vertex 8.64851916847498 7.097656253642536 5.1015625
    endloop
  endfacet
  facet normal 0.8032075314806458 0.5956993044924321 0
    outer loop
      vertex 8.64851916847498 7.097656253642536 5.1015625
      vertex 9.30256615382229 6.215775981815149 5.078125
      vertex 9.30256615382229 6.215775981815149 4.30234375
    endloop
  endfacet
  facet normal 0.8032075314806458 0.5956993044924321 0
    outer loop
      vertex 8.64851916847498 7.097656253642536 4.32578125
      vertex 8.64851916847498 7.097656253642536 5.1015625
      vertex 9.30256615382229 6.215775981815149 4.30234375
    endloop
  endfacet
  facet normal 0.9039892931234439 0.42755509343028064 0
    outer loop
      vertex 10.336457691518628 4.28150096272271 4.066796875
      vertex 10.336457691518628 4.28150096272271 4
      vertex 9.867024341808355 5.274034389394095 4.090234375
    endloop
  endfacet
  facet normal 0.903989293123444 0.4275550934302807 0
    outer loop
      vertex 10.336457691518628 4.28150096272271 4.066796875
      vertex 9.867024341808355 5.274034389394095 4.144140625
      vertex 10.336457691518628 4.28150096272271 4.120703125
    endloop
  endfacet
  facet normal 0.903989293123444 0.42755509343028064 0
    outer loop
      vertex 10.336457691518628 4.28150096272271 4.120703125
      vertex 9.867024341808355 5.274034389394095 4.27890625
      vertex 10.336457691518628 4.28150096272271 4.25546875
    endloop
  endfacet
  facet normal 0.903989293123444 0.4275550934302807 0
    outer loop
      vertex 9.867024341808355 5.274034389394095 4.090234375
      vertex 10.336457691518628 4.28150096272271 4
      vertex 9.867024341808355 5.274034389394095 4
    endloop
  endfacet
  facet normal 0.8577286100002717 0.5141027441932222 0
    outer loop
      vertex 9.867024341808355 5.274034389394095 4.090234375
      vertex 9.867024341808355 5.274034389394095 4
      vertex 9.30256615382229 6.215775981815149 4.113671875
    endloop
  endfacet
  facet normal 0.8577286100002718 0.5141027441932222 0
    outer loop
      vertex 9.867024341808355 5.274034389394095 4.090234375
      vertex 9.30256615382229 6.215775981815149 4.167578125
      vertex 9.867024341808355 5.274034389394095 4.144140625
    endloop
  endfacet
  facet normal 0.8577286100002717 0.5141027441932223 0
    outer loop
      vertex 9.867024341808355 5.274034389394095 4.144140625
      vertex 9.30256615382229 6.215775981815149 4.30234375
      vertex 9.867024341808355 5.274034389394095 4.27890625
    endloop
  endfacet
  facet normal 0.903989293123444 0.4275550934302806 0
    outer loop
      vertex 10.336457691518628 4.28150096272271 4.066796875
      vertex 9.867024341808355 5.274034389394095 4.090234375
      vertex 9.867024341808355 5.274034389394095 4.144140625
    endloop
  endfacet
  facet normal 0.903989293123444 0.42755509343028064 0
    outer loop
      vertex 10.336457691518628 4.28150096272271 4.120703125
      vertex 9.867024341808355 5.274034389394095 4.144140625
      vertex 9.867024341808355 5.274034389394095 4.27890625
    endloop
  endfacet
  facet normal 0.9415440651830203 0.33688985339222177 0
    outer loop
      vertex 10.336457691518628 4.28150096272271 4.066796875
      vertex 10.706345303177036 3.2477343412738002 4
      vertex 10.336457691518628 4.28150096272271 4
    endloop
  endfacet
  facet normal 0.9415440651830201 0.3368898533922217 0
    outer loop
      vertex 10.336457691518628 4.28150096272271 4.066796875
      vertex 10.336457691518628 4.28150096272271 4.120703125
      vertex 10.706345303177036 3.2477343412738002 4.043359375
    endloop
  endfacet
  facet normal 0.9415440651830201 0.33688985339222166 0
    outer loop
      vertex 10.336457691518628 4.28150096272271 4.120703125
      vertex 10.336457691518628 4.28150096272271 4.25546875
      vertex 10.706345303177036 3.2477343412738002 4.097265625
    endloop
  endfacet
  facet normal 0.903989293123444 0.42755509343028064 0
    outer loop
      vertex 10.336457691518628 4.28150096272271 4.25546875
      vertex 9.867024341808355 5.274034389394095 5.0546875
      vertex 10.336457691518628 4.28150096272271 5.03125
    endloop
  endfacet
  facet normal 0.903989293123444 0.42755509343028064 0
    outer loop
      vertex 10.336457691518628 4.28150096272271 4.25546875
      vertex 9.867024341808355 5.274034389394095 4.27890625
      vertex 9.867024341808355 5.274034389394095 5.0546875
    endloop
  endfacet
  facet normal 0.8577286100002717 0.5141027441932223 0
    outer loop
      vertex 9.867024341808355 5.274034389394095 4.27890625
      vertex 9.30256615382229 6.215775981815149 5.078125
      vertex 9.867024341808355 5.274034389394095 5.0546875
    endloop
  endfacet
  facet normal 0.9415440651830203 0.3368898533922217 0
    outer loop
      vertex 10.336457691518628 4.28150096272271 4.25546875
      vertex 10.336457691518628 4.28150096272271 5.03125
      vertex 10.706345303177036 3.2477343412738002 4.23203125
    endloop
  endfacet
  facet normal 0.8577286100002717 0.5141027441932223 0
    outer loop
      vertex 9.30256615382229 6.215775981815149 4.113671875
      vertex 9.867024341808355 5.274034389394095 4
      vertex 9.30256615382229 6.215775981815149 4
    endloop
  endfacet
  facet normal 0.8577286100002718 0.5141027441932222 0
    outer loop
      vertex 9.867024341808355 5.274034389394095 4.090234375
      vertex 9.30256615382229 6.215775981815149 4.113671875
      vertex 9.30256615382229 6.215775981815149 4.167578125
    endloop
  endfacet
  facet normal 0.8577286100002717 0.5141027441932223 0
    outer loop
      vertex 9.867024341808355 5.274034389394095 4.144140625
      vertex 9.30256615382229 6.215775981815149 4.167578125
      vertex 9.30256615382229 6.215775981815149 4.30234375
    endloop
  endfacet
  facet normal 0.8577286100002717 0.5141027441932222 0
    outer loop
      vertex 9.867024341808355 5.274034389394095 4.27890625
      vertex 9.30256615382229 6.215775981815149 4.30234375
      vertex 9.30256615382229 6.215775981815149 5.078125
    endloop
  endfacet
  facet normal 0.6715589548470187 0.7409511253549589 0
    outer loop
      vertex 7.097656253642536 8.64851916847498 4.04921875
      vertex 7.9111822157737635 7.9111822157737635 4.02578125
      vertex 7.9111822157737635 7.9111822157737635 4
    endloop
  endfacet
  facet normal 0.7409511253549588 0.6715589548470187 0
    outer loop
      vertex 7.9111822157737635 7.9111822157737635 4.02578125
      vertex 8.64851916847498 7.097656253642536 4
      vertex 7.9111822157737635 7.9111822157737635 4
    endloop
  endfacet
  facet normal 0.6715589548470188 0.7409511253549588 0
    outer loop
      vertex 7.097656253642536 8.64851916847498 4.183984375
      vertex 7.9111822157737635 7.9111822157737635 4.160546875
      vertex 7.9111822157737635 7.9111822157737635 4.02578125
    endloop
  endfacet
  facet normal 0.6715589548470188 0.7409511253549588 0
    outer loop
      vertex 7.097656253642536 8.64851916847498 4.237890625
      vertex 7.9111822157737635 7.9111822157737635 4.214453125
      vertex 7.9111822157737635 7.9111822157737635 4.160546875
    endloop
  endfacet
  facet normal 0.6715589548470188 0.7409511253549588 0
    outer loop
      vertex 7.097656253642536 8.64851916847498 4.37265625
      vertex 7.9111822157737635 7.9111822157737635 4.34921875
      vertex 7.9111822157737635 7.9111822157737635 4.214453125
    endloop
  endfacet
  facet normal 0.7409511253549588 0.6715589548470188 0
    outer loop
      vertex 8.64851916847498 7.097656253642536 4.00234375
      vertex 7.9111822157737635 7.9111822157737635 4.02578125
      vertex 7.9111822157737635 7.9111822157737635 4.160546875
    endloop
  endfacet
  facet normal 0.7409511253549588 0.6715589548470188 0
    outer loop
      vertex 8.64851916847498 7.097656253642536 4.137109375
      vertex 7.9111822157737635 7.9111822157737635 4.160546875
      vertex 7.9111822157737635 7.9111822157737635 4.214453125
    endloop
  endfacet
  facet normal 0.7409511253549588 0.6715589548470188 0
    outer loop
      vertex 8.64851916847498 7.097656253642536 4.191015625
      vertex 7.9111822157737635 7.9111822157737635 4.214453125
      vertex 7.9111822157737635 7.9111822157737635 4.34921875
    endloop
  endfacet
  facet normal 0.7409511253549588 0.6715589548470187 0
    outer loop
      vertex 8.64851916847498 7.097656253642536 4.32578125
      vertex 7.9111822157737635 7.9111822157737635 4.34921875
      vertex 7.9111822157737635 7.9111822157737635 5.125
    endloop
  endfacet
  facet normal 0.6715589548470187 0.7409511253549588 0
    outer loop
      vertex 7.9111822157737635 7.9111822157737635 4.34921875
      vertex 7.097656253642536 8.64851916847498 5.1484375
      vertex 7.9111822157737635 7.9111822157737635 5.125
    endloop
  endfacet
  facet normal 0 0 1
    outer loop
      vertex 0 2.5 10
      vertex 0.2450428508239015 2.4879618166804924 10
      vertex 0 11.188101183952089 10
    endloop
  endfacet
  facet normal 0 0 1
    outer loop
      vertex 0.2450428508239015 2.4879618166804924 10
      vertex 0.4877258050403207 2.451963201008076 10
      vertex 1.096625683768755 11.134227418732241 10
    endloop
  endfacet
  facet normal 0 0 1
    outer loop
      vertex 0.4877258050403207 2.451963201008076 10
      vertex 0.7257116931361558 2.392350839330522 10
      vertex 2.182690262726239 10.973124956882163 10
    endloop
  endfacet
  facet normal 0 0 1
    outer loop
      vertex 0.7257116931361558 2.392350839330522 10
      vertex 0.9567085809127245 2.309698831278217 10
      vertex 3.2477343412738002 10.706345303177036 10
    endloop
  endfacet
  facet normal 0 0 1
    outer loop
      vertex 1.1784918420649941 2.204803160870888 10
      vertex 4.28150096272271 10.336457691518628 10
      vertex 0.9567085809127245 2.309698831278217 10
    endloop
  endfacet
  facet normal 0 0 1
    outer loop
      vertex 1.1784918420649941 2.204803160870888 10
      vertex 1.3889255825490054 2.078674030756363 10
      vertex 6.215775981815149 9.30256615382229 10
    endloop
  endfacet
  facet normal 0 0 1
    outer loop
      vertex 1.3889255825490054 2.078674030756363 10
      vertex 1.5859832104091138 1.9325261334068424 10
      vertex 7.097656253642536 8.64851916847498 10
    endloop
  endfacet
  facet normal 0 0 1
    outer loop
      vertex 1.1784918420649941 2.204803160870888 10
      vertex 5.274034389394095 9.867024341808355 10
      vertex 4.28150096272271 10.336457691518628 10
    endloop
  endfacet
  facet normal 0 0 1
    outer loop
      vertex 2.5 0 10
      vertex 11.188101183952089 0 10
      vertex 2.4879618166804924 0.2450428508239015 10
    endloop
  endfacet
  facet normal 0 0 1
    outer loop
      vertex 2.4879618166804924 0.2450428508239015 10
      vertex 11.134227418732241 1.096625683768755 10
      vertex 2.451963201008076 0.4877258050403206 10
    endloop
  endfacet
  facet normal 0 0 1
    outer loop
      vertex 2.392350839330522 0.7257116931361558 10
      vertex 10.706345303177036 3.2477343412738002 10
      vertex 2.309698831278217 0.9567085809127245 10
    endloop
  endfacet
  facet normal 0 0 1
    outer loop
      vertex 2.392350839330522 0.7257116931361558 10
      vertex 2.451963201008076 0.4877258050403206 10
      vertex 10.973124956882163 2.182690262726239 10
    endloop
  endfacet
  facet normal 0 0 1
    outer loop
      vertex 1.7677669529663689 1.7677669529663689 10
      vertex 1.9325261334068424 1.5859832104091136 10
      vertex 8.64851916847498 7.097656253642536 10
    endloop
  endfacet
  facet normal 0 0 1
    outer loop
      vertex 2.204803160870888 1.178491842064994 10
      vertex 9.30256615382229 6.215775981815149 10
      vertex 2.078674030756363 1.3889255825490054 10
    endloop
  endfacet
  facet normal 0 0 1
    outer loop
      vertex 2.078674030756363 1.3889255825490054 10
      vertex 8.64851916847498 7.097656253642536 10
      vertex 1.9325261334068424 1.5859832104091136 10
    endloop
  endfacet
  facet normal 0 0 1
    outer loop
      vertex 2.204803160870888 1.178491842064994 10
      vertex 2.309698831278217 0.9567085809127245 10
      vertex 10.336457691518628 4.28150096272271 10
    endloop
  endfacet
  facet normal 0 0 1
    outer loop
      vertex 2.204803160870888 1.178491842064994 10
      vertex 10.336457691518628 4.28150096272271 10
      vertex 9.867024341808355 5.274034389394095 10
    endloop
  endfacet
  facet normal 0 0 1
    outer loop
      vertex 1.7677669529663689 1.7677669529663689 10
      vertex 7.9111822157737635 7.9111822157737635 10
      vertex 1.5859832104091138 1.9325261334068424 10
    endloop
  endfacet
  facet normal 0 0 1
    outer loop
      vertex 1.1784918420649941 2.204803160870888 10
      vertex 6.215775981815149 9.30256615382229 10
      vertex 5.274034389394095 9.867024341808355 10
    endloop
  endfacet
  facet normal 0 0 1
    outer loop
      vertex 1.5859832104091138 1.9325261334068424 10
      vertex 7.9111822157737635 7.9111822157737635 10
      vertex 7.097656253642536 8.64851916847498 10
    endloop
  endfacet
  facet normal 0 0 1
    outer loop
      vertex 1.3889255825490054 2.078674030756363 10
      vertex 7.097656253642536 8.64851916847498 10
      vertex 6.215775981815149 9.30256615382229 10
    endloop
  endfacet
  facet normal 0 0 1
    outer loop
      vertex 1.7677669529663689 1.7677669529663689 10
      vertex 8.64851916847498 7.097656253642536 10
      vertex 7.9111822157737635 7.9111822157737635 10
    endloop
  endfacet
  facet normal 0 0 1
    outer loop
      vertex 2.204803160870888 1.178491842064994 10
      vertex 9.867024341808355 5.274034389394095 10
      vertex 9.30256615382229 6.215775981815149 10
    endloop
  endfacet
  facet normal 0 0 1
    outer loop
      vertex 2.078674030756363 1.3889255825490054 10
      vertex 9.30256615382229 6.215775981815149 10
      vertex 8.64851916847498 7.097656253642536 10
    endloop
  endfacet
  facet normal 0.049067674327418785 0.9987954562051723 0
    outer loop
      vertex 1.096625683768755 11.134227418732241 4.51328125
      vertex 0 11.188101183952089 5.3125
      vertex 1.096625683768755 11.134227418732241 5.2890625
    endloop
  endfacet
  facet normal 0.14673047445536166 0.989176509964781 0
    outer loop
      vertex 2.182690262726239 10.973124956882163 4.48984375
      vertex 1.096625683768755 11.134227418732241 5.2890625
      vertex 2.182690262726239 10.973124956882163 5.265625
    endloop
  endfacet
  facet normal 0.10348133232537791 0.4892025190918459 -0.8660095318034075
    outer loop
      vertex 2.182690262726239 10.973124956882163 5.265625
      vertex 2.341083864193539 11.769423364838765 5.734375
      vertex 3.2477343412738002 10.706345303177036 5.2421875
    endloop
  endfacet
  facet normal 0.15093327338930768 0.4767039309777423 -0.8660095318034072
    outer loop
      vertex 4.28150096272271 10.336457691518628 5.21875
      vertex 3.2477343412738002 10.706345303177036 5.2421875
      vertex 3.483416127053548 11.483284028786507 5.7109375
    endloop
  endfacet
  facet normal 0.13934608370610313 0.4802188665404716 0.866009531803407
    outer loop
      vertex 2.182690262726239 10.973124956882163 6.390625
      vertex 3.2477343412738002 10.706345303177036 6.3671875
      vertex 3.483416127053548 11.483284028786507 5.8984375
    endloop
  endfacet
  facet normal 0.04906767432741878 0.9987954562051724 0
    outer loop
      vertex 0 11.188101183952089 6.4375
      vertex 0 11.188101183952089 6.8125
      vertex 1.096625683768755 11.134227418732241 6.4140625
    endloop
  endfacet
  facet normal 0.04906767432741878 0.9987954562051724 0
    outer loop
      vertex 1.096625683768755 11.134227418732241 6.4140625
      vertex 0 11.188101183952089 6.8125
      vertex 1.096625683768755 11.134227418732241 6.7890625
    endloop
  endfacet
  facet normal 0.14673047445536166 0.9891765099647809 0
    outer loop
      vertex 1.096625683768755 11.134227418732241 6.4140625
      vertex 1.096625683768755 11.134227418732241 6.7890625
      vertex 2.182690262726239 10.973124956882163 6.390625
    endloop
  endfacet
  facet normal 0.14673047445536166 0.9891765099647809 0
    outer loop
      vertex 1.096625683768755 11.134227418732241 6.7890625
      vertex 2.182690262726239 10.973124956882163 6.765625
      vertex 2.182690262726239 10.973124956882163 6.390625
    endloop
  endfacet
  facet normal 0.24298017990326257 0.9700312531945444 0
    outer loop
      vertex 2.182690262726239 10.973124956882163 6.390625
      vertex 2.182690262726239 10.973124956882163 6.765625
      vertex 3.2477343412738002 10.706345303177036 6.3671875
    endloop
  endfacet
  facet normal 0.3368898533922217 0.9415440651830201 0
    outer loop
      vertex 4.28150096272271 10.336457691518628 6.34375
      vertex 3.2477343412738002 10.706345303177036 6.3671875
      vertex 3.2477343412738002 10.706345303177036 6.7421875
    endloop
  endfacet
  facet normal 0.24298017990326257 0.9700312531945444 0
    outer loop
      vertex 2.182690262726239 10.973124956882163 6.765625
      vertex 3.2477343412738002 10.706345303177036 6.7421875
      vertex 3.2477343412738002 10.706345303177036 6.3671875
    endloop
  endfacet
  facet normal 0.10348133232537791 0.4892025190918459 -0.8660095318034075
    outer loop
      vertex 2.182690262726239 10.973124956882163 6.765625
      vertex 2.341083864193539 11.769423364838765 7.234375
      vertex 3.2477343412738002 10.706345303177036 6.7421875
    endloop
  endfacet
  facet normal 0.15093327338930768 0.4767039309777423 -0.8660095318034072
    outer loop
      vertex 4.28150096272271 10.336457691518628 6.71875
      vertex 3.2477343412738002 10.706345303177036 6.7421875
      vertex 3.483416127053548 11.483284028786507 7.2109375
    endloop
  endfacet
  facet normal 0.00605429056051739 0.4999908363074789 -0.8660095318034072
    outer loop
      vertex 0 11.188101183952089 5.3125
      vertex 0 12 5.78125
      vertex 1.096625683768755 11.134227418732241 5.2890625
    endloop
  endfacet
  facet normal 0.00738333163717585 0.5012533199141237 -0.8652690886013464
    outer loop
      vertex 1.096625683768755 11.134227418732241 5.2890625
      vertex 0 12 5.78125
      vertex 1.1762056839547272 11.942216720066362 5.7578125
    endloop
  endfacet
  facet normal 0.05503280946250664 0.4969898195217952 -0.8660095318034073
    outer loop
      vertex 1.096625683768755 11.134227418732241 5.2890625
      vertex 1.1762056839547272 11.942216720066362 5.7578125
      vertex 2.182690262726239 10.973124956882163 5.265625
    endloop
  endfacet
  facet normal 0.049067674327418334 0.9987954562051724 0
    outer loop
      vertex 0 12 5.78125
      vertex 0 12 5.96875
      vertex 1.1762056839547272 11.942216720066362 5.7578125
    endloop
  endfacet
  facet normal 0.049067674327418334 0.9987954562051724 0
    outer loop
      vertex 1.1762056839547272 11.942216720066362 5.7578125
      vertex 0 12 5.96875
      vertex 1.1762056839547272 11.942216720066362 5.9453125
    endloop
  endfacet
  facet normal 0.04178363812140806 0.4995633412254494 0.8652690886013462
    outer loop
      vertex 0 12 5.96875
      vertex 0 11.188101183952089 6.4375
      vertex 1.1762056839547272 11.942216720066362 5.9453125
    endloop
  endfacet
  facet normal 0.14673047445536164 0.989176509964781 0
    outer loop
      vertex 1.1762056839547272 11.942216720066362 5.7578125
      vertex 1.1762056839547272 11.942216720066362 5.9453125
      vertex 2.341083864193539 11.769423364838765 5.734375
    endloop
  endfacet
  facet normal 0.09054820860362225 0.4930622944716725 0.8652690886013463
    outer loop
      vertex 1.1762056839547272 11.942216720066362 5.9453125
      vertex 1.096625683768755 11.134227418732241 6.4140625
      vertex 2.341083864193539 11.769423364838765 5.921875
    endloop
  endfacet
  facet normal 0.0564791958759536 0.4981159551190877 -0.8652690886013464
    outer loop
      vertex 2.182690262726239 10.973124956882163 5.265625
      vertex 1.1762056839547272 11.942216720066362 5.7578125
      vertex 2.341083864193539 11.769423364838765 5.734375
    endloop
  endfacet
  facet normal 0.10503113458377707 0.49018146137837604 -0.8652690886013462
    outer loop
      vertex 3.2477343412738002 10.706345303177036 5.2421875
      vertex 2.341083864193539 11.769423364838765 5.734375
      vertex 3.483416127053548 11.483284028786507 5.7109375
    endloop
  endfacet
  facet normal 0.14673047445536164 0.989176509964781 0
    outer loop
      vertex 1.1762056839547272 11.942216720066362 5.9453125
      vertex 2.341083864193539 11.769423364838765 5.921875
      vertex 2.341083864193539 11.769423364838765 5.734375
    endloop
  endfacet
  facet normal 0.24298017990326343 0.9700312531945441 0
    outer loop
      vertex 2.341083864193539 11.769423364838765 5.734375
      vertex 2.341083864193539 11.769423364838765 5.921875
      vertex 3.483416127053548 11.483284028786507 5.7109375
    endloop
  endfacet
  facet normal 0.09160541419530001 0.4915647860819066 0.8660095318034075
    outer loop
      vertex 2.341083864193539 11.769423364838765 5.921875
      vertex 1.096625683768755 11.134227418732241 6.4140625
      vertex 2.182690262726239 10.973124956882163 6.390625
    endloop
  endfacet
  facet normal 0.13844075033829778 0.48181278828686613 0.8652690886013464
    outer loop
      vertex 2.341083864193539 11.769423364838765 5.921875
      vertex 2.182690262726239 10.973124956882163 6.390625
      vertex 3.483416127053548 11.483284028786507 5.8984375
    endloop
  endfacet
  facet normal 0.24298017990326343 0.9700312531945441 0
    outer loop
      vertex 2.341083864193539 11.769423364838765 5.921875
      vertex 3.483416127053548 11.483284028786507 5.8984375
      vertex 3.483416127053548 11.483284028786507 5.7109375
    endloop
  endfacet
  facet normal 0.042982534469182744 0.4981766680167274 0.8660095318034073
    outer loop
      vertex 1.1762056839547272 11.942216720066362 5.9453125
      vertex 0 11.188101183952089 6.4375
      vertex 1.096625683768755 11.134227418732241 6.4140625
    endloop
  endfacet
  facet normal 0.00605429056051739 0.4999908363074789 -0.8660095318034072
    outer loop
      vertex 0 11.188101183952089 6.8125
      vertex 0 12 7.28125
      vertex 1.096625683768755 11.134227418732241 6.7890625
    endloop
  endfacet
  facet normal 0.00738333163717585 0.5012533199141237 -0.8652690886013464
    outer loop
      vertex 1.096625683768755 11.134227418732241 6.7890625
      vertex 0 12 7.28125
      vertex 1.1762056839547272 11.942216720066362 7.2578125
    endloop
  endfacet
  facet normal 0.049067674327418334 0.9987954562051724 0
    outer loop
      vertex 0 12 7.28125
      vertex 0 12 7.46875
      vertex 1.1762056839547272 11.942216720066362 7.2578125
    endloop
  endfacet
  facet normal 0.049067674327418334 0.9987954562051724 0
    outer loop
      vertex 1.1762056839547272 11.942216720066362 7.2578125
      vertex 0 12 7.46875
      vertex 1.1762056839547272 11.942216720066362 7.4453125
    endloop
  endfacet
  facet normal 0.05503280946250664 0.4969898195217952 -0.8660095318034073
    outer loop
      vertex 1.096625683768755 11.134227418732241 6.7890625
      vertex 1.1762056839547272 11.942216720066362 7.2578125
      vertex 2.182690262726239 10.973124956882163 6.765625
    endloop
  endfacet
  facet normal 0.14673047445536164 0.989176509964781 0
    outer loop
      vertex 1.1762056839547272 11.942216720066362 7.2578125
      vertex 1.1762056839547272 11.942216720066362 7.4453125
      vertex 2.341083864193539 11.769423364838765 7.234375
    endloop
  endfacet
  facet normal 0.0564791958759536 0.4981159551190877 -0.8652690886013464
    outer loop
      vertex 2.182690262726239 10.973124956882163 6.765625
      vertex 1.1762056839547272 11.942216720066362 7.2578125
      vertex 2.341083864193539 11.769423364838765 7.234375
    endloop
  endfacet
  facet normal 0.14673047445536164 0.989176509964781 0
    outer loop
      vertex 1.1762056839547272 11.942216720066362 7.4453125
      vertex 2.341083864193539 11.769423364838765 7.421875
      vertex 2.341083864193539 11.769423364838765 7.234375
    endloop
  endfacet
  facet normal 0.24298017990326343 0.9700312531945441 0
    outer loop
      vertex 2.341083864193539 11.769423364838765 7.234375
      vertex 2.341083864193539 11.769423364838765 7.421875
      vertex 3.483416127053548 11.483284028786507 7.2109375
    endloop
  endfacet
  facet normal 0.10503113458377707 0.49018146137837604 -0.8652690886013462
    outer loop
      vertex 3.2477343412738002 10.706345303177036 6.7421875
      vertex 2.341083864193539 11.769423364838765 7.234375
      vertex 3.483416127053548 11.483284028786507 7.2109375
    endloop
  endfacet
  facet normal 0.24298017990326343 0.9700312531945441 0
    outer loop
      vertex 2.341083864193539 11.769423364838765 7.421875
      vertex 3.483416127053548 11.483284028786507 7.3984375
      vertex 3.483416127053548 11.483284028786507 7.2109375
    endloop
  endfacet
  facet normal 0.15257156604970099 0.4775262522041456 -0.8652690886013463
    outer loop
      vertex 4.28150096272271 10.336457691518628 5.21875
      vertex 3.483416127053548 11.483284028786507 5.7109375
      vertex 4.592201188381077 11.08655439013544 5.6875
    endloop
  endfacet
  facet normal 0.19693164452197495 0.45961442341544695 -0.8660095318034072
    outer loop
      vertex 4.28150096272271 10.336457691518628 5.21875
      vertex 4.592201188381077 11.08655439013544 5.6875
      vertex 5.274034389394095 9.867024341808355 5.1953125
    endloop
  endfacet
  facet normal 0.19864264993046243 0.4602722041787875 -0.8652690886013462
    outer loop
      vertex 5.274034389394095 9.867024341808355 5.1953125
      vertex 4.592201188381077 11.08655439013544 5.6875
      vertex 5.6567608419119715 10.583055172180261 5.6640625
    endloop
  endfacet
  facet normal 0.3368898533922211 0.9415440651830204 0
    outer loop
      vertex 3.483416127053548 11.483284028786507 5.8984375
      vertex 4.592201188381077 11.08655439013544 5.875
      vertex 4.592201188381077 11.08655439013544 5.6875
    endloop
  endfacet
  facet normal 0.1857447742565006 0.4642481767999147 0.8660095318034072
    outer loop
      vertex 4.592201188381077 11.08655439013544 5.875
      vertex 3.2477343412738002 10.706345303177036 6.3671875
      vertex 4.28150096272271 10.336457691518628 6.34375
    endloop
  endfacet
  facet normal 0.18500003196780426 0.4659231615651954 0.8652690886013462
    outer loop
      vertex 3.483416127053548 11.483284028786507 5.8984375
      vertex 3.2477343412738002 10.706345303177036 6.3671875
      vertex 4.592201188381077 11.08655439013544 5.875
    endloop
  endfacet
  facet normal 0.230354641092383 0.44380652333290777 0.8660095318034073
    outer loop
      vertex 5.6567608419119715 10.583055172180261 5.8515625
      vertex 4.28150096272271 10.336457691518628 6.34375
      vertex 5.274034389394095 9.867024341808355 6.3203125
    endloop
  endfacet
  facet normal 0.4275550934302809 0.9039892931234439 0
    outer loop
      vertex 4.592201188381077 11.08655439013544 5.6875
      vertex 4.592201188381077 11.08655439013544 5.875
      vertex 5.6567608419119715 10.583055172180261 5.6640625
    endloop
  endfacet
  facet normal 0.4275550934302809 0.9039892931234439 0
    outer loop
      vertex 5.6567608419119715 10.583055172180261 5.6640625
      vertex 4.592201188381077 11.08655439013544 5.875
      vertex 5.6567608419119715 10.583055172180261 5.8515625
    endloop
  endfacet
  facet normal 0.22977766215815398 0.4455464400981436 0.8652690886013463
    outer loop
      vertex 5.6567608419119715 10.583055172180261 5.8515625
      vertex 4.592201188381077 11.08655439013544 5.875
      vertex 4.28150096272271 10.336457691518628 6.34375
    endloop
  endfacet
  facet normal 0.28281398406013136 0.4123636032019306 -0.8660095318034071
    outer loop
      vertex 7.097656253642536 8.64851916847498 5.1484375
      vertex 6.215775981815149 9.30256615382229 5.171875
      vertex 6.666842796235226 9.977635347630542 5.640625
    endloop
  endfacet
  facet normal 0.28462043964040246 0.41267494429623425 -0.865269088601346
    outer loop
      vertex 7.097656253642536 8.64851916847498 5.1484375
      vertex 6.666842796235226 9.977635347630542 5.640625
      vertex 7.612719409963746 9.276125440352844 5.6171875
    endloop
  endfacet
  facet normal 0.31251079880585386 0.3903389443232264 0.866009531803407
    outer loop
      vertex 7.097656253642536 8.64851916847498 6.2734375
      vertex 7.612719409963746 9.276125440352844 5.8046875
      vertex 6.215775981815149 9.30256615382229 6.296875
    endloop
  endfacet
  facet normal 0.24103345626411088 0.43809857770485894 -0.8660095318034072
    outer loop
      vertex 5.274034389394095 9.867024341808355 5.1953125
      vertex 5.6567608419119715 10.583055172180261 5.6640625
      vertex 6.215775981815149 9.30256615382229 5.171875
    endloop
  endfacet
  facet normal 0.2428006965032776 0.43858548321680585 -0.8652690886013461
    outer loop
      vertex 5.6567608419119715 10.583055172180261 5.6640625
      vertex 6.666842796235226 9.977635347630542 5.640625
      vertex 6.215775981815149 9.30256615382229 5.171875
    endloop
  endfacet
  facet normal 0.5141027441932224 0.8577286100002716 0
    outer loop
      vertex 5.6567608419119715 10.583055172180261 5.8515625
      vertex 6.666842796235226 9.977635347630542 5.828125
      vertex 6.666842796235226 9.977635347630542 5.640625
    endloop
  endfacet
  facet normal 0.2727460668098922 0.41909077043687964 0.8660095318034071
    outer loop
      vertex 5.274034389394095 9.867024341808355 6.3203125
      vertex 6.215775981815149 9.30256615382229 6.296875
      vertex 6.666842796235226 9.977635347630542 5.828125
    endloop
  endfacet
  facet normal 0.2723424078526758 0.42087886285248677 0.8652690886013462
    outer loop
      vertex 5.6567608419119715 10.583055172180261 5.8515625
      vertex 5.274034389394095 9.867024341808355 6.3203125
      vertex 6.666842796235226 9.977635347630542 5.828125
    endloop
  endfacet
  facet normal 0.5141027441932225 0.8577286100002716 0
    outer loop
      vertex 5.6567608419119715 10.583055172180261 5.6640625
      vertex 5.6567608419119715 10.583055172180261 5.8515625
      vertex 6.666842796235226 9.977635347630542 5.640625
    endloop
  endfacet
  facet normal 0.5956993044924325 0.8032075314806455 0
    outer loop
      vertex 6.666842796235226 9.977635347630542 5.640625
      vertex 6.666842796235226 9.977635347630542 5.828125
      vertex 7.612719409963746 9.276125440352844 5.6171875
    endloop
  endfacet
  facet normal 0.5956993044924325 0.8032075314806455 0
    outer loop
      vertex 6.666842796235226 9.977635347630542 5.828125
      vertex 7.612719409963746 9.276125440352844 5.8046875
      vertex 7.612719409963746 9.276125440352844 5.6171875
    endloop
  endfacet
  facet normal 0.31228434728207055 0.3921579920817717 0.8652690886013462
    outer loop
      vertex 6.666842796235226 9.977635347630542 5.828125
      vertex 6.215775981815149 9.30256615382229 6.296875
      vertex 7.612719409963746 9.276125440352844 5.8046875
    endloop
  endfacet
  facet normal 0.42755509343028064 0.903989293123444 0
    outer loop
      vertex 4.28150096272271 10.336457691518628 6.34375
      vertex 4.28150096272271 10.336457691518628 6.71875
      vertex 5.274034389394095 9.867024341808355 6.3203125
    endloop
  endfacet
  facet normal 0.3368898533922217 0.9415440651830201 0
    outer loop
      vertex 4.28150096272271 10.336457691518628 6.34375
      vertex 3.2477343412738002 10.706345303177036 6.7421875
      vertex 4.28150096272271 10.336457691518628 6.71875
    endloop
  endfacet
  facet normal 0.5141027441932223 0.8577286100002717 0
    outer loop
      vertex 5.274034389394095 9.867024341808355 6.3203125
      vertex 5.274034389394095 9.867024341808355 6.6953125
      vertex 6.215775981815149 9.30256615382229 6.296875
    endloop
  endfacet
  facet normal 0.42755509343028064 0.903989293123444 0
    outer loop
      vertex 4.28150096272271 10.336457691518628 6.71875
      vertex 5.274034389394095 9.867024341808355 6.6953125
      vertex 5.274034389394095 9.867024341808355 6.3203125
    endloop
  endfacet
  facet normal 0.19693164452197495 0.45961442341544695 -0.8660095318034072
    outer loop
      vertex 4.28150096272271 10.336457691518628 6.71875
      vertex 4.592201188381077 11.08655439013544 7.1875
      vertex 5.274034389394095 9.867024341808355 6.6953125
    endloop
  endfacet
  facet normal 0.15257156604970099 0.4775262522041456 -0.8652690886013463
    outer loop
      vertex 4.28150096272271 10.336457691518628 6.71875
      vertex 3.483416127053548 11.483284028786507 7.2109375
      vertex 4.592201188381077 11.08655439013544 7.1875
    endloop
  endfacet
  facet normal 0.3368898533922211 0.9415440651830204 0
    outer loop
      vertex 3.483416127053548 11.483284028786507 7.3984375
      vertex 4.592201188381077 11.08655439013544 7.375
      vertex 4.592201188381077 11.08655439013544 7.1875
    endloop
  endfacet
  facet normal 0.19864264993046243 0.4602722041787875 -0.8652690886013462
    outer loop
      vertex 5.274034389394095 9.867024341808355 6.6953125
      vertex 4.592201188381077 11.08655439013544 7.1875
      vertex 5.6567608419119715 10.583055172180261 7.1640625
    endloop
  endfacet
  facet normal 0.4275550934302809 0.9039892931234439 0
    outer loop
      vertex 4.592201188381077 11.08655439013544 7.1875
      vertex 4.592201188381077 11.08655439013544 7.375
      vertex 5.6567608419119715 10.583055172180261 7.1640625
    endloop
  endfacet
  facet normal 0.4275550934302809 0.9039892931234439 0
    outer loop
      vertex 5.6567608419119715 10.583055172180261 7.1640625
      vertex 4.592201188381077 11.08655439013544 7.375
      vertex 5.6567608419119715 10.583055172180261 7.3515625
    endloop
  endfacet
  facet normal 0.5956993044924321 0.8032075314806458 0
    outer loop
      vertex 7.097656253642536 8.64851916847498 6.2734375
      vertex 6.215775981815149 9.30256615382229 6.296875
      vertex 6.215775981815149 9.30256615382229 6.671875
    endloop
  endfacet
  facet normal 0.6715589548470188 0.7409511253549588 0
    outer loop
      vertex 7.097656253642536 8.64851916847498 6.2734375
      vertex 7.097656253642536 8.64851916847498 6.6484375
      vertex 7.9111822157737635 7.9111822157737635 6.25
    endloop
  endfacet
  facet normal 0.5956993044924321 0.8032075314806458 0
    outer loop
      vertex 7.097656253642536 8.64851916847498 6.2734375
      vertex 6.215775981815149 9.30256615382229 6.671875
      vertex 7.097656253642536 8.64851916847498 6.6484375
    endloop
  endfacet
  facet normal 0.28281398406013136 0.4123636032019306 -0.8660095318034071
    outer loop
      vertex 7.097656253642536 8.64851916847498 6.6484375
      vertex 6.215775981815149 9.30256615382229 6.671875
      vertex 6.666842796235226 9.977635347630542 7.140625
    endloop
  endfacet
  facet normal 0.28462043964040246 0.41267494429623425 -0.865269088601346
    outer loop
      vertex 7.097656253642536 8.64851916847498 6.6484375
      vertex 6.666842796235226 9.977635347630542 7.140625
      vertex 7.612719409963746 9.276125440352844 7.1171875
    endloop
  endfacet
  facet normal 0.5141027441932223 0.8577286100002717 0
    outer loop
      vertex 5.274034389394095 9.867024341808355 6.6953125
      vertex 6.215775981815149 9.30256615382229 6.671875
      vertex 6.215775981815149 9.30256615382229 6.296875
    endloop
  endfacet
  facet normal 0.24103345626411088 0.43809857770485894 -0.8660095318034072
    outer loop
      vertex 5.274034389394095 9.867024341808355 6.6953125
      vertex 5.6567608419119715 10.583055172180261 7.1640625
      vertex 6.215775981815149 9.30256615382229 6.671875
    endloop
  endfacet
  facet normal 0.2428006965032777 0.43858548321680585 -0.8652690886013461
    outer loop
      vertex 6.215775981815149 9.30256615382229 6.671875
      vertex 5.6567608419119715 10.583055172180261 7.1640625
      vertex 6.666842796235226 9.977635347630542 7.140625
    endloop
  endfacet
  facet normal 0.5141027441932224 0.8577286100002716 0
    outer loop
      vertex 5.6567608419119715 10.583055172180261 7.3515625
      vertex 6.666842796235226 9.977635347630542 7.328125
      vertex 6.666842796235226 9.977635347630542 7.140625
    endloop
  endfacet
  facet normal 0.5141027441932225 0.8577286100002716 0
    outer loop
      vertex 5.6567608419119715 10.583055172180261 7.1640625
      vertex 5.6567608419119715 10.583055172180261 7.3515625
      vertex 6.666842796235226 9.977635347630542 7.140625
    endloop
  endfacet
  facet normal 0.5956993044924325 0.8032075314806455 0
    outer loop
      vertex 6.666842796235226 9.977635347630542 7.140625
      vertex 6.666842796235226 9.977635347630542 7.328125
      vertex 7.612719409963746 9.276125440352844 7.1171875
    endloop
  endfacet
  facet normal 0.31228434728207055 0.3921579920817717 0.8652690886013462
    outer loop
      vertex 6.666842796235226 9.977635347630542 7.328125
      vertex 6.215775981815149 9.30256615382229 7.796875
      vertex 7.612719409963746 9.276125440352844 7.3046875
    endloop
  endfacet
  facet normal 0.5956993044924325 0.8032075314806455 0
    outer loop
      vertex 6.666842796235226 9.977635347630542 7.328125
      vertex 7.612719409963746 9.276125440352844 7.3046875
      vertex 7.612719409963746 9.276125440352844 7.1171875
    endloop
  endfacet
  facet normal 0.3368898533922211 0.9415440651830204 0
    outer loop
      vertex 3.483416127053548 11.483284028786507 5.7109375
      vertex 3.483416127053548 11.483284028786507 5.8984375
      vertex 4.592201188381077 11.08655439013544 5.6875
    endloop
  endfacet
  facet normal 0.3368898533922211 0.9415440651830204 0
    outer loop
      vertex 3.483416127053548 11.483284028786507 7.2109375
      vertex 3.483416127053548 11.483284028786507 7.3984375
      vertex 4.592201188381077 11.08655439013544 7.1875
    endloop
  endfacet
  facet normal 0.04906767432741878 0.9987954562051724 0
    outer loop
      vertex 0 11.188101183952089 7.9375
      vertex 0 11.188101183952089 8.3125
      vertex 1.096625683768755 11.134227418732241 7.9140625
    endloop
  endfacet
  facet normal 0.14673047445536166 0.9891765099647809 0
    outer loop
      vertex 1.096625683768755 11.134227418732241 7.9140625
      vertex 1.096625683768755 11.134227418732241 8.2890625
      vertex 2.182690262726239 10.973124956882163 7.890625
    endloop
  endfacet
  facet normal 0.04906767432741878 0.9987954562051724 0
    outer loop
      vertex 1.096625683768755 11.134227418732241 7.9140625
      vertex 0 11.188101183952089 8.3125
      vertex 1.096625683768755 11.134227418732241 8.2890625
    endloop
  endfacet
  facet normal 0.14673047445536166 0.9891765099647809 0
    outer loop
      vertex 1.096625683768755 11.134227418732241 8.2890625
      vertex 2.182690262726239 10.973124956882163 8.265625
      vertex 2.182690262726239 10.973124956882163 7.890625
    endloop
  endfacet
  facet normal 0.24298017990326257 0.9700312531945444 0
    outer loop
      vertex 2.182690262726239 10.973124956882163 7.890625
      vertex 2.182690262726239 10.973124956882163 8.265625
      vertex 3.2477343412738002 10.706345303177036 7.8671875
    endloop
  endfacet
  facet normal 0.13934608370610313 0.4802188665404716 0.866009531803407
    outer loop
      vertex 2.182690262726239 10.973124956882163 7.890625
      vertex 3.2477343412738002 10.706345303177036 7.8671875
      vertex 3.483416127053548 11.483284028786507 7.3984375
    endloop
  endfacet
  facet normal 0.3368898533922217 0.9415440651830201 0
    outer loop
      vertex 4.28150096272271 10.336457691518628 7.84375
      vertex 3.2477343412738002 10.706345303177036 7.8671875
      vertex 3.2477343412738002 10.706345303177036 8.2421875
    endloop
  endfacet
  facet normal 0.10348133232537791 0.4892025190918459 -0.8660095318034075
    outer loop
      vertex 2.182690262726239 10.973124956882163 8.265625
      vertex 2.341083864193539 11.769423364838765 8.734375
      vertex 3.2477343412738002 10.706345303177036 8.2421875
    endloop
  endfacet
  facet normal 0.24298017990326257 0.9700312531945444 0
    outer loop
      vertex 2.182690262726239 10.973124956882163 8.265625
      vertex 3.2477343412738002 10.706345303177036 8.2421875
      vertex 3.2477343412738002 10.706345303177036 7.8671875
    endloop
  endfacet
  facet normal 0.15093327338930768 0.4767039309777423 -0.8660095318034072
    outer loop
      vertex 4.28150096272271 10.336457691518628 8.21875
      vertex 3.2477343412738002 10.706345303177036 8.2421875
      vertex 3.483416127053548 11.483284028786507 8.7109375
    endloop
  endfacet
  facet normal 0 0 1
    outer loop
      vertex 0.2450428508239015 2.4879618166804924 10
      vertex 1.096625683768755 11.134227418732241 10
      vertex 0 11.188101183952089 10
    endloop
  endfacet
  facet normal 0 0 1
    outer loop
      vertex 0.4877258050403207 2.451963201008076 10
      vertex 2.182690262726239 10.973124956882163 10
      vertex 1.096625683768755 11.134227418732241 10
    endloop
  endfacet
  facet normal 0.04906767432741878 0.9987954562051724 0
    outer loop
      vertex 0 11.188101183952089 9.4375
      vertex 0 11.188101183952089 10
      vertex 1.096625683768755 11.134227418732241 9.4140625
    endloop
  endfacet
  facet normal 0.04906767432741878 0.9987954562051723 0
    outer loop
      vertex 1.096625683768755 11.134227418732241 9.4140625
      vertex 0 11.188101183952089 10
      vertex 1.096625683768755 11.134227418732241 10
    endloop
  endfacet
  facet normal 0.14673047445536166 0.989176509964781 0
    outer loop
      vertex 1.096625683768755 11.134227418732241 9.4140625
      vertex 1.096625683768755 11.134227418732241 10
      vertex 2.182690262726239 10.973124956882163 9.390625
    endloop
  endfacet
  facet normal 0.14673047445536166 0.989176509964781 0
    outer loop
      vertex 1.096625683768755 11.134227418732241 10
      vertex 2.182690262726239 10.973124956882163 10
      vertex 2.182690262726239 10.973124956882163 9.390625
    endloop
  endfacet
  facet normal 0 0 1
    outer loop
      vertex 0.7257116931361558 2.392350839330522 10
      vertex 3.2477343412738002 10.706345303177036 10
      vertex 2.182690262726239 10.973124956882163 10
    endloop
  endfacet
  facet normal 0 0 1
    outer loop
      vertex 0.9567085809127245 2.309698831278217 10
      vertex 4.28150096272271 10.336457691518628 10
      vertex 3.2477343412738002 10.706345303177036 10
    endloop
  endfacet
  facet normal 0.13934608370610313 0.4802188665404716 0.866009531803407
    outer loop
      vertex 2.182690262726239 10.973124956882163 9.390625
      vertex 3.2477343412738002 10.706345303177036 9.3671875
      vertex 3.483416127053548 11.483284028786507 8.8984375
    endloop
  endfacet
  facet normal 0.24298017990326254 0.9700312531945443 0
    outer loop
      vertex 2.182690262726239 10.973124956882163 9.390625
      vertex 2.182690262726239 10.973124956882163 10
      vertex 3.2477343412738002 10.706345303177036 9.3671875
    endloop
  endfacet
  facet normal 0.33688985339222166 0.9415440651830201 0
    outer loop
      vertex 4.28150096272271 10.336457691518628 9.34375
      vertex 3.2477343412738002 10.706345303177036 9.3671875
      vertex 3.2477343412738002 10.706345303177036 10
    endloop
  endfacet
  facet normal 0.24298017990326257 0.9700312531945443 0
    outer loop
      vertex 2.182690262726239 10.973124956882163 10
      vertex 3.2477343412738002 10.706345303177036 10
      vertex 3.2477343412738002 10.706345303177036 9.3671875
    endloop
  endfacet
  facet normal 0.04178363812140806 0.4995633412254494 0.8652690886013462
    outer loop
      vertex 0 12 7.46875
      vertex 0 11.188101183952089 7.9375
      vertex 1.1762056839547272 11.942216720066362 7.4453125
    endloop
  endfacet
  facet normal 0.042982534469182744 0.4981766680167274 0.8660095318034073
    outer loop
      vertex 1.1762056839547272 11.942216720066362 7.4453125
      vertex 0 11.188101183952089 7.9375
      vertex 1.096625683768755 11.134227418732241 7.9140625
    endloop
  endfacet
  facet normal 0.09054820860362225 0.4930622944716725 0.8652690886013463
    outer loop
      vertex 1.1762056839547272 11.942216720066362 7.4453125
      vertex 1.096625683768755 11.134227418732241 7.9140625
      vertex 2.341083864193539 11.769423364838765 7.421875
    endloop
  endfacet
  facet normal 0.00605429056051739 0.4999908363074789 -0.8660095318034072
    outer loop
      vertex 0 11.188101183952089 8.3125
      vertex 0 12 8.78125
      vertex 1.096625683768755 11.134227418732241 8.2890625
    endloop
  endfacet
  facet normal 0.00738333163717585 0.5012533199141237 -0.8652690886013464
    outer loop
      vertex 1.096625683768755 11.134227418732241 8.2890625
      vertex 0 12 8.78125
      vertex 1.1762056839547272 11.942216720066362 8.7578125
    endloop
  endfacet
  facet normal 0.05503280946250664 0.4969898195217952 -0.8660095318034073
    outer loop
      vertex 1.096625683768755 11.134227418732241 8.2890625
      vertex 1.1762056839547272 11.942216720066362 8.7578125
      vertex 2.182690262726239 10.973124956882163 8.265625
    endloop
  endfacet
  facet normal 0.09160541419530001 0.4915647860819066 0.8660095318034075
    outer loop
      vertex 2.341083864193539 11.769423364838765 7.421875
      vertex 1.096625683768755 11.134227418732241 7.9140625
      vertex 2.182690262726239 10.973124956882163 7.890625
    endloop
  endfacet
  facet normal 0.13844075033829778 0.48181278828686613 0.8652690886013464
    outer loop
      vertex 2.341083864193539 11.769423364838765 7.421875
      vertex 2.182690262726239 10.973124956882163 7.890625
      vertex 3.483416127053548 11.483284028786507 7.3984375
    endloop
  endfacet
  facet normal 0.0564791958759536 0.4981159551190877 -0.8652690886013464
    outer loop
      vertex 2.182690262726239 10.973124956882163 8.265625
      vertex 1.1762056839547272 11.942216720066362 8.7578125
      vertex 2.341083864193539 11.769423364838765 8.734375
    endloop
  endfacet
  facet normal 0.10503113458377707 0.49018146137837604 -0.8652690886013462
    outer loop
      vertex 3.2477343412738002 10.706345303177036 8.2421875
      vertex 2.341083864193539 11.769423364838765 8.734375
      vertex 3.483416127053548 11.483284028786507 8.7109375
    endloop
  endfacet
  facet normal 0.049067674327418334 0.9987954562051724 0
    outer loop
      vertex 0 12 8.78125
      vertex 0 12 8.96875
      vertex 1.1762056839547272 11.942216720066362 8.7578125
    endloop
  endfacet
  facet normal 0.049067674327418334 0.9987954562051724 0
    outer loop
      vertex 1.1762056839547272 11.942216720066362 8.7578125
      vertex 0 12 8.96875
      vertex 1.1762056839547272 11.942216720066362 8.9453125
    endloop
  endfacet
  facet normal 0.04178363812140806 0.4995633412254494 0.8652690886013462
    outer loop
      vertex 0 12 8.96875
      vertex 0 11.188101183952089 9.4375
      vertex 1.1762056839547272 11.942216720066362 8.9453125
    endloop
  endfacet
  facet normal 0.042982534469182744 0.4981766680167274 0.8660095318034073
    outer loop
      vertex 1.1762056839547272 11.942216720066362 8.9453125
      vertex 0 11.188101183952089 9.4375
      vertex 1.096625683768755 11.134227418732241 9.4140625
    endloop
  endfacet
  facet normal 0.14673047445536164 0.989176509964781 0
    outer loop
      vertex 1.1762056839547272 11.942216720066362 8.7578125
      vertex 1.1762056839547272 11.942216720066362 8.9453125
      vertex 2.341083864193539 11.769423364838765 8.734375
    endloop
  endfacet
  facet normal 0.09054820860362225 0.4930622944716725 0.8652690886013463
    outer loop
      vertex 1.1762056839547272 11.942216720066362 8.9453125
      vertex 1.096625683768755 11.134227418732241 9.4140625
      vertex 2.341083864193539 11.769423364838765 8.921875
    endloop
  endfacet
  facet normal 0.14673047445536164 0.989176509964781 0
    outer loop
      vertex 1.1762056839547272 11.942216720066362 8.9453125
      vertex 2.341083864193539 11.769423364838765 8.921875
      vertex 2.341083864193539 11.769423364838765 8.734375
    endloop
  endfacet
  facet normal 0.24298017990326343 0.9700312531945441 0
    outer loop
      vertex 2.341083864193539 11.769423364838765 8.734375
      vertex 2.341083864193539 11.769423364838765 8.921875
      vertex 3.483416127053548 11.483284028786507 8.7109375
    endloop
  endfacet
  facet normal 0.09160541419530001 0.4915647860819066 0.8660095318034075
    outer loop
      vertex 2.341083864193539 11.769423364838765 8.921875
      vertex 1.096625683768755 11.134227418732241 9.4140625
      vertex 2.182690262726239 10.973124956882163 9.390625
    endloop
  endfacet
  facet normal 0.13844075033829778 0.48181278828686613 0.8652690886013464
    outer loop
      vertex 2.341083864193539 11.769423364838765 8.921875
      vertex 2.182690262726239 10.973124956882163 9.390625
      vertex 3.483416127053548 11.483284028786507 8.8984375
    endloop
  endfacet
  facet normal 0.24298017990326343 0.9700312531945441 0
    outer loop
      vertex 2.341083864193539 11.769423364838765 8.921875
      vertex 3.483416127053548 11.483284028786507 8.8984375
      vertex 3.483416127053548 11.483284028786507 8.7109375
    endloop
  endfacet
  facet normal 0.42755509343028064 0.903989293123444 0
    outer loop
      vertex 4.28150096272271 10.336457691518628 7.84375
      vertex 4.28150096272271 10.336457691518628 8.21875
      vertex 5.274034389394095 9.867024341808355 7.8203125
    endloop
  endfacet
  facet normal 0.1857447742565006 0.4642481767999147 0.8660095318034072
    outer loop
      vertex 4.592201188381077 11.08655439013544 7.375
      vertex 3.2477343412738002 10.706345303177036 7.8671875
      vertex 4.28150096272271 10.336457691518628 7.84375
    endloop
  endfacet
  facet normal 0.18500003196780426 0.4659231615651954 0.8652690886013462
    outer loop
      vertex 3.483416127053548 11.483284028786507 7.3984375
      vertex 3.2477343412738002 10.706345303177036 7.8671875
      vertex 4.592201188381077 11.08655439013544 7.375
    endloop
  endfacet
  facet normal 0.3368898533922217 0.9415440651830201 0
    outer loop
      vertex 4.28150096272271 10.336457691518628 7.84375
      vertex 3.2477343412738002 10.706345303177036 8.2421875
      vertex 4.28150096272271 10.336457691518628 8.21875
    endloop
  endfacet
  facet normal 0.230354641092383 0.44380652333290777 0.8660095318034073
    outer loop
      vertex 5.6567608419119715 10.583055172180261 7.3515625
      vertex 4.28150096272271 10.336457691518628 7.84375
      vertex 5.274034389394095 9.867024341808355 7.8203125
    endloop
  endfacet
  facet normal 0.42755509343028064 0.903989293123444 0
    outer loop
      vertex 4.28150096272271 10.336457691518628 8.21875
      vertex 5.274034389394095 9.867024341808355 8.1953125
      vertex 5.274034389394095 9.867024341808355 7.8203125
    endloop
  endfacet
  facet normal 0.5141027441932223 0.8577286100002717 0
    outer loop
      vertex 5.274034389394095 9.867024341808355 7.8203125
      vertex 5.274034389394095 9.867024341808355 8.1953125
      vertex 6.215775981815149 9.30256615382229 7.796875
    endloop
  endfacet
  facet normal 0.22977766215815398 0.4455464400981436 0.8652690886013463
    outer loop
      vertex 5.6567608419119715 10.583055172180261 7.3515625
      vertex 4.592201188381077 11.08655439013544 7.375
      vertex 4.28150096272271 10.336457691518628 7.84375
    endloop
  endfacet
  facet normal 0.15257156604970099 0.4775262522041456 -0.8652690886013463
    outer loop
      vertex 4.28150096272271 10.336457691518628 8.21875
      vertex 3.483416127053548 11.483284028786507 8.7109375
      vertex 4.592201188381077 11.08655439013544 8.6875
    endloop
  endfacet
  facet normal 0.19693164452197495 0.45961442341544695 -0.8660095318034072
    outer loop
      vertex 4.28150096272271 10.336457691518628 8.21875
      vertex 4.592201188381077 11.08655439013544 8.6875
      vertex 5.274034389394095 9.867024341808355 8.1953125
    endloop
  endfacet
  facet normal 0.4275550934302809 0.9039892931234439 0
    outer loop
      vertex 4.592201188381077 11.08655439013544 8.6875
      vertex 4.592201188381077 11.08655439013544 8.875
      vertex 5.6567608419119715 10.583055172180261 8.6640625
    endloop
  endfacet
  facet normal 0.19864264993046243 0.4602722041787875 -0.8652690886013462
    outer loop
      vertex 5.274034389394095 9.867024341808355 8.1953125
      vertex 4.592201188381077 11.08655439013544 8.6875
      vertex 5.6567608419119715 10.583055172180261 8.6640625
    endloop
  endfacet
  facet normal 0.5956993044924321 0.8032075314806458 0
    outer loop
      vertex 7.097656253642536 8.64851916847498 7.7734375
      vertex 6.215775981815149 9.30256615382229 7.796875
      vertex 6.215775981815149 9.30256615382229 8.171875
    endloop
  endfacet
  facet normal 0.6715589548470188 0.7409511253549588 0
    outer loop
      vertex 7.097656253642536 8.64851916847498 7.7734375
      vertex 7.097656253642536 8.64851916847498 8.1484375
      vertex 7.9111822157737635 7.9111822157737635 7.75
    endloop
  endfacet
  facet normal 0.31251079880585386 0.3903389443232264 0.866009531803407
    outer loop
      vertex 7.097656253642536 8.64851916847498 7.7734375
      vertex 7.612719409963746 9.276125440352844 7.3046875
      vertex 6.215775981815149 9.30256615382229 7.796875
    endloop
  endfacet
  facet normal 0.5956993044924321 0.8032075314806458 0
    outer loop
      vertex 7.097656253642536 8.64851916847498 7.7734375
      vertex 6.215775981815149 9.30256615382229 8.171875
      vertex 7.097656253642536 8.64851916847498 8.1484375
    endloop
  endfacet
  facet normal 0.28281398406013136 0.4123636032019306 -0.8660095318034071
    outer loop
      vertex 7.097656253642536 8.64851916847498 8.1484375
      vertex 6.215775981815149 9.30256615382229 8.171875
      vertex 6.666842796235226 9.977635347630542 8.640625
    endloop
  endfacet
  facet normal 0.28462043964040246 0.41267494429623425 -0.865269088601346
    outer loop
      vertex 7.097656253642536 8.64851916847498 8.1484375
      vertex 6.666842796235226 9.977635347630542 8.640625
      vertex 7.612719409963746 9.276125440352844 8.6171875
    endloop
  endfacet
  facet normal 0.2727460668098922 0.41909077043687964 0.8660095318034071
    outer loop
      vertex 5.274034389394095 9.867024341808355 7.8203125
      vertex 6.215775981815149 9.30256615382229 7.796875
      vertex 6.666842796235226 9.977635347630542 7.328125
    endloop
  endfacet
  facet normal 0.2723424078526758 0.42087886285248677 0.8652690886013462
    outer loop
      vertex 5.6567608419119715 10.583055172180261 7.3515625
      vertex 5.274034389394095 9.867024341808355 7.8203125
      vertex 6.666842796235226 9.977635347630542 7.328125
    endloop
  endfacet
  facet normal 0.5141027441932223 0.8577286100002717 0
    outer loop
      vertex 5.274034389394095 9.867024341808355 8.1953125
      vertex 6.215775981815149 9.30256615382229 8.171875
      vertex 6.215775981815149 9.30256615382229 7.796875
    endloop
  endfacet
  facet normal 0.24103345626411088 0.43809857770485894 -0.8660095318034072
    outer loop
      vertex 5.274034389394095 9.867024341808355 8.1953125
      vertex 5.6567608419119715 10.583055172180261 8.6640625
      vertex 6.215775981815149 9.30256615382229 8.171875
    endloop
  endfacet
  facet normal 0.2428006965032776 0.43858548321680585 -0.8652690886013461
    outer loop
      vertex 5.6567608419119715 10.583055172180261 8.6640625
      vertex 6.666842796235226 9.977635347630542 8.640625
      vertex 6.215775981815149 9.30256615382229 8.171875
    endloop
  endfacet
  facet normal 0.5141027441932225 0.8577286100002716 0
    outer loop
      vertex 5.6567608419119715 10.583055172180261 8.6640625
      vertex 5.6567608419119715 10.583055172180261 8.8515625
      vertex 6.666842796235226 9.977635347630542 8.640625
    endloop
  endfacet
  facet normal 0.5956993044924325 0.8032075314806455 0
    outer loop
      vertex 6.666842796235226 9.977635347630542 8.640625
      vertex 6.666842796235226 9.977635347630542 8.828125
      vertex 7.612719409963746 9.276125440352844 8.6171875
    endloop
  endfacet
  facet normal 0.18500003196780426 0.4659231615651954 0.8652690886013462
    outer loop
      vertex 3.483416127053548 11.483284028786507 8.8984375
      vertex 3.2477343412738002 10.706345303177036 9.3671875
      vertex 4.592201188381077 11.08655439013544 8.875
    endloop
  endfacet
  facet normal 0.3368898533922211 0.9415440651830204 0
    outer loop
      vertex 3.483416127053548 11.483284028786507 8.8984375
      vertex 4.592201188381077 11.08655439013544 8.875
      vertex 4.592201188381077 11.08655439013544 8.6875
    endloop
  endfacet
  facet normal 0.1857447742565006 0.4642481767999147 0.8660095318034072
    outer loop
      vertex 4.592201188381077 11.08655439013544 8.875
      vertex 3.2477343412738002 10.706345303177036 9.3671875
      vertex 4.28150096272271 10.336457691518628 9.34375
    endloop
  endfacet
  facet normal 0.230354641092383 0.44380652333290777 0.8660095318034073
    outer loop
      vertex 5.6567608419119715 10.583055172180261 8.8515625
      vertex 4.28150096272271 10.336457691518628 9.34375
      vertex 5.274034389394095 9.867024341808355 9.3203125
    endloop
  endfacet
  facet normal 0.22977766215815398 0.4455464400981436 0.8652690886013463
    outer loop
      vertex 5.6567608419119715 10.583055172180261 8.8515625
      vertex 4.592201188381077 11.08655439013544 8.875
      vertex 4.28150096272271 10.336457691518628 9.34375
    endloop
  endfacet
  facet normal 0.4275550934302809 0.9039892931234439 0
    outer loop
      vertex 5.6567608419119715 10.583055172180261 8.6640625
      vertex 4.592201188381077 11.08655439013544 8.875
      vertex 5.6567608419119715 10.583055172180261 8.8515625
    endloop
  endfacet
  facet normal 0.4275550934302807 0.903989293123444 0
    outer loop
      vertex 4.28150096272271 10.336457691518628 9.34375
      vertex 4.28150096272271 10.336457691518628 10
      vertex 5.274034389394095 9.867024341808355 9.3203125
    endloop
  endfacet
  facet normal 0.3368898533922217 0.9415440651830201 0
    outer loop
      vertex 4.28150096272271 10.336457691518628 9.34375
      vertex 3.2477343412738002 10.706345303177036 10
      vertex 4.28150096272271 10.336457691518628 10
    endloop
  endfacet
  facet normal 0.5141027441932223 0.8577286100002717 0
    outer loop
      vertex 5.274034389394095 9.867024341808355 9.3203125
      vertex 5.274034389394095 9.867024341808355 10
      vertex 6.215775981815149 9.30256615382229 9.296875
    endloop
  endfacet
  facet normal 0.42755509343028064 0.903989293123444 0
    outer loop
      vertex 4.28150096272271 10.336457691518628 10
      vertex 5.274034389394095 9.867024341808355 10
      vertex 5.274034389394095 9.867024341808355 9.3203125
    endloop
  endfacet
  facet normal 0.31251079880585386 0.3903389443232264 0.866009531803407
    outer loop
      vertex 7.097656253642536 8.64851916847498 9.2734375
      vertex 7.612719409963746 9.276125440352844 8.8046875
      vertex 6.215775981815149 9.30256615382229 9.296875
    endloop
  endfacet
  facet normal 0.5956993044924321 0.8032075314806458 0
    outer loop
      vertex 7.097656253642536 8.64851916847498 9.2734375
      vertex 6.215775981815149 9.30256615382229 9.296875
      vertex 6.215775981815149 9.30256615382229 10
    endloop
  endfacet
  facet normal 0.6715589548470188 0.7409511253549589 0
    outer loop
      vertex 7.097656253642536 8.64851916847498 9.2734375
      vertex 7.097656253642536 8.64851916847498 10
      vertex 7.9111822157737635 7.9111822157737635 9.25
    endloop
  endfacet
  facet normal 0.5956993044924321 0.8032075314806458 0
    outer loop
      vertex 7.097656253642536 8.64851916847498 9.2734375
      vertex 6.215775981815149 9.30256615382229 10
      vertex 7.097656253642536 8.64851916847498 10
    endloop
  endfacet
  facet normal 0.2723424078526758 0.42087886285248677 0.8652690886013462
    outer loop
      vertex 5.6567608419119715 10.583055172180261 8.8515625
      vertex 5.274034389394095 9.867024341808355 9.3203125
      vertex 6.666842796235226 9.977635347630542 8.828125
    endloop
  endfacet
  facet normal 0.5141027441932224 0.8577286100002716 0
    outer loop
      vertex 5.6567608419119715 10.583055172180261 8.8515625
      vertex 6.666842796235226 9.977635347630542 8.828125
      vertex 6.666842796235226 9.977635347630542 8.640625
    endloop
  endfacet
  facet normal 0.2727460668098922 0.41909077043687964 0.8660095318034071
    outer loop
      vertex 5.274034389394095 9.867024341808355 9.3203125
      vertex 6.215775981815149 9.30256615382229 9.296875
      vertex 6.666842796235226 9.977635347630542 8.828125
    endloop
  endfacet
  facet normal 0.31228434728207055 0.3921579920817717 0.8652690886013462
    outer loop
      vertex 6.666842796235226 9.977635347630542 8.828125
      vertex 6.215775981815149 9.30256615382229 9.296875
      vertex 7.612719409963746 9.276125440352844 8.8046875
    endloop
  endfacet
  facet normal 0.5956993044924325 0.8032075314806455 0
    outer loop
      vertex 6.666842796235226 9.977635347630542 8.828125
      vertex 7.612719409963746 9.276125440352844 8.8046875
      vertex 7.612719409963746 9.276125440352844 8.6171875
    endloop
  endfacet
  facet normal 0.5141027441932222 0.8577286100002718 0
    outer loop
      vertex 5.274034389394095 9.867024341808355 10
      vertex 6.215775981815149 9.30256615382229 10
      vertex 6.215775981815149 9.30256615382229 9.296875
    endloop
  endfacet
  facet normal 0.3368898533922211 0.9415440651830204 0
    outer loop
      vertex 3.483416127053548 11.483284028786507 8.7109375
      vertex 3.483416127053548 11.483284028786507 8.8984375
      vertex 4.592201188381077 11.08655439013544 8.6875
    endloop
  endfacet
  facet normal 0.9987954562051724 0.04906767432741878 0
    outer loop
      vertex 11.188101183952089 0 6.0625
      vertex 11.134227418732241 1.096625683768755 6.0859375
      vertex 11.134227418732241 1.096625683768755 6.4609375
    endloop
  endfacet
  facet normal 0.9891765099647809 0.14673047445536166 0
    outer loop
      vertex 11.134227418732241 1.096625683768755 6.0859375
      vertex 10.973124956882163 2.182690262726239 6.109375
      vertex 10.973124956882163 2.182690262726239 6.484375
    endloop
  endfacet
  facet normal 0.4802188665404716 0.13934608370610313 -0.866009531803407
    outer loop
      vertex 10.973124956882163 2.182690262726239 4.984375
      vertex 10.706345303177036 3.2477343412738002 5.0078125
      vertex 11.483284028786507 3.483416127053548 5.4765625
    endloop
  endfacet
  facet normal 0.4892025190918459 0.10348133232537789 0.8660095318034073
    outer loop
      vertex 11.769423364838765 2.341083864193539 5.640625
      vertex 10.706345303177036 3.2477343412738002 6.1328125
      vertex 10.973124956882163 2.182690262726239 6.109375
    endloop
  endfacet
  facet normal 0.4767039309777423 0.15093327338930768 0.8660095318034072
    outer loop
      vertex 10.336457691518628 4.28150096272271 6.15625
      vertex 10.706345303177036 3.2477343412738002 6.1328125
      vertex 11.483284028786507 3.483416127053548 5.6640625
    endloop
  endfacet
  facet normal 0.9987954562051724 0.04906767432741878 0
    outer loop
      vertex 11.188101183952089 0 6.0625
      vertex 11.134227418732241 1.096625683768755 6.4609375
      vertex 11.188101183952089 0 6.4375
    endloop
  endfacet
  facet normal 0.9891765099647809 0.14673047445536166 0
    outer loop
      vertex 11.134227418732241 1.096625683768755 6.0859375
      vertex 10.973124956882163 2.182690262726239 6.484375
      vertex 11.134227418732241 1.096625683768755 6.4609375
    endloop
  endfacet
  facet normal 0.9700312531945444 0.24298017990326257 0
    outer loop
      vertex 10.973124956882163 2.182690262726239 6.109375
      vertex 10.706345303177036 3.2477343412738002 6.5078125
      vertex 10.973124956882163 2.182690262726239 6.484375
    endloop
  endfacet
  facet normal 0.9415440651830201 0.3368898533922217 0
    outer loop
      vertex 10.706345303177036 3.2477343412738002 6.1328125
      vertex 10.336457691518628 4.28150096272271 6.53125
      vertex 10.706345303177036 3.2477343412738002 6.5078125
    endloop
  endfacet
  facet normal 0.9700312531945444 0.24298017990326257 0
    outer loop
      vertex 10.973124956882163 2.182690262726239 6.109375
      vertex 10.706345303177036 3.2477343412738002 6.1328125
      vertex 10.706345303177036 3.2477343412738002 6.5078125
    endloop
  endfacet
  facet normal 0.4802188665404716 0.13934608370610313 -0.866009531803407
    outer loop
      vertex 10.973124956882163 2.182690262726239 6.484375
      vertex 10.706345303177036 3.2477343412738002 6.5078125
      vertex 11.483284028786507 3.483416127053548 6.9765625
    endloop
  endfacet
  facet normal 0.4892025190918459 0.10348133232537789 0.8660095318034073
    outer loop
      vertex 11.769423364838765 2.341083864193539 7.140625
      vertex 10.706345303177036 3.2477343412738002 7.6328125
      vertex 10.973124956882163 2.182690262726239 7.609375
    endloop
  endfacet
  facet normal 0.4767039309777423 0.15093327338930768 0.8660095318034072
    outer loop
      vertex 10.336457691518628 4.28150096272271 7.65625
      vertex 10.706345303177036 3.2477343412738002 7.6328125
      vertex 11.483284028786507 3.483416127053548 7.1640625
    endloop
  endfacet
  facet normal 0.3903389443232264 0.31251079880585386 -0.866009531803407
    outer loop
      vertex 8.64851916847498 7.097656253642536 5.1015625
      vertex 9.276125440352844 7.612719409963746 5.5703125
      vertex 9.30256615382229 6.215775981815149 5.078125
    endloop
  endfacet
  facet normal 0.41267494429623425 0.28462043964040246 0.865269088601346
    outer loop
      vertex 8.64851916847498 7.097656253642536 6.2265625
      vertex 9.977635347630542 6.666842796235226 5.734375
      vertex 9.276125440352844 7.612719409963746 5.7578125
    endloop
  endfacet
  facet normal 0.4123636032019306 0.28281398406013136 0.8660095318034071
    outer loop
      vertex 8.64851916847498 7.097656253642536 6.2265625
      vertex 9.30256615382229 6.215775981815149 6.203125
      vertex 9.977635347630542 6.666842796235226 5.734375
    endloop
  endfacet
  facet normal 0.44380652333290777 0.230354641092383 -0.8660095318034072
    outer loop
      vertex 10.336457691518628 4.28150096272271 5.03125
      vertex 9.867024341808355 5.274034389394095 5.0546875
      vertex 10.583055172180261 5.6567608419119715 5.5234375
    endloop
  endfacet
  facet normal 0.4642481767999147 0.18574477425650063 -0.8660095318034072
    outer loop
      vertex 10.336457691518628 4.28150096272271 5.03125
      vertex 11.08655439013544 4.592201188381077 5.5
      vertex 10.706345303177036 3.2477343412738002 5.0078125
    endloop
  endfacet
  facet normal 0.4659231615651954 0.18500003196780426 -0.8652690886013461
    outer loop
      vertex 10.706345303177036 3.2477343412738002 5.0078125
      vertex 11.08655439013544 4.592201188381077 5.5
      vertex 11.483284028786507 3.483416127053548 5.4765625
    endloop
  endfacet
  facet normal 0.9415440651830204 0.3368898533922211 0
    outer loop
      vertex 11.483284028786507 3.483416127053548 5.4765625
      vertex 11.08655439013544 4.592201188381077 5.5
      vertex 11.08655439013544 4.592201188381077 5.6875
    endloop
  endfacet
  facet normal 0.4455464400981436 0.22977766215815398 -0.8652690886013463
    outer loop
      vertex 10.336457691518628 4.28150096272271 5.03125
      vertex 10.583055172180261 5.6567608419119715 5.5234375
      vertex 11.08655439013544 4.592201188381077 5.5
    endloop
  endfacet
  facet normal 0.9039892931234439 0.4275550934302809 0
    outer loop
      vertex 11.08655439013544 4.592201188381077 5.5
      vertex 10.583055172180261 5.6567608419119715 5.5234375
      vertex 10.583055172180261 5.6567608419119715 5.7109375
    endloop
  endfacet
  facet normal 0.4775262522041456 0.15257156604970099 0.8652690886013463
    outer loop
      vertex 10.336457691518628 4.28150096272271 6.15625
      vertex 11.483284028786507 3.483416127053548 5.6640625
      vertex 11.08655439013544 4.592201188381077 5.6875
    endloop
  endfacet
  facet normal 0.4602722041787875 0.19864264993046243 0.8652690886013462
    outer loop
      vertex 9.867024341808355 5.274034389394095 6.1796875
      vertex 11.08655439013544 4.592201188381077 5.6875
      vertex 10.583055172180261 5.6567608419119715 5.7109375
    endloop
  endfacet
  facet normal 0.9039892931234439 0.4275550934302809 0
    outer loop
      vertex 11.08655439013544 4.592201188381077 5.5
      vertex 10.583055172180261 5.6567608419119715 5.7109375
      vertex 11.08655439013544 4.592201188381077 5.6875
    endloop
  endfacet
  facet normal 0.45961442341544695 0.19693164452197495 0.8660095318034072
    outer loop
      vertex 10.336457691518628 4.28150096272271 6.15625
      vertex 11.08655439013544 4.592201188381077 5.6875
      vertex 9.867024341808355 5.274034389394095 6.1796875
    endloop
  endfacet
  facet normal 0.41909077043687964 0.2727460668098922 -0.8660095318034071
    outer loop
      vertex 9.867024341808355 5.274034389394095 5.0546875
      vertex 9.30256615382229 6.215775981815149 5.078125
      vertex 9.977635347630542 6.666842796235226 5.546875
    endloop
  endfacet
  facet normal 0.42087886285248677 0.2723424078526758 -0.8652690886013462
    outer loop
      vertex 9.867024341808355 5.274034389394095 5.0546875
      vertex 9.977635347630542 6.666842796235226 5.546875
      vertex 10.583055172180261 5.6567608419119715 5.5234375
    endloop
  endfacet
  facet normal 0.8577286100002716 0.5141027441932224 0
    outer loop
      vertex 10.583055172180261 5.6567608419119715 5.5234375
      vertex 9.977635347630542 6.666842796235226 5.546875
      vertex 9.977635347630542 6.666842796235226 5.734375
    endloop
  endfacet
  facet normal 0.3921579920817717 0.3122843472820705 -0.8652690886013462
    outer loop
      vertex 9.30256615382229 6.215775981815149 5.078125
      vertex 9.276125440352844 7.612719409963746 5.5703125
      vertex 9.977635347630542 6.666842796235226 5.546875
    endloop
  endfacet
  facet normal 0.43858548321680585 0.2428006965032776 0.8652690886013461
    outer loop
      vertex 10.583055172180261 5.6567608419119715 5.7109375
      vertex 9.977635347630542 6.666842796235226 5.734375
      vertex 9.30256615382229 6.215775981815149 6.203125
    endloop
  endfacet
  facet normal 0.43809857770485894 0.24103345626411088 0.8660095318034072
    outer loop
      vertex 9.867024341808355 5.274034389394095 6.1796875
      vertex 10.583055172180261 5.6567608419119715 5.7109375
      vertex 9.30256615382229 6.215775981815149 6.203125
    endloop
  endfacet
  facet normal 0.8032075314806455 0.5956993044924325 0
    outer loop
      vertex 9.977635347630542 6.666842796235226 5.546875
      vertex 9.276125440352844 7.612719409963746 5.7578125
      vertex 9.977635347630542 6.666842796235226 5.734375
    endloop
  endfacet
  facet normal 0.8032075314806455 0.5956993044924325 0
    outer loop
      vertex 9.977635347630542 6.666842796235226 5.546875
      vertex 9.276125440352844 7.612719409963746 5.5703125
      vertex 9.276125440352844 7.612719409963746 5.7578125
    endloop
  endfacet
  facet normal 0.8577286100002716 0.5141027441932225 0
    outer loop
      vertex 10.583055172180261 5.6567608419119715 5.5234375
      vertex 9.977635347630542 6.666842796235226 5.734375
      vertex 10.583055172180261 5.6567608419119715 5.7109375
    endloop
  endfacet
  facet normal 0.7409511253549588 0.6715589548470188 0
    outer loop
      vertex 8.64851916847498 7.097656253642536 6.2265625
      vertex 7.9111822157737635 7.9111822157737635 6.625
      vertex 8.64851916847498 7.097656253642536 6.6015625
    endloop
  endfacet
  facet normal 0.8032075314806458 0.5956993044924321 0
    outer loop
      vertex 8.64851916847498 7.097656253642536 6.6015625
      vertex 9.30256615382229 6.215775981815149 6.578125
      vertex 9.30256615382229 6.215775981815149 6.203125
    endloop
  endfacet
  facet normal 0.8032075314806458 0.5956993044924321 0
    outer loop
      vertex 8.64851916847498 7.097656253642536 6.2265625
      vertex 8.64851916847498 7.097656253642536 6.6015625
      vertex 9.30256615382229 6.215775981815149 6.203125
    endloop
  endfacet
  facet normal 0.3903389443232264 0.31251079880585386 -0.866009531803407
    outer loop
      vertex 8.64851916847498 7.097656253642536 6.6015625
      vertex 9.276125440352844 7.612719409963746 7.0703125
      vertex 9.30256615382229 6.215775981815149 6.578125
    endloop
  endfacet
  facet normal 0.41267494429623425 0.28462043964040246 0.865269088601346
    outer loop
      vertex 8.64851916847498 7.097656253642536 7.7265625
      vertex 9.977635347630542 6.666842796235226 7.234375
      vertex 9.276125440352844 7.612719409963746 7.2578125
    endloop
  endfacet
  facet normal 0.903989293123444 0.42755509343028064 0
    outer loop
      vertex 10.336457691518628 4.28150096272271 6.15625
      vertex 9.867024341808355 5.274034389394095 6.5546875
      vertex 10.336457691518628 4.28150096272271 6.53125
    endloop
  endfacet
  facet normal 0.8577286100002717 0.5141027441932223 0
    outer loop
      vertex 9.867024341808355 5.274034389394095 6.1796875
      vertex 9.30256615382229 6.215775981815149 6.578125
      vertex 9.867024341808355 5.274034389394095 6.5546875
    endloop
  endfacet
  facet normal 0.903989293123444 0.42755509343028064 0
    outer loop
      vertex 10.336457691518628 4.28150096272271 6.15625
      vertex 9.867024341808355 5.274034389394095 6.1796875
      vertex 9.867024341808355 5.274034389394095 6.5546875
    endloop
  endfacet
  facet normal 0.44380652333290777 0.230354641092383 -0.8660095318034072
    outer loop
      vertex 10.336457691518628 4.28150096272271 6.53125
      vertex 9.867024341808355 5.274034389394095 6.5546875
      vertex 10.583055172180261 5.6567608419119715 7.0234375
    endloop
  endfacet
  facet normal 0.9415440651830201 0.3368898533922217 0
    outer loop
      vertex 10.336457691518628 4.28150096272271 6.15625
      vertex 10.336457691518628 4.28150096272271 6.53125
      vertex 10.706345303177036 3.2477343412738002 6.1328125
    endloop
  endfacet
  facet normal 0.4642481767999147 0.18574477425650063 -0.8660095318034072
    outer loop
      vertex 10.336457691518628 4.28150096272271 6.53125
      vertex 11.08655439013544 4.592201188381077 7
      vertex 10.706345303177036 3.2477343412738002 6.5078125
    endloop
  endfacet
  facet normal 0.4659231615651954 0.18500003196780426 -0.8652690886013461
    outer loop
      vertex 10.706345303177036 3.2477343412738002 6.5078125
      vertex 11.08655439013544 4.592201188381077 7
      vertex 11.483284028786507 3.483416127053548 6.9765625
    endloop
  endfacet
  facet normal 0.4455464400981436 0.22977766215815398 -0.8652690886013463
    outer loop
      vertex 10.336457691518628 4.28150096272271 6.53125
      vertex 10.583055172180261 5.6567608419119715 7.0234375
      vertex 11.08655439013544 4.592201188381077 7
    endloop
  endfacet
  facet normal 0.9415440651830204 0.3368898533922211 0
    outer loop
      vertex 11.483284028786507 3.483416127053548 6.9765625
      vertex 11.08655439013544 4.592201188381077 7
      vertex 11.08655439013544 4.592201188381077 7.1875
    endloop
  endfacet
  facet normal 0.4775262522041456 0.15257156604970099 0.8652690886013463
    outer loop
      vertex 10.336457691518628 4.28150096272271 7.65625
      vertex 11.483284028786507 3.483416127053548 7.1640625
      vertex 11.08655439013544 4.592201188381077 7.1875
    endloop
  endfacet
  facet normal 0.9039892931234439 0.4275550934302809 0
    outer loop
      vertex 11.08655439013544 4.592201188381077 7
      vertex 10.583055172180261 5.6567608419119715 7.0234375
      vertex 10.583055172180261 5.6567608419119715 7.2109375
    endloop
  endfacet
  facet normal 0.9039892931234439 0.4275550934302809 0
    outer loop
      vertex 11.08655439013544 4.592201188381077 7
      vertex 10.583055172180261 5.6567608419119715 7.2109375
      vertex 11.08655439013544 4.592201188381077 7.1875
    endloop
  endfacet
  facet normal 0.4602722041787875 0.19864264993046243 0.8652690886013462
    outer loop
      vertex 9.867024341808355 5.274034389394095 7.6796875
      vertex 11.08655439013544 4.592201188381077 7.1875
      vertex 10.583055172180261 5.6567608419119715 7.2109375
    endloop
  endfacet
  facet normal 0.8577286100002717 0.5141027441932223 0
    outer loop
      vertex 9.867024341808355 5.274034389394095 6.1796875
      vertex 9.30256615382229 6.215775981815149 6.203125
      vertex 9.30256615382229 6.215775981815149 6.578125
    endloop
  endfacet
  facet normal 0.41909077043687964 0.2727460668098922 -0.8660095318034071
    outer loop
      vertex 9.867024341808355 5.274034389394095 6.5546875
      vertex 9.30256615382229 6.215775981815149 6.578125
      vertex 9.977635347630542 6.666842796235226 7.046875
    endloop
  endfacet
  facet normal 0.42087886285248677 0.2723424078526758 -0.8652690886013462
    outer loop
      vertex 9.867024341808355 5.274034389394095 6.5546875
      vertex 9.977635347630542 6.666842796235226 7.046875
      vertex 10.583055172180261 5.6567608419119715 7.0234375
    endloop
  endfacet
  facet normal 0.8577286100002716 0.5141027441932224 0
    outer loop
      vertex 10.583055172180261 5.6567608419119715 7.0234375
      vertex 9.977635347630542 6.666842796235226 7.046875
      vertex 9.977635347630542 6.666842796235226 7.234375
    endloop
  endfacet
  facet normal 0.43858548321680585 0.2428006965032776 0.8652690886013461
    outer loop
      vertex 10.583055172180261 5.6567608419119715 7.2109375
      vertex 9.977635347630542 6.666842796235226 7.234375
      vertex 9.30256615382229 6.215775981815149 7.703125
    endloop
  endfacet
  facet normal 0.3921579920817717 0.3122843472820705 -0.8652690886013462
    outer loop
      vertex 9.30256615382229 6.215775981815149 6.578125
      vertex 9.276125440352844 7.612719409963746 7.0703125
      vertex 9.977635347630542 6.666842796235226 7.046875
    endloop
  endfacet
  facet normal 0.8032075314806455 0.5956993044924325 0
    outer loop
      vertex 9.977635347630542 6.666842796235226 7.046875
      vertex 9.276125440352844 7.612719409963746 7.2578125
      vertex 9.977635347630542 6.666842796235226 7.234375
    endloop
  endfacet
  facet normal 0.8032075314806455 0.5956993044924325 0
    outer loop
      vertex 9.977635347630542 6.666842796235226 7.046875
      vertex 9.276125440352844 7.612719409963746 7.0703125
      vertex 9.276125440352844 7.612719409963746 7.2578125
    endloop
  endfacet
  facet normal 0.8577286100002716 0.5141027441932225 0
    outer loop
      vertex 10.583055172180261 5.6567608419119715 7.0234375
      vertex 9.977635347630542 6.666842796235226 7.234375
      vertex 10.583055172180261 5.6567608419119715 7.2109375
    endloop
  endfacet
  facet normal 0.4981766680167274 0.042982534469182716 -0.8660095318034073
    outer loop
      vertex 11.188101183952089 0 4.9375
      vertex 11.134227418732241 1.096625683768755 4.9609375
      vertex 11.942216720066362 1.1762056839547272 5.4296875
    endloop
  endfacet
  facet normal 0.4995633412254494 0.04178363812140804 -0.8652690886013462
    outer loop
      vertex 11.188101183952089 0 4.9375
      vertex 11.942216720066362 1.1762056839547272 5.4296875
      vertex 12 0 5.40625
    endloop
  endfacet
  facet normal 0.9987954562051724 0.049067674327418334 0
    outer loop
      vertex 12 0 5.40625
      vertex 11.942216720066362 1.1762056839547272 5.6171875
      vertex 12 0 5.59375
    endloop
  endfacet
  facet normal 0.9987954562051724 0.049067674327418334 0
    outer loop
      vertex 12 0 5.40625
      vertex 11.942216720066362 1.1762056839547272 5.4296875
      vertex 11.942216720066362 1.1762056839547272 5.6171875
    endloop
  endfacet
  facet normal 0.4930622944716725 0.0905482086036223 -0.8652690886013465
    outer loop
      vertex 11.134227418732241 1.096625683768755 4.9609375
      vertex 11.769423364838765 2.341083864193539 5.453125
      vertex 11.942216720066362 1.1762056839547272 5.4296875
    endloop
  endfacet
  facet normal 0.989176509964781 0.14673047445536164 0
    outer loop
      vertex 11.942216720066362 1.1762056839547272 5.4296875
      vertex 11.769423364838765 2.341083864193539 5.640625
      vertex 11.942216720066362 1.1762056839547272 5.6171875
    endloop
  endfacet
  facet normal 0.4999908363074789 0.006054290560517417 0.8660095318034072
    outer loop
      vertex 12 0 5.59375
      vertex 11.134227418732241 1.096625683768755 6.0859375
      vertex 11.188101183952089 0 6.0625
    endloop
  endfacet
  facet normal 0.5012533199141237 0.007383331637175875 0.8652690886013464
    outer loop
      vertex 12 0 5.59375
      vertex 11.942216720066362 1.1762056839547272 5.6171875
      vertex 11.134227418732241 1.096625683768755 6.0859375
    endloop
  endfacet
  facet normal 0.4969898195217952 0.05503280946250661 0.8660095318034075
    outer loop
      vertex 11.942216720066362 1.1762056839547272 5.6171875
      vertex 10.973124956882163 2.182690262726239 6.109375
      vertex 11.134227418732241 1.096625683768755 6.0859375
    endloop
  endfacet
  facet normal 0.4915647860819065 0.09160541419529995 -0.8660095318034073
    outer loop
      vertex 11.134227418732241 1.096625683768755 4.9609375
      vertex 10.973124956882163 2.182690262726239 4.984375
      vertex 11.769423364838765 2.341083864193539 5.453125
    endloop
  endfacet
  facet normal 0.48181278828686613 0.1384407503382978 -0.8652690886013464
    outer loop
      vertex 10.973124956882163 2.182690262726239 4.984375
      vertex 11.483284028786507 3.483416127053548 5.4765625
      vertex 11.769423364838765 2.341083864193539 5.453125
    endloop
  endfacet
  facet normal 0.9700312531945441 0.24298017990326343 0
    outer loop
      vertex 11.769423364838765 2.341083864193539 5.453125
      vertex 11.483284028786507 3.483416127053548 5.6640625
      vertex 11.769423364838765 2.341083864193539 5.640625
    endloop
  endfacet
  facet normal 0.989176509964781 0.14673047445536164 0
    outer loop
      vertex 11.942216720066362 1.1762056839547272 5.4296875
      vertex 11.769423364838765 2.341083864193539 5.453125
      vertex 11.769423364838765 2.341083864193539 5.640625
    endloop
  endfacet
  facet normal 0.9700312531945441 0.24298017990326343 0
    outer loop
      vertex 11.769423364838765 2.341083864193539 5.453125
      vertex 11.483284028786507 3.483416127053548 5.4765625
      vertex 11.483284028786507 3.483416127053548 5.6640625
    endloop
  endfacet
  facet normal 0.4981159551190877 0.056479195875953625 0.8652690886013464
    outer loop
      vertex 11.942216720066362 1.1762056839547272 5.6171875
      vertex 11.769423364838765 2.341083864193539 5.640625
      vertex 10.973124956882163 2.182690262726239 6.109375
    endloop
  endfacet
  facet normal 0.49018146137837604 0.10503113458377708 0.8652690886013462
    outer loop
      vertex 11.769423364838765 2.341083864193539 5.640625
      vertex 11.483284028786507 3.483416127053548 5.6640625
      vertex 10.706345303177036 3.2477343412738002 6.1328125
    endloop
  endfacet
  facet normal 0.4981766680167274 0.042982534469182716 -0.8660095318034073
    outer loop
      vertex 11.188101183952089 0 6.4375
      vertex 11.134227418732241 1.096625683768755 6.4609375
      vertex 11.942216720066362 1.1762056839547272 6.9296875
    endloop
  endfacet
  facet normal 0.4995633412254494 0.04178363812140804 -0.8652690886013462
    outer loop
      vertex 11.188101183952089 0 6.4375
      vertex 11.942216720066362 1.1762056839547272 6.9296875
      vertex 12 0 6.90625
    endloop
  endfacet
  facet normal 0.4930622944716725 0.0905482086036223 -0.8652690886013465
    outer loop
      vertex 11.134227418732241 1.096625683768755 6.4609375
      vertex 11.769423364838765 2.341083864193539 6.953125
      vertex 11.942216720066362 1.1762056839547272 6.9296875
    endloop
  endfacet
  facet normal 0.9987954562051724 0.049067674327418334 0
    outer loop
      vertex 12 0 6.90625
      vertex 11.942216720066362 1.1762056839547272 7.1171875
      vertex 12 0 7.09375
    endloop
  endfacet
  facet normal 0.9987954562051724 0.049067674327418334 0
    outer loop
      vertex 12 0 6.90625
      vertex 11.942216720066362 1.1762056839547272 6.9296875
      vertex 11.942216720066362 1.1762056839547272 7.1171875
    endloop
  endfacet
  facet normal 0.4999908363074789 0.006054290560517417 0.8660095318034072
    outer loop
      vertex 12 0 7.09375
      vertex 11.134227418732241 1.096625683768755 7.5859375
      vertex 11.188101183952089 0 7.5625
    endloop
  endfacet
  facet normal 0.5012533199141237 0.007383331637175875 0.8652690886013464
    outer loop
      vertex 12 0 7.09375
      vertex 11.942216720066362 1.1762056839547272 7.1171875
      vertex 11.134227418732241 1.096625683768755 7.5859375
    endloop
  endfacet
  facet normal 0.989176509964781 0.14673047445536164 0
    outer loop
      vertex 11.942216720066362 1.1762056839547272 6.9296875
      vertex 11.769423364838765 2.341083864193539 7.140625
      vertex 11.942216720066362 1.1762056839547272 7.1171875
    endloop
  endfacet
  facet normal 0.4969898195217952 0.05503280946250661 0.8660095318034075
    outer loop
      vertex 11.942216720066362 1.1762056839547272 7.1171875
      vertex 10.973124956882163 2.182690262726239 7.609375
      vertex 11.134227418732241 1.096625683768755 7.5859375
    endloop
  endfacet
  facet normal 0.4915647860819065 0.09160541419529995 -0.8660095318034073
    outer loop
      vertex 11.134227418732241 1.096625683768755 6.4609375
      vertex 10.973124956882163 2.182690262726239 6.484375
      vertex 11.769423364838765 2.341083864193539 6.953125
    endloop
  endfacet
  facet normal 0.48181278828686613 0.1384407503382978 -0.8652690886013464
    outer loop
      vertex 10.973124956882163 2.182690262726239 6.484375
      vertex 11.483284028786507 3.483416127053548 6.9765625
      vertex 11.769423364838765 2.341083864193539 6.953125
    endloop
  endfacet
  facet normal 0.9700312531945441 0.24298017990326343 0
    outer loop
      vertex 11.769423364838765 2.341083864193539 6.953125
      vertex 11.483284028786507 3.483416127053548 7.1640625
      vertex 11.769423364838765 2.341083864193539 7.140625
    endloop
  endfacet
  facet normal 0.989176509964781 0.14673047445536164 0
    outer loop
      vertex 11.942216720066362 1.1762056839547272 6.9296875
      vertex 11.769423364838765 2.341083864193539 6.953125
      vertex 11.769423364838765 2.341083864193539 7.140625
    endloop
  endfacet
  facet normal 0.4981159551190877 0.056479195875953625 0.8652690886013464
    outer loop
      vertex 11.942216720066362 1.1762056839547272 7.1171875
      vertex 11.769423364838765 2.341083864193539 7.140625
      vertex 10.973124956882163 2.182690262726239 7.609375
    endloop
  endfacet
  facet normal 0.9700312531945441 0.24298017990326343 0
    outer loop
      vertex 11.769423364838765 2.341083864193539 6.953125
      vertex 11.483284028786507 3.483416127053548 6.9765625
      vertex 11.483284028786507 3.483416127053548 7.1640625
    endloop
  endfacet
  facet normal 0.49018146137837604 0.10503113458377708 0.8652690886013462
    outer loop
      vertex 11.769423364838765 2.341083864193539 7.140625
      vertex 11.483284028786507 3.483416127053548 7.1640625
      vertex 10.706345303177036 3.2477343412738002 7.6328125
    endloop
  endfacet
  facet normal 0.9415440651830204 0.3368898533922211 0
    outer loop
      vertex 11.483284028786507 3.483416127053548 5.4765625
      vertex 11.08655439013544 4.592201188381077 5.6875
      vertex 11.483284028786507 3.483416127053548 5.6640625
    endloop
  endfacet
  facet normal 0.9415440651830204 0.3368898533922211 0
    outer loop
      vertex 11.483284028786507 3.483416127053548 6.9765625
      vertex 11.08655439013544 4.592201188381077 7.1875
      vertex 11.483284028786507 3.483416127053548 7.1640625
    endloop
  endfacet
  facet normal 0.9987954562051724 0.04906767432741878 0
    outer loop
      vertex 11.188101183952089 0 7.5625
      vertex 11.134227418732241 1.096625683768755 7.5859375
      vertex 11.134227418732241 1.096625683768755 7.9609375
    endloop
  endfacet
  facet normal 0.9987954562051724 0.04906767432741878 0
    outer loop
      vertex 11.188101183952089 0 7.5625
      vertex 11.134227418732241 1.096625683768755 7.9609375
      vertex 11.188101183952089 0 7.9375
    endloop
  endfacet
  facet normal 0.9891765099647809 0.14673047445536166 0
    outer loop
      vertex 11.134227418732241 1.096625683768755 7.5859375
      vertex 10.973124956882163 2.182690262726239 7.609375
      vertex 10.973124956882163 2.182690262726239 7.984375
    endloop
  endfacet
  facet normal 0.9891765099647809 0.14673047445536166 0
    outer loop
      vertex 11.134227418732241 1.096625683768755 7.5859375
      vertex 10.973124956882163 2.182690262726239 7.984375
      vertex 11.134227418732241 1.096625683768755 7.9609375
    endloop
  endfacet
  facet normal 0.9700312531945444 0.24298017990326257 0
    outer loop
      vertex 10.973124956882163 2.182690262726239 7.609375
      vertex 10.706345303177036 3.2477343412738002 8.0078125
      vertex 10.973124956882163 2.182690262726239 7.984375
    endloop
  endfacet
  facet normal 0.9700312531945444 0.24298017990326257 0
    outer loop
      vertex 10.973124956882163 2.182690262726239 7.609375
      vertex 10.706345303177036 3.2477343412738002 7.6328125
      vertex 10.706345303177036 3.2477343412738002 8.0078125
    endloop
  endfacet
  facet normal 0.9415440651830201 0.3368898533922217 0
    outer loop
      vertex 10.706345303177036 3.2477343412738002 7.6328125
      vertex 10.336457691518628 4.28150096272271 8.03125
      vertex 10.706345303177036 3.2477343412738002 8.0078125
    endloop
  endfacet
  facet normal 0.4802188665404716 0.13934608370610313 -0.866009531803407
    outer loop
      vertex 10.973124956882163 2.182690262726239 7.984375
      vertex 10.706345303177036 3.2477343412738002 8.0078125
      vertex 11.483284028786507 3.483416127053548 8.4765625
    endloop
  endfacet
  facet normal 0 0 1
    outer loop
      vertex 2.4879618166804924 0.2450428508239015 10
      vertex 11.188101183952089 0 10
      vertex 11.134227418732241 1.096625683768755 10
    endloop
  endfacet
  facet normal 0 0 1
    outer loop
      vertex 2.451963201008076 0.4877258050403206 10
      vertex 11.134227418732241 1.096625683768755 10
      vertex 10.973124956882163 2.182690262726239 10
    endloop
  endfacet
  facet normal 0 0 1
    outer loop
      vertex 2.392350839330522 0.7257116931361558 10
      vertex 10.973124956882163 2.182690262726239 10
      vertex 10.706345303177036 3.2477343412738002 10
    endloop
  endfacet
  facet normal 0 0 1
    outer loop
      vertex 2.309698831278217 0.9567085809127245 10
      vertex 10.706345303177036 3.2477343412738002 10
      vertex 10.336457691518628 4.28150096272271 10
    endloop
  endfacet
  facet normal 0.9987954562051723 0.04906767432741878 0
    outer loop
      vertex 11.188101183952089 0 9.0625
      vertex 11.134227418732241 1.096625683768755 9.0859375
      vertex 11.134227418732241 1.096625683768755 9.86171875
    endloop
  endfacet
  facet normal 0.989176509964781 0.1467304744553617 0
    outer loop
      vertex 11.134227418732241 1.096625683768755 9.0859375
      vertex 10.973124956882163 2.182690262726239 9.109375
      vertex 10.973124956882163 2.182690262726239 9.88515625
    endloop
  endfacet
  facet normal 0.9987954562051723 0.049067674327418785 0
    outer loop
      vertex 11.188101183952089 0 9.0625
      vertex 11.134227418732241 1.096625683768755 9.86171875
      vertex 11.188101183952089 0 9.83828125
    endloop
  endfacet
  facet normal 0.9987954562051724 0.04906767432741878 0
    outer loop
      vertex 11.188101183952089 0 9.83828125
      vertex 11.134227418732241 1.096625683768755 9.996484375
      vertex 11.188101183952089 0 9.973046875
    endloop
  endfacet
  facet normal 0.9987954562051724 0.04906767432741878 0
    outer loop
      vertex 11.188101183952089 0 9.973046875
      vertex 11.134227418732241 1.096625683768755 10
      vertex 11.188101183952089 0 10
    endloop
  endfacet
  facet normal 0.9987954562051724 0.04906767432741879 0
    outer loop
      vertex 11.188101183952089 0 9.83828125
      vertex 11.134227418732241 1.096625683768755 9.86171875
      vertex 11.134227418732241 1.096625683768755 9.996484375
    endloop
  endfacet
  facet normal 0.9987954562051724 0.049067674327418764 0
    outer loop
      vertex 11.188101183952089 0 9.973046875
      vertex 11.134227418732241 1.096625683768755 9.996484375
      vertex 11.134227418732241 1.096625683768755 10
    endloop
  endfacet
  facet normal 0.989176509964781 0.14673047445536166 0
    outer loop
      vertex 11.134227418732241 1.096625683768755 9.0859375
      vertex 10.973124956882163 2.182690262726239 9.88515625
      vertex 11.134227418732241 1.096625683768755 9.86171875
    endloop
  endfacet
  facet normal 0.9891765099647809 0.14673047445536164 0
    outer loop
      vertex 11.134227418732241 1.096625683768755 9.86171875
      vertex 10.973124956882163 2.182690262726239 10
      vertex 11.134227418732241 1.096625683768755 9.996484375
    endloop
  endfacet
  facet normal 0.9891765099647809 0.14673047445536166 0
    outer loop
      vertex 11.134227418732241 1.096625683768755 9.996484375
      vertex 10.973124956882163 2.182690262726239 10
      vertex 11.134227418732241 1.096625683768755 10
    endloop
  endfacet
  facet normal 0.989176509964781 0.14673047445536164 0
    outer loop
      vertex 11.134227418732241 1.096625683768755 9.86171875
      vertex 10.973124956882163 2.182690262726239 9.88515625
      vertex 10.973124956882163 2.182690262726239 10
    endloop
  endfacet
  facet normal 0.4892025190918459 0.10348133232537789 0.8660095318034073
    outer loop
      vertex 11.769423364838765 2.341083864193539 8.640625
      vertex 10.706345303177036 3.2477343412738002 9.1328125
      vertex 10.973124956882163 2.182690262726239 9.109375
    endloop
  endfacet
  facet normal 0.4767039309777423 0.15093327338930768 0.8660095318034072
    outer loop
      vertex 10.336457691518628 4.28150096272271 9.15625
      vertex 10.706345303177036 3.2477343412738002 9.1328125
      vertex 11.483284028786507 3.483416127053548 8.6640625
    endloop
  endfacet
  facet normal 0.9700312531945443 0.24298017990326254 0
    outer loop
      vertex 10.973124956882163 2.182690262726239 9.109375
      vertex 10.706345303177036 3.2477343412738002 9.90859375
      vertex 10.973124956882163 2.182690262726239 9.88515625
    endloop
  endfacet
  facet normal 0.9700312531945444 0.24298017990326257 0
    outer loop
      vertex 10.973124956882163 2.182690262726239 9.88515625
      vertex 10.706345303177036 3.2477343412738002 10
      vertex 10.973124956882163 2.182690262726239 10
    endloop
  endfacet
  facet normal 0.9415440651830203 0.3368898533922217 0
    outer loop
      vertex 10.706345303177036 3.2477343412738002 9.1328125
      vertex 10.336457691518628 4.28150096272271 9.93203125
      vertex 10.706345303177036 3.2477343412738002 9.90859375
    endloop
  endfacet
  facet normal 0.9700312531945443 0.2429801799032626 0
    outer loop
      vertex 10.973124956882163 2.182690262726239 9.109375
      vertex 10.706345303177036 3.2477343412738002 9.1328125
      vertex 10.706345303177036 3.2477343412738002 9.90859375
    endloop
  endfacet
  facet normal 0.9415440651830201 0.3368898533922217 0
    outer loop
      vertex 10.336457691518628 4.28150096272271 10
      vertex 10.706345303177036 3.2477343412738002 10
      vertex 10.706345303177036 3.2477343412738002 9.90859375
    endloop
  endfacet
  facet normal 0.9700312531945443 0.24298017990326254 0
    outer loop
      vertex 10.973124956882163 2.182690262726239 9.88515625
      vertex 10.706345303177036 3.2477343412738002 9.90859375
      vertex 10.706345303177036 3.2477343412738002 10
    endloop
  endfacet
  facet normal 0.7409511253549588 0.6715589548470188 0
    outer loop
      vertex 8.64851916847498 7.097656253642536 7.7265625
      vertex 7.9111822157737635 7.9111822157737635 8.125
      vertex 8.64851916847498 7.097656253642536 8.1015625
    endloop
  endfacet
  facet normal 0.8032075314806458 0.5956993044924321 0
    outer loop
      vertex 8.64851916847498 7.097656253642536 8.1015625
      vertex 9.30256615382229 6.215775981815149 8.078125
      vertex 9.30256615382229 6.215775981815149 7.703125
    endloop
  endfacet
  facet normal 0.4123636032019306 0.28281398406013136 0.8660095318034071
    outer loop
      vertex 8.64851916847498 7.097656253642536 7.7265625
      vertex 9.30256615382229 6.215775981815149 7.703125
      vertex 9.977635347630542 6.666842796235226 7.234375
    endloop
  endfacet
  facet normal 0.8032075314806458 0.5956993044924321 0
    outer loop
      vertex 8.64851916847498 7.097656253642536 7.7265625
      vertex 8.64851916847498 7.097656253642536 8.1015625
      vertex 9.30256615382229 6.215775981815149 7.703125
    endloop
  endfacet
  facet normal 0.3903389443232264 0.31251079880585386 -0.866009531803407
    outer loop
      vertex 8.64851916847498 7.097656253642536 8.1015625
      vertex 9.276125440352844 7.612719409963746 8.5703125
      vertex 9.30256615382229 6.215775981815149 8.078125
    endloop
  endfacet
  facet normal 0.903989293123444 0.42755509343028064 0
    outer loop
      vertex 10.336457691518628 4.28150096272271 7.65625
      vertex 9.867024341808355 5.274034389394095 8.0546875
      vertex 10.336457691518628 4.28150096272271 8.03125
    endloop
  endfacet
  facet normal 0.903989293123444 0.42755509343028064 0
    outer loop
      vertex 10.336457691518628 4.28150096272271 7.65625
      vertex 9.867024341808355 5.274034389394095 7.6796875
      vertex 9.867024341808355 5.274034389394095 8.0546875
    endloop
  endfacet
  facet normal 0.8577286100002717 0.5141027441932223 0
    outer loop
      vertex 9.867024341808355 5.274034389394095 7.6796875
      vertex 9.30256615382229 6.215775981815149 8.078125
      vertex 9.867024341808355 5.274034389394095 8.0546875
    endloop
  endfacet
  facet normal 0.9415440651830201 0.3368898533922217 0
    outer loop
      vertex 10.336457691518628 4.28150096272271 7.65625
      vertex 10.336457691518628 4.28150096272271 8.03125
      vertex 10.706345303177036 3.2477343412738002 7.6328125
    endloop
  endfacet
  facet normal 0.45961442341544695 0.19693164452197495 0.8660095318034072
    outer loop
      vertex 10.336457691518628 4.28150096272271 7.65625
      vertex 11.08655439013544 4.592201188381077 7.1875
      vertex 9.867024341808355 5.274034389394095 7.6796875
    endloop
  endfacet
  facet normal 0.44380652333290777 0.230354641092383 -0.8660095318034072
    outer loop
      vertex 10.336457691518628 4.28150096272271 8.03125
      vertex 9.867024341808355 5.274034389394095 8.0546875
      vertex 10.583055172180261 5.6567608419119715 8.5234375
    endloop
  endfacet
  facet normal 0.4642481767999147 0.18574477425650063 -0.8660095318034072
    outer loop
      vertex 10.336457691518628 4.28150096272271 8.03125
      vertex 11.08655439013544 4.592201188381077 8.5
      vertex 10.706345303177036 3.2477343412738002 8.0078125
    endloop
  endfacet
  facet normal 0.4659231615651954 0.18500003196780426 -0.8652690886013461
    outer loop
      vertex 10.706345303177036 3.2477343412738002 8.0078125
      vertex 11.08655439013544 4.592201188381077 8.5
      vertex 11.483284028786507 3.483416127053548 8.4765625
    endloop
  endfacet
  facet normal 0.9415440651830204 0.3368898533922211 0
    outer loop
      vertex 11.483284028786507 3.483416127053548 8.4765625
      vertex 11.08655439013544 4.592201188381077 8.5
      vertex 11.08655439013544 4.592201188381077 8.6875
    endloop
  endfacet
  facet normal 0.4455464400981436 0.22977766215815398 -0.8652690886013463
    outer loop
      vertex 10.336457691518628 4.28150096272271 8.03125
      vertex 10.583055172180261 5.6567608419119715 8.5234375
      vertex 11.08655439013544 4.592201188381077 8.5
    endloop
  endfacet
  facet normal 0.9039892931234439 0.4275550934302809 0
    outer loop
      vertex 11.08655439013544 4.592201188381077 8.5
      vertex 10.583055172180261 5.6567608419119715 8.5234375
      vertex 10.583055172180261 5.6567608419119715 8.7109375
    endloop
  endfacet
  facet normal 0.9039892931234439 0.4275550934302809 0
    outer loop
      vertex 11.08655439013544 4.592201188381077 8.5
      vertex 10.583055172180261 5.6567608419119715 8.7109375
      vertex 11.08655439013544 4.592201188381077 8.6875
    endloop
  endfacet
  facet normal 0.43809857770485894 0.24103345626411088 0.8660095318034072
    outer loop
      vertex 9.867024341808355 5.274034389394095 7.6796875
      vertex 10.583055172180261 5.6567608419119715 7.2109375
      vertex 9.30256615382229 6.215775981815149 7.703125
    endloop
  endfacet
  facet normal 0.8577286100002717 0.5141027441932223 0
    outer loop
      vertex 9.867024341808355 5.274034389394095 7.6796875
      vertex 9.30256615382229 6.215775981815149 7.703125
      vertex 9.30256615382229 6.215775981815149 8.078125
    endloop
  endfacet
  facet normal 0.41909077043687964 0.2727460668098922 -0.8660095318034071
    outer loop
      vertex 9.867024341808355 5.274034389394095 8.0546875
      vertex 9.30256615382229 6.215775981815149 8.078125
      vertex 9.977635347630542 6.666842796235226 8.546875
    endloop
  endfacet
  facet normal 0.42087886285248677 0.2723424078526758 -0.8652690886013462
    outer loop
      vertex 9.867024341808355 5.274034389394095 8.0546875
      vertex 9.977635347630542 6.666842796235226 8.546875
      vertex 10.583055172180261 5.6567608419119715 8.5234375
    endloop
  endfacet
  facet normal 0.8577286100002716 0.5141027441932224 0
    outer loop
      vertex 10.583055172180261 5.6567608419119715 8.5234375
      vertex 9.977635347630542 6.666842796235226 8.546875
      vertex 9.977635347630542 6.666842796235226 8.734375
    endloop
  endfacet
  facet normal 0.3921579920817717 0.3122843472820705 -0.8652690886013462
    outer loop
      vertex 9.30256615382229 6.215775981815149 8.078125
      vertex 9.276125440352844 7.612719409963746 8.5703125
      vertex 9.977635347630542 6.666842796235226 8.546875
    endloop
  endfacet
  facet normal 0.8032075314806455 0.5956993044924325 0
    outer loop
      vertex 9.977635347630542 6.666842796235226 8.546875
      vertex 9.276125440352844 7.612719409963746 8.7578125
      vertex 9.977635347630542 6.666842796235226 8.734375
    endloop
  endfacet
  facet normal 0.8032075314806455 0.5956993044924325 0
    outer loop
      vertex 9.977635347630542 6.666842796235226 8.546875
      vertex 9.276125440352844 7.612719409963746 8.5703125
      vertex 9.276125440352844 7.612719409963746 8.7578125
    endloop
  endfacet
  facet normal 0.8577286100002716 0.5141027441932225 0
    outer loop
      vertex 10.583055172180261 5.6567608419119715 8.5234375
      vertex 9.977635347630542 6.666842796235226 8.734375
      vertex 10.583055172180261 5.6567608419119715 8.7109375
    endloop
  endfacet
  facet normal 0.4123636032019306 0.28281398406013136 0.8660095318034071
    outer loop
      vertex 8.64851916847498 7.097656253642536 9.2265625
      vertex 9.30256615382229 6.215775981815149 9.203125
      vertex 9.977635347630542 6.666842796235226 8.734375
    endloop
  endfacet
  facet normal 0.41267494429623425 0.28462043964040246 0.865269088601346
    outer loop
      vertex 8.64851916847498 7.097656253642536 9.2265625
      vertex 9.977635347630542 6.666842796235226 8.734375
      vertex 9.276125440352844 7.612719409963746 8.7578125
    endloop
  endfacet
  facet normal 0.7409511253549588 0.6715589548470188 0
    outer loop
      vertex 8.64851916847498 7.097656253642536 9.2265625
      vertex 7.9111822157737635 7.9111822157737635 10
      vertex 8.64851916847498 7.097656253642536 10
    endloop
  endfacet
  facet normal 0.8032075314806458 0.5956993044924321 0
    outer loop
      vertex 8.64851916847498 7.097656253642536 10
      vertex 9.30256615382229 6.215775981815149 9.97890625
      vertex 9.30256615382229 6.215775981815149 9.203125
    endloop
  endfacet
  facet normal 0.8032075314806458 0.5956993044924321 0
    outer loop
      vertex 8.64851916847498 7.097656253642536 10
      vertex 9.30256615382229 6.215775981815149 10
      vertex 9.30256615382229 6.215775981815149 9.97890625
    endloop
  endfacet
  facet normal 0.8032075314806458 0.5956993044924321 0
    outer loop
      vertex 8.64851916847498 7.097656253642536 9.2265625
      vertex 8.64851916847498 7.097656253642536 10
      vertex 9.30256615382229 6.215775981815149 9.203125
    endloop
  endfacet
  facet normal 0.4775262522041456 0.15257156604970099 0.8652690886013463
    outer loop
      vertex 10.336457691518628 4.28150096272271 9.15625
      vertex 11.483284028786507 3.483416127053548 8.6640625
      vertex 11.08655439013544 4.592201188381077 8.6875
    endloop
  endfacet
  facet normal 0.45961442341544695 0.19693164452197495 0.8660095318034072
    outer loop
      vertex 10.336457691518628 4.28150096272271 9.15625
      vertex 11.08655439013544 4.592201188381077 8.6875
      vertex 9.867024341808355 5.274034389394095 9.1796875
    endloop
  endfacet
  facet normal 0.4602722041787875 0.19864264993046243 0.8652690886013462
    outer loop
      vertex 9.867024341808355 5.274034389394095 9.1796875
      vertex 11.08655439013544 4.592201188381077 8.6875
      vertex 10.583055172180261 5.6567608419119715 8.7109375
    endloop
  endfacet
  facet normal 0.903989293123444 0.42755509343028064 0
    outer loop
      vertex 10.336457691518628 4.28150096272271 9.15625
      vertex 9.867024341808355 5.274034389394095 9.95546875
      vertex 10.336457691518628 4.28150096272271 9.93203125
    endloop
  endfacet
  facet normal 0.903989293123444 0.4275550934302807 0
    outer loop
      vertex 10.336457691518628 4.28150096272271 9.93203125
      vertex 9.867024341808355 5.274034389394095 10
      vertex 10.336457691518628 4.28150096272271 10
    endloop
  endfacet
  facet normal 0.903989293123444 0.42755509343028064 0
    outer loop
      vertex 10.336457691518628 4.28150096272271 9.15625
      vertex 9.867024341808355 5.274034389394095 9.1796875
      vertex 9.867024341808355 5.274034389394095 9.95546875
    endloop
  endfacet
  facet normal 0.8577286100002717 0.5141027441932223 0
    outer loop
      vertex 9.867024341808355 5.274034389394095 9.1796875
      vertex 9.30256615382229 6.215775981815149 9.97890625
      vertex 9.867024341808355 5.274034389394095 9.95546875
    endloop
  endfacet
  facet normal 0.8577286100002718 0.5141027441932223 0
    outer loop
      vertex 9.867024341808355 5.274034389394095 9.95546875
      vertex 9.30256615382229 6.215775981815149 10
      vertex 9.867024341808355 5.274034389394095 10
    endloop
  endfacet
  facet normal 0.9039892931234439 0.42755509343028075 0
    outer loop
      vertex 10.336457691518628 4.28150096272271 9.93203125
      vertex 9.867024341808355 5.274034389394095 9.95546875
      vertex 9.867024341808355 5.274034389394095 10
    endloop
  endfacet
  facet normal 0.9415440651830203 0.3368898533922217 0
    outer loop
      vertex 10.336457691518628 4.28150096272271 9.15625
      vertex 10.336457691518628 4.28150096272271 9.93203125
      vertex 10.706345303177036 3.2477343412738002 9.1328125
    endloop
  endfacet
  facet normal 0.9415440651830201 0.3368898533922217 0
    outer loop
      vertex 10.336457691518628 4.28150096272271 9.93203125
      vertex 10.336457691518628 4.28150096272271 10
      vertex 10.706345303177036 3.2477343412738002 9.90859375
    endloop
  endfacet
  facet normal 0.43809857770485894 0.24103345626411088 0.8660095318034072
    outer loop
      vertex 9.867024341808355 5.274034389394095 9.1796875
      vertex 10.583055172180261 5.6567608419119715 8.7109375
      vertex 9.30256615382229 6.215775981815149 9.203125
    endloop
  endfacet
  facet normal 0.43858548321680585 0.2428006965032776 0.8652690886013461
    outer loop
      vertex 10.583055172180261 5.6567608419119715 8.7109375
      vertex 9.977635347630542 6.666842796235226 8.734375
      vertex 9.30256615382229 6.215775981815149 9.203125
    endloop
  endfacet
  facet normal 0.8577286100002717 0.5141027441932222 0
    outer loop
      vertex 9.867024341808355 5.274034389394095 9.1796875
      vertex 9.30256615382229 6.215775981815149 9.203125
      vertex 9.30256615382229 6.215775981815149 9.97890625
    endloop
  endfacet
  facet normal 0.8577286100002718 0.5141027441932222 0
    outer loop
      vertex 9.867024341808355 5.274034389394095 9.95546875
      vertex 9.30256615382229 6.215775981815149 9.97890625
      vertex 9.30256615382229 6.215775981815149 10
    endloop
  endfacet
  facet normal 0.4981766680167274 0.042982534469182716 -0.8660095318034073
    outer loop
      vertex 11.188101183952089 0 7.9375
      vertex 11.134227418732241 1.096625683768755 7.9609375
      vertex 11.942216720066362 1.1762056839547272 8.4296875
    endloop
  endfacet
  facet normal 0.4995633412254494 0.04178363812140804 -0.8652690886013462
    outer loop
      vertex 11.188101183952089 0 7.9375
      vertex 11.942216720066362 1.1762056839547272 8.4296875
      vertex 12 0 8.40625
    endloop
  endfacet
  facet normal 0.9987954562051724 0.049067674327418334 0
    outer loop
      vertex 12 0 8.40625
      vertex 11.942216720066362 1.1762056839547272 8.6171875
      vertex 12 0 8.59375
    endloop
  endfacet
  facet normal 0.9987954562051724 0.049067674327418334 0
    outer loop
      vertex 12 0 8.40625
      vertex 11.942216720066362 1.1762056839547272 8.4296875
      vertex 11.942216720066362 1.1762056839547272 8.6171875
    endloop
  endfacet
  facet normal 0.4930622944716725 0.0905482086036223 -0.8652690886013465
    outer loop
      vertex 11.134227418732241 1.096625683768755 7.9609375
      vertex 11.769423364838765 2.341083864193539 8.453125
      vertex 11.942216720066362 1.1762056839547272 8.4296875
    endloop
  endfacet
  facet normal 0.989176509964781 0.14673047445536164 0
    outer loop
      vertex 11.942216720066362 1.1762056839547272 8.4296875
      vertex 11.769423364838765 2.341083864193539 8.640625
      vertex 11.942216720066362 1.1762056839547272 8.6171875
    endloop
  endfacet
  facet normal 0.4915647860819065 0.09160541419529995 -0.8660095318034073
    outer loop
      vertex 11.134227418732241 1.096625683768755 7.9609375
      vertex 10.973124956882163 2.182690262726239 7.984375
      vertex 11.769423364838765 2.341083864193539 8.453125
    endloop
  endfacet
  facet normal 0.48181278828686613 0.1384407503382978 -0.8652690886013464
    outer loop
      vertex 10.973124956882163 2.182690262726239 7.984375
      vertex 11.483284028786507 3.483416127053548 8.4765625
      vertex 11.769423364838765 2.341083864193539 8.453125
    endloop
  endfacet
  facet normal 0.9700312531945441 0.24298017990326343 0
    outer loop
      vertex 11.769423364838765 2.341083864193539 8.453125
      vertex 11.483284028786507 3.483416127053548 8.6640625
      vertex 11.769423364838765 2.341083864193539 8.640625
    endloop
  endfacet
  facet normal 0.989176509964781 0.14673047445536164 0
    outer loop
      vertex 11.942216720066362 1.1762056839547272 8.4296875
      vertex 11.769423364838765 2.341083864193539 8.453125
      vertex 11.769423364838765 2.341083864193539 8.640625
    endloop
  endfacet
  facet normal 0.9700312531945441 0.24298017990326343 0
    outer loop
      vertex 11.769423364838765 2.341083864193539 8.453125
      vertex 11.483284028786507 3.483416127053548 8.4765625
      vertex 11.483284028786507 3.483416127053548 8.6640625
    endloop
  endfacet
  facet normal 0.4999908363074789 0.006054290560517417 0.8660095318034072
    outer loop
      vertex 12 0 8.59375
      vertex 11.134227418732241 1.096625683768755 9.0859375
      vertex 11.188101183952089 0 9.0625
    endloop
  endfacet
  facet normal 0.5012533199141237 0.007383331637175875 0.8652690886013464
    outer loop
      vertex 12 0 8.59375
      vertex 11.942216720066362 1.1762056839547272 8.6171875
      vertex 11.134227418732241 1.096625683768755 9.0859375
    endloop
  endfacet
  facet normal 0.4969898195217952 0.05503280946250661 0.8660095318034075
    outer loop
      vertex 11.942216720066362 1.1762056839547272 8.6171875
      vertex 10.973124956882163 2.182690262726239 9.109375
      vertex 11.134227418732241 1.096625683768755 9.0859375
    endloop
  endfacet
  facet normal 0.4981159551190877 0.056479195875953625 0.8652690886013464
    outer loop
      vertex 11.942216720066362 1.1762056839547272 8.6171875
      vertex 11.769423364838765 2.341083864193539 8.640625
      vertex 10.973124956882163 2.182690262726239 9.109375
    endloop
  endfacet
  facet normal 0.49018146137837604 0.10503113458377708 0.8652690886013462
    outer loop
      vertex 11.769423364838765 2.341083864193539 8.640625
      vertex 11.483284028786507 3.483416127053548 8.6640625
      vertex 10.706345303177036 3.2477343412738002 9.1328125
    endloop
  endfacet
  facet normal 0.9415440651830204 0.3368898533922211 0
    outer loop
      vertex 11.483284028786507 3.483416127053548 8.4765625
      vertex 11.08655439013544 4.592201188381077 8.6875
      vertex 11.483284028786507 3.483416127053548 8.6640625
    endloop
  endfacet
  facet normal 0.3578279407947663 0.3492658809735361 -0.8660095318034075
    outer loop
      vertex 8.64851916847498 7.097656253642536 5.1015625
      vertex 7.9111822157737635 7.9111822157737635 5.125
      vertex 8.485281374238571 8.485281374238571 5.59375
    endloop
  endfacet
  facet normal 0.3218708585878047 0.382657341779291 -0.866009531803407
    outer loop
      vertex 7.097656253642536 8.64851916847498 5.1484375
      vertex 7.612719409963746 9.276125440352844 5.6171875
      vertex 7.9111822157737635 7.9111822157737635 5.125
    endloop
  endfacet
  facet normal 0.3236991323544317 0.3827901200710167 -0.8652690886013464
    outer loop
      vertex 7.9111822157737635 7.9111822157737635 5.125
      vertex 7.612719409963746 9.276125440352844 5.6171875
      vertex 8.485281374238571 8.485281374238571 5.59375
    endloop
  endfacet
  facet normal 0.35966042547194355 0.3492188177351507 -0.865269088601346
    outer loop
      vertex 8.64851916847498 7.097656253642536 5.1015625
      vertex 8.485281374238571 8.485281374238571 5.59375
      vertex 9.276125440352844 7.612719409963746 5.5703125
    endloop
  endfacet
  facet normal 0.3492658809735361 0.3578279407947663 0.8660095318034075
    outer loop
      vertex 8.485281374238571 8.485281374238571 5.78125
      vertex 7.097656253642536 8.64851916847498 6.2734375
      vertex 7.9111822157737635 7.9111822157737635 6.25
    endloop
  endfacet
  facet normal 0.6715589548470179 0.7409511253549597 0
    outer loop
      vertex 8.485281374238571 8.485281374238571 5.59375
      vertex 7.612719409963746 9.276125440352844 5.6171875
      vertex 7.612719409963746 9.276125440352844 5.8046875
    endloop
  endfacet
  facet normal 0.6715589548470179 0.7409511253549597 0
    outer loop
      vertex 8.485281374238571 8.485281374238571 5.59375
      vertex 7.612719409963746 9.276125440352844 5.8046875
      vertex 8.485281374238571 8.485281374238571 5.78125
    endloop
  endfacet
  facet normal 0.3492188177351507 0.35966042547194355 0.8652690886013461
    outer loop
      vertex 8.485281374238571 8.485281374238571 5.78125
      vertex 7.612719409963746 9.276125440352844 5.8046875
      vertex 7.097656253642536 8.64851916847498 6.2734375
    endloop
  endfacet
  facet normal 0.7409511253549597 0.6715589548470179 0
    outer loop
      vertex 8.485281374238571 8.485281374238571 5.59375
      vertex 8.485281374238571 8.485281374238571 5.78125
      vertex 9.276125440352844 7.612719409963746 5.5703125
    endloop
  endfacet
  facet normal 0.3827901200710167 0.3236991323544317 0.8652690886013464
    outer loop
      vertex 8.485281374238571 8.485281374238571 5.78125
      vertex 7.9111822157737635 7.9111822157737635 6.25
      vertex 9.276125440352844 7.612719409963746 5.7578125
    endloop
  endfacet
  facet normal 0.7409511253549597 0.6715589548470179 0
    outer loop
      vertex 8.485281374238571 8.485281374238571 5.78125
      vertex 9.276125440352844 7.612719409963746 5.7578125
      vertex 9.276125440352844 7.612719409963746 5.5703125
    endloop
  endfacet
  facet normal 0.382657341779291 0.3218708585878047 0.866009531803407
    outer loop
      vertex 8.64851916847498 7.097656253642536 6.2265625
      vertex 9.276125440352844 7.612719409963746 5.7578125
      vertex 7.9111822157737635 7.9111822157737635 6.25
    endloop
  endfacet
  facet normal 0.6715589548470188 0.7409511253549588 0
    outer loop
      vertex 7.097656253642536 8.64851916847498 6.6484375
      vertex 7.9111822157737635 7.9111822157737635 6.625
      vertex 7.9111822157737635 7.9111822157737635 6.25
    endloop
  endfacet
  facet normal 0.7409511253549588 0.6715589548470188 0
    outer loop
      vertex 8.64851916847498 7.097656253642536 6.2265625
      vertex 7.9111822157737635 7.9111822157737635 6.25
      vertex 7.9111822157737635 7.9111822157737635 6.625
    endloop
  endfacet
  facet normal 0.3578279407947663 0.3492658809735361 -0.8660095318034075
    outer loop
      vertex 8.64851916847498 7.097656253642536 6.6015625
      vertex 7.9111822157737635 7.9111822157737635 6.625
      vertex 8.485281374238571 8.485281374238571 7.09375
    endloop
  endfacet
  facet normal 0.3218708585878047 0.382657341779291 -0.866009531803407
    outer loop
      vertex 7.097656253642536 8.64851916847498 6.6484375
      vertex 7.612719409963746 9.276125440352844 7.1171875
      vertex 7.9111822157737635 7.9111822157737635 6.625
    endloop
  endfacet
  facet normal 0.6715589548470179 0.7409511253549597 0
    outer loop
      vertex 8.485281374238571 8.485281374238571 7.09375
      vertex 7.612719409963746 9.276125440352844 7.1171875
      vertex 7.612719409963746 9.276125440352844 7.3046875
    endloop
  endfacet
  facet normal 0.3236991323544317 0.3827901200710167 -0.8652690886013464
    outer loop
      vertex 7.9111822157737635 7.9111822157737635 6.625
      vertex 7.612719409963746 9.276125440352844 7.1171875
      vertex 8.485281374238571 8.485281374238571 7.09375
    endloop
  endfacet
  facet normal 0.3492188177351507 0.35966042547194355 0.8652690886013461
    outer loop
      vertex 8.485281374238571 8.485281374238571 7.28125
      vertex 7.612719409963746 9.276125440352844 7.3046875
      vertex 7.097656253642536 8.64851916847498 7.7734375
    endloop
  endfacet
  facet normal 0.6715589548470179 0.7409511253549597 0
    outer loop
      vertex 8.485281374238571 8.485281374238571 7.09375
      vertex 7.612719409963746 9.276125440352844 7.3046875
      vertex 8.485281374238571 8.485281374238571 7.28125
    endloop
  endfacet
  facet normal 0.35966042547194355 0.3492188177351507 -0.865269088601346
    outer loop
      vertex 8.64851916847498 7.097656253642536 6.6015625
      vertex 8.485281374238571 8.485281374238571 7.09375
      vertex 9.276125440352844 7.612719409963746 7.0703125
    endloop
  endfacet
  facet normal 0.7409511253549597 0.6715589548470179 0
    outer loop
      vertex 8.485281374238571 8.485281374238571 7.09375
      vertex 8.485281374238571 8.485281374238571 7.28125
      vertex 9.276125440352844 7.612719409963746 7.0703125
    endloop
  endfacet
  facet normal 0.3827901200710167 0.3236991323544317 0.8652690886013464
    outer loop
      vertex 8.485281374238571 8.485281374238571 7.28125
      vertex 7.9111822157737635 7.9111822157737635 7.75
      vertex 9.276125440352844 7.612719409963746 7.2578125
    endloop
  endfacet
  facet normal 0.7409511253549597 0.6715589548470179 0
    outer loop
      vertex 8.485281374238571 8.485281374238571 7.28125
      vertex 9.276125440352844 7.612719409963746 7.2578125
      vertex 9.276125440352844 7.612719409963746 7.0703125
    endloop
  endfacet
  facet normal 0.3492658809735361 0.3578279407947663 0.8660095318034075
    outer loop
      vertex 8.485281374238571 8.485281374238571 7.28125
      vertex 7.097656253642536 8.64851916847498 7.7734375
      vertex 7.9111822157737635 7.9111822157737635 7.75
    endloop
  endfacet
  facet normal 0.6715589548470188 0.7409511253549588 0
    outer loop
      vertex 7.097656253642536 8.64851916847498 8.1484375
      vertex 7.9111822157737635 7.9111822157737635 8.125
      vertex 7.9111822157737635 7.9111822157737635 7.75
    endloop
  endfacet
  facet normal 0.7409511253549588 0.6715589548470188 0
    outer loop
      vertex 8.64851916847498 7.097656253642536 7.7265625
      vertex 7.9111822157737635 7.9111822157737635 7.75
      vertex 7.9111822157737635 7.9111822157737635 8.125
    endloop
  endfacet
  facet normal 0.382657341779291 0.3218708585878047 0.866009531803407
    outer loop
      vertex 8.64851916847498 7.097656253642536 7.7265625
      vertex 9.276125440352844 7.612719409963746 7.2578125
      vertex 7.9111822157737635 7.9111822157737635 7.75
    endloop
  endfacet
  facet normal 0.3578279407947663 0.3492658809735361 -0.8660095318034075
    outer loop
      vertex 8.64851916847498 7.097656253642536 8.1015625
      vertex 7.9111822157737635 7.9111822157737635 8.125
      vertex 8.485281374238571 8.485281374238571 8.59375
    endloop
  endfacet
  facet normal 0.3218708585878047 0.382657341779291 -0.866009531803407
    outer loop
      vertex 7.097656253642536 8.64851916847498 8.1484375
      vertex 7.612719409963746 9.276125440352844 8.6171875
      vertex 7.9111822157737635 7.9111822157737635 8.125
    endloop
  endfacet
  facet normal 0.6715589548470179 0.7409511253549597 0
    outer loop
      vertex 8.485281374238571 8.485281374238571 8.59375
      vertex 7.612719409963746 9.276125440352844 8.6171875
      vertex 7.612719409963746 9.276125440352844 8.8046875
    endloop
  endfacet
  facet normal 0.3236991323544317 0.3827901200710167 -0.8652690886013464
    outer loop
      vertex 7.9111822157737635 7.9111822157737635 8.125
      vertex 7.612719409963746 9.276125440352844 8.6171875
      vertex 8.485281374238571 8.485281374238571 8.59375
    endloop
  endfacet
  facet normal 0.6715589548470179 0.7409511253549597 0
    outer loop
      vertex 8.485281374238571 8.485281374238571 8.59375
      vertex 7.612719409963746 9.276125440352844 8.8046875
      vertex 8.485281374238571 8.485281374238571 8.78125
    endloop
  endfacet
  facet normal 0.35966042547194355 0.3492188177351507 -0.865269088601346
    outer loop
      vertex 8.64851916847498 7.097656253642536 8.1015625
      vertex 8.485281374238571 8.485281374238571 8.59375
      vertex 9.276125440352844 7.612719409963746 8.5703125
    endloop
  endfacet
  facet normal 0.7409511253549597 0.6715589548470179 0
    outer loop
      vertex 8.485281374238571 8.485281374238571 8.59375
      vertex 8.485281374238571 8.485281374238571 8.78125
      vertex 9.276125440352844 7.612719409963746 8.5703125
    endloop
  endfacet
  facet normal 0.7409511253549597 0.6715589548470179 0
    outer loop
      vertex 8.485281374238571 8.485281374238571 8.78125
      vertex 9.276125440352844 7.612719409963746 8.7578125
      vertex 9.276125440352844 7.612719409963746 8.5703125
    endloop
  endfacet
  facet normal 0.3492658809735361 0.3578279407947663 0.8660095318034075
    outer loop
      vertex 8.485281374238571 8.485281374238571 8.78125
      vertex 7.097656253642536 8.64851916847498 9.2734375
      vertex 7.9111822157737635 7.9111822157737635 9.25
    endloop
  endfacet
  facet normal 0.3492188177351507 0.35966042547194355 0.8652690886013461
    outer loop
      vertex 8.485281374238571 8.485281374238571 8.78125
      vertex 7.612719409963746 9.276125440352844 8.8046875
      vertex 7.097656253642536 8.64851916847498 9.2734375
    endloop
  endfacet
  facet normal 0.3827901200710167 0.3236991323544317 0.8652690886013464
    outer loop
      vertex 8.485281374238571 8.485281374238571 8.78125
      vertex 7.9111822157737635 7.9111822157737635 9.25
      vertex 9.276125440352844 7.612719409963746 8.7578125
    endloop
  endfacet
  facet normal 0.382657341779291 0.3218708585878047 0.866009531803407
    outer loop
      vertex 8.64851916847498 7.097656253642536 9.2265625
      vertex 9.276125440352844 7.612719409963746 8.7578125
      vertex 7.9111822157737635 7.9111822157737635 9.25
    endloop
  endfacet
  facet normal 0.7409511253549588 0.6715589548470188 0
    outer loop
      vertex 8.64851916847498 7.097656253642536 9.2265625
      vertex 7.9111822157737635 7.9111822157737635 9.25
      vertex 7.9111822157737635 7.9111822157737635 10
    endloop
  endfacet
  facet normal 0.6715589548470188 0.7409511253549588 0
    outer loop
      vertex 7.097656253642536 8.64851916847498 10
      vertex 7.9111822157737635 7.9111822157737635 10
      vertex 7.9111822157737635 7.9111822157737635 9.25
    endloop
  endfacet
  facet normal 0 0 1
    outer loop
      vertex -2.451963201008076 -0.4877258050403206 7
      vertex -2.451963201008076 0.4877258050403206 7
      vertex -2.4879618166804924 -0.2450428508239015 7
    endloop
  endfacet
  facet normal 0 0 1
    outer loop
      vertex -2.451963201008076 -0.4877258050403206 7
      vertex -2.392350839330522 -0.7257116931361558 7
      vertex -2.392350839330522 0.7257116931361558 7
    endloop
  endfacet
  facet normal 0 0 1
    outer loop
      vertex -2.309698831278217 -0.9567085809127245 7
      vertex -2.309698831278217 0.9567085809127245 7
      vertex -2.392350839330522 -0.7257116931361558 7
    endloop
  endfacet
  facet normal 0 0 1
    outer loop
      vertex -2.309698831278217 -0.9567085809127245 7
      vertex -2.204803160870888 -1.1784918420649941 7
      vertex -2.204803160870888 1.1784918420649941 7
    endloop
  endfacet
  facet normal 0 0 1
    outer loop
      vertex -2.078674030756363 -1.3889255825490054 7
      vertex -2.078674030756363 1.3889255825490054 7
      vertex -2.204803160870888 -1.1784918420649941 7
    endloop
  endfacet
  facet normal 0 0 1
    outer loop
      vertex -1.9325261334068424 -1.5859832104091138 7
      vertex -1.9325261334068424 1.5859832104091138 7
      vertex -2.078674030756363 -1.3889255825490054 7
    endloop
  endfacet
  facet normal 0 0 1
    outer loop
      vertex -1.9325261334068424 -1.5859832104091138 7
      vertex -1.7677669529663689 -1.7677669529663689 7
      vertex -1.7677669529663689 1.7677669529663689 7
    endloop
  endfacet
  facet normal 0 0 1
    outer loop
      vertex -1.5859832104091138 -1.9325261334068424 7
      vertex -1.5859832104091138 1.9325261334068424 7
      vertex -1.7677669529663689 -1.7677669529663689 7
    endloop
  endfacet
  facet normal 0 0 1
    outer loop
      vertex -1.5859832104091138 -1.9325261334068424 7
      vertex -1.3889255825490054 -2.078674030756363 7
      vertex -1.3889255825490054 2.078674030756363 7
    endloop
  endfacet
  facet normal 0 0 1
    outer loop
      vertex -1.3889255825490054 -2.078674030756363 7
      vertex -1.1784918420649941 -2.204803160870888 7
      vertex -1.1784918420649941 2.204803160870888 7
    endloop
  endfacet
  facet normal 0 0 1
    outer loop
      vertex -0.9567085809127245 -2.309698831278217 7
      vertex -0.9567085809127245 2.309698831278217 7
      vertex -1.1784918420649941 -2.204803160870888 7
    endloop
  endfacet
  facet normal 0 0 1
    outer loop
      vertex -0.7257116931361558 -2.392350839330522 7
      vertex -0.4877258050403206 -2.451963201008076 7
      vertex -0.4903926402016152 -0.09754516100806412 7
    endloop
  endfacet
  facet normal 0 0 1
    outer loop
      vertex -0.4877258050403206 -2.451963201008076 7
      vertex -0.2450428508239015 -2.4879618166804924 7
      vertex -0.2777851165098011 -0.4157348061512726 7
    endloop
  endfacet
  facet normal 0 0 1
    outer loop
      vertex -0.2450428508239015 -2.4879618166804924 7
      vertex 0 -2.5 7
      vertex 0 -0.5 7
    endloop
  endfacet
  facet normal 0 0 1
    outer loop
      vertex -0.4877258050403206 -2.451963201008076 7
      vertex -0.31719664208182274 -0.3865052266813685 7
      vertex -0.3535533905932738 -0.3535533905932738 7
    endloop
  endfacet
  facet normal 0 0 1
    outer loop
      vertex -0.4877258050403206 -2.451963201008076 7
      vertex -0.2777851165098011 -0.4157348061512726 7
      vertex -0.31719664208182274 -0.3865052266813685 7
    endloop
  endfacet
  facet normal 0 0 1
    outer loop
      vertex -0.4877258050403206 -2.451963201008076 7
      vertex -0.3865052266813685 -0.31719664208182274 7
      vertex -0.4157348061512726 -0.2777851165098011 7
    endloop
  endfacet
  facet normal 0 0 1
    outer loop
      vertex -0.4877258050403206 -2.451963201008076 7
      vertex -0.4157348061512726 -0.2777851165098011 7
      vertex -0.4409606321741775 -0.23569836841299882 7
    endloop
  endfacet
  facet normal 0 0 1
    outer loop
      vertex -0.4877258050403206 -2.451963201008076 7
      vertex -0.4409606321741775 -0.23569836841299882 7
      vertex -0.46193976625564337 -0.1913417161825449 7
    endloop
  endfacet
  facet normal 0 0 1
    outer loop
      vertex -0.4877258050403206 -2.451963201008076 7
      vertex -0.3535533905932738 -0.3535533905932738 7
      vertex -0.3865052266813685 -0.31719664208182274 7
    endloop
  endfacet
  facet normal 0 0 1
    outer loop
      vertex -0.2450428508239015 -2.4879618166804924 7
      vertex -0.23569836841299882 -0.4409606321741775 7
      vertex -0.2777851165098011 -0.4157348061512726 7
    endloop
  endfacet
  facet normal 0 0 1
    outer loop
      vertex -0.2450428508239015 -2.4879618166804924 7
      vertex -0.1913417161825449 -0.46193976625564337 7
      vertex -0.23569836841299882 -0.4409606321741775 7
    endloop
  endfacet
  facet normal 0 0 1
    outer loop
      vertex -0.2450428508239015 -2.4879618166804924 7
      vertex -0.14514233862723117 -0.4784701678661044 7
      vertex -0.1913417161825449 -0.46193976625564337 7
    endloop
  endfacet
  facet normal 0 0 1
    outer loop
      vertex -0.2450428508239015 -2.4879618166804924 7
      vertex -0.09754516100806412 -0.4903926402016152 7
      vertex -0.14514233862723117 -0.4784701678661044 7
    endloop
  endfacet
  facet normal 0 0 1
    outer loop
      vertex -0.2450428508239015 -2.4879618166804924 7
      vertex -0.0490085701647803 -0.49759236333609846 7
      vertex -0.09754516100806412 -0.4903926402016152 7
    endloop
  endfacet
  facet normal 0 0 1
    outer loop
      vertex -0.2450428508239015 -2.4879618166804924 7
      vertex 0 -0.5 7
      vertex -0.0490085701647803 -0.49759236333609846 7
    endloop
  endfacet
  facet normal 0 0 1
    outer loop
      vertex -0.9567085809127245 -2.309698831278217 7
      vertex -0.7257116931361558 -2.392350839330522 7
      vertex -0.7257116931361558 2.392350839330522 7
    endloop
  endfacet
  facet normal 0 0 1
    outer loop
      vertex -0.7257116931361558 -2.392350839330522 7
      vertex -0.4903926402016152 -0.09754516100806412 7
      vertex -0.49759236333609846 -0.0490085701647803 7
    endloop
  endfacet
  facet normal 0 0 1
    outer loop
      vertex -0.4877258050403206 -2.451963201008076 7
      vertex -0.46193976625564337 -0.1913417161825449 7
      vertex -0.4784701678661044 -0.14514233862723117 7
    endloop
  endfacet
  facet normal 0 0 1
    outer loop
      vertex -0.4877258050403206 -2.451963201008076 7
      vertex -0.4784701678661044 -0.14514233862723117 7
      vertex -0.4903926402016152 -0.09754516100806412 7
    endloop
  endfacet
  facet normal 0 0 1
    outer loop
      vertex -0.7257116931361558 -2.392350839330522 7
      vertex -0.49759236333609846 -0.0490085701647803 7
      vertex -0.5 0 7
    endloop
  endfacet
  facet normal 0 0 1
    outer loop
      vertex -0.7257116931361558 -2.392350839330522 7
      vertex -0.5 0 7
      vertex -0.49759236333609846 0.0490085701647803 7
    endloop
  endfacet
  facet normal 0.7409511253549592 0.6715589548470184 -4.9705347604291045e-17
    outer loop
      vertex -1.9325261334068424 -1.5859832104091138 7
      vertex -1.9325261334068424 -1.5859832104091136 10
      vertex -1.7677669529663689 -1.7677669529663689 7
    endloop
  endfacet
  facet normal 0.8032075314806452 0.595699304492433 0
    outer loop
      vertex -1.9325261334068424 -1.5859832104091138 7
      vertex -2.078674030756363 -1.3889255825490054 7
      vertex -2.078674030756363 -1.3889255825490054 10
    endloop
  endfacet
  facet normal 0.8577286100002717 0.5141027441932224 -3.7710605466268135e-17
    outer loop
      vertex -2.078674030756363 -1.3889255825490054 7
      vertex -2.204803160870888 -1.1784918420649941 7
      vertex -2.204803160870888 -1.178491842064994 10
    endloop
  endfacet
  facet normal 0.9039892931234436 0.42755509343028164 0
    outer loop
      vertex -2.309698831278217 -0.9567085809127245 7
      vertex -2.309698831278217 -0.9567085809127245 10
      vertex -2.204803160870888 -1.1784918420649941 7
    endloop
  endfacet
  facet normal 0.9415440651830211 0.3368898533922188 0
    outer loop
      vertex -2.309698831278217 -0.9567085809127245 7
      vertex -2.392350839330522 -0.7257116931361558 7
      vertex -2.392350839330522 -0.7257116931361558 10
    endloop
  endfacet
  facet normal 0.9700312531945438 0.24298017990326456 0
    outer loop
      vertex -2.451963201008076 -0.4877258050403206 7
      vertex -2.451963201008076 -0.4877258050403206 10
      vertex -2.392350839330522 -0.7257116931361558 7
    endloop
  endfacet
  facet normal 0.9891765099647809 0.14673047445536286 0
    outer loop
      vertex -2.451963201008076 -0.4877258050403206 7
      vertex -2.4879618166804924 -0.2450428508239015 7
      vertex -2.4879618166804924 -0.2450428508239015 10
    endloop
  endfacet
  facet normal 0.9987954562051725 0.049067674327417134 0
    outer loop
      vertex -2.4879618166804924 -0.2450428508239015 7
      vertex -2.5 0 7
      vertex -2.5 0 10
    endloop
  endfacet
  facet normal 0.595699304492433 0.8032075314806452 0
    outer loop
      vertex -1.5859832104091138 -1.9325261334068424 7
      vertex -1.5859832104091138 -1.9325261334068424 10
      vertex -1.3889255825490054 -2.078674030756363 7
    endloop
  endfacet
  facet normal 0.5141027441932224 0.8577286100002717 0
    outer loop
      vertex -1.3889255825490054 -2.078674030756363 7
      vertex -1.3889255825490054 -2.078674030756363 10
      vertex -1.1784918420649941 -2.204803160870888 7
    endloop
  endfacet
  facet normal 0.42755509343028164 0.9039892931234436 0
    outer loop
      vertex -0.9567085809127245 -2.309698831278217 7
      vertex -1.1784918420649941 -2.204803160870888 7
      vertex -1.1784918420649941 -2.204803160870888 10
    endloop
  endfacet
  facet normal 0.24298017990326456 0.9700312531945438 0
    outer loop
      vertex -0.7257116931361558 -2.392350839330522 7
      vertex -0.7257116931361558 -2.392350839330522 10
      vertex -0.4877258050403206 -2.451963201008076 7
    endloop
  endfacet
  facet normal 0.3368898533922188 0.9415440651830211 0
    outer loop
      vertex -0.9567085809127245 -2.309698831278217 7
      vertex -0.9567085809127245 -2.309698831278217 10
      vertex -0.7257116931361558 -2.392350839330522 7
    endloop
  endfacet
  facet normal 0.14673047445536286 0.9891765099647809 5.430118371817241e-18
    outer loop
      vertex -0.4877258050403206 -2.451963201008076 7
      vertex -0.4877258050403207 -2.451963201008076 10
      vertex -0.2450428508239015 -2.4879618166804924 7
    endloop
  endfacet
  facet normal 0.049067674327417134 0.9987954562051725 0
    outer loop
      vertex -0.2450428508239015 -2.4879618166804924 7
      vertex -0.2450428508239015 -2.4879618166804924 10
      vertex 0 -2.5 7
    endloop
  endfacet
  facet normal 0.6715589548470184 0.7409511253549592 0
    outer loop
      vertex -1.5859832104091138 -1.9325261334068424 7
      vertex -1.7677669529663689 -1.7677669529663689 7
      vertex -1.7677669529663689 -1.7677669529663689 10
    endloop
  endfacet
  facet normal 0.8032075314806448 0.5956993044924335 -4.409060557337943e-17
    outer loop
      vertex -1.9325261334068424 -1.5859832104091138 7
      vertex -2.078674030756363 -1.3889255825490054 10
      vertex -1.9325261334068424 -1.5859832104091136 10
    endloop
  endfacet
  facet normal 0.8577286100002719 0.5141027441932221 0
    outer loop
      vertex -2.078674030756363 -1.3889255825490054 7
      vertex -2.204803160870888 -1.178491842064994 10
      vertex -2.078674030756363 -1.3889255825490054 10
    endloop
  endfacet
  facet normal 0.9039892931234434 0.42755509343028203 -3.1645433934803945e-17
    outer loop
      vertex -2.204803160870888 -1.1784918420649941 7
      vertex -2.309698831278217 -0.9567085809127245 10
      vertex -2.204803160870888 -1.178491842064994 10
    endloop
  endfacet
  facet normal 0.9700312531945438 0.24298017990326456 0
    outer loop
      vertex -2.392350839330522 -0.7257116931361558 7
      vertex -2.451963201008076 -0.4877258050403206 10
      vertex -2.392350839330522 -0.7257116931361558 10
    endloop
  endfacet
  facet normal 0.9891765099647809 0.14673047445536286 0
    outer loop
      vertex -2.451963201008076 -0.4877258050403206 7
      vertex -2.4879618166804924 -0.2450428508239015 10
      vertex -2.451963201008076 -0.4877258050403206 10
    endloop
  endfacet
  facet normal 0.9987954562051725 0.049067674327417134 0
    outer loop
      vertex -2.4879618166804924 -0.2450428508239015 7
      vertex -2.5 0 10
      vertex -2.4879618166804924 -0.2450428508239015 10
    endloop
  endfacet
  facet normal 0.9415440651830211 0.3368898533922188 0
    outer loop
      vertex -2.309698831278217 -0.9567085809127245 7
      vertex -2.392350839330522 -0.7257116931361558 10
      vertex -2.309698831278217 -0.9567085809127245 10
    endloop
  endfacet
  facet normal 0.6715589548470184 0.7409511253549592 0
    outer loop
      vertex -1.5859832104091138 -1.9325261334068424 7
      vertex -1.7677669529663689 -1.7677669529663689 10
      vertex -1.5859832104091138 -1.9325261334068424 10
    endloop
  endfacet
  facet normal 0.595699304492433 0.8032075314806452 0
    outer loop
      vertex -1.3889255825490054 -2.078674030756363 7
      vertex -1.5859832104091138 -1.9325261334068424 10
      vertex -1.3889255825490054 -2.078674030756363 10
    endloop
  endfacet
  facet normal 0.5141027441932224 0.8577286100002717 0
    outer loop
      vertex -1.1784918420649941 -2.204803160870888 7
      vertex -1.3889255825490054 -2.078674030756363 10
      vertex -1.1784918420649941 -2.204803160870888 10
    endloop
  endfacet
  facet normal 0.42755509343028164 0.9039892931234436 0
    outer loop
      vertex -0.9567085809127245 -2.309698831278217 7
      vertex -1.1784918420649941 -2.204803160870888 10
      vertex -0.9567085809127245 -2.309698831278217 10
    endloop
  endfacet
  facet normal 0.3368898533922188 0.9415440651830211 0
    outer loop
      vertex -0.7257116931361558 -2.392350839330522 7
      vertex -0.9567085809127245 -2.309698831278217 10
      vertex -0.7257116931361558 -2.392350839330522 10
    endloop
  endfacet
  facet normal 0.2429801799032647 0.9700312531945439 8.992073008538907e-18
    outer loop
      vertex -0.4877258050403206 -2.451963201008076 7
      vertex -0.7257116931361558 -2.392350839330522 10
      vertex -0.4877258050403207 -2.451963201008076 10
    endloop
  endfacet
  facet normal 0.14673047445536277 0.9891765099647808 0
    outer loop
      vertex -0.2450428508239015 -2.4879618166804924 7
      vertex -0.4877258050403207 -2.451963201008076 10
      vertex -0.2450428508239015 -2.4879618166804924 10
    endloop
  endfacet
  facet normal 0.049067674327417134 0.9987954562051725 0
    outer loop
      vertex -0.2450428508239015 -2.4879618166804924 10
      vertex 0 -2.5 10
      vertex 0 -2.5 7
    endloop
  endfacet
  facet normal 0.7409511253549595 0.6715589548470179 0
    outer loop
      vertex -1.7677669529663689 -1.7677669529663689 7
      vertex -1.9325261334068424 -1.5859832104091136 10
      vertex -1.7677669529663689 -1.7677669529663689 10
    endloop
  endfacet
  facet normal 0 0 1
    outer loop
      vertex -2.4879618166804924 -0.2450428508239015 7
      vertex -2.4879618166804924 0.2450428508239015 7
      vertex -2.5 0 7
    endloop
  endfacet
  facet normal 0 0 1
    outer loop
      vertex -2.4879618166804924 -0.2450428508239015 7
      vertex -2.451963201008076 0.4877258050403206 7
      vertex -2.4879618166804924 0.2450428508239015 7
    endloop
  endfacet
  facet normal 0 0 1
    outer loop
      vertex -2.451963201008076 -0.4877258050403206 7
      vertex -2.392350839330522 0.7257116931361558 7
      vertex -2.451963201008076 0.4877258050403206 7
    endloop
  endfacet
  facet normal 0 0 1
    outer loop
      vertex -2.392350839330522 -0.7257116931361558 7
      vertex -2.309698831278217 0.9567085809127245 7
      vertex -2.392350839330522 0.7257116931361558 7
    endloop
  endfacet
  facet normal 0 0 1
    outer loop
      vertex -2.309698831278217 -0.9567085809127245 7
      vertex -2.204803160870888 1.1784918420649941 7
      vertex -2.309698831278217 0.9567085809127245 7
    endloop
  endfacet
  facet normal 0 0 1
    outer loop
      vertex -2.204803160870888 -1.1784918420649941 7
      vertex -2.078674030756363 1.3889255825490054 7
      vertex -2.204803160870888 1.1784918420649941 7
    endloop
  endfacet
  facet normal 0 0 1
    outer loop
      vertex -2.078674030756363 -1.3889255825490054 7
      vertex -1.9325261334068424 1.5859832104091138 7
      vertex -2.078674030756363 1.3889255825490054 7
    endloop
  endfacet
  facet normal 0 0 1
    outer loop
      vertex -1.9325261334068424 -1.5859832104091138 7
      vertex -1.7677669529663689 1.7677669529663689 7
      vertex -1.9325261334068424 1.5859832104091138 7
    endloop
  endfacet
  facet normal 0 0 1
    outer loop
      vertex -1.7677669529663689 -1.7677669529663689 7
      vertex -1.5859832104091138 1.9325261334068424 7
      vertex -1.7677669529663689 1.7677669529663689 7
    endloop
  endfacet
  facet normal 0 0 1
    outer loop
      vertex -1.5859832104091138 -1.9325261334068424 7
      vertex -1.3889255825490054 2.078674030756363 7
      vertex -1.5859832104091138 1.9325261334068424 7
    endloop
  endfacet
  facet normal 0 0 1
    outer loop
      vertex -1.3889255825490054 -2.078674030756363 7
      vertex -1.1784918420649941 2.204803160870888 7
      vertex -1.3889255825490054 2.078674030756363 7
    endloop
  endfacet
  facet normal 0 0 1
    outer loop
      vertex -1.1784918420649941 -2.204803160870888 7
      vertex -0.9567085809127245 2.309698831278217 7
      vertex -1.1784918420649941 2.204803160870888 7
    endloop
  endfacet
  facet normal 0 0 1
    outer loop
      vertex -0.7257116931361558 -2.392350839330522 7
      vertex -0.49759236333609846 0.0490085701647803 7
      vertex -0.4877258050403206 2.451963201008076 7
    endloop
  endfacet
  facet normal 0 0 1
    outer loop
      vertex -0.9567085809127245 -2.309698831278217 7
      vertex -0.7257116931361558 2.392350839330522 7
      vertex -0.9567085809127245 2.309698831278217 7
    endloop
  endfacet
  facet normal 0 0 1
    outer loop
      vertex -0.7257116931361558 -2.392350839330522 7
      vertex -0.4877258050403206 2.451963201008076 7
      vertex -0.7257116931361558 2.392350839330522 7
    endloop
  endfacet
  facet normal 0 0 1
    outer loop
      vertex -0.49759236333609846 0.0490085701647803 7
      vertex -0.4903926402016152 0.09754516100806412 7
      vertex -0.4877258050403206 2.451963201008076 7
    endloop
  endfacet
  facet normal 0 0 1
    outer loop
      vertex -0.4903926402016152 0.09754516100806412 7
      vertex -0.4784701678661044 0.14514233862723117 7
      vertex -0.4877258050403206 2.451963201008076 7
    endloop
  endfacet
  facet normal 0 0 1
    outer loop
      vertex -0.4784701678661044 0.14514233862723117 7
      vertex -0.46193976625564337 0.1913417161825449 7
      vertex -0.4877258050403206 2.451963201008076 7
    endloop
  endfacet
  facet normal 0 0 1
    outer loop
      vertex -0.46193976625564337 0.1913417161825449 7
      vertex -0.4409606321741775 0.23569836841299882 7
      vertex -0.4877258050403206 2.451963201008076 7
    endloop
  endfacet
  facet normal 0 0 1
    outer loop
      vertex -0.4409606321741775 0.23569836841299882 7
      vertex -0.4157348061512726 0.2777851165098011 7
      vertex -0.4877258050403206 2.451963201008076 7
    endloop
  endfacet
  facet normal 0 0 1
    outer loop
      vertex -0.4157348061512726 0.2777851165098011 7
      vertex -0.3865052266813685 0.31719664208182274 7
      vertex -0.4877258050403206 2.451963201008076 7
    endloop
  endfacet
  facet normal 0 0 1
    outer loop
      vertex -0.3865052266813685 0.31719664208182274 7
      vertex -0.3535533905932738 0.3535533905932738 7
      vertex -0.4877258050403206 2.451963201008076 7
    endloop
  endfacet
  facet normal 0 0 1
    outer loop
      vertex -0.3535533905932738 0.3535533905932738 7
      vertex -0.31719664208182274 0.3865052266813685 7
      vertex -0.4877258050403206 2.451963201008076 7
    endloop
  endfacet
  facet normal 0 0 1
    outer loop
      vertex -0.31719664208182274 0.3865052266813685 7
      vertex -0.2777851165098011 0.4157348061512726 7
      vertex -0.2450428508239015 2.4879618166804924 7
    endloop
  endfacet
  facet normal 0 0 1
    outer loop
      vertex -0.2777851165098011 0.4157348061512726 7
      vertex -0.23569836841299882 0.4409606321741775 7
      vertex -0.2450428508239015 2.4879618166804924 7
    endloop
  endfacet
  facet normal 0 0 1
    outer loop
      vertex -0.23569836841299882 0.4409606321741775 7
      vertex -0.1913417161825449 0.46193976625564337 7
      vertex -0.2450428508239015 2.4879618166804924 7
    endloop
  endfacet
  facet normal 0 0 1
    outer loop
      vertex -0.1913417161825449 0.46193976625564337 7
      vertex -0.14514233862723117 0.4784701678661044 7
      vertex -0.2450428508239015 2.4879618166804924 7
    endloop
  endfacet
  facet normal 0 0 1
    outer loop
      vertex -0.14514233862723117 0.4784701678661044 7
      vertex -0.09754516100806412 0.4903926402016152 7
      vertex -0.2450428508239015 2.4879618166804924 7
    endloop
  endfacet
  facet normal 0 0 1
    outer loop
      vertex -0.09754516100806412 0.4903926402016152 7
      vertex -0.0490085701647803 0.49759236333609846 7
      vertex 0 2.5 7
    endloop
  endfacet
  facet normal 0 0 1
    outer loop
      vertex -0.0490085701647803 0.49759236333609846 7
      vertex 0 0.5 7
      vertex 0 2.5 7
    endloop
  endfacet
  facet normal 0 0 1
    outer loop
      vertex -0.31719664208182274 0.3865052266813685 7
      vertex -0.2450428508239015 2.4879618166804924 7
      vertex -0.4877258050403206 2.451963201008076 7
    endloop
  endfacet
  facet normal 0 0 1
    outer loop
      vertex -0.09754516100806412 0.4903926402016152 7
      vertex 0 2.5 7
      vertex -0.2450428508239015 2.4879618166804924 7
    endloop
  endfacet
  facet normal 0.9987954562051725 -0.049067674327417134 0
    outer loop
      vertex -2.5 0 7
      vertex -2.4879618166804924 0.2450428508239015 7
      vertex -2.4879618166804924 0.2450428508239015 10
    endloop
  endfacet
  facet normal 0.9891765099647809 -0.14673047445536286 9.427651366567035e-18
    outer loop
      vertex -2.4879618166804924 0.2450428508239015 7
      vertex -2.451963201008076 0.4877258050403206 7
      vertex -2.451963201008076 0.48772580504032076 10
    endloop
  endfacet
  facet normal 0.9700312531945438 -0.24298017990326456 0
    outer loop
      vertex -2.451963201008076 0.4877258050403206 7
      vertex -2.392350839330522 0.7257116931361558 7
      vertex -2.392350839330522 0.7257116931361558 10
    endloop
  endfacet
  facet normal 0.9415440651830211 -0.3368898533922188 0
    outer loop
      vertex -2.392350839330522 0.7257116931361558 7
      vertex -2.309698831278217 0.9567085809127245 7
      vertex -2.309698831278217 0.9567085809127245 10
    endloop
  endfacet
  facet normal 0.9039892931234436 -0.42755509343028164 0
    outer loop
      vertex -2.309698831278217 0.9567085809127245 7
      vertex -2.204803160870888 1.1784918420649941 7
      vertex -2.204803160870888 1.1784918420649941 10
    endloop
  endfacet
  facet normal 0.8577286100002717 -0.5141027441932224 0
    outer loop
      vertex -2.204803160870888 1.1784918420649941 7
      vertex -2.078674030756363 1.3889255825490054 7
      vertex -2.078674030756363 1.3889255825490054 10
    endloop
  endfacet
  facet normal 0.8032075314806452 -0.595699304492433 0
    outer loop
      vertex -2.078674030756363 1.3889255825490054 7
      vertex -1.9325261334068424 1.5859832104091138 7
      vertex -1.9325261334068424 1.5859832104091138 10
    endloop
  endfacet
  facet normal 0.7409511253549592 -0.6715589548470184 0
    outer loop
      vertex -1.9325261334068424 1.5859832104091138 7
      vertex -1.7677669529663689 1.7677669529663689 7
      vertex -1.7677669529663689 1.7677669529663689 10
    endloop
  endfacet
  facet normal 0.6715589548470184 -0.7409511253549592 -4.7138256832835175e-17
    outer loop
      vertex -1.7677669529663689 1.7677669529663689 7
      vertex -1.5859832104091138 1.9325261334068424 7
      vertex -1.5859832104091134 1.9325261334068426 10
    endloop
  endfacet
  facet normal 0.595699304492433 -0.8032075314806452 0
    outer loop
      vertex -1.5859832104091138 1.9325261334068424 7
      vertex -1.3889255825490054 2.078674030756363 7
      vertex -1.3889255825490054 2.078674030756363 10
    endloop
  endfacet
  facet normal 0.5141027441932224 -0.8577286100002717 0
    outer loop
      vertex -1.3889255825490054 2.078674030756363 7
      vertex -1.1784918420649941 2.204803160870888 7
      vertex -1.1784918420649941 2.204803160870888 10
    endloop
  endfacet
  facet normal 0.42755509343028164 -0.9039892931234436 0
    outer loop
      vertex -1.1784918420649941 2.204803160870888 7
      vertex -0.9567085809127245 2.309698831278217 7
      vertex -0.9567085809127245 2.309698831278217 10
    endloop
  endfacet
  facet normal 0.3368898533922188 -0.9415440651830211 0
    outer loop
      vertex -0.9567085809127245 2.309698831278217 7
      vertex -0.7257116931361558 2.392350839330522 7
      vertex -0.7257116931361558 2.392350839330522 10
    endloop
  endfacet
  facet normal 0.24298017990326456 -0.9700312531945438 0
    outer loop
      vertex -0.7257116931361558 2.392350839330522 7
      vertex -0.4877258050403206 2.451963201008076 7
      vertex -0.4877258050403206 2.451963201008076 10
    endloop
  endfacet
  facet normal 0.14673047445536286 -0.9891765099647809 0
    outer loop
      vertex -0.4877258050403206 2.451963201008076 7
      vertex -0.2450428508239015 2.4879618166804924 7
      vertex -0.2450428508239015 2.4879618166804924 10
    endloop
  endfacet
  facet normal 0.049067674327417134 -0.9987954562051725 0
    outer loop
      vertex -0.2450428508239015 2.4879618166804924 7
      vertex 0 2.5 7
      vertex 0 2.5 10
    endloop
  endfacet
  facet normal 0.9987954562051725 -0.049067674327417134 0
    outer loop
      vertex -2.5 0 7
      vertex -2.4879618166804924 0.2450428508239015 10
      vertex -2.5 0 10
    endloop
  endfacet
  facet normal 0.9891765099647809 -0.14673047445536277 0
    outer loop
      vertex -2.4879618166804924 0.2450428508239015 7
      vertex -2.451963201008076 0.48772580504032076 10
      vertex -2.4879618166804924 0.2450428508239015 10
    endloop
  endfacet
  facet normal 0.9700312531945438 -0.2429801799032647 1.348810951280836e-17
    outer loop
      vertex -2.451963201008076 0.4877258050403206 7
      vertex -2.392350839330522 0.7257116931361558 10
      vertex -2.451963201008076 0.48772580504032076 10
    endloop
  endfacet
  facet normal 0.9415440651830211 -0.3368898533922188 0
    outer loop
      vertex -2.392350839330522 0.7257116931361558 7
      vertex -2.309698831278217 0.9567085809127245 10
      vertex -2.392350839330522 0.7257116931361558 10
    endloop
  endfacet
  facet normal 0.9039892931234436 -0.42755509343028164 0
    outer loop
      vertex -2.309698831278217 0.9567085809127245 7
      vertex -2.204803160870888 1.1784918420649941 10
      vertex -2.309698831278217 0.9567085809127245 10
    endloop
  endfacet
  facet normal 0.8577286100002717 -0.5141027441932224 0
    outer loop
      vertex -2.204803160870888 1.1784918420649941 7
      vertex -2.078674030756363 1.3889255825490054 10
      vertex -2.204803160870888 1.1784918420649941 10
    endloop
  endfacet
  facet normal 0.8032075314806452 -0.595699304492433 0
    outer loop
      vertex -2.078674030756363 1.3889255825490054 7
      vertex -1.9325261334068424 1.5859832104091138 10
      vertex -2.078674030756363 1.3889255825490054 10
    endloop
  endfacet
  facet normal 0.7409511253549592 -0.6715589548470184 0
    outer loop
      vertex -1.9325261334068424 1.5859832104091138 7
      vertex -1.7677669529663689 1.7677669529663689 10
      vertex -1.9325261334068424 1.5859832104091138 10
    endloop
  endfacet
  facet normal 0.6715589548470179 -0.7409511253549594 0
    outer loop
      vertex -1.7677669529663689 1.7677669529663689 7
      vertex -1.5859832104091134 1.9325261334068426 10
      vertex -1.7677669529663689 1.7677669529663689 10
    endloop
  endfacet
  facet normal 0.5956993044924334 -0.8032075314806449 -2.8731911479949036e-17
    outer loop
      vertex -1.5859832104091138 1.9325261334068424 7
      vertex -1.3889255825490054 2.078674030756363 10
      vertex -1.5859832104091134 1.9325261334068426 10
    endloop
  endfacet
  facet normal 0.5141027441932224 -0.8577286100002717 0
    outer loop
      vertex -1.3889255825490054 2.078674030756363 7
      vertex -1.1784918420649941 2.204803160870888 10
      vertex -1.3889255825490054 2.078674030756363 10
    endloop
  endfacet
  facet normal 0.42755509343028164 -0.9039892931234436 0
    outer loop
      vertex -1.1784918420649941 2.204803160870888 7
      vertex -0.9567085809127245 2.309698831278217 10
      vertex -1.1784918420649941 2.204803160870888 10
    endloop
  endfacet
  facet normal 0.3368898533922188 -0.9415440651830211 0
    outer loop
      vertex -0.9567085809127245 2.309698831278217 7
      vertex -0.7257116931361558 2.392350839330522 10
      vertex -0.9567085809127245 2.309698831278217 10
    endloop
  endfacet
  facet normal 0.24298017990326456 -0.9700312531945438 0
    outer loop
      vertex -0.7257116931361558 2.392350839330522 7
      vertex -0.4877258050403206 2.451963201008076 10
      vertex -0.7257116931361558 2.392350839330522 10
    endloop
  endfacet
  facet normal 0.14673047445536286 -0.9891765099647809 0
    outer loop
      vertex -0.4877258050403206 2.451963201008076 7
      vertex -0.2450428508239015 2.4879618166804924 10
      vertex -0.4877258050403206 2.451963201008076 10
    endloop
  endfacet
  facet normal 0.049067674327417134 -0.9987954562051725 0
    outer loop
      vertex -0.2450428508239015 2.4879618166804924 7
      vertex 0 2.5 10
      vertex -0.2450428508239015 2.4879618166804924 10
    endloop
  endfacet
  facet normal 0 0 1
    outer loop
      vertex 0 -2.5 7
      vertex 0.2450428508239015 -2.4879618166804924 7
      vertex 0.09754516100806412 -0.4903926402016152 7
    endloop
  endfacet
  facet normal 0 0 1
    outer loop
      vertex 0.2450428508239015 -2.4879618166804924 7
      vertex 0.4877258050403206 -2.451963201008076 7
      vertex 0.31719664208182274 -0.3865052266813685 7
    endloop
  endfacet
  facet normal 0 0 1
    outer loop
      vertex 0 -2.5 7
      vertex 0.0490085701647803 -0.49759236333609846 7
      vertex 0 -0.5 7
    endloop
  endfacet
  facet normal 0 0 1
    outer loop
      vertex 0 -2.5 7
      vertex 0.09754516100806412 -0.4903926402016152 7
      vertex 0.0490085701647803 -0.49759236333609846 7
    endloop
  endfacet
  facet normal 0 0 1
    outer loop
      vertex 0.2450428508239015 -2.4879618166804924 7
      vertex 0.14514233862723117 -0.4784701678661044 7
      vertex 0.09754516100806412 -0.4903926402016152 7
    endloop
  endfacet
  facet normal 0 0 1
    outer loop
      vertex 0.2450428508239015 -2.4879618166804924 7
      vertex 0.1913417161825449 -0.46193976625564337 7
      vertex 0.14514233862723117 -0.4784701678661044 7
    endloop
  endfacet
  facet normal 0 0 1
    outer loop
      vertex 0.2450428508239015 -2.4879618166804924 7
      vertex 0.23569836841299882 -0.4409606321741775 7
      vertex 0.1913417161825449 -0.46193976625564337 7
    endloop
  endfacet
  facet normal 0 0 1
    outer loop
      vertex 0.2450428508239015 -2.4879618166804924 7
      vertex 0.2777851165098011 -0.4157348061512726 7
      vertex 0.23569836841299882 -0.4409606321741775 7
    endloop
  endfacet
  facet normal 0 0 1
    outer loop
      vertex 0.2450428508239015 -2.4879618166804924 7
      vertex 0.31719664208182274 -0.3865052266813685 7
      vertex 0.2777851165098011 -0.4157348061512726 7
    endloop
  endfacet
  facet normal 0 0 1
    outer loop
      vertex 0.4877258050403206 -2.451963201008076 7
      vertex 0.3535533905932738 -0.3535533905932738 7
      vertex 0.31719664208182274 -0.3865052266813685 7
    endloop
  endfacet
  facet normal 0 0 1
    outer loop
      vertex 0.4877258050403206 -2.451963201008076 7
      vertex 0.3865052266813685 -0.31719664208182274 7
      vertex 0.3535533905932738 -0.3535533905932738 7
    endloop
  endfacet
  facet normal 0 0 1
    outer loop
      vertex 0.4877258050403206 -2.451963201008076 7
      vertex 0.4157348061512726 -0.2777851165098011 7
      vertex 0.3865052266813685 -0.31719664208182274 7
    endloop
  endfacet
  facet normal 0 0 1
    outer loop
      vertex 0.4877258050403206 -2.451963201008076 7
      vertex 0.4409606321741775 -0.23569836841299882 7
      vertex 0.4157348061512726 -0.2777851165098011 7
    endloop
  endfacet
  facet normal 0 0 1
    outer loop
      vertex 0.4877258050403206 -2.451963201008076 7
      vertex 0.46193976625564337 -0.1913417161825449 7
      vertex 0.4409606321741775 -0.23569836841299882 7
    endloop
  endfacet
  facet normal 0 0 1
    outer loop
      vertex 0.4877258050403206 -2.451963201008076 7
      vertex 0.4784701678661044 -0.14514233862723117 7
      vertex 0.46193976625564337 -0.1913417161825449 7
    endloop
  endfacet
  facet normal 0 0 1
    outer loop
      vertex 0.4877258050403206 -2.451963201008076 7
      vertex 0.4903926402016152 -0.09754516100806412 7
      vertex 0.4784701678661044 -0.14514233862723117 7
    endloop
  endfacet
  facet normal 0 0 1
    outer loop
      vertex 0.4877258050403206 -2.451963201008076 7
      vertex 0.49759236333609846 -0.0490085701647803 7
      vertex 0.4903926402016152 -0.09754516100806412 7
    endloop
  endfacet
  facet normal 0 0 1
    outer loop
      vertex 0.4877258050403206 -2.451963201008076 7
      vertex 0.7257116931361558 -2.392350839330522 7
      vertex 0.7257116931361558 2.392350839330522 7
    endloop
  endfacet
  facet normal 0 0 1
    outer loop
      vertex 0.7257116931361558 -2.392350839330522 7
      vertex 0.9567085809127245 -2.309698831278217 7
      vertex 0.9567085809127245 2.309698831278217 7
    endloop
  endfacet
  facet normal 0 0 1
    outer loop
      vertex 0.4877258050403206 -2.451963201008076 7
      vertex 0.7257116931361558 2.392350839330522 7
      vertex 0.49759236333609846 -0.0490085701647803 7
    endloop
  endfacet
  facet normal 0 0 1
    outer loop
      vertex 0.9567085809127245 -2.309698831278217 7
      vertex 1.1784918420649941 -2.204803160870888 7
      vertex 1.1784918420649941 2.204803160870888 7
    endloop
  endfacet
  facet normal 0 0 1
    outer loop
      vertex 1.1784918420649941 -2.204803160870888 7
      vertex 1.3889255825490054 -2.078674030756363 7
      vertex 1.3889255825490054 2.078674030756363 7
    endloop
  endfacet
  facet normal 0 0 1
    outer loop
      vertex 1.3889255825490054 -2.078674030756363 7
      vertex 1.5859832104091138 -1.9325261334068424 7
      vertex 1.5859832104091138 1.9325261334068424 7
    endloop
  endfacet
  facet normal 0 0 1
    outer loop
      vertex 1.5859832104091138 -1.9325261334068424 7
      vertex 1.7677669529663689 -1.7677669529663689 7
      vertex 1.7677669529663689 1.7677669529663689 7
    endloop
  endfacet
  facet normal 0 0 1
    outer loop
      vertex 1.7677669529663689 -1.7677669529663689 7
      vertex 1.9325261334068424 -1.5859832104091138 7
      vertex 1.9325261334068424 1.5859832104091138 7
    endloop
  endfacet
  facet normal 0 0 1
    outer loop
      vertex 1.9325261334068424 -1.5859832104091138 7
      vertex 2.078674030756363 -1.3889255825490054 7
      vertex 2.078674030756363 1.3889255825490054 7
    endloop
  endfacet
  facet normal 0 0 1
    outer loop
      vertex 2.078674030756363 -1.3889255825490054 7
      vertex 2.204803160870888 -1.1784918420649941 7
      vertex 2.204803160870888 1.1784918420649941 7
    endloop
  endfacet
  facet normal 0 0 1
    outer loop
      vertex 2.204803160870888 -1.1784918420649941 7
      vertex 2.309698831278217 -0.9567085809127245 7
      vertex 2.309698831278217 0.9567085809127245 7
    endloop
  endfacet
  facet normal 0 0 1
    outer loop
      vertex 2.309698831278217 -0.9567085809127245 7
      vertex 2.392350839330522 -0.7257116931361558 7
      vertex 2.392350839330522 0.7257116931361558 7
    endloop
  endfacet
  facet normal 0 0 1
    outer loop
      vertex 2.392350839330522 -0.7257116931361558 7
      vertex 2.451963201008076 -0.4877258050403206 7
      vertex 2.451963201008076 0.4877258050403206 7
    endloop
  endfacet
  facet normal 0 0 1
    outer loop
      vertex 2.451963201008076 -0.4877258050403206 7
      vertex 2.4879618166804924 -0.2450428508239015 7
      vertex 2.4879618166804924 0.2450428508239015 7
    endloop
  endfacet
  facet normal -0.049067674327417134 0.9987954562051725 0
    outer loop
      vertex 0 -2.5 7
      vertex 0 -2.5 10
      vertex 0.2450428508239015 -2.4879618166804924 7
    endloop
  endfacet
  facet normal -0.14673047445536286 0.9891765099647809 0
    outer loop
      vertex 0.2450428508239015 -2.4879618166804924 7
      vertex 0.2450428508239015 -2.4879618166804924 10
      vertex 0.4877258050403206 -2.451963201008076 7
    endloop
  endfacet
  facet normal -0.24298017990326456 0.9700312531945438 0
    outer loop
      vertex 0.4877258050403206 -2.451963201008076 7
      vertex 0.4877258050403206 -2.451963201008076 10
      vertex 0.7257116931361558 -2.392350839330522 7
    endloop
  endfacet
  facet normal -0.3368898533922188 0.9415440651830211 0
    outer loop
      vertex 0.7257116931361558 -2.392350839330522 7
      vertex 0.7257116931361558 -2.392350839330522 10
      vertex 0.9567085809127245 -2.309698831278217 7
    endloop
  endfacet
  facet normal -0.42755509343028164 0.9039892931234436 0
    outer loop
      vertex 0.9567085809127245 -2.309698831278217 7
      vertex 0.9567085809127245 -2.309698831278217 10
      vertex 1.1784918420649941 -2.204803160870888 7
    endloop
  endfacet
  facet normal -0.5141027441932224 0.8577286100002717 0
    outer loop
      vertex 1.1784918420649941 -2.204803160870888 7
      vertex 1.1784918420649941 -2.204803160870888 10
      vertex 1.3889255825490054 -2.078674030756363 7
    endloop
  endfacet
  facet normal -0.595699304492433 0.8032075314806452 0
    outer loop
      vertex 1.3889255825490054 -2.078674030756363 7
      vertex 1.3889255825490054 -2.078674030756363 10
      vertex 1.5859832104091138 -1.9325261334068424 7
    endloop
  endfacet
  facet normal -0.6715589548470184 0.7409511253549592 -4.4569295242515675e-17
    outer loop
      vertex 1.5859832104091138 -1.9325261334068424 7
      vertex 1.5859832104091134 -1.9325261334068426 10
      vertex 1.7677669529663689 -1.7677669529663689 7
    endloop
  endfacet
  facet normal -0.7409511253549592 0.6715589548470184 0
    outer loop
      vertex 1.7677669529663689 -1.7677669529663689 7
      vertex 1.7677669529663689 -1.7677669529663689 10
      vertex 1.9325261334068424 -1.5859832104091138 7
    endloop
  endfacet
  facet normal -0.8032075314806452 0.595699304492433 0
    outer loop
      vertex 1.9325261334068424 -1.5859832104091138 7
      vertex 1.9325261334068424 -1.5859832104091138 10
      vertex 2.078674030756363 -1.3889255825490054 7
    endloop
  endfacet
  facet normal -0.8577286100002717 0.5141027441932224 0
    outer loop
      vertex 2.078674030756363 -1.3889255825490054 7
      vertex 2.078674030756363 -1.3889255825490054 10
      vertex 2.204803160870888 -1.1784918420649941 7
    endloop
  endfacet
  facet normal -0.9039892931234436 0.42755509343028164 0
    outer loop
      vertex 2.204803160870888 -1.1784918420649941 7
      vertex 2.204803160870888 -1.1784918420649941 10
      vertex 2.309698831278217 -0.9567085809127245 7
    endloop
  endfacet
  facet normal -0.9415440651830211 0.3368898533922188 0
    outer loop
      vertex 2.309698831278217 -0.9567085809127245 7
      vertex 2.309698831278217 -0.9567085809127245 10
      vertex 2.392350839330522 -0.7257116931361558 7
    endloop
  endfacet
  facet normal -0.9700312531945438 0.24298017990326456 0
    outer loop
      vertex 2.392350839330522 -0.7257116931361558 7
      vertex 2.392350839330522 -0.7257116931361558 10
      vertex 2.451963201008076 -0.4877258050403206 7
    endloop
  endfacet
  facet normal -0.9891765099647809 0.14673047445536286 8.145177557725861e-18
    outer loop
      vertex 2.451963201008076 -0.4877258050403206 7
      vertex 2.451963201008076 -0.48772580504032076 10
      vertex 2.4879618166804924 -0.2450428508239015 7
    endloop
  endfacet
  facet normal -0.9987954562051725 0.049067674327417134 0
    outer loop
      vertex 2.4879618166804924 -0.2450428508239015 7
      vertex 2.4879618166804924 -0.2450428508239015 10
      vertex 2.5 0 7
    endloop
  endfacet
  facet normal -0.049067674327417134 0.9987954562051725 0
    outer loop
      vertex 0.2450428508239015 -2.4879618166804924 7
      vertex 0 -2.5 10
      vertex 0.2450428508239015 -2.4879618166804924 10
    endloop
  endfacet
  facet normal -0.14673047445536286 0.9891765099647809 0
    outer loop
      vertex 0.4877258050403206 -2.451963201008076 7
      vertex 0.2450428508239015 -2.4879618166804924 10
      vertex 0.4877258050403206 -2.451963201008076 10
    endloop
  endfacet
  facet normal -0.24298017990326456 0.9700312531945438 0
    outer loop
      vertex 0.7257116931361558 -2.392350839330522 7
      vertex 0.4877258050403206 -2.451963201008076 10
      vertex 0.7257116931361558 -2.392350839330522 10
    endloop
  endfacet
  facet normal -0.3368898533922188 0.9415440651830211 0
    outer loop
      vertex 0.9567085809127245 -2.309698831278217 7
      vertex 0.7257116931361558 -2.392350839330522 10
      vertex 0.9567085809127245 -2.309698831278217 10
    endloop
  endfacet
  facet normal -0.42755509343028164 0.9039892931234436 0
    outer loop
      vertex 1.1784918420649941 -2.204803160870888 7
      vertex 0.9567085809127245 -2.309698831278217 10
      vertex 1.1784918420649941 -2.204803160870888 10
    endloop
  endfacet
  facet normal -0.5141027441932224 0.8577286100002717 0
    outer loop
      vertex 1.3889255825490054 -2.078674030756363 7
      vertex 1.1784918420649941 -2.204803160870888 10
      vertex 1.3889255825490054 -2.078674030756363 10
    endloop
  endfacet
  facet normal -0.5956993044924334 0.8032075314806449 -2.8731911479949036e-17
    outer loop
      vertex 1.5859832104091138 -1.9325261334068424 7
      vertex 1.3889255825490054 -2.078674030756363 10
      vertex 1.5859832104091134 -1.9325261334068426 10
    endloop
  endfacet
  facet normal -0.6715589548470179 0.7409511253549594 0
    outer loop
      vertex 1.7677669529663689 -1.7677669529663689 7
      vertex 1.5859832104091134 -1.9325261334068426 10
      vertex 1.7677669529663689 -1.7677669529663689 10
    endloop
  endfacet
  facet normal -0.7409511253549592 0.6715589548470184 0
    outer loop
      vertex 1.9325261334068424 -1.5859832104091138 7
      vertex 1.7677669529663689 -1.7677669529663689 10
      vertex 1.9325261334068424 -1.5859832104091138 10
    endloop
  endfacet
  facet normal -0.8032075314806452 0.595699304492433 0
    outer loop
      vertex 2.078674030756363 -1.3889255825490054 7
      vertex 1.9325261334068424 -1.5859832104091138 10
      vertex 2.078674030756363 -1.3889255825490054 10
    endloop
  endfacet
  facet normal -0.8577286100002717 0.5141027441932224 0
    outer loop
      vertex 2.204803160870888 -1.1784918420649941 7
      vertex 2.078674030756363 -1.3889255825490054 10
      vertex 2.204803160870888 -1.1784918420649941 10
    endloop
  endfacet
  facet normal -0.9039892931234436 0.42755509343028164 0
    outer loop
      vertex 2.309698831278217 -0.9567085809127245 7
      vertex 2.204803160870888 -1.1784918420649941 10
      vertex 2.309698831278217 -0.9567085809127245 10
    endloop
  endfacet
  facet normal -0.9415440651830211 0.3368898533922188 0
    outer loop
      vertex 2.392350839330522 -0.7257116931361558 7
      vertex 2.309698831278217 -0.9567085809127245 10
      vertex 2.392350839330522 -0.7257116931361558 10
    endloop
  endfacet
  facet normal -0.9700312531945438 0.2429801799032647 1.348810951280836e-17
    outer loop
      vertex 2.451963201008076 -0.4877258050403206 7
      vertex 2.392350839330522 -0.7257116931361558 10
      vertex 2.451963201008076 -0.48772580504032076 10
    endloop
  endfacet
  facet normal -0.9891765099647809 0.14673047445536277 0
    outer loop
      vertex 2.4879618166804924 -0.2450428508239015 7
      vertex 2.451963201008076 -0.48772580504032076 10
      vertex 2.4879618166804924 -0.2450428508239015 10
    endloop
  endfacet
  facet normal -0.9987954562051725 0.049067674327417134 0
    outer loop
      vertex 2.4879618166804924 -0.2450428508239015 10
      vertex 2.5 0 10
      vertex 2.5 0 7
    endloop
  endfacet
  facet normal 0 0 1
    outer loop
      vertex 0.49759236333609846 -0.0490085701647803 7
      vertex 0.7257116931361558 2.392350839330522 7
      vertex 0.5 0 7
    endloop
  endfacet
  facet normal 0 0 1
    outer loop
      vertex 0.5 0 7
      vertex 0.7257116931361558 2.392350839330522 7
      vertex 0.49759236333609846 0.0490085701647803 7
    endloop
  endfacet
  facet normal 0 0 1
    outer loop
      vertex 0.4903926402016152 0.09754516100806412 7
      vertex 0.4877258050403206 2.451963201008076 7
      vertex 0.4784701678661044 0.14514233862723117 7
    endloop
  endfacet
  facet normal 0 0 1
    outer loop
      vertex 0.4784701678661044 0.14514233862723117 7
      vertex 0.4877258050403206 2.451963201008076 7
      vertex 0.46193976625564337 0.1913417161825449 7
    endloop
  endfacet
  facet normal 0 0 1
    outer loop
      vertex 0.49759236333609846 0.0490085701647803 7
      vertex 0.7257116931361558 2.392350839330522 7
      vertex 0.4903926402016152 0.09754516100806412 7
    endloop
  endfacet
  facet normal 0 0 1
    outer loop
      vertex 0.7257116931361558 -2.392350839330522 7
      vertex 0.9567085809127245 2.309698831278217 7
      vertex 0.7257116931361558 2.392350839330522 7
    endloop
  endfacet
  facet normal 0 0 1
    outer loop
      vertex 0 0.5 7
      vertex 0.0490085701647803 0.49759236333609846 7
      vertex 0.2450428508239015 2.4879618166804924 7
    endloop
  endfacet
  facet normal 0 0 1
    outer loop
      vertex 0.0490085701647803 0.49759236333609846 7
      vertex 0.09754516100806412 0.4903926402016152 7
      vertex 0.2450428508239015 2.4879618166804924 7
    endloop
  endfacet
  facet normal 0 0 1
    outer loop
      vertex 0.09754516100806412 0.4903926402016152 7
      vertex 0.14514233862723117 0.4784701678661044 7
      vertex 0.2450428508239015 2.4879618166804924 7
    endloop
  endfacet
  facet normal 0 0 1
    outer loop
      vertex 0.14514233862723117 0.4784701678661044 7
      vertex 0.1913417161825449 0.46193976625564337 7
      vertex 0.2450428508239015 2.4879618166804924 7
    endloop
  endfacet
  facet normal 0 0 1
    outer loop
      vertex 0.1913417161825449 0.46193976625564337 7
      vertex 0.23569836841299882 0.4409606321741775 7
      vertex 0.2450428508239015 2.4879618166804924 7
    endloop
  endfacet
  facet normal 0 0 1
    outer loop
      vertex 0.2777851165098011 0.4157348061512726 7
      vertex 0.2450428508239015 2.4879618166804924 7
      vertex 0.23569836841299882 0.4409606321741775 7
    endloop
  endfacet
  facet normal 0 0 1
    outer loop
      vertex 0.3535533905932738 0.3535533905932738 7
      vertex 0.3865052266813685 0.31719664208182274 7
      vertex 0.4877258050403206 2.451963201008076 7
    endloop
  endfacet
  facet normal 0 0 1
    outer loop
      vertex 0.46193976625564337 0.1913417161825449 7
      vertex 0.4877258050403206 2.451963201008076 7
      vertex 0.4409606321741775 0.23569836841299882 7
    endloop
  endfacet
  facet normal 0 0 1
    outer loop
      vertex 0.4157348061512726 0.2777851165098011 7
      vertex 0.4409606321741775 0.23569836841299882 7
      vertex 0.4877258050403206 2.451963201008076 7
    endloop
  endfacet
  facet normal 0 0 1
    outer loop
      vertex 0.4157348061512726 0.2777851165098011 7
      vertex 0.4877258050403206 2.451963201008076 7
      vertex 0.3865052266813685 0.31719664208182274 7
    endloop
  endfacet
  facet normal 0 0 1
    outer loop
      vertex 0.2777851165098011 0.4157348061512726 7
      vertex 0.31719664208182274 0.3865052266813685 7
      vertex 0.4877258050403206 2.451963201008076 7
    endloop
  endfacet
  facet normal 0 0 1
    outer loop
      vertex 0.3535533905932738 0.3535533905932738 7
      vertex 0.4877258050403206 2.451963201008076 7
      vertex 0.31719664208182274 0.3865052266813685 7
    endloop
  endfacet
  facet normal 0 0 1
    outer loop
      vertex 0 0.5 7
      vertex 0.2450428508239015 2.4879618166804924 7
      vertex 0 2.5 7
    endloop
  endfacet
  facet normal 0 0 1
    outer loop
      vertex 0.2777851165098011 0.4157348061512726 7
      vertex 0.4877258050403206 2.451963201008076 7
      vertex 0.2450428508239015 2.4879618166804924 7
    endloop
  endfacet
  facet normal 0 0 1
    outer loop
      vertex 0.4903926402016152 0.09754516100806412 7
      vertex 0.7257116931361558 2.392350839330522 7
      vertex 0.4877258050403206 2.451963201008076 7
    endloop
  endfacet
  facet normal 0 0 1
    outer loop
      vertex 0.9567085809127245 -2.309698831278217 7
      vertex 1.1784918420649941 2.204803160870888 7
      vertex 0.9567085809127245 2.309698831278217 7
    endloop
  endfacet
  facet normal 0 0 1
    outer loop
      vertex 1.1784918420649941 -2.204803160870888 7
      vertex 1.3889255825490054 2.078674030756363 7
      vertex 1.1784918420649941 2.204803160870888 7
    endloop
  endfacet
  facet normal 0 0 1
    outer loop
      vertex 1.3889255825490054 -2.078674030756363 7
      vertex 1.5859832104091138 1.9325261334068424 7
      vertex 1.3889255825490054 2.078674030756363 7
    endloop
  endfacet
  facet normal 0 0 1
    outer loop
      vertex 1.5859832104091138 -1.9325261334068424 7
      vertex 1.7677669529663689 1.7677669529663689 7
      vertex 1.5859832104091138 1.9325261334068424 7
    endloop
  endfacet
  facet normal 0 0 1
    outer loop
      vertex 1.7677669529663689 -1.7677669529663689 7
      vertex 1.9325261334068424 1.5859832104091138 7
      vertex 1.7677669529663689 1.7677669529663689 7
    endloop
  endfacet
  facet normal 0 0 1
    outer loop
      vertex 1.9325261334068424 -1.5859832104091138 7
      vertex 2.078674030756363 1.3889255825490054 7
      vertex 1.9325261334068424 1.5859832104091138 7
    endloop
  endfacet
  facet normal 0 0 1
    outer loop
      vertex 2.078674030756363 -1.3889255825490054 7
      vertex 2.204803160870888 1.1784918420649941 7
      vertex 2.078674030756363 1.3889255825490054 7
    endloop
  endfacet
  facet normal 0 0 1
    outer loop
      vertex 2.204803160870888 -1.1784918420649941 7
      vertex 2.309698831278217 0.9567085809127245 7
      vertex 2.204803160870888 1.1784918420649941 7
    endloop
  endfacet
  facet normal 0 0 1
    outer loop
      vertex 2.309698831278217 -0.9567085809127245 7
      vertex 2.392350839330522 0.7257116931361558 7
      vertex 2.309698831278217 0.9567085809127245 7
    endloop
  endfacet
  facet normal 0 0 1
    outer loop
      vertex 2.392350839330522 -0.7257116931361558 7
      vertex 2.451963201008076 0.4877258050403206 7
      vertex 2.392350839330522 0.7257116931361558 7
    endloop
  endfacet
  facet normal 0 0 1
    outer loop
      vertex 2.4879618166804924 -0.2450428508239015 7
      vertex 2.5 0 7
      vertex 2.4879618166804924 0.2450428508239015 7
    endloop
  endfacet
  facet normal 0 0 1
    outer loop
      vertex 2.451963201008076 -0.4877258050403206 7
      vertex 2.4879618166804924 0.2450428508239015 7
      vertex 2.451963201008076 0.4877258050403206 7
    endloop
  endfacet
  facet normal -0.6715589548470184 -0.7409511253549592 0
    outer loop
      vertex 1.7677669529663689 1.7677669529663689 7
      vertex 1.7677669529663689 1.7677669529663689 10
      vertex 1.5859832104091138 1.9325261334068424 7
    endloop
  endfacet
  facet normal -0.049067674327417134 -0.9987954562051725 0
    outer loop
      vertex 0 2.5 7
      vertex 0.2450428508239015 2.4879618166804924 7
      vertex 0.2450428508239015 2.4879618166804924 10
    endloop
  endfacet
  facet normal -0.14673047445536286 -0.9891765099647809 7.070738524925277e-18
    outer loop
      vertex 0.2450428508239015 2.4879618166804924 7
      vertex 0.4877258050403206 2.451963201008076 7
      vertex 0.4877258050403207 2.451963201008076 10
    endloop
  endfacet
  facet normal -0.3368898533922188 -0.9415440651830211 0
    outer loop
      vertex 0.7257116931361558 2.392350839330522 7
      vertex 0.9567085809127245 2.309698831278217 7
      vertex 0.9567085809127245 2.309698831278217 10
    endloop
  endfacet
  facet normal -0.24298017990326456 -0.9700312531945438 0
    outer loop
      vertex 0.4877258050403206 2.451963201008076 7
      vertex 0.7257116931361558 2.392350839330522 7
      vertex 0.7257116931361558 2.392350839330522 10
    endloop
  endfacet
  facet normal -0.42755509343028164 -0.9039892931234436 0
    outer loop
      vertex 1.1784918420649941 2.204803160870888 7
      vertex 1.1784918420649941 2.204803160870888 10
      vertex 0.9567085809127245 2.309698831278217 7
    endloop
  endfacet
  facet normal -0.5141027441932224 -0.8577286100002717 0
    outer loop
      vertex 1.1784918420649941 2.204803160870888 7
      vertex 1.3889255825490054 2.078674030756363 7
      vertex 1.3889255825490054 2.078674030756363 10
    endloop
  endfacet
  facet normal -0.595699304492433 -0.8032075314806452 0
    outer loop
      vertex 1.3889255825490054 2.078674030756363 7
      vertex 1.5859832104091138 1.9325261334068424 7
      vertex 1.5859832104091138 1.9325261334068424 10
    endloop
  endfacet
  facet normal -0.9987954562051725 -0.049067674327417134 0
    outer loop
      vertex 2.5 0 7
      vertex 2.5 0 10
      vertex 2.4879618166804924 0.2450428508239015 7
    endloop
  endfacet
  facet normal -0.9891765099647809 -0.14673047445536286 0
    outer loop
      vertex 2.4879618166804924 0.2450428508239015 7
      vertex 2.4879618166804924 0.2450428508239015 10
      vertex 2.451963201008076 0.4877258050403206 7
    endloop
  endfacet
  facet normal -0.9700312531945438 -0.24298017990326456 0
    outer loop
      vertex 2.392350839330522 0.7257116931361558 7
      vertex 2.451963201008076 0.4877258050403206 7
      vertex 2.451963201008076 0.4877258050403206 10
    endloop
  endfacet
  facet normal -0.9415440651830211 -0.3368898533922188 0
    outer loop
      vertex 2.392350839330522 0.7257116931361558 7
      vertex 2.392350839330522 0.7257116931361558 10
      vertex 2.309698831278217 0.9567085809127245 7
    endloop
  endfacet
  facet normal -0.9039892931234436 -0.42755509343028164 0
    outer loop
      vertex 2.204803160870888 1.1784918420649941 7
      vertex 2.309698831278217 0.9567085809127245 7
      vertex 2.309698831278217 0.9567085809127245 10
    endloop
  endfacet
  facet normal -0.8577286100002717 -0.5141027441932224 -3.80512469084195e-17
    outer loop
      vertex 2.204803160870888 1.1784918420649941 7
      vertex 2.204803160870888 1.178491842064994 10
      vertex 2.078674030756363 1.3889255825490054 7
    endloop
  endfacet
  facet normal -0.8032075314806452 -0.595699304492433 0
    outer loop
      vertex 2.078674030756363 1.3889255825490054 7
      vertex 2.078674030756363 1.3889255825490054 10
      vertex 1.9325261334068424 1.5859832104091138 7
    endloop
  endfacet
  facet normal -0.7409511253549592 -0.6715589548470184 -4.7138256832835175e-17
    outer loop
      vertex 1.7677669529663689 1.7677669529663689 7
      vertex 1.9325261334068424 1.5859832104091138 7
      vertex 1.9325261334068424 1.5859832104091136 10
    endloop
  endfacet
  facet normal -0.7409511253549595 -0.6715589548470179 0
    outer loop
      vertex 1.7677669529663689 1.7677669529663689 7
      vertex 1.9325261334068424 1.5859832104091136 10
      vertex 1.7677669529663689 1.7677669529663689 10
    endloop
  endfacet
  facet normal -0.049067674327417134 -0.9987954562051725 0
    outer loop
      vertex 0 2.5 7
      vertex 0.2450428508239015 2.4879618166804924 10
      vertex 0 2.5 10
    endloop
  endfacet
  facet normal -0.14673047445536277 -0.9891765099647808 0
    outer loop
      vertex 0.2450428508239015 2.4879618166804924 7
      vertex 0.4877258050403207 2.451963201008076 10
      vertex 0.2450428508239015 2.4879618166804924 10
    endloop
  endfacet
  facet normal -0.2429801799032647 -0.9700312531945439 8.992073008538907e-18
    outer loop
      vertex 0.4877258050403206 2.451963201008076 7
      vertex 0.7257116931361558 2.392350839330522 10
      vertex 0.4877258050403207 2.451963201008076 10
    endloop
  endfacet
  facet normal -0.3368898533922188 -0.9415440651830211 0
    outer loop
      vertex 0.7257116931361558 2.392350839330522 7
      vertex 0.9567085809127245 2.309698831278217 10
      vertex 0.7257116931361558 2.392350839330522 10
    endloop
  endfacet
  facet normal -0.42755509343028164 -0.9039892931234436 0
    outer loop
      vertex 0.9567085809127245 2.309698831278217 7
      vertex 1.1784918420649941 2.204803160870888 10
      vertex 0.9567085809127245 2.309698831278217 10
    endloop
  endfacet
  facet normal -0.5141027441932224 -0.8577286100002717 0
    outer loop
      vertex 1.1784918420649941 2.204803160870888 7
      vertex 1.3889255825490054 2.078674030756363 10
      vertex 1.1784918420649941 2.204803160870888 10
    endloop
  endfacet
  facet normal -0.595699304492433 -0.8032075314806452 0
    outer loop
      vertex 1.3889255825490054 2.078674030756363 7
      vertex 1.5859832104091138 1.9325261334068424 10
      vertex 1.3889255825490054 2.078674030756363 10
    endloop
  endfacet
  facet normal -0.6715589548470184 -0.7409511253549592 0
    outer loop
      vertex 1.5859832104091138 1.9325261334068424 7
      vertex 1.7677669529663689 1.7677669529663689 10
      vertex 1.5859832104091138 1.9325261334068424 10
    endloop
  endfacet
  facet normal -0.9415440651830211 -0.3368898533922188 0
    outer loop
      vertex 2.309698831278217 0.9567085809127245 7
      vertex 2.392350839330522 0.7257116931361558 10
      vertex 2.309698831278217 0.9567085809127245 10
    endloop
  endfacet
  facet normal -0.9987954562051725 -0.049067674327417134 0
    outer loop
      vertex 2.4879618166804924 0.2450428508239015 7
      vertex 2.5 0 10
      vertex 2.4879618166804924 0.2450428508239015 10
    endloop
  endfacet
  facet normal -0.9891765099647809 -0.14673047445536286 0
    outer loop
      vertex 2.451963201008076 0.4877258050403206 7
      vertex 2.4879618166804924 0.2450428508239015 10
      vertex 2.451963201008076 0.4877258050403206 10
    endloop
  endfacet
  facet normal -0.9700312531945438 -0.24298017990326456 0
    outer loop
      vertex 2.392350839330522 0.7257116931361558 7
      vertex 2.451963201008076 0.4877258050403206 10
      vertex 2.392350839330522 0.7257116931361558 10
    endloop
  endfacet
  facet normal -0.9039892931234434 -0.42755509343028203 -3.1645433934803945e-17
    outer loop
      vertex 2.204803160870888 1.1784918420649941 7
      vertex 2.309698831278217 0.9567085809127245 10
      vertex 2.204803160870888 1.178491842064994 10
    endloop
  endfacet
  facet normal -0.8577286100002719 -0.5141027441932221 0
    outer loop
      vertex 2.078674030756363 1.3889255825490054 7
      vertex 2.204803160870888 1.178491842064994 10
      vertex 2.078674030756363 1.3889255825490054 10
    endloop
  endfacet
  facet normal -0.8032075314806448 -0.5956993044924335 -4.409060557337943e-17
    outer loop
      vertex 1.9325261334068424 1.5859832104091138 7
      vertex 2.078674030756363 1.3889255825490054 10
      vertex 1.9325261334068424 1.5859832104091136 10
    endloop
  endfacet
  facet normal 0 0 1
    outer loop
      vertex -0.4784701678661044 -0.14514233862723117 5.9
      vertex -0.4784701678661044 0.14514233862723117 5.9
      vertex -0.4903926402016152 -0.09754516100806412 5.9
    endloop
  endfacet
  facet normal 0 0 1
    outer loop
      vertex -0.4903926402016152 -0.09754516100806412 5.9
      vertex -0.4903926402016152 0.09754516100806412 5.9
      vertex -0.49759236333609846 -0.0490085701647803 5.9
    endloop
  endfacet
  facet normal 0 0 1
    outer loop
      vertex -0.4409606321741775 -0.23569836841299882 5.9
      vertex -0.4409606321741775 0.23569836841299882 5.9
      vertex -0.46193976625564337 -0.1913417161825449 5.9
    endloop
  endfacet
  facet normal 0 0 1
    outer loop
      vertex -0.4409606321741775 -0.23569836841299882 5.9
      vertex -0.4157348061512726 -0.2777851165098011 5.9
      vertex -0.4157348061512726 0.2777851165098011 5.9
    endloop
  endfacet
  facet normal 0 0 1
    outer loop
      vertex -0.46193976625564337 -0.1913417161825449 5.9
      vertex -0.46193976625564337 0.1913417161825449 5.9
      vertex -0.4784701678661044 -0.14514233862723117 5.9
    endloop
  endfacet
  facet normal 0 0 1
    outer loop
      vertex -0.3865052266813685 -0.31719664208182274 5.9
      vertex -0.3865052266813685 0.31719664208182274 5.9
      vertex -0.4157348061512726 -0.2777851165098011 5.9
    endloop
  endfacet
  facet normal 0 0 1
    outer loop
      vertex -0.3865052266813685 -0.31719664208182274 5.9
      vertex -0.3535533905932738 -0.3535533905932738 5.9
      vertex -0.3535533905932738 0.3535533905932738 5.9
    endloop
  endfacet
  facet normal 0 0 1
    outer loop
      vertex -0.31719664208182274 -0.3865052266813685 5.9
      vertex -0.31719664208182274 0.3865052266813685 5.9
      vertex -0.3535533905932738 -0.3535533905932738 5.9
    endloop
  endfacet
  facet normal 0 0 1
    outer loop
      vertex -0.31719664208182274 -0.3865052266813685 5.9
      vertex -0.2777851165098011 -0.4157348061512726 5.9
      vertex -0.2777851165098011 0.4157348061512726 5.9
    endloop
  endfacet
  facet normal 0 0 1
    outer loop
      vertex -0.23569836841299882 -0.4409606321741775 5.9
      vertex -0.23569836841299882 0.4409606321741775 5.9
      vertex -0.2777851165098011 -0.4157348061512726 5.9
    endloop
  endfacet
  facet normal 0 0 1
    outer loop
      vertex -0.23569836841299882 -0.4409606321741775 5.9
      vertex -0.1913417161825449 -0.46193976625564337 5.9
      vertex -0.1913417161825449 0.46193976625564337 5.9
    endloop
  endfacet
  facet normal 0 0 1
    outer loop
      vertex -0.1913417161825449 -0.46193976625564337 5.9
      vertex -0.14514233862723117 -0.4784701678661044 5.9
      vertex -0.14514233862723117 0.4784701678661044 5.9
    endloop
  endfacet
  facet normal 0 0 1
    outer loop
      vertex -0.14514233862723117 -0.4784701678661044 5.9
      vertex -0.09754516100806412 -0.4903926402016152 5.9
      vertex -0.09754516100806412 0.4903926402016152 5.9
    endloop
  endfacet
  facet normal 0 0 1
    outer loop
      vertex -0.09754516100806412 -0.4903926402016152 5.9
      vertex -0.0490085701647803 -0.49759236333609846 5.9
      vertex -0.0490085701647803 0.49759236333609846 5.9
    endloop
  endfacet
  facet normal 0 0 1
    outer loop
      vertex -0.0490085701647803 -0.49759236333609846 5.9
      vertex 0 -0.5 5.9
      vertex 0 0.5 5.9
    endloop
  endfacet
  facet normal 0.941544065183021 0.3368898533922197 0
    outer loop
      vertex -0.46193976625564337 -0.1913417161825449 5.9
      vertex -0.4784701678661044 -0.14514233862723117 5.9
      vertex -0.4784701678661044 -0.14514233862723117 7
    endloop
  endfacet
  facet normal 0.9700312531945439 0.24298017990326415 0
    outer loop
      vertex -0.4784701678661044 -0.14514233862723117 5.9
      vertex -0.4903926402016152 -0.09754516100806412 5.9
      vertex -0.4903926402016152 -0.09754516100806412 7
    endloop
  endfacet
  facet normal 0.9891765099647809 0.1467304744553624 0
    outer loop
      vertex -0.4903926402016152 -0.09754516100806412 5.9
      vertex -0.49759236333609846 -0.0490085701647803 5.9
      vertex -0.49759236333609846 -0.0490085701647803 7
    endloop
  endfacet
  facet normal 0.9987954562051724 0.049067674327417585 0
    outer loop
      vertex -0.49759236333609846 -0.0490085701647803 5.9
      vertex -0.5 0 5.9
      vertex -0.5 0 7
    endloop
  endfacet
  facet normal 0.3368898533922197 0.941544065183021 0
    outer loop
      vertex -0.1913417161825449 -0.46193976625564337 5.9
      vertex -0.14514233862723117 -0.4784701678661044 7
      vertex -0.14514233862723117 -0.4784701678661044 5.9
    endloop
  endfacet
  facet normal 0.24298017990326415 0.9700312531945439 0
    outer loop
      vertex -0.14514233862723117 -0.4784701678661044 5.9
      vertex -0.09754516100806412 -0.4903926402016152 7
      vertex -0.09754516100806412 -0.4903926402016152 5.9
    endloop
  endfacet
  facet normal 0.1467304744553624 0.9891765099647809 0
    outer loop
      vertex -0.09754516100806412 -0.4903926402016152 5.9
      vertex -0.0490085701647803 -0.49759236333609846 7
      vertex -0.0490085701647803 -0.49759236333609846 5.9
    endloop
  endfacet
  facet normal 0.049067674327417585 0.9987954562051724 0
    outer loop
      vertex -0.0490085701647803 -0.49759236333609846 5.9
      vertex 0 -0.5 7
      vertex 0 -0.5 5.9
    endloop
  endfacet
  facet normal 0.8577286100002719 0.514102744193222 0
    outer loop
      vertex -0.4409606321741775 -0.23569836841299882 5.9
      vertex -0.4409606321741775 -0.23569836841299882 7
      vertex -0.4157348061512726 -0.2777851165098011 5.9
    endloop
  endfacet
  facet normal 0.7409511253549594 0.6715589548470181 0
    outer loop
      vertex -0.3865052266813685 -0.31719664208182274 5.9
      vertex -0.3865052266813685 -0.31719664208182274 7
      vertex -0.3535533905932738 -0.3535533905932738 5.9
    endloop
  endfacet
  facet normal 0.8032075314806452 0.5956993044924329 0
    outer loop
      vertex -0.3865052266813685 -0.31719664208182274 5.9
      vertex -0.4157348061512726 -0.2777851165098011 5.9
      vertex -0.4157348061512726 -0.2777851165098011 7
    endloop
  endfacet
  facet normal 0.6715589548470181 0.7409511253549594 0
    outer loop
      vertex -0.31719664208182274 -0.3865052266813685 5.9
      vertex -0.3535533905932738 -0.3535533905932738 5.9
      vertex -0.31719664208182274 -0.3865052266813685 7
    endloop
  endfacet
  facet normal 0.514102744193222 0.8577286100002719 0
    outer loop
      vertex -0.23569836841299882 -0.4409606321741775 5.9
      vertex -0.2777851165098011 -0.4157348061512726 5.9
      vertex -0.23569836841299882 -0.4409606321741775 7
    endloop
  endfacet
  facet normal 0.5956993044924329 0.8032075314806452 0
    outer loop
      vertex -0.31719664208182274 -0.3865052266813685 5.9
      vertex -0.2777851165098011 -0.4157348061512726 7
      vertex -0.2777851165098011 -0.4157348061512726 5.9
    endloop
  endfacet
  facet normal 0.9039892931234434 0.4275550934302818 0
    outer loop
      vertex -0.4409606321741775 -0.23569836841299882 5.9
      vertex -0.46193976625564337 -0.1913417161825449 5.9
      vertex -0.46193976625564337 -0.1913417161825449 7
    endloop
  endfacet
  facet normal 0.4275550934302818 0.9039892931234434 0
    outer loop
      vertex -0.23569836841299882 -0.4409606321741775 5.9
      vertex -0.1913417161825449 -0.46193976625564337 7
      vertex -0.1913417161825449 -0.46193976625564337 5.9
    endloop
  endfacet
  facet normal 0.9700312531945439 0.24298017990326415 0
    outer loop
      vertex -0.4784701678661044 -0.14514233862723117 5.9
      vertex -0.4903926402016152 -0.09754516100806412 7
      vertex -0.4784701678661044 -0.14514233862723117 7
    endloop
  endfacet
  facet normal 0.9891765099647809 0.1467304744553624 0
    outer loop
      vertex -0.4903926402016152 -0.09754516100806412 5.9
      vertex -0.49759236333609846 -0.0490085701647803 7
      vertex -0.4903926402016152 -0.09754516100806412 7
    endloop
  endfacet
  facet normal 0.9987954562051724 0.049067674327417585 0
    outer loop
      vertex -0.49759236333609846 -0.0490085701647803 5.9
      vertex -0.5 0 7
      vertex -0.49759236333609846 -0.0490085701647803 7
    endloop
  endfacet
  facet normal 0.24298017990326415 0.9700312531945439 0
    outer loop
      vertex -0.14514233862723117 -0.4784701678661044 5.9
      vertex -0.14514233862723117 -0.4784701678661044 7
      vertex -0.09754516100806412 -0.4903926402016152 7
    endloop
  endfacet
  facet normal 0.1467304744553624 0.9891765099647809 0
    outer loop
      vertex -0.09754516100806412 -0.4903926402016152 5.9
      vertex -0.09754516100806412 -0.4903926402016152 7
      vertex -0.0490085701647803 -0.49759236333609846 7
    endloop
  endfacet
  facet normal 0.049067674327417585 0.9987954562051724 0
    outer loop
      vertex -0.0490085701647803 -0.49759236333609846 5.9
      vertex -0.0490085701647803 -0.49759236333609846 7
      vertex 0 -0.5 7
    endloop
  endfacet
  facet normal 0.8577286100002719 0.514102744193222 0
    outer loop
      vertex -0.4157348061512726 -0.2777851165098011 5.9
      vertex -0.4409606321741775 -0.23569836841299882 7
      vertex -0.4157348061512726 -0.2777851165098011 7
    endloop
  endfacet
  facet normal 0.8032075314806452 0.5956993044924329 0
    outer loop
      vertex -0.3865052266813685 -0.31719664208182274 5.9
      vertex -0.4157348061512726 -0.2777851165098011 7
      vertex -0.3865052266813685 -0.31719664208182274 7
    endloop
  endfacet
  facet normal 0.7409511253549594 0.6715589548470181 0
    outer loop
      vertex -0.3535533905932738 -0.3535533905932738 5.9
      vertex -0.3865052266813685 -0.31719664208182274 7
      vertex -0.3535533905932738 -0.3535533905932738 7
    endloop
  endfacet
  facet normal 0.6715589548470181 0.7409511253549594 0
    outer loop
      vertex -0.3535533905932738 -0.3535533905932738 5.9
      vertex -0.3535533905932738 -0.3535533905932738 7
      vertex -0.31719664208182274 -0.3865052266813685 7
    endloop
  endfacet
  facet normal 0.5956993044924329 0.8032075314806452 0
    outer loop
      vertex -0.31719664208182274 -0.3865052266813685 5.9
      vertex -0.31719664208182274 -0.3865052266813685 7
      vertex -0.2777851165098011 -0.4157348061512726 7
    endloop
  endfacet
  facet normal 0.514102744193222 0.8577286100002719 0
    outer loop
      vertex -0.2777851165098011 -0.4157348061512726 5.9
      vertex -0.2777851165098011 -0.4157348061512726 7
      vertex -0.23569836841299882 -0.4409606321741775 7
    endloop
  endfacet
  facet normal 0.9039892931234434 0.4275550934302818 0
    outer loop
      vertex -0.4409606321741775 -0.23569836841299882 5.9
      vertex -0.46193976625564337 -0.1913417161825449 7
      vertex -0.4409606321741775 -0.23569836841299882 7
    endloop
  endfacet
  facet normal 0.941544065183021 0.3368898533922197 0
    outer loop
      vertex -0.46193976625564337 -0.1913417161825449 5.9
      vertex -0.4784701678661044 -0.14514233862723117 7
      vertex -0.46193976625564337 -0.1913417161825449 7
    endloop
  endfacet
  facet normal 0.4275550934302818 0.9039892931234434 0
    outer loop
      vertex -0.23569836841299882 -0.4409606321741775 5.9
      vertex -0.23569836841299882 -0.4409606321741775 7
      vertex -0.1913417161825449 -0.46193976625564337 7
    endloop
  endfacet
  facet normal 0.3368898533922197 0.941544065183021 0
    outer loop
      vertex -0.1913417161825449 -0.46193976625564337 5.9
      vertex -0.1913417161825449 -0.46193976625564337 7
      vertex -0.14514233862723117 -0.4784701678661044 7
    endloop
  endfacet
  facet normal 0 0 1
    outer loop
      vertex -0.49759236333609846 -0.0490085701647803 5.9
      vertex -0.49759236333609846 0.0490085701647803 5.9
      vertex -0.5 0 5.9
    endloop
  endfacet
  facet normal 0 0 1
    outer loop
      vertex -0.49759236333609846 -0.0490085701647803 5.9
      vertex -0.4903926402016152 0.09754516100806412 5.9
      vertex -0.49759236333609846 0.0490085701647803 5.9
    endloop
  endfacet
  facet normal 0 0 1
    outer loop
      vertex -0.4903926402016152 -0.09754516100806412 5.9
      vertex -0.4784701678661044 0.14514233862723117 5.9
      vertex -0.4903926402016152 0.09754516100806412 5.9
    endloop
  endfacet
  facet normal 0 0 1
    outer loop
      vertex -0.4784701678661044 -0.14514233862723117 5.9
      vertex -0.46193976625564337 0.1913417161825449 5.9
      vertex -0.4784701678661044 0.14514233862723117 5.9
    endloop
  endfacet
  facet normal 0 0 1
    outer loop
      vertex -0.46193976625564337 -0.1913417161825449 5.9
      vertex -0.4409606321741775 0.23569836841299882 5.9
      vertex -0.46193976625564337 0.1913417161825449 5.9
    endloop
  endfacet
  facet normal 0 0 1
    outer loop
      vertex -0.4409606321741775 -0.23569836841299882 5.9
      vertex -0.4157348061512726 0.2777851165098011 5.9
      vertex -0.4409606321741775 0.23569836841299882 5.9
    endloop
  endfacet
  facet normal 0 0 1
    outer loop
      vertex -0.4157348061512726 -0.2777851165098011 5.9
      vertex -0.3865052266813685 0.31719664208182274 5.9
      vertex -0.4157348061512726 0.2777851165098011 5.9
    endloop
  endfacet
  facet normal 0 0 1
    outer loop
      vertex -0.3865052266813685 -0.31719664208182274 5.9
      vertex -0.3535533905932738 0.3535533905932738 5.9
      vertex -0.3865052266813685 0.31719664208182274 5.9
    endloop
  endfacet
  facet normal 0 0 1
    outer loop
      vertex -0.3535533905932738 -0.3535533905932738 5.9
      vertex -0.31719664208182274 0.3865052266813685 5.9
      vertex -0.3535533905932738 0.3535533905932738 5.9
    endloop
  endfacet
  facet normal 0 0 1
    outer loop
      vertex -0.31719664208182274 -0.3865052266813685 5.9
      vertex -0.2777851165098011 0.4157348061512726 5.9
      vertex -0.31719664208182274 0.3865052266813685 5.9
    endloop
  endfacet
  facet normal 0 0 1
    outer loop
      vertex -0.2777851165098011 -0.4157348061512726 5.9
      vertex -0.23569836841299882 0.4409606321741775 5.9
      vertex -0.2777851165098011 0.4157348061512726 5.9
    endloop
  endfacet
  facet normal 0 0 1
    outer loop
      vertex -0.23569836841299882 -0.4409606321741775 5.9
      vertex -0.1913417161825449 0.46193976625564337 5.9
      vertex -0.23569836841299882 0.4409606321741775 5.9
    endloop
  endfacet
  facet normal 0 0 1
    outer loop
      vertex -0.1913417161825449 -0.46193976625564337 5.9
      vertex -0.14514233862723117 0.4784701678661044 5.9
      vertex -0.1913417161825449 0.46193976625564337 5.9
    endloop
  endfacet
  facet normal 0 0 1
    outer loop
      vertex -0.14514233862723117 -0.4784701678661044 5.9
      vertex -0.09754516100806412 0.4903926402016152 5.9
      vertex -0.14514233862723117 0.4784701678661044 5.9
    endloop
  endfacet
  facet normal 0 0 1
    outer loop
      vertex -0.09754516100806412 -0.4903926402016152 5.9
      vertex -0.0490085701647803 0.49759236333609846 5.9
      vertex -0.09754516100806412 0.4903926402016152 5.9
    endloop
  endfacet
  facet normal 0 0 1
    outer loop
      vertex -0.0490085701647803 -0.49759236333609846 5.9
      vertex 0 0.5 5.9
      vertex -0.0490085701647803 0.49759236333609846 5.9
    endloop
  endfacet
  facet normal 0.9987954562051724 -0.049067674327417585 0
    outer loop
      vertex -0.5 0 5.9
      vertex -0.49759236333609846 0.0490085701647803 5.9
      vertex -0.49759236333609846 0.0490085701647803 7
    endloop
  endfacet
  facet normal 0.9891765099647809 -0.1467304744553624 0
    outer loop
      vertex -0.49759236333609846 0.0490085701647803 5.9
      vertex -0.4903926402016152 0.09754516100806412 5.9
      vertex -0.4903926402016152 0.09754516100806412 7
    endloop
  endfacet
  facet normal 0.9700312531945439 -0.24298017990326415 0
    outer loop
      vertex -0.4903926402016152 0.09754516100806412 5.9
      vertex -0.4784701678661044 0.14514233862723117 5.9
      vertex -0.4784701678661044 0.14514233862723117 7
    endloop
  endfacet
  facet normal 0.941544065183021 -0.3368898533922197 0
    outer loop
      vertex -0.4784701678661044 0.14514233862723117 5.9
      vertex -0.46193976625564337 0.1913417161825449 5.9
      vertex -0.46193976625564337 0.1913417161825449 7
    endloop
  endfacet
  facet normal 0.9039892931234434 -0.4275550934302818 0
    outer loop
      vertex -0.46193976625564337 0.1913417161825449 5.9
      vertex -0.4409606321741775 0.23569836841299882 5.9
      vertex -0.4409606321741775 0.23569836841299882 7
    endloop
  endfacet
  facet normal 0.8577286100002719 -0.514102744193222 0
    outer loop
      vertex -0.4409606321741775 0.23569836841299882 5.9
      vertex -0.4157348061512726 0.2777851165098011 5.9
      vertex -0.4157348061512726 0.2777851165098011 7
    endloop
  endfacet
  facet normal 0.8032075314806452 -0.5956993044924329 0
    outer loop
      vertex -0.4157348061512726 0.2777851165098011 5.9
      vertex -0.3865052266813685 0.31719664208182274 5.9
      vertex -0.3865052266813685 0.31719664208182274 7
    endloop
  endfacet
  facet normal 0.7409511253549594 -0.6715589548470181 0
    outer loop
      vertex -0.3865052266813685 0.31719664208182274 5.9
      vertex -0.3535533905932738 0.3535533905932738 5.9
      vertex -0.3535533905932738 0.3535533905932738 7
    endloop
  endfacet
  facet normal 0.6715589548470181 -0.7409511253549594 0
    outer loop
      vertex -0.3535533905932738 0.3535533905932738 5.9
      vertex -0.31719664208182274 0.3865052266813685 5.9
      vertex -0.3535533905932738 0.3535533905932738 7
    endloop
  endfacet
  facet normal 0.5956993044924329 -0.8032075314806452 0
    outer loop
      vertex -0.31719664208182274 0.3865052266813685 5.9
      vertex -0.2777851165098011 0.4157348061512726 5.9
      vertex -0.31719664208182274 0.3865052266813685 7
    endloop
  endfacet
  facet normal 0.514102744193222 -0.8577286100002719 0
    outer loop
      vertex -0.2777851165098011 0.4157348061512726 5.9
      vertex -0.23569836841299882 0.4409606321741775 5.9
      vertex -0.2777851165098011 0.4157348061512726 7
    endloop
  endfacet
  facet normal 0.4275550934302818 -0.9039892931234434 0
    outer loop
      vertex -0.23569836841299882 0.4409606321741775 5.9
      vertex -0.1913417161825449 0.46193976625564337 5.9
      vertex -0.23569836841299882 0.4409606321741775 7
    endloop
  endfacet
  facet normal 0.3368898533922197 -0.941544065183021 0
    outer loop
      vertex -0.1913417161825449 0.46193976625564337 5.9
      vertex -0.14514233862723117 0.4784701678661044 5.9
      vertex -0.1913417161825449 0.46193976625564337 7
    endloop
  endfacet
  facet normal 0.24298017990326415 -0.9700312531945439 0
    outer loop
      vertex -0.14514233862723117 0.4784701678661044 5.9
      vertex -0.09754516100806412 0.4903926402016152 5.9
      vertex -0.14514233862723117 0.4784701678661044 7
    endloop
  endfacet
  facet normal 0.1467304744553624 -0.9891765099647809 0
    outer loop
      vertex -0.09754516100806412 0.4903926402016152 5.9
      vertex -0.0490085701647803 0.49759236333609846 5.9
      vertex -0.09754516100806412 0.4903926402016152 7
    endloop
  endfacet
  facet normal 0.049067674327417585 -0.9987954562051724 0
    outer loop
      vertex -0.0490085701647803 0.49759236333609846 5.9
      vertex 0 0.5 5.9
      vertex -0.0490085701647803 0.49759236333609846 7
    endloop
  endfacet
  facet normal 0.9987954562051724 -0.049067674327417585 0
    outer loop
      vertex -0.5 0 5.9
      vertex -0.49759236333609846 0.0490085701647803 7
      vertex -0.5 0 7
    endloop
  endfacet
  facet normal 0.9891765099647809 -0.1467304744553624 0
    outer loop
      vertex -0.49759236333609846 0.0490085701647803 5.9
      vertex -0.4903926402016152 0.09754516100806412 7
      vertex -0.49759236333609846 0.0490085701647803 7
    endloop
  endfacet
  facet normal 0.9700312531945439 -0.24298017990326415 0
    outer loop
      vertex -0.4903926402016152 0.09754516100806412 5.9
      vertex -0.4784701678661044 0.14514233862723117 7
      vertex -0.4903926402016152 0.09754516100806412 7
    endloop
  endfacet
  facet normal 0.941544065183021 -0.3368898533922197 0
    outer loop
      vertex -0.4784701678661044 0.14514233862723117 5.9
      vertex -0.46193976625564337 0.1913417161825449 7
      vertex -0.4784701678661044 0.14514233862723117 7
    endloop
  endfacet
  facet normal 0.9039892931234434 -0.4275550934302818 0
    outer loop
      vertex -0.46193976625564337 0.1913417161825449 5.9
      vertex -0.4409606321741775 0.23569836841299882 7
      vertex -0.46193976625564337 0.1913417161825449 7
    endloop
  endfacet
  facet normal 0.8577286100002719 -0.514102744193222 0
    outer loop
      vertex -0.4409606321741775 0.23569836841299882 5.9
      vertex -0.4157348061512726 0.2777851165098011 7
      vertex -0.4409606321741775 0.23569836841299882 7
    endloop
  endfacet
  facet normal 0.8032075314806452 -0.5956993044924329 0
    outer loop
      vertex -0.4157348061512726 0.2777851165098011 5.9
      vertex -0.3865052266813685 0.31719664208182274 7
      vertex -0.4157348061512726 0.2777851165098011 7
    endloop
  endfacet
  facet normal 0.7409511253549594 -0.6715589548470181 0
    outer loop
      vertex -0.3865052266813685 0.31719664208182274 5.9
      vertex -0.3535533905932738 0.3535533905932738 7
      vertex -0.3865052266813685 0.31719664208182274 7
    endloop
  endfacet
  facet normal 0.6715589548470181 -0.7409511253549594 0
    outer loop
      vertex -0.31719664208182274 0.3865052266813685 5.9
      vertex -0.31719664208182274 0.3865052266813685 7
      vertex -0.3535533905932738 0.3535533905932738 7
    endloop
  endfacet
  facet normal 0.5956993044924329 -0.8032075314806452 0
    outer loop
      vertex -0.2777851165098011 0.4157348061512726 5.9
      vertex -0.2777851165098011 0.4157348061512726 7
      vertex -0.31719664208182274 0.3865052266813685 7
    endloop
  endfacet
  facet normal 0.514102744193222 -0.8577286100002719 0
    outer loop
      vertex -0.23569836841299882 0.4409606321741775 5.9
      vertex -0.23569836841299882 0.4409606321741775 7
      vertex -0.2777851165098011 0.4157348061512726 7
    endloop
  endfacet
  facet normal 0.4275550934302818 -0.9039892931234434 0
    outer loop
      vertex -0.1913417161825449 0.46193976625564337 5.9
      vertex -0.1913417161825449 0.46193976625564337 7
      vertex -0.23569836841299882 0.4409606321741775 7
    endloop
  endfacet
  facet normal 0.3368898533922197 -0.941544065183021 0
    outer loop
      vertex -0.14514233862723117 0.4784701678661044 5.9
      vertex -0.14514233862723117 0.4784701678661044 7
      vertex -0.1913417161825449 0.46193976625564337 7
    endloop
  endfacet
  facet normal 0.24298017990326415 -0.9700312531945439 0
    outer loop
      vertex -0.09754516100806412 0.4903926402016152 5.9
      vertex -0.09754516100806412 0.4903926402016152 7
      vertex -0.14514233862723117 0.4784701678661044 7
    endloop
  endfacet
  facet normal 0.1467304744553624 -0.9891765099647809 0
    outer loop
      vertex -0.0490085701647803 0.49759236333609846 5.9
      vertex -0.0490085701647803 0.49759236333609846 7
      vertex -0.09754516100806412 0.4903926402016152 7
    endloop
  endfacet
  facet normal 0.049067674327417585 -0.9987954562051724 0
    outer loop
      vertex -0.0490085701647803 0.49759236333609846 7
      vertex 0 0.5 5.9
      vertex 0 0.5 7
    endloop
  endfacet
  facet normal 0 0 1
    outer loop
      vertex 0 -0.5 5.9
      vertex 0.0490085701647803 -0.49759236333609846 5.9
      vertex 0.0490085701647803 0.49759236333609846 5.9
    endloop
  endfacet
  facet normal 0 0 1
    outer loop
      vertex 0.0490085701647803 -0.49759236333609846 5.9
      vertex 0.09754516100806412 -0.4903926402016152 5.9
      vertex 0.09754516100806412 0.4903926402016152 5.9
    endloop
  endfacet
  facet normal 0 0 1
    outer loop
      vertex 0.09754516100806412 -0.4903926402016152 5.9
      vertex 0.14514233862723117 -0.4784701678661044 5.9
      vertex 0.14514233862723117 0.4784701678661044 5.9
    endloop
  endfacet
  facet normal 0 0 1
    outer loop
      vertex 0.14514233862723117 -0.4784701678661044 5.9
      vertex 0.1913417161825449 -0.46193976625564337 5.9
      vertex 0.1913417161825449 0.46193976625564337 5.9
    endloop
  endfacet
  facet normal 0 0 1
    outer loop
      vertex 0.1913417161825449 -0.46193976625564337 5.9
      vertex 0.23569836841299882 -0.4409606321741775 5.9
      vertex 0.23569836841299882 0.4409606321741775 5.9
    endloop
  endfacet
  facet normal 0 0 1
    outer loop
      vertex 0.23569836841299882 -0.4409606321741775 5.9
      vertex 0.2777851165098011 -0.4157348061512726 5.9
      vertex 0.2777851165098011 0.4157348061512726 5.9
    endloop
  endfacet
  facet normal 0 0 1
    outer loop
      vertex 0.2777851165098011 -0.4157348061512726 5.9
      vertex 0.31719664208182274 -0.3865052266813685 5.9
      vertex 0.31719664208182274 0.3865052266813685 5.9
    endloop
  endfacet
  facet normal 0 0 1
    outer loop
      vertex 0.31719664208182274 -0.3865052266813685 5.9
      vertex 0.3535533905932738 -0.3535533905932738 5.9
      vertex 0.3535533905932738 0.3535533905932738 5.9
    endloop
  endfacet
  facet normal 0 0 1
    outer loop
      vertex 0.3535533905932738 -0.3535533905932738 5.9
      vertex 0.3865052266813685 -0.31719664208182274 5.9
      vertex 0.3865052266813685 0.31719664208182274 5.9
    endloop
  endfacet
  facet normal 0 0 1
    outer loop
      vertex 0.3865052266813685 -0.31719664208182274 5.9
      vertex 0.4157348061512726 -0.2777851165098011 5.9
      vertex 0.4157348061512726 0.2777851165098011 5.9
    endloop
  endfacet
  facet normal 0 0 1
    outer loop
      vertex 0.4157348061512726 -0.2777851165098011 5.9
      vertex 0.4409606321741775 -0.23569836841299882 5.9
      vertex 0.4409606321741775 0.23569836841299882 5.9
    endloop
  endfacet
  facet normal 0 0 1
    outer loop
      vertex 0.4409606321741775 -0.23569836841299882 5.9
      vertex 0.46193976625564337 -0.1913417161825449 5.9
      vertex 0.46193976625564337 0.1913417161825449 5.9
    endloop
  endfacet
  facet normal 0 0 1
    outer loop
      vertex 0.46193976625564337 -0.1913417161825449 5.9
      vertex 0.4784701678661044 -0.14514233862723117 5.9
      vertex 0.4784701678661044 0.14514233862723117 5.9
    endloop
  endfacet
  facet normal 0 0 1
    outer loop
      vertex 0.4784701678661044 -0.14514233862723117 5.9
      vertex 0.4903926402016152 -0.09754516100806412 5.9
      vertex 0.4903926402016152 0.09754516100806412 5.9
    endloop
  endfacet
  facet normal 0 0 1
    outer loop
      vertex 0.4903926402016152 -0.09754516100806412 5.9
      vertex 0.49759236333609846 -0.0490085701647803 5.9
      vertex 0.49759236333609846 0.0490085701647803 5.9
    endloop
  endfacet
  facet normal -0.049067674327417585 0.9987954562051724 0
    outer loop
      vertex 0 -0.5 5.9
      vertex 0.0490085701647803 -0.49759236333609846 7
      vertex 0.0490085701647803 -0.49759236333609846 5.9
    endloop
  endfacet
  facet normal -0.1467304744553624 0.9891765099647809 0
    outer loop
      vertex 0.0490085701647803 -0.49759236333609846 5.9
      vertex 0.09754516100806412 -0.4903926402016152 7
      vertex 0.09754516100806412 -0.4903926402016152 5.9
    endloop
  endfacet
  facet normal -0.24298017990326415 0.9700312531945439 0
    outer loop
      vertex 0.09754516100806412 -0.4903926402016152 5.9
      vertex 0.14514233862723117 -0.4784701678661044 7
      vertex 0.14514233862723117 -0.4784701678661044 5.9
    endloop
  endfacet
  facet normal -0.3368898533922197 0.941544065183021 0
    outer loop
      vertex 0.14514233862723117 -0.4784701678661044 5.9
      vertex 0.1913417161825449 -0.46193976625564337 7
      vertex 0.1913417161825449 -0.46193976625564337 5.9
    endloop
  endfacet
  facet normal -0.4275550934302818 0.9039892931234434 0
    outer loop
      vertex 0.1913417161825449 -0.46193976625564337 5.9
      vertex 0.23569836841299882 -0.4409606321741775 7
      vertex 0.23569836841299882 -0.4409606321741775 5.9
    endloop
  endfacet
  facet normal -0.514102744193222 0.8577286100002719 0
    outer loop
      vertex 0.23569836841299882 -0.4409606321741775 5.9
      vertex 0.2777851165098011 -0.4157348061512726 7
      vertex 0.2777851165098011 -0.4157348061512726 5.9
    endloop
  endfacet
  facet normal -0.5956993044924329 0.8032075314806452 0
    outer loop
      vertex 0.2777851165098011 -0.4157348061512726 5.9
      vertex 0.31719664208182274 -0.3865052266813685 7
      vertex 0.31719664208182274 -0.3865052266813685 5.9
    endloop
  endfacet
  facet normal -0.6715589548470181 0.7409511253549594 0
    outer loop
      vertex 0.31719664208182274 -0.3865052266813685 5.9
      vertex 0.3535533905932738 -0.3535533905932738 7
      vertex 0.3535533905932738 -0.3535533905932738 5.9
    endloop
  endfacet
  facet normal -0.7409511253549594 0.6715589548470181 0
    outer loop
      vertex 0.3535533905932738 -0.3535533905932738 5.9
      vertex 0.3535533905932738 -0.3535533905932738 7
      vertex 0.3865052266813685 -0.31719664208182274 5.9
    endloop
  endfacet
  facet normal -0.8032075314806452 0.5956993044924329 0
    outer loop
      vertex 0.3865052266813685 -0.31719664208182274 5.9
      vertex 0.3865052266813685 -0.31719664208182274 7
      vertex 0.4157348061512726 -0.2777851165098011 5.9
    endloop
  endfacet
  facet normal -0.8577286100002719 0.514102744193222 0
    outer loop
      vertex 0.4157348061512726 -0.2777851165098011 5.9
      vertex 0.4157348061512726 -0.2777851165098011 7
      vertex 0.4409606321741775 -0.23569836841299882 5.9
    endloop
  endfacet
  facet normal -0.9039892931234434 0.4275550934302818 0
    outer loop
      vertex 0.4409606321741775 -0.23569836841299882 5.9
      vertex 0.4409606321741775 -0.23569836841299882 7
      vertex 0.46193976625564337 -0.1913417161825449 5.9
    endloop
  endfacet
  facet normal -0.941544065183021 0.3368898533922197 0
    outer loop
      vertex 0.46193976625564337 -0.1913417161825449 5.9
      vertex 0.46193976625564337 -0.1913417161825449 7
      vertex 0.4784701678661044 -0.14514233862723117 5.9
    endloop
  endfacet
  facet normal -0.9700312531945439 0.24298017990326415 0
    outer loop
      vertex 0.4784701678661044 -0.14514233862723117 5.9
      vertex 0.4784701678661044 -0.14514233862723117 7
      vertex 0.4903926402016152 -0.09754516100806412 5.9
    endloop
  endfacet
  facet normal -0.9891765099647809 0.1467304744553624 0
    outer loop
      vertex 0.4903926402016152 -0.09754516100806412 5.9
      vertex 0.4903926402016152 -0.09754516100806412 7
      vertex 0.49759236333609846 -0.0490085701647803 5.9
    endloop
  endfacet
  facet normal -0.9987954562051724 0.049067674327417585 0
    outer loop
      vertex 0.49759236333609846 -0.0490085701647803 5.9
      vertex 0.49759236333609846 -0.0490085701647803 7
      vertex 0.5 0 5.9
    endloop
  endfacet
  facet normal -0.049067674327417585 0.9987954562051724 0
    outer loop
      vertex 0 -0.5 5.9
      vertex 0 -0.5 7
      vertex 0.0490085701647803 -0.49759236333609846 7
    endloop
  endfacet
  facet normal -0.1467304744553624 0.9891765099647809 0
    outer loop
      vertex 0.0490085701647803 -0.49759236333609846 5.9
      vertex 0.0490085701647803 -0.49759236333609846 7
      vertex 0.09754516100806412 -0.4903926402016152 7
    endloop
  endfacet
  facet normal -0.24298017990326415 0.9700312531945439 0
    outer loop
      vertex 0.09754516100806412 -0.4903926402016152 5.9
      vertex 0.09754516100806412 -0.4903926402016152 7
      vertex 0.14514233862723117 -0.4784701678661044 7
    endloop
  endfacet
  facet normal -0.3368898533922197 0.941544065183021 0
    outer loop
      vertex 0.14514233862723117 -0.4784701678661044 5.9
      vertex 0.14514233862723117 -0.4784701678661044 7
      vertex 0.1913417161825449 -0.46193976625564337 7
    endloop
  endfacet
  facet normal -0.4275550934302818 0.9039892931234434 0
    outer loop
      vertex 0.1913417161825449 -0.46193976625564337 5.9
      vertex 0.1913417161825449 -0.46193976625564337 7
      vertex 0.23569836841299882 -0.4409606321741775 7
    endloop
  endfacet
  facet normal -0.514102744193222 0.8577286100002719 0
    outer loop
      vertex 0.23569836841299882 -0.4409606321741775 5.9
      vertex 0.23569836841299882 -0.4409606321741775 7
      vertex 0.2777851165098011 -0.4157348061512726 7
    endloop
  endfacet
  facet normal -0.5956993044924329 0.8032075314806452 0
    outer loop
      vertex 0.2777851165098011 -0.4157348061512726 5.9
      vertex 0.2777851165098011 -0.4157348061512726 7
      vertex 0.31719664208182274 -0.3865052266813685 7
    endloop
  endfacet
  facet normal -0.6715589548470181 0.7409511253549594 0
    outer loop
      vertex 0.31719664208182274 -0.3865052266813685 5.9
      vertex 0.31719664208182274 -0.3865052266813685 7
      vertex 0.3535533905932738 -0.3535533905932738 7
    endloop
  endfacet
  facet normal -0.7409511253549594 0.6715589548470181 0
    outer loop
      vertex 0.3865052266813685 -0.31719664208182274 5.9
      vertex 0.3535533905932738 -0.3535533905932738 7
      vertex 0.3865052266813685 -0.31719664208182274 7
    endloop
  endfacet
  facet normal -0.8032075314806452 0.5956993044924329 0
    outer loop
      vertex 0.4157348061512726 -0.2777851165098011 5.9
      vertex 0.3865052266813685 -0.31719664208182274 7
      vertex 0.4157348061512726 -0.2777851165098011 7
    endloop
  endfacet
  facet normal -0.8577286100002719 0.514102744193222 0
    outer loop
      vertex 0.4409606321741775 -0.23569836841299882 5.9
      vertex 0.4157348061512726 -0.2777851165098011 7
      vertex 0.4409606321741775 -0.23569836841299882 7
    endloop
  endfacet
  facet normal -0.9039892931234434 0.4275550934302818 0
    outer loop
      vertex 0.46193976625564337 -0.1913417161825449 5.9
      vertex 0.4409606321741775 -0.23569836841299882 7
      vertex 0.46193976625564337 -0.1913417161825449 7
    endloop
  endfacet
  facet normal -0.941544065183021 0.3368898533922197 0
    outer loop
      vertex 0.4784701678661044 -0.14514233862723117 5.9
      vertex 0.46193976625564337 -0.1913417161825449 7
      vertex 0.4784701678661044 -0.14514233862723117 7
    endloop
  endfacet
  facet normal -0.9700312531945439 0.24298017990326415 0
    outer loop
      vertex 0.4903926402016152 -0.09754516100806412 5.9
      vertex 0.4784701678661044 -0.14514233862723117 7
      vertex 0.4903926402016152 -0.09754516100806412 7
    endloop
  endfacet
  facet normal -0.9891765099647809 0.1467304744553624 0
    outer loop
      vertex 0.49759236333609846 -0.0490085701647803 5.9
      vertex 0.4903926402016152 -0.09754516100806412 7
      vertex 0.49759236333609846 -0.0490085701647803 7
    endloop
  endfacet
  facet normal -0.9987954562051724 0.049067674327417585 0
    outer loop
      vertex 0.49759236333609846 -0.0490085701647803 7
      vertex 0.5 0 7
      vertex 0.5 0 5.9
    endloop
  endfacet
  facet normal 0 0 1
    outer loop
      vertex 0 -0.5 5.9
      vertex 0.0490085701647803 0.49759236333609846 5.9
      vertex 0 0.5 5.9
    endloop
  endfacet
  facet normal 0 0 1
    outer loop
      vertex 0.0490085701647803 -0.49759236333609846 5.9
      vertex 0.09754516100806412 0.4903926402016152 5.9
      vertex 0.0490085701647803 0.49759236333609846 5.9
    endloop
  endfacet
  facet normal 0 0 1
    outer loop
      vertex 0.09754516100806412 -0.4903926402016152 5.9
      vertex 0.14514233862723117 0.4784701678661044 5.9
      vertex 0.09754516100806412 0.4903926402016152 5.9
    endloop
  endfacet
  facet normal 0 0 1
    outer loop
      vertex 0.14514233862723117 -0.4784701678661044 5.9
      vertex 0.1913417161825449 0.46193976625564337 5.9
      vertex 0.14514233862723117 0.4784701678661044 5.9
    endloop
  endfacet
  facet normal 0 0 1
    outer loop
      vertex 0.1913417161825449 -0.46193976625564337 5.9
      vertex 0.23569836841299882 0.4409606321741775 5.9
      vertex 0.1913417161825449 0.46193976625564337 5.9
    endloop
  endfacet
  facet normal 0 0 1
    outer loop
      vertex 0.23569836841299882 -0.4409606321741775 5.9
      vertex 0.2777851165098011 0.4157348061512726 5.9
      vertex 0.23569836841299882 0.4409606321741775 5.9
    endloop
  endfacet
  facet normal 0 0 1
    outer loop
      vertex 0.2777851165098011 -0.4157348061512726 5.9
      vertex 0.31719664208182274 0.3865052266813685 5.9
      vertex 0.2777851165098011 0.4157348061512726 5.9
    endloop
  endfacet
  facet normal 0 0 1
    outer loop
      vertex 0.31719664208182274 -0.3865052266813685 5.9
      vertex 0.3535533905932738 0.3535533905932738 5.9
      vertex 0.31719664208182274 0.3865052266813685 5.9
    endloop
  endfacet
  facet normal 0 0 1
    outer loop
      vertex 0.3535533905932738 -0.3535533905932738 5.9
      vertex 0.3865052266813685 0.31719664208182274 5.9
      vertex 0.3535533905932738 0.3535533905932738 5.9
    endloop
  endfacet
  facet normal 0 0 1
    outer loop
      vertex 0.3865052266813685 -0.31719664208182274 5.9
      vertex 0.4157348061512726 0.2777851165098011 5.9
      vertex 0.3865052266813685 0.31719664208182274 5.9
    endloop
  endfacet
  facet normal 0 0 1
    outer loop
      vertex 0.46193976625564337 -0.1913417161825449 5.9
      vertex 0.4784701678661044 0.14514233862723117 5.9
      vertex 0.46193976625564337 0.1913417161825449 5.9
    endloop
  endfacet
  facet normal 0 0 1
    outer loop
      vertex 0.4157348061512726 -0.2777851165098011 5.9
      vertex 0.4409606321741775 0.23569836841299882 5.9
      vertex 0.4157348061512726 0.2777851165098011 5.9
    endloop
  endfacet
  facet normal 0 0 1
    outer loop
      vertex 0.4409606321741775 -0.23569836841299882 5.9
      vertex 0.46193976625564337 0.1913417161825449 5.9
      vertex 0.4409606321741775 0.23569836841299882 5.9
    endloop
  endfacet
  facet normal 0 0 1
    outer loop
      vertex 0.4903926402016152 -0.09754516100806412 5.9
      vertex 0.49759236333609846 0.0490085701647803 5.9
      vertex 0.4903926402016152 0.09754516100806412 5.9
    endloop
  endfacet
  facet normal 0 0 1
    outer loop
      vertex 0.4784701678661044 -0.14514233862723117 5.9
      vertex 0.4903926402016152 0.09754516100806412 5.9
      vertex 0.4784701678661044 0.14514233862723117 5.9
    endloop
  endfacet
  facet normal 0 0 1
    outer loop
      vertex 0.49759236333609846 -0.0490085701647803 5.9
      vertex 0.5 0 5.9
      vertex 0.49759236333609846 0.0490085701647803 5.9
    endloop
  endfacet
  facet normal -0.4275550934302818 -0.9039892931234434 0
    outer loop
      vertex 0.1913417161825449 0.46193976625564337 5.9
      vertex 0.23569836841299882 0.4409606321741775 5.9
      vertex 0.1913417161825449 0.46193976625564337 7
    endloop
  endfacet
  facet normal -0.9039892931234434 -0.4275550934302818 0
    outer loop
      vertex 0.46193976625564337 0.1913417161825449 5.9
      vertex 0.46193976625564337 0.1913417161825449 7
      vertex 0.4409606321741775 0.23569836841299882 5.9
    endloop
  endfacet
  facet normal -0.5956993044924329 -0.8032075314806452 0
    outer loop
      vertex 0.2777851165098011 0.4157348061512726 5.9
      vertex 0.31719664208182274 0.3865052266813685 5.9
      vertex 0.2777851165098011 0.4157348061512726 7
    endloop
  endfacet
  facet normal -0.514102744193222 -0.8577286100002719 0
    outer loop
      vertex 0.2777851165098011 0.4157348061512726 5.9
      vertex 0.23569836841299882 0.4409606321741775 7
      vertex 0.23569836841299882 0.4409606321741775 5.9
    endloop
  endfacet
  facet normal -0.6715589548470181 -0.7409511253549594 0
    outer loop
      vertex 0.3535533905932738 0.3535533905932738 5.9
      vertex 0.31719664208182274 0.3865052266813685 7
      vertex 0.31719664208182274 0.3865052266813685 5.9
    endloop
  endfacet
  facet normal -0.8032075314806452 -0.5956993044924329 0
    outer loop
      vertex 0.4157348061512726 0.2777851165098011 5.9
      vertex 0.4157348061512726 0.2777851165098011 7
      vertex 0.3865052266813685 0.31719664208182274 5.9
    endloop
  endfacet
  facet normal -0.7409511253549594 -0.6715589548470181 0
    outer loop
      vertex 0.3535533905932738 0.3535533905932738 5.9
      vertex 0.3865052266813685 0.31719664208182274 5.9
      vertex 0.3865052266813685 0.31719664208182274 7
    endloop
  endfacet
  facet normal -0.8577286100002719 -0.514102744193222 0
    outer loop
      vertex 0.4157348061512726 0.2777851165098011 5.9
      vertex 0.4409606321741775 0.23569836841299882 5.9
      vertex 0.4409606321741775 0.23569836841299882 7
    endloop
  endfacet
  facet normal -0.049067674327417585 -0.9987954562051724 0
    outer loop
      vertex 0 0.5 5.9
      vertex 0.0490085701647803 0.49759236333609846 5.9
      vertex 0 0.5 7
    endloop
  endfacet
  facet normal -0.1467304744553624 -0.9891765099647809 0
    outer loop
      vertex 0.0490085701647803 0.49759236333609846 5.9
      vertex 0.09754516100806412 0.4903926402016152 5.9
      vertex 0.0490085701647803 0.49759236333609846 7
    endloop
  endfacet
  facet normal -0.24298017990326415 -0.9700312531945439 0
    outer loop
      vertex 0.09754516100806412 0.4903926402016152 5.9
      vertex 0.14514233862723117 0.4784701678661044 5.9
      vertex 0.09754516100806412 0.4903926402016152 7
    endloop
  endfacet
  facet normal -0.3368898533922197 -0.941544065183021 0
    outer loop
      vertex 0.14514233862723117 0.4784701678661044 5.9
      vertex 0.1913417161825449 0.46193976625564337 5.9
      vertex 0.14514233862723117 0.4784701678661044 7
    endloop
  endfacet
  facet normal -0.9987954562051724 -0.049067674327417585 0
    outer loop
      vertex 0.5 0 5.9
      vertex 0.5 0 7
      vertex 0.49759236333609846 0.0490085701647803 5.9
    endloop
  endfacet
  facet normal -0.9891765099647809 -0.1467304744553624 0
    outer loop
      vertex 0.49759236333609846 0.0490085701647803 5.9
      vertex 0.49759236333609846 0.0490085701647803 7
      vertex 0.4903926402016152 0.09754516100806412 5.9
    endloop
  endfacet
  facet normal -0.9700312531945439 -0.24298017990326415 0
    outer loop
      vertex 0.4903926402016152 0.09754516100806412 5.9
      vertex 0.4903926402016152 0.09754516100806412 7
      vertex 0.4784701678661044 0.14514233862723117 5.9
    endloop
  endfacet
  facet normal -0.941544065183021 -0.3368898533922197 0
    outer loop
      vertex 0.4784701678661044 0.14514233862723117 5.9
      vertex 0.4784701678661044 0.14514233862723117 7
      vertex 0.46193976625564337 0.1913417161825449 5.9
    endloop
  endfacet
  facet normal -0.3368898533922197 -0.941544065183021 0
    outer loop
      vertex 0.1913417161825449 0.46193976625564337 5.9
      vertex 0.1913417161825449 0.46193976625564337 7
      vertex 0.14514233862723117 0.4784701678661044 7
    endloop
  endfacet
  facet normal -0.4275550934302818 -0.9039892931234434 0
    outer loop
      vertex 0.23569836841299882 0.4409606321741775 5.9
      vertex 0.23569836841299882 0.4409606321741775 7
      vertex 0.1913417161825449 0.46193976625564337 7
    endloop
  endfacet
  facet normal -0.941544065183021 -0.3368898533922197 0
    outer loop
      vertex 0.46193976625564337 0.1913417161825449 5.9
      vertex 0.4784701678661044 0.14514233862723117 7
      vertex 0.46193976625564337 0.1913417161825449 7
    endloop
  endfacet
  facet normal -0.9039892931234434 -0.4275550934302818 0
    outer loop
      vertex 0.4409606321741775 0.23569836841299882 5.9
      vertex 0.46193976625564337 0.1913417161825449 7
      vertex 0.4409606321741775 0.23569836841299882 7
    endloop
  endfacet
  facet normal -0.514102744193222 -0.8577286100002719 0
    outer loop
      vertex 0.2777851165098011 0.4157348061512726 5.9
      vertex 0.2777851165098011 0.4157348061512726 7
      vertex 0.23569836841299882 0.4409606321741775 7
    endloop
  endfacet
  facet normal -0.5956993044924329 -0.8032075314806452 0
    outer loop
      vertex 0.31719664208182274 0.3865052266813685 5.9
      vertex 0.31719664208182274 0.3865052266813685 7
      vertex 0.2777851165098011 0.4157348061512726 7
    endloop
  endfacet
  facet normal -0.6715589548470181 -0.7409511253549594 0
    outer loop
      vertex 0.3535533905932738 0.3535533905932738 5.9
      vertex 0.3535533905932738 0.3535533905932738 7
      vertex 0.31719664208182274 0.3865052266813685 7
    endloop
  endfacet
  facet normal -0.7409511253549594 -0.6715589548470181 0
    outer loop
      vertex 0.3535533905932738 0.3535533905932738 5.9
      vertex 0.3865052266813685 0.31719664208182274 7
      vertex 0.3535533905932738 0.3535533905932738 7
    endloop
  endfacet
  facet normal -0.8032075314806452 -0.5956993044924329 0
    outer loop
      vertex 0.3865052266813685 0.31719664208182274 5.9
      vertex 0.4157348061512726 0.2777851165098011 7
      vertex 0.3865052266813685 0.31719664208182274 7
    endloop
  endfacet
  facet normal -0.8577286100002719 -0.514102744193222 0
    outer loop
      vertex 0.4157348061512726 0.2777851165098011 5.9
      vertex 0.4409606321741775 0.23569836841299882 7
      vertex 0.4157348061512726 0.2777851165098011 7
    endloop
  endfacet
  facet normal -0.049067674327417585 -0.9987954562051724 0
    outer loop
      vertex 0.0490085701647803 0.49759236333609846 5.9
      vertex 0.0490085701647803 0.49759236333609846 7
      vertex 0 0.5 7
    endloop
  endfacet
  facet normal -0.1467304744553624 -0.9891765099647809 0
    outer loop
      vertex 0.09754516100806412 0.4903926402016152 5.9
      vertex 0.09754516100806412 0.4903926402016152 7
      vertex 0.0490085701647803 0.49759236333609846 7
    endloop
  endfacet
  facet normal -0.24298017990326415 -0.9700312531945439 0
    outer loop
      vertex 0.14514233862723117 0.4784701678661044 5.9
      vertex 0.14514233862723117 0.4784701678661044 7
      vertex 0.09754516100806412 0.4903926402016152 7
    endloop
  endfacet
  facet normal -0.9987954562051724 -0.049067674327417585 0
    outer loop
      vertex 0.49759236333609846 0.0490085701647803 5.9
      vertex 0.5 0 7
      vertex 0.49759236333609846 0.0490085701647803 7
    endloop
  endfacet
  facet normal -0.9891765099647809 -0.1467304744553624 0
    outer loop
      vertex 0.4903926402016152 0.09754516100806412 5.9
      vertex 0.49759236333609846 0.0490085701647803 7
      vertex 0.4903926402016152 0.09754516100806412 7
    endloop
  endfacet
  facet normal -0.9700312531945439 -0.24298017990326415 0
    outer loop
      vertex 0.4784701678661044 0.14514233862723117 5.9
      vertex 0.4903926402016152 0.09754516100806412 7
      vertex 0.4784701678661044 0.14514233862723117 7
    endloop
  endfacet
endsolid OpenSCAD_Model
