solid OpenSCAD_Model
  facet normal -0.5000000000000009 0.866025403784438 0
    outer loop
      vertex 24.7 -0.5196152422706631 0
      vertex 24.982485180197788 -0.35652234744138955 4
      vertex 24.982485180197788 -0.35652234744138955 0
    endloop
  endfacet
  facet normal -0.5000000000000009 0.866025403784438 0
    outer loop
      vertex 24.7 -0.5196152422706631 0
      vertex 24.7 -0.5196152422706631 4
      vertex 24.982485180197788 -0.35652234744138955 4
    endloop
  endfacet
  facet normal 1 0 0
    outer loop
      vertex 24.7 -0.5196152422706631 0
      vertex 24.7 0.5196152422706631 4
      vertex 24.7 -0.5196152422706631 4
    endloop
  endfacet
  facet normal 1 0 0
    outer loop
      vertex 24.7 -0.5196152422706631 0
      vertex 24.7 0.5196152422706631 0
      vertex 24.7 0.5196152422706631 4
    endloop
  endfacet
  facet normal -0.5000000000000009 -0.866025403784438 0
    outer loop
      vertex 24.982485180197788 0.35652234744138955 0
      vertex 24.7 0.5196152422706631 4
      vertex 24.7 0.5196152422706631 0
    endloop
  endfacet
  facet normal -0.5000000000000009 -0.866025403784438 0
    outer loop
      vertex 24.982485180197788 0.35652234744138955 0
      vertex 24.982485180197788 0.35652234744138955 4
      vertex 24.7 0.5196152422706631 4
    endloop
  endfacet
  facet normal -0.707106781186546 0.7071067811865489 0
    outer loop
      vertex 23.992854230165193 5.8909206317895775 0
      vertex 24.211064039568306 6.10913044119269 4
      vertex 24.211064039568306 6.10913044119269 0
    endloop
  endfacet
  facet normal 0.9659258262890686 0.2588190451025194 0
    outer loop
      vertex 23.992854230165193 5.8909206317895775 0
      vertex 23.72388158851478 6.894740196274946 0
      vertex 23.72388158851478 6.894740196274946 4
    endloop
  endfacet
  facet normal -0.25881904510251846 -0.965925826289069 0
    outer loop
      vertex 23.72388158851478 6.894740196274946 0
      vertex 24.03517217265837 6.811330135642259 0
      vertex 23.72388158851478 6.894740196274946 4
    endloop
  endfacet
  facet normal 0.9659258262890686 0.2588190451025194 0
    outer loop
      vertex 23.992854230165193 5.8909206317895775 0
      vertex 23.72388158851478 6.894740196274946 4
      vertex 23.992854230165193 5.8909206317895775 4
    endloop
  endfacet
  facet normal -0.707106781186546 0.7071067811865489 0
    outer loop
      vertex 23.992854230165193 5.8909206317895775 0
      vertex 23.992854230165193 5.8909206317895775 4
      vertex 24.211064039568306 6.10913044119269 4
    endloop
  endfacet
  facet normal -0.25881904510251846 -0.965925826289069 0
    outer loop
      vertex 24.03517217265837 6.811330135642259 0
      vertex 24.03517217265837 6.811330135642259 4
      vertex 23.72388158851478 6.894740196274946 4
    endloop
  endfacet
  facet normal -0.8660254037844367 0.5000000000000033 0
    outer loop
      vertex 21.650635094610962 11.9 0
      vertex 21.811770958085866 12.179095502460013 4
      vertex 21.811770958085866 12.179095502460013 0
    endloop
  endfacet
  facet normal -0.8660254037844367 0.5000000000000033 0
    outer loop
      vertex 21.650635094610962 11.9 0
      vertex 21.650635094610962 11.9 4
      vertex 21.811770958085866 12.179095502460013 4
    endloop
  endfacet
  facet normal 0.8660254037844394 0.4999999999999985 0
    outer loop
      vertex 21.650635094610962 11.9 0
      vertex 21.1310198523403 12.799999999999999 4
      vertex 21.650635094610962 11.9 4
    endloop
  endfacet
  facet normal 0 -1 0
    outer loop
      vertex 21.1310198523403 12.799999999999999 0
      vertex 21.439615124241033 12.799999999999999 0
      vertex 21.1310198523403 12.799999999999999 4
    endloop
  endfacet
  facet normal 0.8660254037844394 0.4999999999999985 0
    outer loop
      vertex 21.650635094610962 11.9 0
      vertex 21.1310198523403 12.799999999999999 0
      vertex 21.1310198523403 12.799999999999999 4
    endloop
  endfacet
  facet normal 0 -1 0
    outer loop
      vertex 21.439615124241033 12.799999999999999 0
      vertex 21.439615124241033 12.799999999999999 4
      vertex 21.1310198523403 12.799999999999999 4
    endloop
  endfacet
  facet normal 0.7071067811865476 0.7071067811865476 0
    outer loop
      vertex 17.098114033890248 17.832960956725202 0
      vertex 17.098114033890248 17.832960956725202 4
      vertex 17.832960956725202 17.098114033890248 0
    endloop
  endfacet
  facet normal 0.2588190451025244 -0.9659258262890674 0
    outer loop
      vertex 17.098114033890248 17.832960956725202 0
      vertex 17.41318531228993 17.91738405133064 0
      vertex 17.098114033890248 17.832960956725202 4
    endloop
  endfacet
  facet normal -0.9659258262890681 0.2588190451025217 0
    outer loop
      vertex 17.832960956725202 17.098114033890248 0
      vertex 17.91738405133064 17.413185312289933 4
      vertex 17.91738405133064 17.413185312289933 0
    endloop
  endfacet
  facet normal 0.2588190451025244 -0.9659258262890674 0
    outer loop
      vertex 17.41318531228993 17.91738405133064 0
      vertex 17.41318531228993 17.91738405133064 4
      vertex 17.098114033890248 17.832960956725202 4
    endloop
  endfacet
  facet normal 0.7071067811865476 0.7071067811865476 0
    outer loop
      vertex 17.832960956725202 17.098114033890248 0
      vertex 17.098114033890248 17.832960956725202 4
      vertex 17.832960956725202 17.098114033890248 4
    endloop
  endfacet
  facet normal -0.9659258262890681 0.2588190451025217 0
    outer loop
      vertex 17.832960956725202 17.098114033890248 0
      vertex 17.832960956725202 17.098114033890248 4
      vertex 17.91738405133064 17.413185312289933 4
    endloop
  endfacet
  facet normal 0.5000000000000058 -0.8660254037844354 0
    outer loop
      vertex 11.9 21.650635094610962 0
      vertex 12.179095502460012 21.811770958085866 0
      vertex 11.9 21.650635094610962 4
    endloop
  endfacet
  facet normal 0.4999999999999985 0.8660254037844394 0
    outer loop
      vertex 11.9 21.650635094610962 0
      vertex 11.9 21.650635094610962 4
      vertex 12.799999999999999 21.1310198523403 0
    endloop
  endfacet
  facet normal 0.5000000000000058 -0.8660254037844354 0
    outer loop
      vertex 12.179095502460012 21.811770958085866 0
      vertex 12.179095502460012 21.811770958085866 4
      vertex 11.9 21.650635094610962 4
    endloop
  endfacet
  facet normal -1 0 0
    outer loop
      vertex 12.799999999999999 21.1310198523403 0
      vertex 12.799999999999999 21.439615124241033 4
      vertex 12.799999999999999 21.439615124241033 0
    endloop
  endfacet
  facet normal 0.4999999999999985 0.8660254037844394 0
    outer loop
      vertex 12.799999999999999 21.1310198523403 0
      vertex 11.9 21.650635094610962 4
      vertex 12.799999999999999 21.1310198523403 4
    endloop
  endfacet
  facet normal -1 0 0
    outer loop
      vertex 12.799999999999999 21.1310198523403 0
      vertex 12.799999999999999 21.1310198523403 4
      vertex 12.799999999999999 21.439615124241033 4
    endloop
  endfacet
  facet normal 0.7071067811865489 -0.707106781186546 0
    outer loop
      vertex 5.8909206317895775 23.992854230165193 0
      vertex 6.10913044119269 24.211064039568306 0
      vertex 5.8909206317895775 23.992854230165193 4
    endloop
  endfacet
  facet normal 0.2588190451025194 0.9659258262890686 0
    outer loop
      vertex 5.8909206317895775 23.992854230165193 0
      vertex 5.8909206317895775 23.992854230165193 4
      vertex 6.894740196274946 23.72388158851478 0
    endloop
  endfacet
  facet normal -0.9659258262890683 -0.2588190451025211 0
    outer loop
      vertex 6.894740196274946 23.72388158851478 0
      vertex 6.811330135642258 24.03517217265837 4
      vertex 6.811330135642258 24.03517217265837 0
    endloop
  endfacet
  facet normal 0.7071067811865489 -0.707106781186546 0
    outer loop
      vertex 6.10913044119269 24.211064039568306 0
      vertex 6.10913044119269 24.211064039568306 4
      vertex 5.8909206317895775 23.992854230165193 4
    endloop
  endfacet
  facet normal 0.2588190451025194 0.9659258262890686 0
    outer loop
      vertex 6.894740196274946 23.72388158851478 0
      vertex 5.8909206317895775 23.992854230165193 4
      vertex 6.894740196274946 23.72388158851478 4
    endloop
  endfacet
  facet normal -0.9659258262890683 -0.2588190451025211 0
    outer loop
      vertex 6.894740196274946 23.72388158851478 0
      vertex 6.894740196274946 23.72388158851478 4
      vertex 6.811330135642258 24.03517217265837 4
    endloop
  endfacet
  facet normal 0.866025403784438 -0.5000000000000009 0
    outer loop
      vertex -0.5196152422706631 24.7 0
      vertex -0.35652234744138955 24.982485180197788 0
      vertex -0.5196152422706631 24.7 4
    endloop
  endfacet
  facet normal 0 1 0
    outer loop
      vertex -0.5196152422706631 24.7 0
      vertex -0.5196152422706631 24.7 4
      vertex 0.5196152422706631 24.7 0
    endloop
  endfacet
  facet normal 0.866025403784438 -0.5000000000000009 0
    outer loop
      vertex -0.35652234744138955 24.982485180197788 0
      vertex -0.35652234744138955 24.982485180197788 4
      vertex -0.5196152422706631 24.7 4
    endloop
  endfacet
  facet normal -0.866025403784438 -0.5000000000000009 0
    outer loop
      vertex 0.35652234744138955 24.982485180197788 0
      vertex 0.5196152422706631 24.7 0
      vertex 0.35652234744138955 24.982485180197788 4
    endloop
  endfacet
  facet normal 0 1 0
    outer loop
      vertex -0.5196152422706631 24.7 4
      vertex 0.5196152422706631 24.7 4
      vertex 0.5196152422706631 24.7 0
    endloop
  endfacet
  facet normal -0.866025403784438 -0.5000000000000009 0
    outer loop
      vertex 0.5196152422706631 24.7 0
      vertex 0.5196152422706631 24.7 4
      vertex 0.35652234744138955 24.982485180197788 4
    endloop
  endfacet
  facet normal 0.9659258262890683 -0.2588190451025211 0
    outer loop
      vertex -6.894740196274946 23.72388158851478 0
      vertex -6.811330135642258 24.03517217265837 0
      vertex -6.894740196274946 23.72388158851478 4
    endloop
  endfacet
  facet normal -0.2588190451025194 0.9659258262890686 0
    outer loop
      vertex -6.894740196274946 23.72388158851478 0
      vertex -6.894740196274946 23.72388158851478 4
      vertex -5.8909206317895775 23.992854230165193 0
    endloop
  endfacet
  facet normal -0.7071067811865489 -0.707106781186546 0
    outer loop
      vertex -5.8909206317895775 23.992854230165193 0
      vertex -6.10913044119269 24.211064039568306 4
      vertex -6.10913044119269 24.211064039568306 0
    endloop
  endfacet
  facet normal 0.9659258262890683 -0.2588190451025211 0
    outer loop
      vertex -6.811330135642258 24.03517217265837 0
      vertex -6.811330135642258 24.03517217265837 4
      vertex -6.894740196274946 23.72388158851478 4
    endloop
  endfacet
  facet normal -0.2588190451025194 0.9659258262890686 0
    outer loop
      vertex -5.8909206317895775 23.992854230165193 0
      vertex -6.894740196274946 23.72388158851478 4
      vertex -5.8909206317895775 23.992854230165193 4
    endloop
  endfacet
  facet normal -0.7071067811865489 -0.707106781186546 0
    outer loop
      vertex -5.8909206317895775 23.992854230165193 0
      vertex -5.8909206317895775 23.992854230165193 4
      vertex -6.10913044119269 24.211064039568306 4
    endloop
  endfacet
  facet normal 1 0 0
    outer loop
      vertex -12.799999999999999 21.1310198523403 0
      vertex -12.799999999999999 21.439615124241033 0
      vertex -12.799999999999999 21.1310198523403 4
    endloop
  endfacet
  facet normal -0.4999999999999985 0.8660254037844394 0
    outer loop
      vertex -12.799999999999999 21.1310198523403 0
      vertex -12.799999999999999 21.1310198523403 4
      vertex -11.9 21.650635094610962 0
    endloop
  endfacet
  facet normal 1 0 0
    outer loop
      vertex -12.799999999999999 21.439615124241033 0
      vertex -12.799999999999999 21.439615124241033 4
      vertex -12.799999999999999 21.1310198523403 4
    endloop
  endfacet
  facet normal -0.5000000000000058 -0.8660254037844354 0
    outer loop
      vertex -12.179095502460012 21.811770958085866 0
      vertex -11.9 21.650635094610962 0
      vertex -12.179095502460012 21.811770958085866 4
    endloop
  endfacet
  facet normal -0.4999999999999985 0.8660254037844394 0
    outer loop
      vertex -11.9 21.650635094610962 0
      vertex -12.799999999999999 21.1310198523403 4
      vertex -11.9 21.650635094610962 4
    endloop
  endfacet
  facet normal -0.5000000000000058 -0.8660254037844354 0
    outer loop
      vertex -11.9 21.650635094610962 0
      vertex -11.9 21.650635094610962 4
      vertex -12.179095502460012 21.811770958085866 4
    endloop
  endfacet
  facet normal 0.9659258262890681 0.2588190451025217 0
    outer loop
      vertex -17.832960956725202 17.098114033890248 0
      vertex -17.91738405133064 17.413185312289933 0
      vertex -17.832960956725202 17.098114033890248 4
    endloop
  endfacet
  facet normal -0.7071067811865476 0.7071067811865476 0
    outer loop
      vertex -17.832960956725202 17.098114033890248 0
      vertex -17.832960956725202 17.098114033890248 4
      vertex -17.098114033890248 17.832960956725202 0
    endloop
  endfacet
  facet normal -0.2588190451025244 -0.9659258262890674 0
    outer loop
      vertex -17.41318531228993 17.91738405133064 0
      vertex -17.098114033890248 17.832960956725202 0
      vertex -17.41318531228993 17.91738405133064 4
    endloop
  endfacet
  facet normal 0.9659258262890681 0.2588190451025217 0
    outer loop
      vertex -17.91738405133064 17.413185312289933 0
      vertex -17.91738405133064 17.413185312289933 4
      vertex -17.832960956725202 17.098114033890248 4
    endloop
  endfacet
  facet normal -0.7071067811865476 0.7071067811865476 0
    outer loop
      vertex -17.098114033890248 17.832960956725202 0
      vertex -17.832960956725202 17.098114033890248 4
      vertex -17.098114033890248 17.832960956725202 4
    endloop
  endfacet
  facet normal -0.2588190451025244 -0.9659258262890674 0
    outer loop
      vertex -17.098114033890248 17.832960956725202 0
      vertex -17.098114033890248 17.832960956725202 4
      vertex -17.41318531228993 17.91738405133064 4
    endloop
  endfacet
  facet normal 0.8660254037844367 0.5000000000000033 0
    outer loop
      vertex -21.650635094610962 11.9 0
      vertex -21.811770958085866 12.179095502460013 0
      vertex -21.650635094610962 11.9 4
    endloop
  endfacet
  facet normal -0.8660254037844394 0.4999999999999985 0
    outer loop
      vertex -21.650635094610962 11.9 0
      vertex -21.650635094610962 11.9 4
      vertex -21.1310198523403 12.799999999999999 0
    endloop
  endfacet
  facet normal 0.8660254037844367 0.5000000000000033 0
    outer loop
      vertex -21.811770958085866 12.179095502460013 0
      vertex -21.811770958085866 12.179095502460013 4
      vertex -21.650635094610962 11.9 4
    endloop
  endfacet
  facet normal 0 -1 0
    outer loop
      vertex -21.439615124241033 12.799999999999999 0
      vertex -21.1310198523403 12.799999999999999 0
      vertex -21.439615124241033 12.799999999999999 4
    endloop
  endfacet
  facet normal -0.8660254037844394 0.4999999999999985 0
    outer loop
      vertex -21.1310198523403 12.799999999999999 0
      vertex -21.650635094610962 11.9 4
      vertex -21.1310198523403 12.799999999999999 4
    endloop
  endfacet
  facet normal 0 -1 0
    outer loop
      vertex -21.1310198523403 12.799999999999999 0
      vertex -21.1310198523403 12.799999999999999 4
      vertex -21.439615124241033 12.799999999999999 4
    endloop
  endfacet
  facet normal 0.707106781186546 0.7071067811865489 0
    outer loop
      vertex -24.211064039568306 6.10913044119269 0
      vertex -23.992854230165193 5.8909206317895775 4
      vertex -23.992854230165193 5.8909206317895775 0
    endloop
  endfacet
  facet normal -0.9659258262890686 0.2588190451025194 0
    outer loop
      vertex -23.992854230165193 5.8909206317895775 0
      vertex -23.992854230165193 5.8909206317895775 4
      vertex -23.72388158851478 6.894740196274946 0
    endloop
  endfacet
  facet normal 0.25881904510251846 -0.965925826289069 0
    outer loop
      vertex -24.03517217265837 6.811330135642259 0
      vertex -23.72388158851478 6.894740196274946 0
      vertex -24.03517217265837 6.811330135642259 4
    endloop
  endfacet
  facet normal 0.707106781186546 0.7071067811865489 0
    outer loop
      vertex -24.211064039568306 6.10913044119269 0
      vertex -24.211064039568306 6.10913044119269 4
      vertex -23.992854230165193 5.8909206317895775 4
    endloop
  endfacet
  facet normal -0.9659258262890686 0.2588190451025194 0
    outer loop
      vertex -23.72388158851478 6.894740196274946 0
      vertex -23.992854230165193 5.8909206317895775 4
      vertex -23.72388158851478 6.894740196274946 4
    endloop
  endfacet
  facet normal 0.25881904510251846 -0.965925826289069 0
    outer loop
      vertex -23.72388158851478 6.894740196274946 0
      vertex -23.72388158851478 6.894740196274946 4
      vertex -24.03517217265837 6.811330135642259 4
    endloop
  endfacet
  facet normal 0.5000000000000009 0.866025403784438 0
    outer loop
      vertex -24.7 -0.5196152422706631 0
      vertex -24.982485180197788 -0.35652234744138955 0
      vertex -24.7 -0.5196152422706631 4
    endloop
  endfacet
  facet normal -1 0 0
    outer loop
      vertex -24.7 -0.5196152422706631 0
      vertex -24.7 -0.5196152422706631 4
      vertex -24.7 0.5196152422706631 0
    endloop
  endfacet
  facet normal 0.5000000000000009 0.866025403784438 0
    outer loop
      vertex -24.982485180197788 -0.35652234744138955 0
      vertex -24.982485180197788 -0.35652234744138955 4
      vertex -24.7 -0.5196152422706631 4
    endloop
  endfacet
  facet normal 0.5000000000000009 -0.866025403784438 0
    outer loop
      vertex -24.982485180197788 0.35652234744138955 0
      vertex -24.7 0.5196152422706631 0
      vertex -24.982485180197788 0.35652234744138955 4
    endloop
  endfacet
  facet normal -1 0 0
    outer loop
      vertex -24.7 -0.5196152422706631 4
      vertex -24.7 0.5196152422706631 4
      vertex -24.7 0.5196152422706631 0
    endloop
  endfacet
  facet normal 0.5000000000000009 -0.866025403784438 0
    outer loop
      vertex -24.7 0.5196152422706631 0
      vertex -24.7 0.5196152422706631 4
      vertex -24.982485180197788 0.35652234744138955 4
    endloop
  endfacet
  facet normal 0.25881904510251846 0.965925826289069 0
    outer loop
      vertex -24.03517217265837 -6.811330135642259 0
      vertex -23.72388158851478 -6.894740196274946 4
      vertex -23.72388158851478 -6.894740196274946 0
    endloop
  endfacet
  facet normal -0.9659258262890686 -0.2588190451025194 0
    outer loop
      vertex -23.72388158851478 -6.894740196274946 0
      vertex -23.72388158851478 -6.894740196274946 4
      vertex -23.992854230165193 -5.8909206317895775 0
    endloop
  endfacet
  facet normal 0.707106781186546 -0.7071067811865489 0
    outer loop
      vertex -24.211064039568306 -6.10913044119269 0
      vertex -23.992854230165193 -5.8909206317895775 0
      vertex -24.211064039568306 -6.10913044119269 4
    endloop
  endfacet
  facet normal 0.25881904510251846 0.965925826289069 0
    outer loop
      vertex -24.03517217265837 -6.811330135642259 0
      vertex -24.03517217265837 -6.811330135642259 4
      vertex -23.72388158851478 -6.894740196274946 4
    endloop
  endfacet
  facet normal 0.707106781186546 -0.7071067811865489 0
    outer loop
      vertex -23.992854230165193 -5.8909206317895775 0
      vertex -23.992854230165193 -5.8909206317895775 4
      vertex -24.211064039568306 -6.10913044119269 4
    endloop
  endfacet
  facet normal -0.9659258262890686 -0.2588190451025194 0
    outer loop
      vertex -23.992854230165193 -5.8909206317895775 0
      vertex -23.72388158851478 -6.894740196274946 4
      vertex -23.992854230165193 -5.8909206317895775 4
    endloop
  endfacet
  facet normal -0.8660254037844394 -0.4999999999999985 0
    outer loop
      vertex -21.1310198523403 -12.799999999999999 0
      vertex -21.1310198523403 -12.799999999999999 4
      vertex -21.650635094610962 -11.9 0
    endloop
  endfacet
  facet normal 0 1 0
    outer loop
      vertex -21.439615124241033 -12.799999999999999 0
      vertex -21.1310198523403 -12.799999999999999 4
      vertex -21.1310198523403 -12.799999999999999 0
    endloop
  endfacet
  facet normal 0 1 0
    outer loop
      vertex -21.439615124241033 -12.799999999999999 0
      vertex -21.439615124241033 -12.799999999999999 4
      vertex -21.1310198523403 -12.799999999999999 4
    endloop
  endfacet
  facet normal 0.8660254037844367 -0.5000000000000033 0
    outer loop
      vertex -21.811770958085866 -12.179095502460013 0
      vertex -21.650635094610962 -11.9 0
      vertex -21.811770958085866 -12.179095502460013 4
    endloop
  endfacet
  facet normal -0.8660254037844394 -0.4999999999999985 0
    outer loop
      vertex -21.650635094610962 -11.9 0
      vertex -21.1310198523403 -12.799999999999999 4
      vertex -21.650635094610962 -11.9 4
    endloop
  endfacet
  facet normal 0.8660254037844367 -0.5000000000000033 0
    outer loop
      vertex -21.650635094610962 -11.9 0
      vertex -21.650635094610962 -11.9 4
      vertex -21.811770958085866 -12.179095502460013 4
    endloop
  endfacet
  facet normal 0.9659258262890681 -0.2588190451025217 0
    outer loop
      vertex -17.91738405133064 -17.413185312289933 0
      vertex -17.832960956725202 -17.098114033890248 0
      vertex -17.91738405133064 -17.413185312289933 4
    endloop
  endfacet
  facet normal -0.2588190451025244 0.9659258262890674 0
    outer loop
      vertex -17.41318531228993 -17.91738405133064 0
      vertex -17.098114033890248 -17.832960956725202 4
      vertex -17.098114033890248 -17.832960956725202 0
    endloop
  endfacet
  facet normal -0.7071067811865476 -0.7071067811865476 0
    outer loop
      vertex -17.832960956725202 -17.098114033890248 0
      vertex -17.098114033890248 -17.832960956725202 0
      vertex -17.098114033890248 -17.832960956725202 4
    endloop
  endfacet
  facet normal 0.9659258262890681 -0.2588190451025217 0
    outer loop
      vertex -17.832960956725202 -17.098114033890248 0
      vertex -17.832960956725202 -17.098114033890248 4
      vertex -17.91738405133064 -17.413185312289933 4
    endloop
  endfacet
  facet normal -0.7071067811865476 -0.7071067811865476 0
    outer loop
      vertex -17.832960956725202 -17.098114033890248 0
      vertex -17.098114033890248 -17.832960956725202 4
      vertex -17.832960956725202 -17.098114033890248 4
    endloop
  endfacet
  facet normal -0.2588190451025244 0.9659258262890674 0
    outer loop
      vertex -17.41318531228993 -17.91738405133064 0
      vertex -17.41318531228993 -17.91738405133064 4
      vertex -17.098114033890248 -17.832960956725202 4
    endloop
  endfacet
  facet normal 1 0 0
    outer loop
      vertex -12.799999999999999 -21.439615124241033 0
      vertex -12.799999999999999 -21.1310198523403 0
      vertex -12.799999999999999 -21.439615124241033 4
    endloop
  endfacet
  facet normal 1 0 0
    outer loop
      vertex -12.799999999999999 -21.1310198523403 0
      vertex -12.799999999999999 -21.1310198523403 4
      vertex -12.799999999999999 -21.439615124241033 4
    endloop
  endfacet
  facet normal -0.4999999999999985 -0.8660254037844394 0
    outer loop
      vertex -12.799999999999999 -21.1310198523403 0
      vertex -11.9 -21.650635094610962 4
      vertex -12.799999999999999 -21.1310198523403 4
    endloop
  endfacet
  facet normal -0.4999999999999985 -0.8660254037844394 0
    outer loop
      vertex -12.799999999999999 -21.1310198523403 0
      vertex -11.9 -21.650635094610962 0
      vertex -11.9 -21.650635094610962 4
    endloop
  endfacet
  facet normal -0.5000000000000058 0.8660254037844354 0
    outer loop
      vertex -12.179095502460012 -21.811770958085866 0
      vertex -11.9 -21.650635094610962 4
      vertex -11.9 -21.650635094610962 0
    endloop
  endfacet
  facet normal -0.5000000000000058 0.8660254037844354 0
    outer loop
      vertex -12.179095502460012 -21.811770958085866 0
      vertex -12.179095502460012 -21.811770958085866 4
      vertex -11.9 -21.650635094610962 4
    endloop
  endfacet
  facet normal 0.9659258262890683 0.2588190451025211 0
    outer loop
      vertex -6.811330135642258 -24.03517217265837 0
      vertex -6.894740196274946 -23.72388158851478 0
      vertex -6.811330135642258 -24.03517217265837 4
    endloop
  endfacet
  facet normal -0.2588190451025194 -0.9659258262890686 0
    outer loop
      vertex -6.894740196274946 -23.72388158851478 0
      vertex -5.8909206317895775 -23.992854230165193 0
      vertex -5.8909206317895775 -23.992854230165193 4
    endloop
  endfacet
  facet normal -0.7071067811865489 0.707106781186546 0
    outer loop
      vertex -6.10913044119269 -24.211064039568306 0
      vertex -5.8909206317895775 -23.992854230165193 4
      vertex -5.8909206317895775 -23.992854230165193 0
    endloop
  endfacet
  facet normal 0.9659258262890683 0.2588190451025211 0
    outer loop
      vertex -6.894740196274946 -23.72388158851478 0
      vertex -6.894740196274946 -23.72388158851478 4
      vertex -6.811330135642258 -24.03517217265837 4
    endloop
  endfacet
  facet normal -0.2588190451025194 -0.9659258262890686 0
    outer loop
      vertex -6.894740196274946 -23.72388158851478 0
      vertex -5.8909206317895775 -23.992854230165193 4
      vertex -6.894740196274946 -23.72388158851478 4
    endloop
  endfacet
  facet normal -0.7071067811865489 0.707106781186546 0
    outer loop
      vertex -6.10913044119269 -24.211064039568306 0
      vertex -6.10913044119269 -24.211064039568306 4
      vertex -5.8909206317895775 -23.992854230165193 4
    endloop
  endfacet
  facet normal 0.866025403784438 0.5000000000000009 0
    outer loop
      vertex -0.5196152422706631 -24.7 0
      vertex -0.35652234744138955 -24.982485180197788 4
      vertex -0.35652234744138955 -24.982485180197788 0
    endloop
  endfacet
  facet normal 0.866025403784438 0.5000000000000009 0
    outer loop
      vertex -0.5196152422706631 -24.7 0
      vertex -0.5196152422706631 -24.7 4
      vertex -0.35652234744138955 -24.982485180197788 4
    endloop
  endfacet
  facet normal 0 -1 0
    outer loop
      vertex -0.5196152422706631 -24.7 0
      vertex 0.5196152422706631 -24.7 4
      vertex -0.5196152422706631 -24.7 4
    endloop
  endfacet
  facet normal 0 -1 0
    outer loop
      vertex -0.5196152422706631 -24.7 0
      vertex 0.5196152422706631 -24.7 0
      vertex 0.5196152422706631 -24.7 4
    endloop
  endfacet
  facet normal -0.866025403784438 0.5000000000000009 0
    outer loop
      vertex 0.35652234744138955 -24.982485180197788 0
      vertex 0.5196152422706631 -24.7 4
      vertex 0.5196152422706631 -24.7 0
    endloop
  endfacet
  facet normal -0.866025403784438 0.5000000000000009 0
    outer loop
      vertex 0.35652234744138955 -24.982485180197788 0
      vertex 0.35652234744138955 -24.982485180197788 4
      vertex 0.5196152422706631 -24.7 4
    endloop
  endfacet
  facet normal 0.7071067811865489 0.707106781186546 0
    outer loop
      vertex 6.10913044119269 -24.211064039568306 0
      vertex 5.8909206317895775 -23.992854230165193 0
      vertex 6.10913044119269 -24.211064039568306 4
    endloop
  endfacet
  facet normal 0.2588190451025194 -0.9659258262890686 0
    outer loop
      vertex 5.8909206317895775 -23.992854230165193 0
      vertex 6.894740196274946 -23.72388158851478 0
      vertex 6.894740196274946 -23.72388158851478 4
    endloop
  endfacet
  facet normal -0.9659258262890683 0.2588190451025211 0
    outer loop
      vertex 6.811330135642258 -24.03517217265837 0
      vertex 6.894740196274946 -23.72388158851478 4
      vertex 6.894740196274946 -23.72388158851478 0
    endloop
  endfacet
  facet normal 0.7071067811865489 0.707106781186546 0
    outer loop
      vertex 5.8909206317895775 -23.992854230165193 0
      vertex 5.8909206317895775 -23.992854230165193 4
      vertex 6.10913044119269 -24.211064039568306 4
    endloop
  endfacet
  facet normal 0.2588190451025194 -0.9659258262890686 0
    outer loop
      vertex 5.8909206317895775 -23.992854230165193 0
      vertex 6.894740196274946 -23.72388158851478 4
      vertex 5.8909206317895775 -23.992854230165193 4
    endloop
  endfacet
  facet normal -0.9659258262890683 0.2588190451025211 0
    outer loop
      vertex 6.811330135642258 -24.03517217265837 0
      vertex 6.811330135642258 -24.03517217265837 4
      vertex 6.894740196274946 -23.72388158851478 4
    endloop
  endfacet
  facet normal 0.5000000000000058 0.8660254037844354 0
    outer loop
      vertex 11.9 -21.650635094610962 0
      vertex 12.179095502460012 -21.811770958085866 4
      vertex 12.179095502460012 -21.811770958085866 0
    endloop
  endfacet
  facet normal 0.5000000000000058 0.8660254037844354 0
    outer loop
      vertex 11.9 -21.650635094610962 0
      vertex 11.9 -21.650635094610962 4
      vertex 12.179095502460012 -21.811770958085866 4
    endloop
  endfacet
  facet normal 0.4999999999999985 -0.8660254037844394 0
    outer loop
      vertex 11.9 -21.650635094610962 0
      vertex 12.799999999999999 -21.1310198523403 4
      vertex 11.9 -21.650635094610962 4
    endloop
  endfacet
  facet normal 0.4999999999999985 -0.8660254037844394 0
    outer loop
      vertex 11.9 -21.650635094610962 0
      vertex 12.799999999999999 -21.1310198523403 0
      vertex 12.799999999999999 -21.1310198523403 4
    endloop
  endfacet
  facet normal -1 0 0
    outer loop
      vertex 12.799999999999999 -21.439615124241033 0
      vertex 12.799999999999999 -21.1310198523403 4
      vertex 12.799999999999999 -21.1310198523403 0
    endloop
  endfacet
  facet normal -1 0 0
    outer loop
      vertex 12.799999999999999 -21.439615124241033 0
      vertex 12.799999999999999 -21.439615124241033 4
      vertex 12.799999999999999 -21.1310198523403 4
    endloop
  endfacet
  facet normal 0.2588190451025244 0.9659258262890674 0
    outer loop
      vertex 17.098114033890248 -17.832960956725202 0
      vertex 17.41318531228993 -17.91738405133064 4
      vertex 17.41318531228993 -17.91738405133064 0
    endloop
  endfacet
  facet normal 0.7071067811865476 -0.7071067811865476 0
    outer loop
      vertex 17.098114033890248 -17.832960956725202 0
      vertex 17.832960956725202 -17.098114033890248 0
      vertex 17.832960956725202 -17.098114033890248 4
    endloop
  endfacet
  facet normal -0.9659258262890681 -0.2588190451025217 0
    outer loop
      vertex 17.91738405133064 -17.413185312289933 0
      vertex 17.832960956725202 -17.098114033890248 4
      vertex 17.832960956725202 -17.098114033890248 0
    endloop
  endfacet
  facet normal 0.2588190451025244 0.9659258262890674 0
    outer loop
      vertex 17.098114033890248 -17.832960956725202 0
      vertex 17.098114033890248 -17.832960956725202 4
      vertex 17.41318531228993 -17.91738405133064 4
    endloop
  endfacet
  facet normal 0.7071067811865476 -0.7071067811865476 0
    outer loop
      vertex 17.098114033890248 -17.832960956725202 0
      vertex 17.832960956725202 -17.098114033890248 4
      vertex 17.098114033890248 -17.832960956725202 4
    endloop
  endfacet
  facet normal -0.9659258262890681 -0.2588190451025217 0
    outer loop
      vertex 17.91738405133064 -17.413185312289933 0
      vertex 17.91738405133064 -17.413185312289933 4
      vertex 17.832960956725202 -17.098114033890248 4
    endloop
  endfacet
  facet normal 0 1 0
    outer loop
      vertex 21.1310198523403 -12.799999999999999 0
      vertex 21.439615124241033 -12.799999999999999 4
      vertex 21.439615124241033 -12.799999999999999 0
    endloop
  endfacet
  facet normal 0 1 0
    outer loop
      vertex 21.1310198523403 -12.799999999999999 0
      vertex 21.1310198523403 -12.799999999999999 4
      vertex 21.439615124241033 -12.799999999999999 4
    endloop
  endfacet
  facet normal 0.8660254037844394 -0.4999999999999985 0
    outer loop
      vertex 21.1310198523403 -12.799999999999999 0
      vertex 21.650635094610962 -11.9 4
      vertex 21.1310198523403 -12.799999999999999 4
    endloop
  endfacet
  facet normal 0.8660254037844394 -0.4999999999999985 0
    outer loop
      vertex 21.1310198523403 -12.799999999999999 0
      vertex 21.650635094610962 -11.9 0
      vertex 21.650635094610962 -11.9 4
    endloop
  endfacet
  facet normal -0.8660254037844367 -0.5000000000000033 0
    outer loop
      vertex 21.811770958085866 -12.179095502460013 0
      vertex 21.650635094610962 -11.9 4
      vertex 21.650635094610962 -11.9 0
    endloop
  endfacet
  facet normal -0.8660254037844367 -0.5000000000000033 0
    outer loop
      vertex 21.811770958085866 -12.179095502460013 0
      vertex 21.811770958085866 -12.179095502460013 4
      vertex 21.650635094610962 -11.9 4
    endloop
  endfacet
  facet normal -0.25881904510251846 0.965925826289069 0
    outer loop
      vertex 23.72388158851478 -6.894740196274946 0
      vertex 24.03517217265837 -6.811330135642259 4
      vertex 24.03517217265837 -6.811330135642259 0
    endloop
  endfacet
  facet normal 0.9659258262890686 -0.2588190451025194 0
    outer loop
      vertex 23.72388158851478 -6.894740196274946 0
      vertex 23.992854230165193 -5.8909206317895775 0
      vertex 23.992854230165193 -5.8909206317895775 4
    endloop
  endfacet
  facet normal -0.707106781186546 -0.7071067811865489 0
    outer loop
      vertex 23.992854230165193 -5.8909206317895775 0
      vertex 24.211064039568306 -6.10913044119269 0
      vertex 23.992854230165193 -5.8909206317895775 4
    endloop
  endfacet
  facet normal -0.25881904510251846 0.965925826289069 0
    outer loop
      vertex 23.72388158851478 -6.894740196274946 0
      vertex 23.72388158851478 -6.894740196274946 4
      vertex 24.03517217265837 -6.811330135642259 4
    endloop
  endfacet
  facet normal 0.9659258262890686 -0.2588190451025194 0
    outer loop
      vertex 23.72388158851478 -6.894740196274946 0
      vertex 23.992854230165193 -5.8909206317895775 4
      vertex 23.72388158851478 -6.894740196274946 4
    endloop
  endfacet
  facet normal -0.707106781186546 -0.7071067811865489 0
    outer loop
      vertex 24.211064039568306 -6.10913044119269 0
      vertex 24.211064039568306 -6.10913044119269 4
      vertex 23.992854230165193 -5.8909206317895775 4
    endloop
  endfacet
  facet normal 0 0 -1
    outer loop
      vertex -21.439615124241033 -12.799999999999999 0
      vertex -21.1310198523403 -12.799999999999999 0
      vertex -20.78674030756363 -13.889255825490054 0
    endloop
  endfacet
  facet normal -0.8032075314806456 -0.5956993044924324 0
    outer loop
      vertex -19.325261334068426 -15.859832104091137 0
      vertex -20.78674030756363 -13.889255825490054 4
      vertex -20.78674030756363 -13.889255825490054 0
    endloop
  endfacet
  facet normal -0.8577286100002715 -0.514102744193223 0
    outer loop
      vertex -21.439615124241033 -12.799999999999999 0
      vertex -20.78674030756363 -13.889255825490054 0
      vertex -20.78674030756363 -13.889255825490054 4
    endloop
  endfacet
  facet normal 0 0 -1
    outer loop
      vertex -13.889255825490054 -20.78674030756363 0
      vertex -12.799999999999999 -21.1310198523403 0
      vertex -12.799999999999999 -21.439615124241033 0
    endloop
  endfacet
  facet normal -0.6715589548470186 -0.740951125354959 0
    outer loop
      vertex -15.859832104091137 -19.325261334068426 0
      vertex -15.859832104091137 -19.325261334068426 4
      vertex -17.41318531228993 -17.91738405133064 0
    endloop
  endfacet
  facet normal -0.5956993044924324 -0.8032075314806456 0
    outer loop
      vertex -15.859832104091137 -19.325261334068426 0
      vertex -13.889255825490054 -20.78674030756363 0
      vertex -13.889255825490054 -20.78674030756363 4
    endloop
  endfacet
  facet normal -0.514102744193223 -0.8577286100002715 0
    outer loop
      vertex -13.889255825490054 -20.78674030756363 0
      vertex -12.799999999999999 -21.439615124241033 0
      vertex -12.799999999999999 -21.439615124241033 4
    endloop
  endfacet
  facet normal 0 0 -1
    outer loop
      vertex -19.325261334068426 -15.859832104091137 0
      vertex -17.832960956725202 -17.098114033890248 0
      vertex -17.91738405133064 -17.413185312289933 0
    endloop
  endfacet
  facet normal 0 0 -1
    outer loop
      vertex -15.859832104091137 -19.325261334068426 0
      vertex -17.41318531228993 -17.91738405133064 0
      vertex -17.098114033890248 -17.832960956725202 0
    endloop
  endfacet
  facet normal -0.7409511253549598 -0.6715589548470177 0
    outer loop
      vertex -19.325261334068426 -15.859832104091137 0
      vertex -17.91738405133064 -17.413185312289933 0
      vertex -17.91738405133064 -17.413185312289933 4
    endloop
  endfacet
  facet normal -0.7409511253549598 -0.6715589548470177 0
    outer loop
      vertex -19.325261334068426 -15.859832104091137 0
      vertex -17.91738405133064 -17.413185312289933 4
      vertex -19.325261334068426 -15.859832104091137 4
    endloop
  endfacet
  facet normal -0.8577286100002715 -0.514102744193223 0
    outer loop
      vertex -21.439615124241033 -12.799999999999999 0
      vertex -20.78674030756363 -13.889255825490054 4
      vertex -21.439615124241033 -12.799999999999999 4
    endloop
  endfacet
  facet normal -0.8032075314806456 -0.5956993044924324 0
    outer loop
      vertex -19.325261334068426 -15.859832104091137 0
      vertex -19.325261334068426 -15.859832104091137 4
      vertex -20.78674030756363 -13.889255825490054 4
    endloop
  endfacet
  facet normal 0 0 1
    outer loop
      vertex -21.439615124241033 -12.799999999999999 4
      vertex -20.78674030756363 -13.889255825490054 4
      vertex -21.1310198523403 -12.799999999999999 4
    endloop
  endfacet
  facet normal -0.5956993044924324 -0.8032075314806456 0
    outer loop
      vertex -15.859832104091137 -19.325261334068426 0
      vertex -13.889255825490054 -20.78674030756363 4
      vertex -15.859832104091137 -19.325261334068426 4
    endloop
  endfacet
  facet normal -0.514102744193223 -0.8577286100002715 0
    outer loop
      vertex -13.889255825490054 -20.78674030756363 0
      vertex -12.799999999999999 -21.439615124241033 4
      vertex -13.889255825490054 -20.78674030756363 4
    endloop
  endfacet
  facet normal 0 0 1
    outer loop
      vertex -13.889255825490054 -20.78674030756363 4
      vertex -12.799999999999999 -21.439615124241033 4
      vertex -12.799999999999999 -21.1310198523403 4
    endloop
  endfacet
  facet normal 0 0 1
    outer loop
      vertex -13.889255825490054 -20.78674030756363 4
      vertex -12.799999999999999 -21.1310198523403 4
      vertex -13.44158909527899 -16.37862370210235 4
    endloop
  endfacet
  facet normal -0.6715589548470186 -0.740951125354959 0
    outer loop
      vertex -17.41318531228993 -17.91738405133064 0
      vertex -15.859832104091137 -19.325261334068426 4
      vertex -17.41318531228993 -17.91738405133064 4
    endloop
  endfacet
  facet normal 0 0 1
    outer loop
      vertex -19.325261334068426 -15.859832104091137 4
      vertex -17.91738405133064 -17.413185312289933 4
      vertex -17.832960956725202 -17.098114033890248 4
    endloop
  endfacet
  facet normal 0 0 1
    outer loop
      vertex -15.859832104091137 -19.325261334068426 4
      vertex -17.098114033890248 -17.832960956725202 4
      vertex -17.41318531228993 -17.91738405133064 4
    endloop
  endfacet
  facet normal 0 0 1
    outer loop
      vertex -15.859832104091137 -19.325261334068426 4
      vertex -16.37862370210235 -13.44158909527899 4
      vertex -17.098114033890248 -17.832960956725202 4
    endloop
  endfacet
  facet normal 0 0 1
    outer loop
      vertex -15.859832104091137 -19.325261334068426 4
      vertex -14.982250027639239 -14.982250027639239 4
      vertex -16.37862370210235 -13.44158909527899 4
    endloop
  endfacet
  facet normal 0 0 1
    outer loop
      vertex -19.325261334068426 -15.859832104091137 4
      vertex -17.832960956725202 -17.098114033890248 4
      vertex -18.686236985291906 -9.988001757654073 4
    endloop
  endfacet
  facet normal 0 0 1
    outer loop
      vertex -17.832960956725202 -17.098114033890248 4
      vertex -17.098114033890248 -17.832960956725202 4
      vertex -17.617262276847743 -11.77147831201117 4
    endloop
  endfacet
  facet normal 0 0 1
    outer loop
      vertex -17.832960956725202 -17.098114033890248 4
      vertex -17.617262276847743 -11.77147831201117 4
      vertex -18.686236985291906 -9.988001757654073 4
    endloop
  endfacet
  facet normal 0 0 1
    outer loop
      vertex -17.098114033890248 -17.832960956725202 4
      vertex -16.37862370210235 -13.44158909527899 4
      vertex -17.617262276847743 -11.77147831201117 4
    endloop
  endfacet
  facet normal 0 0 1
    outer loop
      vertex -15.859832104091137 -19.325261334068426 4
      vertex -13.889255825490054 -20.78674030756363 4
      vertex -14.982250027639239 -14.982250027639239 4
    endloop
  endfacet
  facet normal 0 0 1
    outer loop
      vertex -13.889255825490054 -20.78674030756363 4
      vertex -13.44158909527899 -16.37862370210235 4
      vertex -14.982250027639239 -14.982250027639239 4
    endloop
  endfacet
  facet normal 0 0 1
    outer loop
      vertex -12.799999999999999 -21.1310198523403 4
      vertex -11.77147831201117 -17.617262276847743 4
      vertex -13.44158909527899 -16.37862370210235 4
    endloop
  endfacet
  facet normal 0 0 -1
    outer loop
      vertex -23.09698831278217 -9.567085809127244 0
      vertex -23.92350839330522 -7.257116931361558 0
      vertex -23.72388158851478 -6.894740196274946 0
    endloop
  endfacet
  facet normal 0 0 -1
    outer loop
      vertex -23.92350839330522 -7.257116931361558 0
      vertex -24.03517217265837 -6.811330135642259 0
      vertex -23.72388158851478 -6.894740196274946 0
    endloop
  endfacet
  facet normal 0 0 -1
    outer loop
      vertex -22.048031608708875 -11.78491842064994 0
      vertex -21.650635094610962 -11.9 0
      vertex -21.811770958085866 -12.179095502460013 0
    endloop
  endfacet
  facet normal -0.8577286100002727 -0.5141027441932207 0
    outer loop
      vertex -22.048031608708875 -11.78491842064994 0
      vertex -21.811770958085866 -12.179095502460013 0
      vertex -21.811770958085866 -12.179095502460013 4
    endloop
  endfacet
  facet normal -0.9039892931234431 -0.4275550934302825 0
    outer loop
      vertex -22.048031608708875 -11.78491842064994 0
      vertex -23.09698831278217 -9.567085809127244 4
      vertex -23.09698831278217 -9.567085809127244 0
    endloop
  endfacet
  facet normal -0.9415440651830213 -0.336889853392219 0
    outer loop
      vertex -23.09698831278217 -9.567085809127244 0
      vertex -23.92350839330522 -7.257116931361558 4
      vertex -23.92350839330522 -7.257116931361558 0
    endloop
  endfacet
  facet normal -0.9700312531945433 -0.24298017990326637 0
    outer loop
      vertex -23.92350839330522 -7.257116931361558 0
      vertex -23.92350839330522 -7.257116931361558 4
      vertex -24.03517217265837 -6.811330135642259 0
    endloop
  endfacet
  facet normal 0 0 -1
    outer loop
      vertex -24.211064039568306 -6.10913044119269 0
      vertex -24.519632010080763 -4.877258050403206 0
      vertex -23.992854230165193 -5.8909206317895775 0
    endloop
  endfacet
  facet normal 0 0 -1
    outer loop
      vertex -22.048031608708875 -11.78491842064994 0
      vertex -23.09698831278217 -9.567085809127244 0
      vertex -22.048031608708875 11.78491842064994 0
    endloop
  endfacet
  facet normal 0 0 -1
    outer loop
      vertex -24.519632010080763 -4.877258050403206 0
      vertex -24.879618166804924 -2.450428508239015 0
      vertex -24.7 -0.5196152422706631 0
    endloop
  endfacet
  facet normal 0 0 -1
    outer loop
      vertex -24.879618166804924 -2.450428508239015 0
      vertex -24.982485180197788 -0.35652234744138955 0
      vertex -24.7 -0.5196152422706631 0
    endloop
  endfacet
  facet normal 0 0 -1
    outer loop
      vertex -24.519632010080763 -4.877258050403206 0
      vertex -24.7 -0.5196152422706631 0
      vertex -24.519632010080763 4.877258050403206 0
    endloop
  endfacet
  facet normal 0 0 -1
    outer loop
      vertex -24.519632010080763 -4.877258050403206 0
      vertex -23.72388158851478 6.894740196274946 0
      vertex -23.992854230165193 -5.8909206317895775 0
    endloop
  endfacet
  facet normal 0 0 -1
    outer loop
      vertex -23.72388158851478 -6.894740196274946 0
      vertex -23.992854230165193 -5.8909206317895775 0
      vertex -23.09698831278217 9.567085809127244 0
    endloop
  endfacet
  facet normal 0 0 -1
    outer loop
      vertex -23.09698831278217 -9.567085809127244 0
      vertex -23.72388158851478 -6.894740196274946 0
      vertex -23.09698831278217 9.567085809127244 0
    endloop
  endfacet
  facet normal 0 0 -1
    outer loop
      vertex -22.048031608708875 -11.78491842064994 0
      vertex -20.78674030756363 13.889255825490054 0
      vertex -21.650635094610962 -11.9 0
    endloop
  endfacet
  facet normal 0 0 -1
    outer loop
      vertex -21.1310198523403 -12.799999999999999 0
      vertex -21.650635094610962 -11.9 0
      vertex -20.78674030756363 13.889255825490054 0
    endloop
  endfacet
  facet normal 0 0 -1
    outer loop
      vertex -21.1310198523403 -12.799999999999999 0
      vertex -20.78674030756363 13.889255825490054 0
      vertex -20.78674030756363 -13.889255825490054 0
    endloop
  endfacet
  facet normal 0 0 -1
    outer loop
      vertex -19.325261334068426 -15.859832104091137 0
      vertex -20.78674030756363 -13.889255825490054 0
      vertex -19.325261334068426 15.859832104091137 0
    endloop
  endfacet
  facet normal -0.9700312531945435 -0.24298017990326579 0
    outer loop
      vertex -24.211064039568306 -6.10913044119269 0
      vertex -24.211064039568306 -6.10913044119269 4
      vertex -24.519632010080763 -4.877258050403206 0
    endloop
  endfacet
  facet normal -0.989176509964781 -0.1467304744553621 0
    outer loop
      vertex -24.519632010080763 -4.877258050403206 0
      vertex -24.879618166804924 -2.450428508239015 4
      vertex -24.879618166804924 -2.450428508239015 0
    endloop
  endfacet
  facet normal -0.9987954562051726 -0.04906767432741642 0
    outer loop
      vertex -24.879618166804924 -2.450428508239015 0
      vertex -24.879618166804924 -2.450428508239015 4
      vertex -24.982485180197788 -0.35652234744138955 0
    endloop
  endfacet
  facet normal 0 0 -1
    outer loop
      vertex -15.859832104091137 -19.325261334068426 0
      vertex -13.889255825490054 20.78674030756363 0
      vertex -13.889255825490054 -20.78674030756363 0
    endloop
  endfacet
  facet normal 0 0 -1
    outer loop
      vertex -13.889255825490054 -20.78674030756363 0
      vertex -11.78491842064994 22.048031608708875 0
      vertex -12.799999999999999 -21.1310198523403 0
    endloop
  endfacet
  facet normal 0 0 -1
    outer loop
      vertex -19.325261334068426 -15.859832104091137 0
      vertex -17.098114033890248 17.832960956725202 0
      vertex -17.832960956725202 -17.098114033890248 0
    endloop
  endfacet
  facet normal 0 0 -1
    outer loop
      vertex -17.832960956725202 -17.098114033890248 0
      vertex -15.859832104091137 19.325261334068426 0
      vertex -17.098114033890248 -17.832960956725202 0
    endloop
  endfacet
  facet normal 0 0 -1
    outer loop
      vertex -15.859832104091137 -19.325261334068426 0
      vertex -17.098114033890248 -17.832960956725202 0
      vertex -15.859832104091137 19.325261334068426 0
    endloop
  endfacet
  facet normal -0.8577286100002727 -0.5141027441932207 0
    outer loop
      vertex -22.048031608708875 -11.78491842064994 0
      vertex -21.811770958085866 -12.179095502460013 4
      vertex -22.048031608708875 -11.78491842064994 4
    endloop
  endfacet
  facet normal -0.9039892931234431 -0.4275550934302825 0
    outer loop
      vertex -22.048031608708875 -11.78491842064994 0
      vertex -22.048031608708875 -11.78491842064994 4
      vertex -23.09698831278217 -9.567085809127244 4
    endloop
  endfacet
  facet normal -0.9700312531945433 -0.24298017990326637 0
    outer loop
      vertex -24.03517217265837 -6.811330135642259 0
      vertex -23.92350839330522 -7.257116931361558 4
      vertex -24.03517217265837 -6.811330135642259 4
    endloop
  endfacet
  facet normal -0.9415440651830213 -0.336889853392219 0
    outer loop
      vertex -23.09698831278217 -9.567085809127244 0
      vertex -23.09698831278217 -9.567085809127244 4
      vertex -23.92350839330522 -7.257116931361558 4
    endloop
  endfacet
  facet normal 0 0 1
    outer loop
      vertex -23.09698831278217 -9.567085809127244 4
      vertex -23.72388158851478 -6.894740196274946 4
      vertex -23.92350839330522 -7.257116931361558 4
    endloop
  endfacet
  facet normal 0 0 1
    outer loop
      vertex -23.92350839330522 -7.257116931361558 4
      vertex -23.72388158851478 -6.894740196274946 4
      vertex -24.03517217265837 -6.811330135642259 4
    endloop
  endfacet
  facet normal 0 0 1
    outer loop
      vertex -22.048031608708875 -11.78491842064994 4
      vertex -21.811770958085866 -12.179095502460013 4
      vertex -21.650635094610962 -11.9 4
    endloop
  endfacet
  facet normal 0 0 1
    outer loop
      vertex -19.325261334068426 -15.859832104091137 4
      vertex -20.275748660499122 -6.150581113818423 4
      vertex -20.78674030756363 -13.889255825490054 4
    endloop
  endfacet
  facet normal 0 0 1
    outer loop
      vertex -19.325261334068426 -15.859832104091137 4
      vertex -18.686236985291906 -9.988001757654073 4
      vertex -19.575253016631496 -8.108335286373608 4
    endloop
  endfacet
  facet normal 0 0 1
    outer loop
      vertex -19.325261334068426 -15.859832104091137 4
      vertex -19.575253016631496 -8.108335286373608 4
      vertex -20.275748660499122 -6.150581113818423 4
    endloop
  endfacet
  facet normal 0 0 1
    outer loop
      vertex -20.78674030756363 -13.889255825490054 4
      vertex -20.275748660499122 -6.150581113818423 4
      vertex -20.780977760914467 -4.133593482887521 4
    endloop
  endfacet
  facet normal 0 0 1
    outer loop
      vertex -20.78674030756363 -13.889255825490054 4
      vertex -20.780977760914467 -4.133593482887521 4
      vertex -21.08607468545421 -2.076797087064361 4
    endloop
  endfacet
  facet normal -0.9700312531945435 -0.24298017990326579 0
    outer loop
      vertex -24.519632010080763 -4.877258050403206 0
      vertex -24.211064039568306 -6.10913044119269 4
      vertex -24.519632010080763 -4.877258050403206 4
    endloop
  endfacet
  facet normal -0.989176509964781 -0.1467304744553621 0
    outer loop
      vertex -24.519632010080763 -4.877258050403206 0
      vertex -24.519632010080763 -4.877258050403206 4
      vertex -24.879618166804924 -2.450428508239015 4
    endloop
  endfacet
  facet normal -0.9987954562051726 -0.04906767432741642 0
    outer loop
      vertex -24.982485180197788 -0.35652234744138955 0
      vertex -24.879618166804924 -2.450428508239015 4
      vertex -24.982485180197788 -0.35652234744138955 4
    endloop
  endfacet
  facet normal 0 0 1
    outer loop
      vertex -24.211064039568306 -6.10913044119269 4
      vertex -23.992854230165193 -5.8909206317895775 4
      vertex -24.519632010080763 -4.877258050403206 4
    endloop
  endfacet
  facet normal 0 0 1
    outer loop
      vertex -23.09698831278217 -9.567085809127244 4
      vertex -23.992854230165193 5.8909206317895775 4
      vertex -23.72388158851478 -6.894740196274946 4
    endloop
  endfacet
  facet normal 0 0 1
    outer loop
      vertex -22.048031608708875 -11.78491842064994 4
      vertex -23.09698831278217 9.567085809127244 4
      vertex -23.09698831278217 -9.567085809127244 4
    endloop
  endfacet
  facet normal 0 0 1
    outer loop
      vertex -22.048031608708875 -11.78491842064994 4
      vertex -21.650635094610962 -11.9 4
      vertex -22.048031608708875 11.78491842064994 4
    endloop
  endfacet
  facet normal 0 0 1
    outer loop
      vertex -24.519632010080763 -4.877258050403206 4
      vertex -24.982485180197788 -0.35652234744138955 4
      vertex -24.879618166804924 -2.450428508239015 4
    endloop
  endfacet
  facet normal 0 0 1
    outer loop
      vertex -24.519632010080763 -4.877258050403206 4
      vertex -24.7 -0.5196152422706631 4
      vertex -24.982485180197788 -0.35652234744138955 4
    endloop
  endfacet
  facet normal 0 0 1
    outer loop
      vertex -24.519632010080763 -4.877258050403206 4
      vertex -24.7 0.5196152422706631 4
      vertex -24.7 -0.5196152422706631 4
    endloop
  endfacet
  facet normal 0 0 1
    outer loop
      vertex -24.519632010080763 -4.877258050403206 4
      vertex -23.992854230165193 -5.8909206317895775 4
      vertex -24.519632010080763 4.877258050403206 4
    endloop
  endfacet
  facet normal 0 0 1
    outer loop
      vertex -23.72388158851478 -6.894740196274946 4
      vertex -24.519632010080763 4.877258050403206 4
      vertex -23.992854230165193 -5.8909206317895775 4
    endloop
  endfacet
  facet normal 0 0 1
    outer loop
      vertex -21.1310198523403 -12.799999999999999 4
      vertex -20.78674030756363 -13.889255825490054 4
      vertex -22.048031608708875 11.78491842064994 4
    endloop
  endfacet
  facet normal 0 0 1
    outer loop
      vertex -20.78674030756363 -13.889255825490054 4
      vertex -21.08607468545421 -2.076797087064361 4
      vertex -21.18810118395209 0 4
    endloop
  endfacet
  facet normal 0 0 1
    outer loop
      vertex -21.1310198523403 -12.799999999999999 4
      vertex -22.048031608708875 11.78491842064994 4
      vertex -21.650635094610962 -11.9 4
    endloop
  endfacet
  facet normal 0 0 1
    outer loop
      vertex -20.78674030756363 -13.889255825490054 4
      vertex -21.18810118395209 0 4
      vertex -21.650635094610962 11.9 4
    endloop
  endfacet
  facet normal 0 0 -1
    outer loop
      vertex -11.78491842064994 -22.048031608708875 0
      vertex -12.179095502460012 -21.811770958085866 0
      vertex -11.9 -21.650635094610962 0
    endloop
  endfacet
  facet normal 0 0 -1
    outer loop
      vertex -7.257116931361558 -23.92350839330522 0
      vertex -6.894740196274946 -23.72388158851478 0
      vertex -6.811330135642258 -24.03517217265837 0
    endloop
  endfacet
  facet normal -0.5141027441932223 -0.8577286100002717 0
    outer loop
      vertex -11.78491842064994 -22.048031608708875 0
      vertex -11.78491842064994 -22.048031608708875 4
      vertex -12.179095502460012 -21.811770958085866 0
    endloop
  endfacet
  facet normal -0.4275550934302825 -0.9039892931234431 0
    outer loop
      vertex -11.78491842064994 -22.048031608708875 0
      vertex -9.567085809127244 -23.09698831278217 0
      vertex -9.567085809127244 -23.09698831278217 4
    endloop
  endfacet
  facet normal -0.336889853392219 -0.9415440651830213 0
    outer loop
      vertex -9.567085809127244 -23.09698831278217 0
      vertex -7.257116931361558 -23.92350839330522 0
      vertex -7.257116931361558 -23.92350839330522 4
    endloop
  endfacet
  facet normal -0.24298017990326592 -0.9700312531945435 0
    outer loop
      vertex -7.257116931361558 -23.92350839330522 0
      vertex -6.811330135642258 -24.03517217265837 0
      vertex -6.811330135642258 -24.03517217265837 4
    endloop
  endfacet
  facet normal 0 0 -1
    outer loop
      vertex -6.10913044119269 -24.211064039568306 0
      vertex -5.8909206317895775 -23.992854230165193 0
      vertex -4.877258050403206 -24.519632010080763 0
    endloop
  endfacet
  facet normal 0 0 -1
    outer loop
      vertex -2.450428508239015 -24.879618166804924 0
      vertex -0.5196152422706631 -24.7 0
      vertex -0.35652234744138955 -24.982485180197788 0
    endloop
  endfacet
  facet normal -0.24298017990326579 -0.9700312531945435 0
    outer loop
      vertex -6.10913044119269 -24.211064039568306 0
      vertex -4.877258050403206 -24.519632010080763 0
      vertex -4.877258050403206 -24.519632010080763 4
    endloop
  endfacet
  facet normal -0.1467304744553621 -0.989176509964781 0
    outer loop
      vertex -4.877258050403206 -24.519632010080763 0
      vertex -2.450428508239015 -24.879618166804924 0
      vertex -2.450428508239015 -24.879618166804924 4
    endloop
  endfacet
  facet normal -0.04906767432741642 -0.9987954562051726 0
    outer loop
      vertex -2.450428508239015 -24.879618166804924 0
      vertex -0.35652234744138955 -24.982485180197788 0
      vertex -0.35652234744138955 -24.982485180197788 4
    endloop
  endfacet
  facet normal -0.5141027441932223 -0.8577286100002717 0
    outer loop
      vertex -12.179095502460012 -21.811770958085866 0
      vertex -11.78491842064994 -22.048031608708875 4
      vertex -12.179095502460012 -21.811770958085866 4
    endloop
  endfacet
  facet normal -0.4275550934302825 -0.9039892931234431 0
    outer loop
      vertex -11.78491842064994 -22.048031608708875 0
      vertex -9.567085809127244 -23.09698831278217 4
      vertex -11.78491842064994 -22.048031608708875 4
    endloop
  endfacet
  facet normal -0.336889853392219 -0.9415440651830213 0
    outer loop
      vertex -9.567085809127244 -23.09698831278217 0
      vertex -7.257116931361558 -23.92350839330522 4
      vertex -9.567085809127244 -23.09698831278217 4
    endloop
  endfacet
  facet normal -0.24298017990326592 -0.9700312531945435 0
    outer loop
      vertex -7.257116931361558 -23.92350839330522 0
      vertex -6.811330135642258 -24.03517217265837 4
      vertex -7.257116931361558 -23.92350839330522 4
    endloop
  endfacet
  facet normal 0 0 1
    outer loop
      vertex -11.78491842064994 -22.048031608708875 4
      vertex -11.9 -21.650635094610962 4
      vertex -12.179095502460012 -21.811770958085866 4
    endloop
  endfacet
  facet normal 0 0 1
    outer loop
      vertex -11.78491842064994 -22.048031608708875 4
      vertex -11.77147831201117 -17.617262276847743 4
      vertex -11.9 -21.650635094610962 4
    endloop
  endfacet
  facet normal 0 0 1
    outer loop
      vertex -12.799999999999999 -21.1310198523403 4
      vertex -11.9 -21.650635094610962 4
      vertex -11.77147831201117 -17.617262276847743 4
    endloop
  endfacet
  facet normal 0 0 1
    outer loop
      vertex -11.78491842064994 -22.048031608708875 4
      vertex -9.988001757654073 -18.686236985291906 4
      vertex -11.77147831201117 -17.617262276847743 4
    endloop
  endfacet
  facet normal 0 0 1
    outer loop
      vertex -11.78491842064994 -22.048031608708875 4
      vertex -9.567085809127244 -23.09698831278217 4
      vertex -9.988001757654073 -18.686236985291906 4
    endloop
  endfacet
  facet normal 0 0 1
    outer loop
      vertex -9.567085809127244 -23.09698831278217 4
      vertex -7.257116931361558 -23.92350839330522 4
      vertex -8.108335286373608 -19.575253016631496 4
    endloop
  endfacet
  facet normal 0 0 1
    outer loop
      vertex -7.257116931361558 -23.92350839330522 4
      vertex -6.811330135642258 -24.03517217265837 4
      vertex -6.894740196274946 -23.72388158851478 4
    endloop
  endfacet
  facet normal 0 0 1
    outer loop
      vertex -7.257116931361558 -23.92350839330522 4
      vertex -6.894740196274946 -23.72388158851478 4
      vertex -8.108335286373608 -19.575253016631496 4
    endloop
  endfacet
  facet normal 0 0 1
    outer loop
      vertex -6.894740196274946 -23.72388158851478 4
      vertex -5.8909206317895775 -23.992854230165193 4
      vertex -6.150581113818423 -20.275748660499122 4
    endloop
  endfacet
  facet normal 0 0 1
    outer loop
      vertex -9.567085809127244 -23.09698831278217 4
      vertex -8.108335286373608 -19.575253016631496 4
      vertex -9.988001757654073 -18.686236985291906 4
    endloop
  endfacet
  facet normal 0 0 1
    outer loop
      vertex -6.894740196274946 -23.72388158851478 4
      vertex -6.150581113818423 -20.275748660499122 4
      vertex -8.108335286373608 -19.575253016631496 4
    endloop
  endfacet
  facet normal -0.24298017990326579 -0.9700312531945435 0
    outer loop
      vertex -6.10913044119269 -24.211064039568306 0
      vertex -4.877258050403206 -24.519632010080763 4
      vertex -6.10913044119269 -24.211064039568306 4
    endloop
  endfacet
  facet normal -0.1467304744553621 -0.989176509964781 0
    outer loop
      vertex -4.877258050403206 -24.519632010080763 0
      vertex -2.450428508239015 -24.879618166804924 4
      vertex -4.877258050403206 -24.519632010080763 4
    endloop
  endfacet
  facet normal -0.04906767432741642 -0.9987954562051726 0
    outer loop
      vertex -2.450428508239015 -24.879618166804924 0
      vertex -0.35652234744138955 -24.982485180197788 4
      vertex -2.450428508239015 -24.879618166804924 4
    endloop
  endfacet
  facet normal 0 0 1
    outer loop
      vertex -6.10913044119269 -24.211064039568306 4
      vertex -4.877258050403206 -24.519632010080763 4
      vertex -5.8909206317895775 -23.992854230165193 4
    endloop
  endfacet
  facet normal 0 0 1
    outer loop
      vertex -5.8909206317895775 -23.992854230165193 4
      vertex -4.877258050403206 -24.519632010080763 4
      vertex -6.150581113818423 -20.275748660499122 4
    endloop
  endfacet
  facet normal 0 0 1
    outer loop
      vertex -4.877258050403206 -24.519632010080763 4
      vertex -2.450428508239015 -24.879618166804924 4
      vertex -4.133593482887521 -20.780977760914467 4
    endloop
  endfacet
  facet normal 0 0 1
    outer loop
      vertex -4.877258050403206 -24.519632010080763 4
      vertex -4.133593482887521 -20.780977760914467 4
      vertex -6.150581113818423 -20.275748660499122 4
    endloop
  endfacet
  facet normal 0 0 1
    outer loop
      vertex -2.450428508239015 -24.879618166804924 4
      vertex -0.5196152422706631 -24.7 4
      vertex -2.076797087064361 -21.08607468545421 4
    endloop
  endfacet
  facet normal 0 0 1
    outer loop
      vertex -2.450428508239015 -24.879618166804924 4
      vertex -2.076797087064361 -21.08607468545421 4
      vertex -4.133593482887521 -20.780977760914467 4
    endloop
  endfacet
  facet normal 0 0 1
    outer loop
      vertex -2.450428508239015 -24.879618166804924 4
      vertex -0.35652234744138955 -24.982485180197788 4
      vertex -0.5196152422706631 -24.7 4
    endloop
  endfacet
  facet normal 0 0 1
    outer loop
      vertex -0.5196152422706631 -24.7 4
      vertex 0 -21.18810118395209 4
      vertex -2.076797087064361 -21.08607468545421 4
    endloop
  endfacet
  facet normal 0 0 -1
    outer loop
      vertex -11.78491842064994 -22.048031608708875 0
      vertex -11.9 -21.650635094610962 0
      vertex -11.78491842064994 22.048031608708875 0
    endloop
  endfacet
  facet normal 0 0 -1
    outer loop
      vertex -12.799999999999999 -21.1310198523403 0
      vertex -11.78491842064994 22.048031608708875 0
      vertex -11.9 -21.650635094610962 0
    endloop
  endfacet
  facet normal 0 0 -1
    outer loop
      vertex -11.78491842064994 -22.048031608708875 0
      vertex -9.567085809127244 23.09698831278217 0
      vertex -9.567085809127244 -23.09698831278217 0
    endloop
  endfacet
  facet normal 0 0 -1
    outer loop
      vertex -9.567085809127244 -23.09698831278217 0
      vertex -7.257116931361558 23.92350839330522 0
      vertex -7.257116931361558 -23.92350839330522 0
    endloop
  endfacet
  facet normal 0 0 -1
    outer loop
      vertex -7.257116931361558 -23.92350839330522 0
      vertex -4.877258050403206 24.519632010080763 0
      vertex -6.894740196274946 -23.72388158851478 0
    endloop
  endfacet
  facet normal 0 0 -1
    outer loop
      vertex -5.8909206317895775 -23.992854230165193 0
      vertex -4.877258050403206 24.519632010080763 0
      vertex -4.877258050403206 -24.519632010080763 0
    endloop
  endfacet
  facet normal 0 0 -1
    outer loop
      vertex -6.894740196274946 -23.72388158851478 0
      vertex -4.877258050403206 24.519632010080763 0
      vertex -5.8909206317895775 -23.992854230165193 0
    endloop
  endfacet
  facet normal 0 0 -1
    outer loop
      vertex -4.877258050403206 -24.519632010080763 0
      vertex -2.450428508239015 24.879618166804924 0
      vertex -2.450428508239015 -24.879618166804924 0
    endloop
  endfacet
  facet normal 0 0 -1
    outer loop
      vertex -2.450428508239015 -24.879618166804924 0
      vertex 0.5196152422706631 24.7 0
      vertex -0.5196152422706631 -24.7 0
    endloop
  endfacet
  facet normal 0 0 -1
    outer loop
      vertex -24.7 -0.5196152422706631 0
      vertex -24.7 0.5196152422706631 0
      vertex -24.519632010080763 4.877258050403206 0
    endloop
  endfacet
  facet normal 0 0 -1
    outer loop
      vertex -24.982485180197788 0.35652234744138955 0
      vertex -24.519632010080763 4.877258050403206 0
      vertex -24.7 0.5196152422706631 0
    endloop
  endfacet
  facet normal 0 0 -1
    outer loop
      vertex -24.519632010080763 -4.877258050403206 0
      vertex -24.519632010080763 4.877258050403206 0
      vertex -23.992854230165193 5.8909206317895775 0
    endloop
  endfacet
  facet normal 0 0 -1
    outer loop
      vertex -24.982485180197788 0.35652234744138955 0
      vertex -24.879618166804924 2.450428508239015 0
      vertex -24.519632010080763 4.877258050403206 0
    endloop
  endfacet
  facet normal 0 0 -1
    outer loop
      vertex -24.519632010080763 -4.877258050403206 0
      vertex -23.992854230165193 5.8909206317895775 0
      vertex -23.72388158851478 6.894740196274946 0
    endloop
  endfacet
  facet normal 0 0 -1
    outer loop
      vertex -23.992854230165193 -5.8909206317895775 0
      vertex -23.72388158851478 6.894740196274946 0
      vertex -23.09698831278217 9.567085809127244 0
    endloop
  endfacet
  facet normal 0 0 -1
    outer loop
      vertex -24.519632010080763 4.877258050403206 0
      vertex -24.211064039568306 6.10913044119269 0
      vertex -23.992854230165193 5.8909206317895775 0
    endloop
  endfacet
  facet normal 0 0 -1
    outer loop
      vertex -23.09698831278217 -9.567085809127244 0
      vertex -23.09698831278217 9.567085809127244 0
      vertex -22.048031608708875 11.78491842064994 0
    endloop
  endfacet
  facet normal 0 0 -1
    outer loop
      vertex -22.048031608708875 -11.78491842064994 0
      vertex -22.048031608708875 11.78491842064994 0
      vertex -21.650635094610962 11.9 0
    endloop
  endfacet
  facet normal 0 0 -1
    outer loop
      vertex -22.048031608708875 -11.78491842064994 0
      vertex -21.650635094610962 11.9 0
      vertex -21.1310198523403 12.799999999999999 0
    endloop
  endfacet
  facet normal 0 0 -1
    outer loop
      vertex -22.048031608708875 -11.78491842064994 0
      vertex -21.1310198523403 12.799999999999999 0
      vertex -20.78674030756363 13.889255825490054 0
    endloop
  endfacet
  facet normal 0 0 -1
    outer loop
      vertex -20.78674030756363 -13.889255825490054 0
      vertex -20.78674030756363 13.889255825490054 0
      vertex -19.325261334068426 15.859832104091137 0
    endloop
  endfacet
  facet normal 0 0 -1
    outer loop
      vertex -19.325261334068426 -15.859832104091137 0
      vertex -19.325261334068426 15.859832104091137 0
      vertex -17.832960956725202 17.098114033890248 0
    endloop
  endfacet
  facet normal -0.9987954562051726 0.04906767432741642 0
    outer loop
      vertex -24.982485180197788 0.35652234744138955 0
      vertex -24.982485180197788 0.35652234744138955 4
      vertex -24.879618166804924 2.450428508239015 0
    endloop
  endfacet
  facet normal -0.989176509964781 0.1467304744553621 0
    outer loop
      vertex -24.879618166804924 2.450428508239015 0
      vertex -24.519632010080763 4.877258050403206 4
      vertex -24.519632010080763 4.877258050403206 0
    endloop
  endfacet
  facet normal -0.9700312531945435 0.24298017990326579 0
    outer loop
      vertex -24.519632010080763 4.877258050403206 0
      vertex -24.519632010080763 4.877258050403206 4
      vertex -24.211064039568306 6.10913044119269 0
    endloop
  endfacet
  facet normal 0 0 -1
    outer loop
      vertex -24.03517217265837 6.811330135642259 0
      vertex -23.92350839330522 7.257116931361558 0
      vertex -23.72388158851478 6.894740196274946 0
    endloop
  endfacet
  facet normal 0 0 -1
    outer loop
      vertex -23.72388158851478 6.894740196274946 0
      vertex -23.92350839330522 7.257116931361558 0
      vertex -23.09698831278217 9.567085809127244 0
    endloop
  endfacet
  facet normal 0 0 -1
    outer loop
      vertex -22.048031608708875 11.78491842064994 0
      vertex -21.811770958085866 12.179095502460013 0
      vertex -21.650635094610962 11.9 0
    endloop
  endfacet
  facet normal -0.9700312531945433 0.24298017990326637 0
    outer loop
      vertex -24.03517217265837 6.811330135642259 0
      vertex -24.03517217265837 6.811330135642259 4
      vertex -23.92350839330522 7.257116931361558 0
    endloop
  endfacet
  facet normal -0.9415440651830213 0.336889853392219 0
    outer loop
      vertex -23.92350839330522 7.257116931361558 0
      vertex -23.09698831278217 9.567085809127244 4
      vertex -23.09698831278217 9.567085809127244 0
    endloop
  endfacet
  facet normal -0.9039892931234431 0.4275550934302825 0
    outer loop
      vertex -23.09698831278217 9.567085809127244 0
      vertex -22.048031608708875 11.78491842064994 4
      vertex -22.048031608708875 11.78491842064994 0
    endloop
  endfacet
  facet normal -0.8577286100002727 0.5141027441932207 0
    outer loop
      vertex -22.048031608708875 11.78491842064994 0
      vertex -22.048031608708875 11.78491842064994 4
      vertex -21.811770958085866 12.179095502460013 0
    endloop
  endfacet
  facet normal 0 0 -1
    outer loop
      vertex -19.325261334068426 -15.859832104091137 0
      vertex -17.832960956725202 17.098114033890248 0
      vertex -17.098114033890248 17.832960956725202 0
    endloop
  endfacet
  facet normal 0 0 -1
    outer loop
      vertex -17.832960956725202 -17.098114033890248 0
      vertex -17.098114033890248 17.832960956725202 0
      vertex -15.859832104091137 19.325261334068426 0
    endloop
  endfacet
  facet normal 0 0 -1
    outer loop
      vertex -15.859832104091137 -19.325261334068426 0
      vertex -15.859832104091137 19.325261334068426 0
      vertex -13.889255825490054 20.78674030756363 0
    endloop
  endfacet
  facet normal 0 0 -1
    outer loop
      vertex -13.889255825490054 -20.78674030756363 0
      vertex -13.889255825490054 20.78674030756363 0
      vertex -12.799999999999999 21.1310198523403 0
    endloop
  endfacet
  facet normal 0 0 -1
    outer loop
      vertex -13.889255825490054 -20.78674030756363 0
      vertex -12.799999999999999 21.1310198523403 0
      vertex -11.9 21.650635094610962 0
    endloop
  endfacet
  facet normal 0 0 -1
    outer loop
      vertex -13.889255825490054 -20.78674030756363 0
      vertex -11.9 21.650635094610962 0
      vertex -11.78491842064994 22.048031608708875 0
    endloop
  endfacet
  facet normal -0.9987954562051726 0.04906767432741642 0
    outer loop
      vertex -24.879618166804924 2.450428508239015 0
      vertex -24.982485180197788 0.35652234744138955 4
      vertex -24.879618166804924 2.450428508239015 4
    endloop
  endfacet
  facet normal -0.989176509964781 0.1467304744553621 0
    outer loop
      vertex -24.879618166804924 2.450428508239015 0
      vertex -24.879618166804924 2.450428508239015 4
      vertex -24.519632010080763 4.877258050403206 4
    endloop
  endfacet
  facet normal -0.9700312531945435 0.24298017990326579 0
    outer loop
      vertex -24.211064039568306 6.10913044119269 0
      vertex -24.519632010080763 4.877258050403206 4
      vertex -24.211064039568306 6.10913044119269 4
    endloop
  endfacet
  facet normal 0 0 1
    outer loop
      vertex -24.519632010080763 -4.877258050403206 4
      vertex -24.519632010080763 4.877258050403206 4
      vertex -24.7 0.5196152422706631 4
    endloop
  endfacet
  facet normal 0 0 1
    outer loop
      vertex -24.982485180197788 0.35652234744138955 4
      vertex -24.7 0.5196152422706631 4
      vertex -24.879618166804924 2.450428508239015 4
    endloop
  endfacet
  facet normal 0 0 1
    outer loop
      vertex -23.72388158851478 -6.894740196274946 4
      vertex -23.992854230165193 5.8909206317895775 4
      vertex -24.519632010080763 4.877258050403206 4
    endloop
  endfacet
  facet normal 0 0 1
    outer loop
      vertex -23.09698831278217 -9.567085809127244 4
      vertex -23.72388158851478 6.894740196274946 4
      vertex -23.992854230165193 5.8909206317895775 4
    endloop
  endfacet
  facet normal 0 0 1
    outer loop
      vertex -24.7 0.5196152422706631 4
      vertex -24.519632010080763 4.877258050403206 4
      vertex -24.879618166804924 2.450428508239015 4
    endloop
  endfacet
  facet normal 0 0 1
    outer loop
      vertex -23.09698831278217 -9.567085809127244 4
      vertex -23.09698831278217 9.567085809127244 4
      vertex -23.72388158851478 6.894740196274946 4
    endloop
  endfacet
  facet normal 0 0 1
    outer loop
      vertex -24.519632010080763 4.877258050403206 4
      vertex -23.992854230165193 5.8909206317895775 4
      vertex -24.211064039568306 6.10913044119269 4
    endloop
  endfacet
  facet normal 0 0 1
    outer loop
      vertex -22.048031608708875 -11.78491842064994 4
      vertex -22.048031608708875 11.78491842064994 4
      vertex -23.09698831278217 9.567085809127244 4
    endloop
  endfacet
  facet normal 0 0 1
    outer loop
      vertex -20.78674030756363 -13.889255825490054 4
      vertex -21.650635094610962 11.9 4
      vertex -22.048031608708875 11.78491842064994 4
    endloop
  endfacet
  facet normal 0 0 1
    outer loop
      vertex -21.650635094610962 11.9 4
      vertex -21.18810118395209 0 4
      vertex -21.08607468545421 2.076797087064361 4
    endloop
  endfacet
  facet normal 0 0 1
    outer loop
      vertex -21.650635094610962 11.9 4
      vertex -21.08607468545421 2.076797087064361 4
      vertex -20.780977760914467 4.133593482887521 4
    endloop
  endfacet
  facet normal -0.9700312531945433 0.24298017990326637 0
    outer loop
      vertex -23.92350839330522 7.257116931361558 0
      vertex -24.03517217265837 6.811330135642259 4
      vertex -23.92350839330522 7.257116931361558 4
    endloop
  endfacet
  facet normal -0.9415440651830213 0.336889853392219 0
    outer loop
      vertex -23.92350839330522 7.257116931361558 0
      vertex -23.92350839330522 7.257116931361558 4
      vertex -23.09698831278217 9.567085809127244 4
    endloop
  endfacet
  facet normal -0.9039892931234431 0.4275550934302825 0
    outer loop
      vertex -23.09698831278217 9.567085809127244 0
      vertex -23.09698831278217 9.567085809127244 4
      vertex -22.048031608708875 11.78491842064994 4
    endloop
  endfacet
  facet normal -0.8577286100002727 0.5141027441932207 0
    outer loop
      vertex -21.811770958085866 12.179095502460013 0
      vertex -22.048031608708875 11.78491842064994 4
      vertex -21.811770958085866 12.179095502460013 4
    endloop
  endfacet
  facet normal 0 0 1
    outer loop
      vertex -24.03517217265837 6.811330135642259 4
      vertex -23.72388158851478 6.894740196274946 4
      vertex -23.92350839330522 7.257116931361558 4
    endloop
  endfacet
  facet normal 0 0 1
    outer loop
      vertex -23.72388158851478 6.894740196274946 4
      vertex -23.09698831278217 9.567085809127244 4
      vertex -23.92350839330522 7.257116931361558 4
    endloop
  endfacet
  facet normal 0 0 1
    outer loop
      vertex -20.78674030756363 13.889255825490054 4
      vertex -20.780977760914467 4.133593482887521 4
      vertex -20.275748660499122 6.150581113818423 4
    endloop
  endfacet
  facet normal 0 0 1
    outer loop
      vertex -21.650635094610962 11.9 4
      vertex -20.780977760914467 4.133593482887521 4
      vertex -21.1310198523403 12.799999999999999 4
    endloop
  endfacet
  facet normal 0 0 1
    outer loop
      vertex -21.1310198523403 12.799999999999999 4
      vertex -20.780977760914467 4.133593482887521 4
      vertex -20.78674030756363 13.889255825490054 4
    endloop
  endfacet
  facet normal 0 0 1
    outer loop
      vertex -22.048031608708875 11.78491842064994 4
      vertex -21.650635094610962 11.9 4
      vertex -21.811770958085866 12.179095502460013 4
    endloop
  endfacet
  facet normal 0 0 1
    outer loop
      vertex -20.78674030756363 13.889255825490054 4
      vertex -20.275748660499122 6.150581113818423 4
      vertex -19.575253016631496 8.108335286373608 4
    endloop
  endfacet
  facet normal 0 0 1
    outer loop
      vertex -20.78674030756363 13.889255825490054 4
      vertex -19.575253016631496 8.108335286373608 4
      vertex -18.686236985291906 9.988001757654073 4
    endloop
  endfacet
  facet normal 0 0 -1
    outer loop
      vertex -21.439615124241033 12.799999999999999 0
      vertex -20.78674030756363 13.889255825490054 0
      vertex -21.1310198523403 12.799999999999999 0
    endloop
  endfacet
  facet normal -0.8577286100002715 0.514102744193223 0
    outer loop
      vertex -21.439615124241033 12.799999999999999 0
      vertex -21.439615124241033 12.799999999999999 4
      vertex -20.78674030756363 13.889255825490054 0
    endloop
  endfacet
  facet normal -0.8032075314806456 0.5956993044924324 0
    outer loop
      vertex -20.78674030756363 13.889255825490054 0
      vertex -19.325261334068426 15.859832104091137 4
      vertex -19.325261334068426 15.859832104091137 0
    endloop
  endfacet
  facet normal -0.7409511253549598 0.6715589548470177 0
    outer loop
      vertex -19.325261334068426 15.859832104091137 0
      vertex -19.325261334068426 15.859832104091137 4
      vertex -17.91738405133064 17.413185312289933 0
    endloop
  endfacet
  facet normal 0 0 -1
    outer loop
      vertex -19.325261334068426 15.859832104091137 0
      vertex -17.91738405133064 17.413185312289933 0
      vertex -17.832960956725202 17.098114033890248 0
    endloop
  endfacet
  facet normal 0 0 -1
    outer loop
      vertex -17.41318531228993 17.91738405133064 0
      vertex -15.859832104091137 19.325261334068426 0
      vertex -17.098114033890248 17.832960956725202 0
    endloop
  endfacet
  facet normal -0.6715589548470186 0.740951125354959 0
    outer loop
      vertex -17.41318531228993 17.91738405133064 0
      vertex -17.41318531228993 17.91738405133064 4
      vertex -15.859832104091137 19.325261334068426 0
    endloop
  endfacet
  facet normal 0 0 -1
    outer loop
      vertex -13.889255825490054 20.78674030756363 0
      vertex -12.799999999999999 21.439615124241033 0
      vertex -12.799999999999999 21.1310198523403 0
    endloop
  endfacet
  facet normal -0.5956993044924324 0.8032075314806456 0
    outer loop
      vertex -15.859832104091137 19.325261334068426 0
      vertex -15.859832104091137 19.325261334068426 4
      vertex -13.889255825490054 20.78674030756363 0
    endloop
  endfacet
  facet normal -0.514102744193223 0.8577286100002715 0
    outer loop
      vertex -13.889255825490054 20.78674030756363 0
      vertex -13.889255825490054 20.78674030756363 4
      vertex -12.799999999999999 21.439615124241033 0
    endloop
  endfacet
  facet normal -0.8577286100002715 0.514102744193223 0
    outer loop
      vertex -20.78674030756363 13.889255825490054 0
      vertex -21.439615124241033 12.799999999999999 4
      vertex -20.78674030756363 13.889255825490054 4
    endloop
  endfacet
  facet normal -0.8032075314806456 0.5956993044924324 0
    outer loop
      vertex -20.78674030756363 13.889255825490054 0
      vertex -20.78674030756363 13.889255825490054 4
      vertex -19.325261334068426 15.859832104091137 4
    endloop
  endfacet
  facet normal 0 0 1
    outer loop
      vertex -21.439615124241033 12.799999999999999 4
      vertex -21.1310198523403 12.799999999999999 4
      vertex -20.78674030756363 13.889255825490054 4
    endloop
  endfacet
  facet normal 0 0 1
    outer loop
      vertex -20.78674030756363 13.889255825490054 4
      vertex -18.686236985291906 9.988001757654073 4
      vertex -19.325261334068426 15.859832104091137 4
    endloop
  endfacet
  facet normal -0.7409511253549598 0.6715589548470177 0
    outer loop
      vertex -17.91738405133064 17.413185312289933 0
      vertex -19.325261334068426 15.859832104091137 4
      vertex -17.91738405133064 17.413185312289933 4
    endloop
  endfacet
  facet normal 0 0 1
    outer loop
      vertex -19.325261334068426 15.859832104091137 4
      vertex -18.686236985291906 9.988001757654073 4
      vertex -17.617262276847743 11.77147831201117 4
    endloop
  endfacet
  facet normal 0 0 1
    outer loop
      vertex -19.325261334068426 15.859832104091137 4
      vertex -17.617262276847743 11.77147831201117 4
      vertex -17.832960956725202 17.098114033890248 4
    endloop
  endfacet
  facet normal 0 0 1
    outer loop
      vertex -17.832960956725202 17.098114033890248 4
      vertex -17.617262276847743 11.77147831201117 4
      vertex -16.37862370210235 13.44158909527899 4
    endloop
  endfacet
  facet normal 0 0 1
    outer loop
      vertex -17.098114033890248 17.832960956725202 4
      vertex -16.37862370210235 13.44158909527899 4
      vertex -14.982250027639239 14.982250027639239 4
    endloop
  endfacet
  facet normal 0 0 1
    outer loop
      vertex -19.325261334068426 15.859832104091137 4
      vertex -17.832960956725202 17.098114033890248 4
      vertex -17.91738405133064 17.413185312289933 4
    endloop
  endfacet
  facet normal 0 0 1
    outer loop
      vertex -17.832960956725202 17.098114033890248 4
      vertex -16.37862370210235 13.44158909527899 4
      vertex -17.098114033890248 17.832960956725202 4
    endloop
  endfacet
  facet normal 0 0 1
    outer loop
      vertex -17.41318531228993 17.91738405133064 4
      vertex -17.098114033890248 17.832960956725202 4
      vertex -15.859832104091137 19.325261334068426 4
    endloop
  endfacet
  facet normal 0 0 1
    outer loop
      vertex -17.098114033890248 17.832960956725202 4
      vertex -14.982250027639239 14.982250027639239 4
      vertex -15.859832104091137 19.325261334068426 4
    endloop
  endfacet
  facet normal 0 0 1
    outer loop
      vertex -15.859832104091137 19.325261334068426 4
      vertex -14.982250027639239 14.982250027639239 4
      vertex -13.44158909527899 16.37862370210235 4
    endloop
  endfacet
  facet normal 0 0 1
    outer loop
      vertex -13.889255825490054 20.78674030756363 4
      vertex -13.44158909527899 16.37862370210235 4
      vertex -11.77147831201117 17.617262276847743 4
    endloop
  endfacet
  facet normal -0.6715589548470186 0.740951125354959 0
    outer loop
      vertex -15.859832104091137 19.325261334068426 0
      vertex -17.41318531228993 17.91738405133064 4
      vertex -15.859832104091137 19.325261334068426 4
    endloop
  endfacet
  facet normal -0.5956993044924324 0.8032075314806456 0
    outer loop
      vertex -13.889255825490054 20.78674030756363 0
      vertex -15.859832104091137 19.325261334068426 4
      vertex -13.889255825490054 20.78674030756363 4
    endloop
  endfacet
  facet normal -0.514102744193223 0.8577286100002715 0
    outer loop
      vertex -12.799999999999999 21.439615124241033 0
      vertex -13.889255825490054 20.78674030756363 4
      vertex -12.799999999999999 21.439615124241033 4
    endloop
  endfacet
  facet normal 0 0 1
    outer loop
      vertex -15.859832104091137 19.325261334068426 4
      vertex -13.44158909527899 16.37862370210235 4
      vertex -13.889255825490054 20.78674030756363 4
    endloop
  endfacet
  facet normal 0 0 1
    outer loop
      vertex -13.889255825490054 20.78674030756363 4
      vertex -11.77147831201117 17.617262276847743 4
      vertex -12.799999999999999 21.1310198523403 4
    endloop
  endfacet
  facet normal 0 0 1
    outer loop
      vertex -13.889255825490054 20.78674030756363 4
      vertex -12.799999999999999 21.1310198523403 4
      vertex -12.799999999999999 21.439615124241033 4
    endloop
  endfacet
  facet normal 0 0 -1
    outer loop
      vertex -11.78491842064994 -22.048031608708875 0
      vertex -11.78491842064994 22.048031608708875 0
      vertex -9.567085809127244 23.09698831278217 0
    endloop
  endfacet
  facet normal 0 0 -1
    outer loop
      vertex -9.567085809127244 -23.09698831278217 0
      vertex -9.567085809127244 23.09698831278217 0
      vertex -7.257116931361558 23.92350839330522 0
    endloop
  endfacet
  facet normal 0 0 -1
    outer loop
      vertex -7.257116931361558 -23.92350839330522 0
      vertex -7.257116931361558 23.92350839330522 0
      vertex -6.894740196274946 23.72388158851478 0
    endloop
  endfacet
  facet normal 0 0 -1
    outer loop
      vertex -7.257116931361558 -23.92350839330522 0
      vertex -6.894740196274946 23.72388158851478 0
      vertex -5.8909206317895775 23.992854230165193 0
    endloop
  endfacet
  facet normal 0 0 -1
    outer loop
      vertex -7.257116931361558 -23.92350839330522 0
      vertex -5.8909206317895775 23.992854230165193 0
      vertex -4.877258050403206 24.519632010080763 0
    endloop
  endfacet
  facet normal 0 0 -1
    outer loop
      vertex -4.877258050403206 -24.519632010080763 0
      vertex -4.877258050403206 24.519632010080763 0
      vertex -2.450428508239015 24.879618166804924 0
    endloop
  endfacet
  facet normal 0 0 -1
    outer loop
      vertex -2.450428508239015 -24.879618166804924 0
      vertex -2.450428508239015 24.879618166804924 0
      vertex -0.5196152422706631 24.7 0
    endloop
  endfacet
  facet normal 0 0 -1
    outer loop
      vertex -2.450428508239015 -24.879618166804924 0
      vertex -0.5196152422706631 24.7 0
      vertex 0.5196152422706631 24.7 0
    endloop
  endfacet
  facet normal 0 0 -1
    outer loop
      vertex -12.179095502460012 21.811770958085866 0
      vertex -11.78491842064994 22.048031608708875 0
      vertex -11.9 21.650635094610962 0
    endloop
  endfacet
  facet normal 0 0 -1
    outer loop
      vertex -7.257116931361558 23.92350839330522 0
      vertex -6.811330135642258 24.03517217265837 0
      vertex -6.894740196274946 23.72388158851478 0
    endloop
  endfacet
  facet normal -0.5141027441932223 0.8577286100002717 0
    outer loop
      vertex -12.179095502460012 21.811770958085866 0
      vertex -12.179095502460012 21.811770958085866 4
      vertex -11.78491842064994 22.048031608708875 0
    endloop
  endfacet
  facet normal -0.4275550934302825 0.9039892931234431 0
    outer loop
      vertex -11.78491842064994 22.048031608708875 0
      vertex -11.78491842064994 22.048031608708875 4
      vertex -9.567085809127244 23.09698831278217 0
    endloop
  endfacet
  facet normal -0.336889853392219 0.9415440651830213 0
    outer loop
      vertex -9.567085809127244 23.09698831278217 0
      vertex -9.567085809127244 23.09698831278217 4
      vertex -7.257116931361558 23.92350839330522 0
    endloop
  endfacet
  facet normal -0.24298017990326592 0.9700312531945435 0
    outer loop
      vertex -7.257116931361558 23.92350839330522 0
      vertex -7.257116931361558 23.92350839330522 4
      vertex -6.811330135642258 24.03517217265837 0
    endloop
  endfacet
  facet normal 0 0 -1
    outer loop
      vertex -5.8909206317895775 23.992854230165193 0
      vertex -6.10913044119269 24.211064039568306 0
      vertex -4.877258050403206 24.519632010080763 0
    endloop
  endfacet
  facet normal 0 0 -1
    outer loop
      vertex -2.450428508239015 24.879618166804924 0
      vertex -0.35652234744138955 24.982485180197788 0
      vertex -0.5196152422706631 24.7 0
    endloop
  endfacet
  facet normal -0.24298017990326579 0.9700312531945435 0
    outer loop
      vertex -6.10913044119269 24.211064039568306 0
      vertex -6.10913044119269 24.211064039568306 4
      vertex -4.877258050403206 24.519632010080763 0
    endloop
  endfacet
  facet normal -0.1467304744553621 0.989176509964781 0
    outer loop
      vertex -4.877258050403206 24.519632010080763 0
      vertex -4.877258050403206 24.519632010080763 4
      vertex -2.450428508239015 24.879618166804924 0
    endloop
  endfacet
  facet normal -0.04906767432741642 0.9987954562051726 0
    outer loop
      vertex -2.450428508239015 24.879618166804924 0
      vertex -2.450428508239015 24.879618166804924 4
      vertex -0.35652234744138955 24.982485180197788 0
    endloop
  endfacet
  facet normal -0.5141027441932223 0.8577286100002717 0
    outer loop
      vertex -11.78491842064994 22.048031608708875 0
      vertex -12.179095502460012 21.811770958085866 4
      vertex -11.78491842064994 22.048031608708875 4
    endloop
  endfacet
  facet normal -0.4275550934302825 0.9039892931234431 0
    outer loop
      vertex -9.567085809127244 23.09698831278217 0
      vertex -11.78491842064994 22.048031608708875 4
      vertex -9.567085809127244 23.09698831278217 4
    endloop
  endfacet
  facet normal -0.336889853392219 0.9415440651830213 0
    outer loop
      vertex -7.257116931361558 23.92350839330522 0
      vertex -9.567085809127244 23.09698831278217 4
      vertex -7.257116931361558 23.92350839330522 4
    endloop
  endfacet
  facet normal -0.24298017990326592 0.9700312531945435 0
    outer loop
      vertex -6.811330135642258 24.03517217265837 0
      vertex -7.257116931361558 23.92350839330522 4
      vertex -6.811330135642258 24.03517217265837 4
    endloop
  endfacet
  facet normal 0 0 1
    outer loop
      vertex -12.799999999999999 21.1310198523403 4
      vertex -11.77147831201117 17.617262276847743 4
      vertex -11.9 21.650635094610962 4
    endloop
  endfacet
  facet normal 0 0 1
    outer loop
      vertex -11.78491842064994 22.048031608708875 4
      vertex -11.77147831201117 17.617262276847743 4
      vertex -9.988001757654073 18.686236985291906 4
    endloop
  endfacet
  facet normal 0 0 1
    outer loop
      vertex -11.9 21.650635094610962 4
      vertex -11.77147831201117 17.617262276847743 4
      vertex -11.78491842064994 22.048031608708875 4
    endloop
  endfacet
  facet normal 0 0 1
    outer loop
      vertex -12.179095502460012 21.811770958085866 4
      vertex -11.9 21.650635094610962 4
      vertex -11.78491842064994 22.048031608708875 4
    endloop
  endfacet
  facet normal 0 0 1
    outer loop
      vertex -11.78491842064994 22.048031608708875 4
      vertex -9.988001757654073 18.686236985291906 4
      vertex -8.108335286373608 19.575253016631496 4
    endloop
  endfacet
  facet normal 0 0 1
    outer loop
      vertex -11.78491842064994 22.048031608708875 4
      vertex -8.108335286373608 19.575253016631496 4
      vertex -9.567085809127244 23.09698831278217 4
    endloop
  endfacet
  facet normal 0 0 1
    outer loop
      vertex -9.567085809127244 23.09698831278217 4
      vertex -8.108335286373608 19.575253016631496 4
      vertex -6.150581113818423 20.275748660499122 4
    endloop
  endfacet
  facet normal 0 0 1
    outer loop
      vertex -9.567085809127244 23.09698831278217 4
      vertex -6.150581113818423 20.275748660499122 4
      vertex -7.257116931361558 23.92350839330522 4
    endloop
  endfacet
  facet normal 0 0 1
    outer loop
      vertex -7.257116931361558 23.92350839330522 4
      vertex -6.150581113818423 20.275748660499122 4
      vertex -6.894740196274946 23.72388158851478 4
    endloop
  endfacet
  facet normal 0 0 1
    outer loop
      vertex -7.257116931361558 23.92350839330522 4
      vertex -6.894740196274946 23.72388158851478 4
      vertex -6.811330135642258 24.03517217265837 4
    endloop
  endfacet
  facet normal -0.24298017990326579 0.9700312531945435 0
    outer loop
      vertex -4.877258050403206 24.519632010080763 0
      vertex -6.10913044119269 24.211064039568306 4
      vertex -4.877258050403206 24.519632010080763 4
    endloop
  endfacet
  facet normal -0.1467304744553621 0.989176509964781 0
    outer loop
      vertex -2.450428508239015 24.879618166804924 0
      vertex -4.877258050403206 24.519632010080763 4
      vertex -2.450428508239015 24.879618166804924 4
    endloop
  endfacet
  facet normal -0.04906767432741642 0.9987954562051726 0
    outer loop
      vertex -0.35652234744138955 24.982485180197788 0
      vertex -2.450428508239015 24.879618166804924 4
      vertex -0.35652234744138955 24.982485180197788 4
    endloop
  endfacet
  facet normal 0 0 1
    outer loop
      vertex -6.894740196274946 23.72388158851478 4
      vertex -6.150581113818423 20.275748660499122 4
      vertex -4.133593482887521 20.780977760914467 4
    endloop
  endfacet
  facet normal 0 0 1
    outer loop
      vertex -6.894740196274946 23.72388158851478 4
      vertex -4.133593482887521 20.780977760914467 4
      vertex -5.8909206317895775 23.992854230165193 4
    endloop
  endfacet
  facet normal 0 0 1
    outer loop
      vertex -5.8909206317895775 23.992854230165193 4
      vertex -4.133593482887521 20.780977760914467 4
      vertex -4.877258050403206 24.519632010080763 4
    endloop
  endfacet
  facet normal 0 0 1
    outer loop
      vertex -5.8909206317895775 23.992854230165193 4
      vertex -4.877258050403206 24.519632010080763 4
      vertex -6.10913044119269 24.211064039568306 4
    endloop
  endfacet
  facet normal 0 0 1
    outer loop
      vertex -4.877258050403206 24.519632010080763 4
      vertex -4.133593482887521 20.780977760914467 4
      vertex -2.076797087064361 21.08607468545421 4
    endloop
  endfacet
  facet normal 0 0 1
    outer loop
      vertex -4.877258050403206 24.519632010080763 4
      vertex -2.076797087064361 21.08607468545421 4
      vertex -2.450428508239015 24.879618166804924 4
    endloop
  endfacet
  facet normal 0 0 1
    outer loop
      vertex -2.450428508239015 24.879618166804924 4
      vertex -2.076797087064361 21.08607468545421 4
      vertex -0.5196152422706631 24.7 4
    endloop
  endfacet
  facet normal 0 0 1
    outer loop
      vertex -0.5196152422706631 24.7 4
      vertex -2.076797087064361 21.08607468545421 4
      vertex 0 21.18810118395209 4
    endloop
  endfacet
  facet normal 0 0 1
    outer loop
      vertex -2.450428508239015 24.879618166804924 4
      vertex -0.5196152422706631 24.7 4
      vertex -0.35652234744138955 24.982485180197788 4
    endloop
  endfacet
  facet normal 0 0 -1
    outer loop
      vertex 0.35652234744138955 -24.982485180197788 0
      vertex 0.5196152422706631 -24.7 0
      vertex 2.450428508239015 -24.879618166804924 0
    endloop
  endfacet
  facet normal 0 0 -1
    outer loop
      vertex 4.877258050403206 -24.519632010080763 0
      vertex 5.8909206317895775 -23.992854230165193 0
      vertex 6.10913044119269 -24.211064039568306 0
    endloop
  endfacet
  facet normal 0.04906767432741642 -0.9987954562051726 0
    outer loop
      vertex 0.35652234744138955 -24.982485180197788 0
      vertex 2.450428508239015 -24.879618166804924 0
      vertex 2.450428508239015 -24.879618166804924 4
    endloop
  endfacet
  facet normal 0.1467304744553621 -0.989176509964781 0
    outer loop
      vertex 2.450428508239015 -24.879618166804924 0
      vertex 4.877258050403206 -24.519632010080763 0
      vertex 4.877258050403206 -24.519632010080763 4
    endloop
  endfacet
  facet normal 0.24298017990326579 -0.9700312531945435 0
    outer loop
      vertex 4.877258050403206 -24.519632010080763 0
      vertex 6.10913044119269 -24.211064039568306 0
      vertex 6.10913044119269 -24.211064039568306 4
    endloop
  endfacet
  facet normal 0 0 -1
    outer loop
      vertex 6.811330135642258 -24.03517217265837 0
      vertex 6.894740196274946 -23.72388158851478 0
      vertex 7.257116931361558 -23.92350839330522 0
    endloop
  endfacet
  facet normal 0 0 -1
    outer loop
      vertex 11.78491842064994 -22.048031608708875 0
      vertex 11.9 -21.650635094610962 0
      vertex 12.179095502460012 -21.811770958085866 0
    endloop
  endfacet
  facet normal 0.24298017990326592 -0.9700312531945435 0
    outer loop
      vertex 6.811330135642258 -24.03517217265837 0
      vertex 7.257116931361558 -23.92350839330522 0
      vertex 7.257116931361558 -23.92350839330522 4
    endloop
  endfacet
  facet normal 0.336889853392219 -0.9415440651830213 0
    outer loop
      vertex 7.257116931361558 -23.92350839330522 0
      vertex 9.567085809127244 -23.09698831278217 0
      vertex 9.567085809127244 -23.09698831278217 4
    endloop
  endfacet
  facet normal 0.4275550934302825 -0.9039892931234431 0
    outer loop
      vertex 9.567085809127244 -23.09698831278217 0
      vertex 11.78491842064994 -22.048031608708875 0
      vertex 11.78491842064994 -22.048031608708875 4
    endloop
  endfacet
  facet normal 0.5141027441932223 -0.8577286100002717 0
    outer loop
      vertex 11.78491842064994 -22.048031608708875 0
      vertex 12.179095502460012 -21.811770958085866 0
      vertex 12.179095502460012 -21.811770958085866 4
    endloop
  endfacet
  facet normal 0.04906767432741642 -0.9987954562051726 0
    outer loop
      vertex 0.35652234744138955 -24.982485180197788 0
      vertex 2.450428508239015 -24.879618166804924 4
      vertex 0.35652234744138955 -24.982485180197788 4
    endloop
  endfacet
  facet normal 0.1467304744553621 -0.989176509964781 0
    outer loop
      vertex 2.450428508239015 -24.879618166804924 0
      vertex 4.877258050403206 -24.519632010080763 4
      vertex 2.450428508239015 -24.879618166804924 4
    endloop
  endfacet
  facet normal 0.24298017990326579 -0.9700312531945435 0
    outer loop
      vertex 4.877258050403206 -24.519632010080763 0
      vertex 6.10913044119269 -24.211064039568306 4
      vertex 4.877258050403206 -24.519632010080763 4
    endloop
  endfacet
  facet normal 0 0 1
    outer loop
      vertex -0.5196152422706631 -24.7 4
      vertex 0.5196152422706631 -24.7 4
      vertex 0 -21.18810118395209 4
    endloop
  endfacet
  facet normal 0 0 1
    outer loop
      vertex 0.35652234744138955 -24.982485180197788 4
      vertex 2.450428508239015 -24.879618166804924 4
      vertex 0.5196152422706631 -24.7 4
    endloop
  endfacet
  facet normal 0 0 1
    outer loop
      vertex 0.5196152422706631 -24.7 4
      vertex 2.076797087064361 -21.08607468545421 4
      vertex 0 -21.18810118395209 4
    endloop
  endfacet
  facet normal 0 0 1
    outer loop
      vertex 0.5196152422706631 -24.7 4
      vertex 2.450428508239015 -24.879618166804924 4
      vertex 2.076797087064361 -21.08607468545421 4
    endloop
  endfacet
  facet normal 0 0 1
    outer loop
      vertex 2.450428508239015 -24.879618166804924 4
      vertex 4.877258050403206 -24.519632010080763 4
      vertex 2.076797087064361 -21.08607468545421 4
    endloop
  endfacet
  facet normal 0 0 1
    outer loop
      vertex 4.877258050403206 -24.519632010080763 4
      vertex 4.133593482887521 -20.780977760914467 4
      vertex 2.076797087064361 -21.08607468545421 4
    endloop
  endfacet
  facet normal 0 0 1
    outer loop
      vertex 4.877258050403206 -24.519632010080763 4
      vertex 6.10913044119269 -24.211064039568306 4
      vertex 5.8909206317895775 -23.992854230165193 4
    endloop
  endfacet
  facet normal 0 0 1
    outer loop
      vertex 4.877258050403206 -24.519632010080763 4
      vertex 5.8909206317895775 -23.992854230165193 4
      vertex 4.133593482887521 -20.780977760914467 4
    endloop
  endfacet
  facet normal 0 0 1
    outer loop
      vertex 5.8909206317895775 -23.992854230165193 4
      vertex 6.894740196274946 -23.72388158851478 4
      vertex 4.133593482887521 -20.780977760914467 4
    endloop
  endfacet
  facet normal 0 0 1
    outer loop
      vertex 6.894740196274946 -23.72388158851478 4
      vertex 6.150581113818423 -20.275748660499122 4
      vertex 4.133593482887521 -20.780977760914467 4
    endloop
  endfacet
  facet normal 0.24298017990326592 -0.9700312531945435 0
    outer loop
      vertex 6.811330135642258 -24.03517217265837 0
      vertex 7.257116931361558 -23.92350839330522 4
      vertex 6.811330135642258 -24.03517217265837 4
    endloop
  endfacet
  facet normal 0.336889853392219 -0.9415440651830213 0
    outer loop
      vertex 7.257116931361558 -23.92350839330522 0
      vertex 9.567085809127244 -23.09698831278217 4
      vertex 7.257116931361558 -23.92350839330522 4
    endloop
  endfacet
  facet normal 0.4275550934302825 -0.9039892931234431 0
    outer loop
      vertex 9.567085809127244 -23.09698831278217 0
      vertex 11.78491842064994 -22.048031608708875 4
      vertex 9.567085809127244 -23.09698831278217 4
    endloop
  endfacet
  facet normal 0.5141027441932223 -0.8577286100002717 0
    outer loop
      vertex 11.78491842064994 -22.048031608708875 0
      vertex 12.179095502460012 -21.811770958085866 4
      vertex 11.78491842064994 -22.048031608708875 4
    endloop
  endfacet
  facet normal 0 0 1
    outer loop
      vertex 6.811330135642258 -24.03517217265837 4
      vertex 7.257116931361558 -23.92350839330522 4
      vertex 6.894740196274946 -23.72388158851478 4
    endloop
  endfacet
  facet normal 0 0 1
    outer loop
      vertex 6.894740196274946 -23.72388158851478 4
      vertex 7.257116931361558 -23.92350839330522 4
      vertex 6.150581113818423 -20.275748660499122 4
    endloop
  endfacet
  facet normal 0 0 1
    outer loop
      vertex 7.257116931361558 -23.92350839330522 4
      vertex 9.567085809127244 -23.09698831278217 4
      vertex 6.150581113818423 -20.275748660499122 4
    endloop
  endfacet
  facet normal 0 0 1
    outer loop
      vertex 9.567085809127244 -23.09698831278217 4
      vertex 8.108335286373608 -19.575253016631496 4
      vertex 6.150581113818423 -20.275748660499122 4
    endloop
  endfacet
  facet normal 0 0 1
    outer loop
      vertex 9.567085809127244 -23.09698831278217 4
      vertex 11.78491842064994 -22.048031608708875 4
      vertex 8.108335286373608 -19.575253016631496 4
    endloop
  endfacet
  facet normal 0 0 1
    outer loop
      vertex 11.78491842064994 -22.048031608708875 4
      vertex 9.988001757654073 -18.686236985291906 4
      vertex 8.108335286373608 -19.575253016631496 4
    endloop
  endfacet
  facet normal 0 0 1
    outer loop
      vertex 11.78491842064994 -22.048031608708875 4
      vertex 12.179095502460012 -21.811770958085866 4
      vertex 11.9 -21.650635094610962 4
    endloop
  endfacet
  facet normal 0 0 1
    outer loop
      vertex 11.78491842064994 -22.048031608708875 4
      vertex 11.9 -21.650635094610962 4
      vertex 11.77147831201117 -17.617262276847743 4
    endloop
  endfacet
  facet normal 0 0 1
    outer loop
      vertex 11.78491842064994 -22.048031608708875 4
      vertex 11.77147831201117 -17.617262276847743 4
      vertex 9.988001757654073 -18.686236985291906 4
    endloop
  endfacet
  facet normal 0 0 1
    outer loop
      vertex 11.9 -21.650635094610962 4
      vertex 12.799999999999999 -21.1310198523403 4
      vertex 11.77147831201117 -17.617262276847743 4
    endloop
  endfacet
  facet normal 0 0 -1
    outer loop
      vertex -0.5196152422706631 -24.7 0
      vertex 2.450428508239015 24.879618166804924 0
      vertex 0.5196152422706631 -24.7 0
    endloop
  endfacet
  facet normal 0 0 -1
    outer loop
      vertex 0.5196152422706631 -24.7 0
      vertex 2.450428508239015 24.879618166804924 0
      vertex 2.450428508239015 -24.879618166804924 0
    endloop
  endfacet
  facet normal 0 0 -1
    outer loop
      vertex 2.450428508239015 -24.879618166804924 0
      vertex 4.877258050403206 24.519632010080763 0
      vertex 4.877258050403206 -24.519632010080763 0
    endloop
  endfacet
  facet normal 0 0 -1
    outer loop
      vertex 4.877258050403206 -24.519632010080763 0
      vertex 7.257116931361558 23.92350839330522 0
      vertex 5.8909206317895775 -23.992854230165193 0
    endloop
  endfacet
  facet normal 0 0 -1
    outer loop
      vertex 5.8909206317895775 -23.992854230165193 0
      vertex 7.257116931361558 23.92350839330522 0
      vertex 6.894740196274946 -23.72388158851478 0
    endloop
  endfacet
  facet normal 0 0 -1
    outer loop
      vertex 6.894740196274946 -23.72388158851478 0
      vertex 7.257116931361558 23.92350839330522 0
      vertex 7.257116931361558 -23.92350839330522 0
    endloop
  endfacet
  facet normal 0 0 -1
    outer loop
      vertex 7.257116931361558 -23.92350839330522 0
      vertex 9.567085809127244 23.09698831278217 0
      vertex 9.567085809127244 -23.09698831278217 0
    endloop
  endfacet
  facet normal 0 0 -1
    outer loop
      vertex 9.567085809127244 -23.09698831278217 0
      vertex 11.78491842064994 22.048031608708875 0
      vertex 11.78491842064994 -22.048031608708875 0
    endloop
  endfacet
  facet normal 0 0 -1
    outer loop
      vertex 12.799999999999999 -21.439615124241033 0
      vertex 12.799999999999999 -21.1310198523403 0
      vertex 13.889255825490054 -20.78674030756363 0
    endloop
  endfacet
  facet normal 0.514102744193223 -0.8577286100002715 0
    outer loop
      vertex 12.799999999999999 -21.439615124241033 0
      vertex 13.889255825490054 -20.78674030756363 0
      vertex 13.889255825490054 -20.78674030756363 4
    endloop
  endfacet
  facet normal 0.5956993044924324 -0.8032075314806456 0
    outer loop
      vertex 13.889255825490054 -20.78674030756363 0
      vertex 15.859832104091137 -19.325261334068426 0
      vertex 15.859832104091137 -19.325261334068426 4
    endloop
  endfacet
  facet normal 0 0 -1
    outer loop
      vertex 15.859832104091137 -19.325261334068426 0
      vertex 17.098114033890248 -17.832960956725202 0
      vertex 17.41318531228993 -17.91738405133064 0
    endloop
  endfacet
  facet normal 0 0 -1
    outer loop
      vertex 17.91738405133064 -17.413185312289933 0
      vertex 17.832960956725202 -17.098114033890248 0
      vertex 19.325261334068426 -15.859832104091137 0
    endloop
  endfacet
  facet normal 0.6715589548470186 -0.740951125354959 0
    outer loop
      vertex 15.859832104091137 -19.325261334068426 0
      vertex 17.41318531228993 -17.91738405133064 0
      vertex 17.41318531228993 -17.91738405133064 4
    endloop
  endfacet
  facet normal 0 0 -1
    outer loop
      vertex 20.78674030756363 -13.889255825490054 0
      vertex 21.1310198523403 -12.799999999999999 0
      vertex 21.439615124241033 -12.799999999999999 0
    endloop
  endfacet
  facet normal 0.7409511253549598 -0.6715589548470177 0
    outer loop
      vertex 17.91738405133064 -17.413185312289933 0
      vertex 19.325261334068426 -15.859832104091137 0
      vertex 19.325261334068426 -15.859832104091137 4
    endloop
  endfacet
  facet normal 0.8032075314806456 -0.5956993044924324 0
    outer loop
      vertex 19.325261334068426 -15.859832104091137 0
      vertex 20.78674030756363 -13.889255825490054 0
      vertex 19.325261334068426 -15.859832104091137 4
    endloop
  endfacet
  facet normal 0.8577286100002715 -0.514102744193223 0
    outer loop
      vertex 20.78674030756363 -13.889255825490054 0
      vertex 21.439615124241033 -12.799999999999999 0
      vertex 21.439615124241033 -12.799999999999999 4
    endloop
  endfacet
  facet normal 0.514102744193223 -0.8577286100002715 0
    outer loop
      vertex 12.799999999999999 -21.439615124241033 0
      vertex 13.889255825490054 -20.78674030756363 4
      vertex 12.799999999999999 -21.439615124241033 4
    endloop
  endfacet
  facet normal 0.5956993044924324 -0.8032075314806456 0
    outer loop
      vertex 13.889255825490054 -20.78674030756363 0
      vertex 15.859832104091137 -19.325261334068426 4
      vertex 13.889255825490054 -20.78674030756363 4
    endloop
  endfacet
  facet normal 0.6715589548470186 -0.740951125354959 0
    outer loop
      vertex 15.859832104091137 -19.325261334068426 0
      vertex 17.41318531228993 -17.91738405133064 4
      vertex 15.859832104091137 -19.325261334068426 4
    endloop
  endfacet
  facet normal 0 0 1
    outer loop
      vertex 12.799999999999999 -21.439615124241033 4
      vertex 13.889255825490054 -20.78674030756363 4
      vertex 12.799999999999999 -21.1310198523403 4
    endloop
  endfacet
  facet normal 0 0 1
    outer loop
      vertex 12.799999999999999 -21.1310198523403 4
      vertex 13.889255825490054 -20.78674030756363 4
      vertex 11.77147831201117 -17.617262276847743 4
    endloop
  endfacet
  facet normal 0 0 1
    outer loop
      vertex 13.889255825490054 -20.78674030756363 4
      vertex 15.859832104091137 -19.325261334068426 4
      vertex 13.44158909527899 -16.37862370210235 4
    endloop
  endfacet
  facet normal 0.7409511253549598 -0.6715589548470177 0
    outer loop
      vertex 17.91738405133064 -17.413185312289933 0
      vertex 19.325261334068426 -15.859832104091137 4
      vertex 17.91738405133064 -17.413185312289933 4
    endloop
  endfacet
  facet normal 0 0 1
    outer loop
      vertex 13.889255825490054 -20.78674030756363 4
      vertex 13.44158909527899 -16.37862370210235 4
      vertex 11.77147831201117 -17.617262276847743 4
    endloop
  endfacet
  facet normal 0 0 1
    outer loop
      vertex 15.859832104091137 -19.325261334068426 4
      vertex 14.982250027639239 -14.982250027639239 4
      vertex 13.44158909527899 -16.37862370210235 4
    endloop
  endfacet
  facet normal 0 0 1
    outer loop
      vertex 15.859832104091137 -19.325261334068426 4
      vertex 17.098114033890248 -17.832960956725202 4
      vertex 14.982250027639239 -14.982250027639239 4
    endloop
  endfacet
  facet normal 0 0 1
    outer loop
      vertex 15.859832104091137 -19.325261334068426 4
      vertex 17.41318531228993 -17.91738405133064 4
      vertex 17.098114033890248 -17.832960956725202 4
    endloop
  endfacet
  facet normal 0 0 1
    outer loop
      vertex 17.098114033890248 -17.832960956725202 4
      vertex 17.832960956725202 -17.098114033890248 4
      vertex 16.37862370210235 -13.44158909527899 4
    endloop
  endfacet
  facet normal 0 0 1
    outer loop
      vertex 17.91738405133064 -17.413185312289933 4
      vertex 19.325261334068426 -15.859832104091137 4
      vertex 17.832960956725202 -17.098114033890248 4
    endloop
  endfacet
  facet normal 0 0 1
    outer loop
      vertex 17.098114033890248 -17.832960956725202 4
      vertex 16.37862370210235 -13.44158909527899 4
      vertex 14.982250027639239 -14.982250027639239 4
    endloop
  endfacet
  facet normal 0 0 1
    outer loop
      vertex 17.832960956725202 -17.098114033890248 4
      vertex 17.617262276847743 -11.77147831201117 4
      vertex 16.37862370210235 -13.44158909527899 4
    endloop
  endfacet
  facet normal 0 0 1
    outer loop
      vertex 17.832960956725202 -17.098114033890248 4
      vertex 19.325261334068426 -15.859832104091137 4
      vertex 17.617262276847743 -11.77147831201117 4
    endloop
  endfacet
  facet normal 0 0 1
    outer loop
      vertex 19.325261334068426 -15.859832104091137 4
      vertex 18.686236985291906 -9.988001757654073 4
      vertex 17.617262276847743 -11.77147831201117 4
    endloop
  endfacet
  facet normal 0.8032075314806456 -0.5956993044924324 0
    outer loop
      vertex 20.78674030756363 -13.889255825490054 0
      vertex 20.78674030756363 -13.889255825490054 4
      vertex 19.325261334068426 -15.859832104091137 4
    endloop
  endfacet
  facet normal 0.8577286100002715 -0.514102744193223 0
    outer loop
      vertex 20.78674030756363 -13.889255825490054 0
      vertex 21.439615124241033 -12.799999999999999 4
      vertex 20.78674030756363 -13.889255825490054 4
    endloop
  endfacet
  facet normal 0 0 1
    outer loop
      vertex 19.325261334068426 -15.859832104091137 4
      vertex 20.78674030756363 -13.889255825490054 4
      vertex 18.686236985291906 -9.988001757654073 4
    endloop
  endfacet
  facet normal 0 0 1
    outer loop
      vertex 20.78674030756363 -13.889255825490054 4
      vertex 21.439615124241033 -12.799999999999999 4
      vertex 21.1310198523403 -12.799999999999999 4
    endloop
  endfacet
  facet normal 0 0 -1
    outer loop
      vertex 11.78491842064994 -22.048031608708875 0
      vertex 13.889255825490054 20.78674030756363 0
      vertex 11.9 -21.650635094610962 0
    endloop
  endfacet
  facet normal 0 0 -1
    outer loop
      vertex 11.9 -21.650635094610962 0
      vertex 13.889255825490054 20.78674030756363 0
      vertex 12.799999999999999 -21.1310198523403 0
    endloop
  endfacet
  facet normal 0 0 -1
    outer loop
      vertex 12.799999999999999 -21.1310198523403 0
      vertex 13.889255825490054 20.78674030756363 0
      vertex 13.889255825490054 -20.78674030756363 0
    endloop
  endfacet
  facet normal 0 0 -1
    outer loop
      vertex 13.889255825490054 -20.78674030756363 0
      vertex 15.859832104091137 19.325261334068426 0
      vertex 15.859832104091137 -19.325261334068426 0
    endloop
  endfacet
  facet normal 0 0 -1
    outer loop
      vertex 15.859832104091137 -19.325261334068426 0
      vertex 17.832960956725202 17.098114033890248 0
      vertex 17.098114033890248 -17.832960956725202 0
    endloop
  endfacet
  facet normal 0 0 -1
    outer loop
      vertex 17.098114033890248 -17.832960956725202 0
      vertex 19.325261334068426 15.859832104091137 0
      vertex 17.832960956725202 -17.098114033890248 0
    endloop
  endfacet
  facet normal 0 0 -1
    outer loop
      vertex 21.811770958085866 -12.179095502460013 0
      vertex 21.650635094610962 -11.9 0
      vertex 22.048031608708875 -11.78491842064994 0
    endloop
  endfacet
  facet normal 0 0 -1
    outer loop
      vertex 23.09698831278217 -9.567085809127244 0
      vertex 23.72388158851478 -6.894740196274946 0
      vertex 23.92350839330522 -7.257116931361558 0
    endloop
  endfacet
  facet normal 0 0 -1
    outer loop
      vertex 23.92350839330522 -7.257116931361558 0
      vertex 23.72388158851478 -6.894740196274946 0
      vertex 24.03517217265837 -6.811330135642259 0
    endloop
  endfacet
  facet normal 0.8577286100002727 -0.5141027441932207 0
    outer loop
      vertex 21.811770958085866 -12.179095502460013 0
      vertex 22.048031608708875 -11.78491842064994 0
      vertex 22.048031608708875 -11.78491842064994 4
    endloop
  endfacet
  facet normal 0.9039892931234431 -0.4275550934302825 0
    outer loop
      vertex 22.048031608708875 -11.78491842064994 0
      vertex 23.09698831278217 -9.567085809127244 0
      vertex 22.048031608708875 -11.78491842064994 4
    endloop
  endfacet
  facet normal 0.9415440651830213 -0.336889853392219 0
    outer loop
      vertex 23.09698831278217 -9.567085809127244 0
      vertex 23.92350839330522 -7.257116931361558 0
      vertex 23.09698831278217 -9.567085809127244 4
    endloop
  endfacet
  facet normal 0.9700312531945433 -0.24298017990326637 0
    outer loop
      vertex 23.92350839330522 -7.257116931361558 0
      vertex 24.03517217265837 -6.811330135642259 0
      vertex 24.03517217265837 -6.811330135642259 4
    endloop
  endfacet
  facet normal 0 0 -1
    outer loop
      vertex 17.832960956725202 -17.098114033890248 0
      vertex 19.325261334068426 15.859832104091137 0
      vertex 19.325261334068426 -15.859832104091137 0
    endloop
  endfacet
  facet normal 0 0 -1
    outer loop
      vertex 19.325261334068426 -15.859832104091137 0
      vertex 20.78674030756363 13.889255825490054 0
      vertex 20.78674030756363 -13.889255825490054 0
    endloop
  endfacet
  facet normal 0 0 -1
    outer loop
      vertex 20.78674030756363 -13.889255825490054 0
      vertex 22.048031608708875 11.78491842064994 0
      vertex 21.1310198523403 -12.799999999999999 0
    endloop
  endfacet
  facet normal 0 0 -1
    outer loop
      vertex 21.1310198523403 -12.799999999999999 0
      vertex 22.048031608708875 11.78491842064994 0
      vertex 21.650635094610962 -11.9 0
    endloop
  endfacet
  facet normal 0 0 -1
    outer loop
      vertex 21.650635094610962 -11.9 0
      vertex 22.048031608708875 11.78491842064994 0
      vertex 22.048031608708875 -11.78491842064994 0
    endloop
  endfacet
  facet normal 0 0 -1
    outer loop
      vertex 22.048031608708875 -11.78491842064994 0
      vertex 23.09698831278217 9.567085809127244 0
      vertex 23.09698831278217 -9.567085809127244 0
    endloop
  endfacet
  facet normal 0 0 -1
    outer loop
      vertex 23.992854230165193 -5.8909206317895775 0
      vertex 24.519632010080763 -4.877258050403206 0
      vertex 24.211064039568306 -6.10913044119269 0
    endloop
  endfacet
  facet normal 0 0 -1
    outer loop
      vertex 23.09698831278217 -9.567085809127244 0
      vertex 23.992854230165193 5.8909206317895775 0
      vertex 23.72388158851478 -6.894740196274946 0
    endloop
  endfacet
  facet normal 0 0 -1
    outer loop
      vertex 23.72388158851478 -6.894740196274946 0
      vertex 24.519632010080763 4.877258050403206 0
      vertex 23.992854230165193 -5.8909206317895775 0
    endloop
  endfacet
  facet normal 0 0 -1
    outer loop
      vertex 24.519632010080763 -4.877258050403206 0
      vertex 24.982485180197788 -0.35652234744138955 0
      vertex 24.879618166804924 -2.450428508239015 0
    endloop
  endfacet
  facet normal 0 0 -1
    outer loop
      vertex 23.992854230165193 -5.8909206317895775 0
      vertex 24.519632010080763 4.877258050403206 0
      vertex 24.519632010080763 -4.877258050403206 0
    endloop
  endfacet
  facet normal 0 0 -1
    outer loop
      vertex 24.519632010080763 -4.877258050403206 0
      vertex 24.7 -0.5196152422706631 0
      vertex 24.982485180197788 -0.35652234744138955 0
    endloop
  endfacet
  facet normal 0 0 -1
    outer loop
      vertex 24.519632010080763 -4.877258050403206 0
      vertex 24.7 0.5196152422706631 0
      vertex 24.7 -0.5196152422706631 0
    endloop
  endfacet
  facet normal 0.9700312531945435 -0.24298017990326579 0
    outer loop
      vertex 24.211064039568306 -6.10913044119269 0
      vertex 24.519632010080763 -4.877258050403206 0
      vertex 24.519632010080763 -4.877258050403206 4
    endloop
  endfacet
  facet normal 0.989176509964781 -0.1467304744553621 0
    outer loop
      vertex 24.519632010080763 -4.877258050403206 0
      vertex 24.879618166804924 -2.450428508239015 0
      vertex 24.519632010080763 -4.877258050403206 4
    endloop
  endfacet
  facet normal 0.9987954562051726 -0.04906767432741642 0
    outer loop
      vertex 24.879618166804924 -2.450428508239015 0
      vertex 24.982485180197788 -0.35652234744138955 0
      vertex 24.982485180197788 -0.35652234744138955 4
    endloop
  endfacet
  facet normal 0.8577286100002727 -0.5141027441932207 0
    outer loop
      vertex 21.811770958085866 -12.179095502460013 0
      vertex 22.048031608708875 -11.78491842064994 4
      vertex 21.811770958085866 -12.179095502460013 4
    endloop
  endfacet
  facet normal 0.9039892931234431 -0.4275550934302825 0
    outer loop
      vertex 23.09698831278217 -9.567085809127244 0
      vertex 23.09698831278217 -9.567085809127244 4
      vertex 22.048031608708875 -11.78491842064994 4
    endloop
  endfacet
  facet normal 0.9415440651830213 -0.336889853392219 0
    outer loop
      vertex 23.92350839330522 -7.257116931361558 0
      vertex 23.92350839330522 -7.257116931361558 4
      vertex 23.09698831278217 -9.567085809127244 4
    endloop
  endfacet
  facet normal 0.9700312531945433 -0.24298017990326637 0
    outer loop
      vertex 23.92350839330522 -7.257116931361558 0
      vertex 24.03517217265837 -6.811330135642259 4
      vertex 23.92350839330522 -7.257116931361558 4
    endloop
  endfacet
  facet normal 0 0 1
    outer loop
      vertex 20.78674030756363 -13.889255825490054 4
      vertex 19.575253016631496 -8.108335286373608 4
      vertex 18.686236985291906 -9.988001757654073 4
    endloop
  endfacet
  facet normal 0 0 1
    outer loop
      vertex 20.78674030756363 -13.889255825490054 4
      vertex 20.275748660499122 -6.150581113818423 4
      vertex 19.575253016631496 -8.108335286373608 4
    endloop
  endfacet
  facet normal 0 0 1
    outer loop
      vertex 21.811770958085866 -12.179095502460013 4
      vertex 22.048031608708875 -11.78491842064994 4
      vertex 21.650635094610962 -11.9 4
    endloop
  endfacet
  facet normal 0 0 1
    outer loop
      vertex 20.78674030756363 -13.889255825490054 4
      vertex 21.1310198523403 -12.799999999999999 4
      vertex 20.780977760914467 -4.133593482887521 4
    endloop
  endfacet
  facet normal 0 0 1
    outer loop
      vertex 21.1310198523403 -12.799999999999999 4
      vertex 21.650635094610962 -11.9 4
      vertex 20.780977760914467 -4.133593482887521 4
    endloop
  endfacet
  facet normal 0 0 1
    outer loop
      vertex 20.78674030756363 -13.889255825490054 4
      vertex 20.780977760914467 -4.133593482887521 4
      vertex 20.275748660499122 -6.150581113818423 4
    endloop
  endfacet
  facet normal 0 0 1
    outer loop
      vertex 23.09698831278217 -9.567085809127244 4
      vertex 23.92350839330522 -7.257116931361558 4
      vertex 23.72388158851478 -6.894740196274946 4
    endloop
  endfacet
  facet normal 0 0 1
    outer loop
      vertex 23.92350839330522 -7.257116931361558 4
      vertex 24.03517217265837 -6.811330135642259 4
      vertex 23.72388158851478 -6.894740196274946 4
    endloop
  endfacet
  facet normal 0.9700312531945435 -0.24298017990326579 0
    outer loop
      vertex 24.211064039568306 -6.10913044119269 0
      vertex 24.519632010080763 -4.877258050403206 4
      vertex 24.211064039568306 -6.10913044119269 4
    endloop
  endfacet
  facet normal 0.989176509964781 -0.1467304744553621 0
    outer loop
      vertex 24.879618166804924 -2.450428508239015 0
      vertex 24.879618166804924 -2.450428508239015 4
      vertex 24.519632010080763 -4.877258050403206 4
    endloop
  endfacet
  facet normal 0.9987954562051726 -0.04906767432741642 0
    outer loop
      vertex 24.879618166804924 -2.450428508239015 0
      vertex 24.982485180197788 -0.35652234744138955 4
      vertex 24.879618166804924 -2.450428508239015 4
    endloop
  endfacet
  facet normal 0 0 1
    outer loop
      vertex 21.650635094610962 -11.9 4
      vertex 21.08607468545421 -2.076797087064361 4
      vertex 20.780977760914467 -4.133593482887521 4
    endloop
  endfacet
  facet normal 0 0 1
    outer loop
      vertex 21.650635094610962 -11.9 4
      vertex 21.18810118395209 0 4
      vertex 21.08607468545421 -2.076797087064361 4
    endloop
  endfacet
  facet normal 0 0 1
    outer loop
      vertex 21.650635094610962 -11.9 4
      vertex 22.048031608708875 -11.78491842064994 4
      vertex 20.78674030756363 13.889255825490054 4
    endloop
  endfacet
  facet normal 0 0 1
    outer loop
      vertex 22.048031608708875 -11.78491842064994 4
      vertex 23.09698831278217 -9.567085809127244 4
      vertex 22.048031608708875 11.78491842064994 4
    endloop
  endfacet
  facet normal 0 0 1
    outer loop
      vertex 23.992854230165193 -5.8909206317895775 4
      vertex 24.211064039568306 -6.10913044119269 4
      vertex 24.519632010080763 -4.877258050403206 4
    endloop
  endfacet
  facet normal 0 0 1
    outer loop
      vertex 23.09698831278217 -9.567085809127244 4
      vertex 23.72388158851478 -6.894740196274946 4
      vertex 23.09698831278217 9.567085809127244 4
    endloop
  endfacet
  facet normal 0 0 1
    outer loop
      vertex 24.519632010080763 -4.877258050403206 4
      vertex 24.879618166804924 -2.450428508239015 4
      vertex 24.7 -0.5196152422706631 4
    endloop
  endfacet
  facet normal 0 0 1
    outer loop
      vertex 23.72388158851478 -6.894740196274946 4
      vertex 23.992854230165193 -5.8909206317895775 4
      vertex 23.09698831278217 9.567085809127244 4
    endloop
  endfacet
  facet normal 0 0 1
    outer loop
      vertex 23.992854230165193 -5.8909206317895775 4
      vertex 24.519632010080763 -4.877258050403206 4
      vertex 23.72388158851478 6.894740196274946 4
    endloop
  endfacet
  facet normal 0 0 1
    outer loop
      vertex 24.879618166804924 -2.450428508239015 4
      vertex 24.982485180197788 -0.35652234744138955 4
      vertex 24.7 -0.5196152422706631 4
    endloop
  endfacet
  facet normal 0 0 1
    outer loop
      vertex 24.519632010080763 -4.877258050403206 4
      vertex 24.7 -0.5196152422706631 4
      vertex 24.519632010080763 4.877258050403206 4
    endloop
  endfacet
  facet normal 0 0 -1
    outer loop
      vertex -0.5196152422706631 -24.7 0
      vertex 0.5196152422706631 24.7 0
      vertex 2.450428508239015 24.879618166804924 0
    endloop
  endfacet
  facet normal 0 0 -1
    outer loop
      vertex 2.450428508239015 -24.879618166804924 0
      vertex 2.450428508239015 24.879618166804924 0
      vertex 4.877258050403206 24.519632010080763 0
    endloop
  endfacet
  facet normal 0 0 -1
    outer loop
      vertex 4.877258050403206 -24.519632010080763 0
      vertex 5.8909206317895775 23.992854230165193 0
      vertex 6.894740196274946 23.72388158851478 0
    endloop
  endfacet
  facet normal 0 0 -1
    outer loop
      vertex 4.877258050403206 -24.519632010080763 0
      vertex 4.877258050403206 24.519632010080763 0
      vertex 5.8909206317895775 23.992854230165193 0
    endloop
  endfacet
  facet normal 0 0 -1
    outer loop
      vertex 4.877258050403206 -24.519632010080763 0
      vertex 6.894740196274946 23.72388158851478 0
      vertex 7.257116931361558 23.92350839330522 0
    endloop
  endfacet
  facet normal 0 0 -1
    outer loop
      vertex 7.257116931361558 -23.92350839330522 0
      vertex 7.257116931361558 23.92350839330522 0
      vertex 9.567085809127244 23.09698831278217 0
    endloop
  endfacet
  facet normal 0 0 -1
    outer loop
      vertex 9.567085809127244 -23.09698831278217 0
      vertex 9.567085809127244 23.09698831278217 0
      vertex 11.78491842064994 22.048031608708875 0
    endloop
  endfacet
  facet normal 0 0 -1
    outer loop
      vertex 11.78491842064994 -22.048031608708875 0
      vertex 11.9 21.650635094610962 0
      vertex 12.799999999999999 21.1310198523403 0
    endloop
  endfacet
  facet normal 0 0 -1
    outer loop
      vertex 11.78491842064994 -22.048031608708875 0
      vertex 11.78491842064994 22.048031608708875 0
      vertex 11.9 21.650635094610962 0
    endloop
  endfacet
  facet normal 0 0 -1
    outer loop
      vertex 0.35652234744138955 24.982485180197788 0
      vertex 2.450428508239015 24.879618166804924 0
      vertex 0.5196152422706631 24.7 0
    endloop
  endfacet
  facet normal 0 0 -1
    outer loop
      vertex 4.877258050403206 24.519632010080763 0
      vertex 6.10913044119269 24.211064039568306 0
      vertex 5.8909206317895775 23.992854230165193 0
    endloop
  endfacet
  facet normal 0.04906767432741642 0.9987954562051726 0
    outer loop
      vertex 0.35652234744138955 24.982485180197788 0
      vertex 0.35652234744138955 24.982485180197788 4
      vertex 2.450428508239015 24.879618166804924 0
    endloop
  endfacet
  facet normal 0.1467304744553621 0.989176509964781 0
    outer loop
      vertex 2.450428508239015 24.879618166804924 0
      vertex 2.450428508239015 24.879618166804924 4
      vertex 4.877258050403206 24.519632010080763 0
    endloop
  endfacet
  facet normal 0.24298017990326579 0.9700312531945435 0
    outer loop
      vertex 4.877258050403206 24.519632010080763 0
      vertex 4.877258050403206 24.519632010080763 4
      vertex 6.10913044119269 24.211064039568306 0
    endloop
  endfacet
  facet normal 0 0 -1
    outer loop
      vertex 6.894740196274946 23.72388158851478 0
      vertex 6.811330135642258 24.03517217265837 0
      vertex 7.257116931361558 23.92350839330522 0
    endloop
  endfacet
  facet normal 0 0 -1
    outer loop
      vertex 11.9 21.650635094610962 0
      vertex 11.78491842064994 22.048031608708875 0
      vertex 12.179095502460012 21.811770958085866 0
    endloop
  endfacet
  facet normal 0.24298017990326592 0.9700312531945435 0
    outer loop
      vertex 6.811330135642258 24.03517217265837 0
      vertex 6.811330135642258 24.03517217265837 4
      vertex 7.257116931361558 23.92350839330522 0
    endloop
  endfacet
  facet normal 0.336889853392219 0.9415440651830213 0
    outer loop
      vertex 7.257116931361558 23.92350839330522 0
      vertex 7.257116931361558 23.92350839330522 4
      vertex 9.567085809127244 23.09698831278217 0
    endloop
  endfacet
  facet normal 0.4275550934302825 0.9039892931234431 0
    outer loop
      vertex 9.567085809127244 23.09698831278217 0
      vertex 9.567085809127244 23.09698831278217 4
      vertex 11.78491842064994 22.048031608708875 0
    endloop
  endfacet
  facet normal 0.5141027441932223 0.8577286100002717 0
    outer loop
      vertex 12.179095502460012 21.811770958085866 0
      vertex 11.78491842064994 22.048031608708875 0
      vertex 11.78491842064994 22.048031608708875 4
    endloop
  endfacet
  facet normal 0.04906767432741642 0.9987954562051726 0
    outer loop
      vertex 2.450428508239015 24.879618166804924 0
      vertex 0.35652234744138955 24.982485180197788 4
      vertex 2.450428508239015 24.879618166804924 4
    endloop
  endfacet
  facet normal 0.1467304744553621 0.989176509964781 0
    outer loop
      vertex 4.877258050403206 24.519632010080763 0
      vertex 2.450428508239015 24.879618166804924 4
      vertex 4.877258050403206 24.519632010080763 4
    endloop
  endfacet
  facet normal 0.24298017990326579 0.9700312531945435 0
    outer loop
      vertex 6.10913044119269 24.211064039568306 0
      vertex 4.877258050403206 24.519632010080763 4
      vertex 6.10913044119269 24.211064039568306 4
    endloop
  endfacet
  facet normal 0 0 1
    outer loop
      vertex 0.5196152422706631 24.7 4
      vertex 0 21.18810118395209 4
      vertex 2.076797087064361 21.08607468545421 4
    endloop
  endfacet
  facet normal 0 0 1
    outer loop
      vertex -0.5196152422706631 24.7 4
      vertex 0 21.18810118395209 4
      vertex 0.5196152422706631 24.7 4
    endloop
  endfacet
  facet normal 0 0 1
    outer loop
      vertex 0.35652234744138955 24.982485180197788 4
      vertex 0.5196152422706631 24.7 4
      vertex 2.450428508239015 24.879618166804924 4
    endloop
  endfacet
  facet normal 0 0 1
    outer loop
      vertex 2.450428508239015 24.879618166804924 4
      vertex 2.076797087064361 21.08607468545421 4
      vertex 4.133593482887521 20.780977760914467 4
    endloop
  endfacet
  facet normal 0 0 1
    outer loop
      vertex 0.5196152422706631 24.7 4
      vertex 2.076797087064361 21.08607468545421 4
      vertex 2.450428508239015 24.879618166804924 4
    endloop
  endfacet
  facet normal 0 0 1
    outer loop
      vertex 4.877258050403206 24.519632010080763 4
      vertex 4.133593482887521 20.780977760914467 4
      vertex 6.150581113818423 20.275748660499122 4
    endloop
  endfacet
  facet normal 0 0 1
    outer loop
      vertex 2.450428508239015 24.879618166804924 4
      vertex 4.133593482887521 20.780977760914467 4
      vertex 4.877258050403206 24.519632010080763 4
    endloop
  endfacet
  facet normal 0 0 1
    outer loop
      vertex 4.877258050403206 24.519632010080763 4
      vertex 6.150581113818423 20.275748660499122 4
      vertex 5.8909206317895775 23.992854230165193 4
    endloop
  endfacet
  facet normal 0 0 1
    outer loop
      vertex 4.877258050403206 24.519632010080763 4
      vertex 5.8909206317895775 23.992854230165193 4
      vertex 6.10913044119269 24.211064039568306 4
    endloop
  endfacet
  facet normal 0.24298017990326592 0.9700312531945435 0
    outer loop
      vertex 7.257116931361558 23.92350839330522 0
      vertex 6.811330135642258 24.03517217265837 4
      vertex 7.257116931361558 23.92350839330522 4
    endloop
  endfacet
  facet normal 0.336889853392219 0.9415440651830213 0
    outer loop
      vertex 9.567085809127244 23.09698831278217 0
      vertex 7.257116931361558 23.92350839330522 4
      vertex 9.567085809127244 23.09698831278217 4
    endloop
  endfacet
  facet normal 0.4275550934302825 0.9039892931234431 0
    outer loop
      vertex 11.78491842064994 22.048031608708875 0
      vertex 9.567085809127244 23.09698831278217 4
      vertex 11.78491842064994 22.048031608708875 4
    endloop
  endfacet
  facet normal 0.5141027441932223 0.8577286100002717 0
    outer loop
      vertex 12.179095502460012 21.811770958085866 0
      vertex 11.78491842064994 22.048031608708875 4
      vertex 12.179095502460012 21.811770958085866 4
    endloop
  endfacet
  facet normal 0 0 1
    outer loop
      vertex 6.894740196274946 23.72388158851478 4
      vertex 6.150581113818423 20.275748660499122 4
      vertex 8.108335286373608 19.575253016631496 4
    endloop
  endfacet
  facet normal 0 0 1
    outer loop
      vertex 9.567085809127244 23.09698831278217 4
      vertex 8.108335286373608 19.575253016631496 4
      vertex 9.988001757654073 18.686236985291906 4
    endloop
  endfacet
  facet normal 0 0 1
    outer loop
      vertex 5.8909206317895775 23.992854230165193 4
      vertex 6.150581113818423 20.275748660499122 4
      vertex 6.894740196274946 23.72388158851478 4
    endloop
  endfacet
  facet normal 0 0 1
    outer loop
      vertex 6.894740196274946 23.72388158851478 4
      vertex 8.108335286373608 19.575253016631496 4
      vertex 7.257116931361558 23.92350839330522 4
    endloop
  endfacet
  facet normal 0 0 1
    outer loop
      vertex 6.894740196274946 23.72388158851478 4
      vertex 7.257116931361558 23.92350839330522 4
      vertex 6.811330135642258 24.03517217265837 4
    endloop
  endfacet
  facet normal 0 0 1
    outer loop
      vertex 7.257116931361558 23.92350839330522 4
      vertex 8.108335286373608 19.575253016631496 4
      vertex 9.567085809127244 23.09698831278217 4
    endloop
  endfacet
  facet normal 0 0 1
    outer loop
      vertex 9.567085809127244 23.09698831278217 4
      vertex 9.988001757654073 18.686236985291906 4
      vertex 11.78491842064994 22.048031608708875 4
    endloop
  endfacet
  facet normal 0 0 1
    outer loop
      vertex 11.78491842064994 22.048031608708875 4
      vertex 9.988001757654073 18.686236985291906 4
      vertex 11.77147831201117 17.617262276847743 4
    endloop
  endfacet
  facet normal 0 0 1
    outer loop
      vertex 11.9 21.650635094610962 4
      vertex 11.77147831201117 17.617262276847743 4
      vertex 12.799999999999999 21.1310198523403 4
    endloop
  endfacet
  facet normal 0 0 1
    outer loop
      vertex 11.9 21.650635094610962 4
      vertex 11.78491842064994 22.048031608708875 4
      vertex 11.77147831201117 17.617262276847743 4
    endloop
  endfacet
  facet normal 0 0 1
    outer loop
      vertex 11.9 21.650635094610962 4
      vertex 12.179095502460012 21.811770958085866 4
      vertex 11.78491842064994 22.048031608708875 4
    endloop
  endfacet
  facet normal 0 0 -1
    outer loop
      vertex 15.859832104091137 -19.325261334068426 0
      vertex 15.859832104091137 19.325261334068426 0
      vertex 17.098114033890248 17.832960956725202 0
    endloop
  endfacet
  facet normal 0 0 -1
    outer loop
      vertex 15.859832104091137 -19.325261334068426 0
      vertex 17.098114033890248 17.832960956725202 0
      vertex 17.832960956725202 17.098114033890248 0
    endloop
  endfacet
  facet normal 0 0 -1
    outer loop
      vertex 17.098114033890248 -17.832960956725202 0
      vertex 17.832960956725202 17.098114033890248 0
      vertex 19.325261334068426 15.859832104091137 0
    endloop
  endfacet
  facet normal 0 0 -1
    outer loop
      vertex 11.78491842064994 -22.048031608708875 0
      vertex 12.799999999999999 21.1310198523403 0
      vertex 13.889255825490054 20.78674030756363 0
    endloop
  endfacet
  facet normal 0 0 -1
    outer loop
      vertex 13.889255825490054 -20.78674030756363 0
      vertex 13.889255825490054 20.78674030756363 0
      vertex 15.859832104091137 19.325261334068426 0
    endloop
  endfacet
  facet normal 0 0 -1
    outer loop
      vertex 19.325261334068426 -15.859832104091137 0
      vertex 19.325261334068426 15.859832104091137 0
      vertex 20.78674030756363 13.889255825490054 0
    endloop
  endfacet
  facet normal 0 0 -1
    outer loop
      vertex 20.78674030756363 -13.889255825490054 0
      vertex 20.78674030756363 13.889255825490054 0
      vertex 21.1310198523403 12.799999999999999 0
    endloop
  endfacet
  facet normal 0 0 -1
    outer loop
      vertex 20.78674030756363 -13.889255825490054 0
      vertex 21.1310198523403 12.799999999999999 0
      vertex 21.650635094610962 11.9 0
    endloop
  endfacet
  facet normal 0 0 -1
    outer loop
      vertex 20.78674030756363 -13.889255825490054 0
      vertex 21.650635094610962 11.9 0
      vertex 22.048031608708875 11.78491842064994 0
    endloop
  endfacet
  facet normal 0 0 -1
    outer loop
      vertex 23.09698831278217 -9.567085809127244 0
      vertex 23.09698831278217 9.567085809127244 0
      vertex 23.72388158851478 6.894740196274946 0
    endloop
  endfacet
  facet normal 0 0 -1
    outer loop
      vertex 23.09698831278217 -9.567085809127244 0
      vertex 23.72388158851478 6.894740196274946 0
      vertex 23.992854230165193 5.8909206317895775 0
    endloop
  endfacet
  facet normal 0 0 -1
    outer loop
      vertex 23.72388158851478 -6.894740196274946 0
      vertex 23.992854230165193 5.8909206317895775 0
      vertex 24.519632010080763 4.877258050403206 0
    endloop
  endfacet
  facet normal 0 0 -1
    outer loop
      vertex 24.519632010080763 -4.877258050403206 0
      vertex 24.519632010080763 4.877258050403206 0
      vertex 24.7 0.5196152422706631 0
    endloop
  endfacet
  facet normal 0 0 -1
    outer loop
      vertex 24.982485180197788 0.35652234744138955 0
      vertex 24.7 0.5196152422706631 0
      vertex 24.879618166804924 2.450428508239015 0
    endloop
  endfacet
  facet normal 0 0 -1
    outer loop
      vertex 24.7 0.5196152422706631 0
      vertex 24.519632010080763 4.877258050403206 0
      vertex 24.879618166804924 2.450428508239015 0
    endloop
  endfacet
  facet normal 0 0 -1
    outer loop
      vertex 22.048031608708875 -11.78491842064994 0
      vertex 22.048031608708875 11.78491842064994 0
      vertex 23.09698831278217 9.567085809127244 0
    endloop
  endfacet
  facet normal 0 0 -1
    outer loop
      vertex 23.992854230165193 5.8909206317895775 0
      vertex 24.211064039568306 6.10913044119269 0
      vertex 24.519632010080763 4.877258050403206 0
    endloop
  endfacet
  facet normal 0.9987954562051726 0.04906767432741642 0
    outer loop
      vertex 24.982485180197788 0.35652234744138955 0
      vertex 24.879618166804924 2.450428508239015 0
      vertex 24.879618166804924 2.450428508239015 4
    endloop
  endfacet
  facet normal 0.989176509964781 0.1467304744553621 0
    outer loop
      vertex 24.879618166804924 2.450428508239015 0
      vertex 24.519632010080763 4.877258050403206 0
      vertex 24.879618166804924 2.450428508239015 4
    endloop
  endfacet
  facet normal 0.9700312531945435 0.24298017990326579 0
    outer loop
      vertex 24.519632010080763 4.877258050403206 0
      vertex 24.211064039568306 6.10913044119269 0
      vertex 24.211064039568306 6.10913044119269 4
    endloop
  endfacet
  facet normal 0 0 -1
    outer loop
      vertex 21.650635094610962 11.9 0
      vertex 21.811770958085866 12.179095502460013 0
      vertex 22.048031608708875 11.78491842064994 0
    endloop
  endfacet
  facet normal 0 0 -1
    outer loop
      vertex 23.72388158851478 6.894740196274946 0
      vertex 23.92350839330522 7.257116931361558 0
      vertex 24.03517217265837 6.811330135642259 0
    endloop
  endfacet
  facet normal 0 0 -1
    outer loop
      vertex 23.72388158851478 6.894740196274946 0
      vertex 23.09698831278217 9.567085809127244 0
      vertex 23.92350839330522 7.257116931361558 0
    endloop
  endfacet
  facet normal 0.9700312531945433 0.24298017990326637 0
    outer loop
      vertex 24.03517217265837 6.811330135642259 0
      vertex 23.92350839330522 7.257116931361558 0
      vertex 23.92350839330522 7.257116931361558 4
    endloop
  endfacet
  facet normal 0.9415440651830213 0.336889853392219 0
    outer loop
      vertex 23.92350839330522 7.257116931361558 0
      vertex 23.09698831278217 9.567085809127244 0
      vertex 23.92350839330522 7.257116931361558 4
    endloop
  endfacet
  facet normal 0.9039892931234431 0.4275550934302825 0
    outer loop
      vertex 23.09698831278217 9.567085809127244 0
      vertex 22.048031608708875 11.78491842064994 0
      vertex 23.09698831278217 9.567085809127244 4
    endloop
  endfacet
  facet normal 0.8577286100002727 0.5141027441932207 0
    outer loop
      vertex 21.811770958085866 12.179095502460013 0
      vertex 21.811770958085866 12.179095502460013 4
      vertex 22.048031608708875 11.78491842064994 0
    endloop
  endfacet
  facet normal 0.9987954562051726 0.04906767432741642 0
    outer loop
      vertex 24.982485180197788 0.35652234744138955 0
      vertex 24.879618166804924 2.450428508239015 4
      vertex 24.982485180197788 0.35652234744138955 4
    endloop
  endfacet
  facet normal 0.989176509964781 0.1467304744553621 0
    outer loop
      vertex 24.519632010080763 4.877258050403206 0
      vertex 24.519632010080763 4.877258050403206 4
      vertex 24.879618166804924 2.450428508239015 4
    endloop
  endfacet
  facet normal 0.9700312531945435 0.24298017990326579 0
    outer loop
      vertex 24.519632010080763 4.877258050403206 0
      vertex 24.211064039568306 6.10913044119269 4
      vertex 24.519632010080763 4.877258050403206 4
    endloop
  endfacet
  facet normal 0 0 1
    outer loop
      vertex 21.650635094610962 -11.9 4
      vertex 20.78674030756363 13.889255825490054 4
      vertex 21.18810118395209 0 4
    endloop
  endfacet
  facet normal 0 0 1
    outer loop
      vertex 22.048031608708875 -11.78491842064994 4
      vertex 21.650635094610962 11.9 4
      vertex 21.1310198523403 12.799999999999999 4
    endloop
  endfacet
  facet normal 0 0 1
    outer loop
      vertex 20.78674030756363 13.889255825490054 4
      vertex 21.08607468545421 2.076797087064361 4
      vertex 21.18810118395209 0 4
    endloop
  endfacet
  facet normal 0 0 1
    outer loop
      vertex 22.048031608708875 -11.78491842064994 4
      vertex 21.1310198523403 12.799999999999999 4
      vertex 20.78674030756363 13.889255825490054 4
    endloop
  endfacet
  facet normal 0 0 1
    outer loop
      vertex 24.519632010080763 -4.877258050403206 4
      vertex 23.992854230165193 5.8909206317895775 4
      vertex 23.72388158851478 6.894740196274946 4
    endloop
  endfacet
  facet normal 0 0 1
    outer loop
      vertex 24.519632010080763 -4.877258050403206 4
      vertex 24.519632010080763 4.877258050403206 4
      vertex 23.992854230165193 5.8909206317895775 4
    endloop
  endfacet
  facet normal 0 0 1
    outer loop
      vertex 24.7 -0.5196152422706631 4
      vertex 24.7 0.5196152422706631 4
      vertex 24.519632010080763 4.877258050403206 4
    endloop
  endfacet
  facet normal 0 0 1
    outer loop
      vertex 24.982485180197788 0.35652234744138955 4
      vertex 24.519632010080763 4.877258050403206 4
      vertex 24.7 0.5196152422706631 4
    endloop
  endfacet
  facet normal 0 0 1
    outer loop
      vertex 24.982485180197788 0.35652234744138955 4
      vertex 24.879618166804924 2.450428508239015 4
      vertex 24.519632010080763 4.877258050403206 4
    endloop
  endfacet
  facet normal 0 0 1
    outer loop
      vertex 22.048031608708875 -11.78491842064994 4
      vertex 22.048031608708875 11.78491842064994 4
      vertex 21.650635094610962 11.9 4
    endloop
  endfacet
  facet normal 0 0 1
    outer loop
      vertex 23.09698831278217 -9.567085809127244 4
      vertex 23.09698831278217 9.567085809127244 4
      vertex 22.048031608708875 11.78491842064994 4
    endloop
  endfacet
  facet normal 0 0 1
    outer loop
      vertex 23.992854230165193 -5.8909206317895775 4
      vertex 23.72388158851478 6.894740196274946 4
      vertex 23.09698831278217 9.567085809127244 4
    endloop
  endfacet
  facet normal 0 0 1
    outer loop
      vertex 23.992854230165193 5.8909206317895775 4
      vertex 24.519632010080763 4.877258050403206 4
      vertex 24.211064039568306 6.10913044119269 4
    endloop
  endfacet
  facet normal 0.9415440651830213 0.336889853392219 0
    outer loop
      vertex 23.09698831278217 9.567085809127244 0
      vertex 23.09698831278217 9.567085809127244 4
      vertex 23.92350839330522 7.257116931361558 4
    endloop
  endfacet
  facet normal 0.9700312531945433 0.24298017990326637 0
    outer loop
      vertex 24.03517217265837 6.811330135642259 0
      vertex 23.92350839330522 7.257116931361558 4
      vertex 24.03517217265837 6.811330135642259 4
    endloop
  endfacet
  facet normal 0.9039892931234431 0.4275550934302825 0
    outer loop
      vertex 22.048031608708875 11.78491842064994 0
      vertex 22.048031608708875 11.78491842064994 4
      vertex 23.09698831278217 9.567085809127244 4
    endloop
  endfacet
  facet normal 0.8577286100002727 0.5141027441932207 0
    outer loop
      vertex 22.048031608708875 11.78491842064994 0
      vertex 21.811770958085866 12.179095502460013 4
      vertex 22.048031608708875 11.78491842064994 4
    endloop
  endfacet
  facet normal 0 0 1
    outer loop
      vertex 20.78674030756363 13.889255825490054 4
      vertex 20.780977760914467 4.133593482887521 4
      vertex 21.08607468545421 2.076797087064361 4
    endloop
  endfacet
  facet normal 0 0 1
    outer loop
      vertex 20.78674030756363 13.889255825490054 4
      vertex 20.275748660499122 6.150581113818423 4
      vertex 20.780977760914467 4.133593482887521 4
    endloop
  endfacet
  facet normal 0 0 1
    outer loop
      vertex 19.325261334068426 15.859832104091137 4
      vertex 19.575253016631496 8.108335286373608 4
      vertex 20.275748660499122 6.150581113818423 4
    endloop
  endfacet
  facet normal 0 0 1
    outer loop
      vertex 19.325261334068426 15.859832104091137 4
      vertex 18.686236985291906 9.988001757654073 4
      vertex 19.575253016631496 8.108335286373608 4
    endloop
  endfacet
  facet normal 0 0 1
    outer loop
      vertex 20.78674030756363 13.889255825490054 4
      vertex 19.325261334068426 15.859832104091137 4
      vertex 20.275748660499122 6.150581113818423 4
    endloop
  endfacet
  facet normal 0 0 1
    outer loop
      vertex 21.650635094610962 11.9 4
      vertex 22.048031608708875 11.78491842064994 4
      vertex 21.811770958085866 12.179095502460013 4
    endloop
  endfacet
  facet normal 0 0 1
    outer loop
      vertex 23.72388158851478 6.894740196274946 4
      vertex 24.03517217265837 6.811330135642259 4
      vertex 23.92350839330522 7.257116931361558 4
    endloop
  endfacet
  facet normal 0 0 1
    outer loop
      vertex 23.72388158851478 6.894740196274946 4
      vertex 23.92350839330522 7.257116931361558 4
      vertex 23.09698831278217 9.567085809127244 4
    endloop
  endfacet
  facet normal 0 0 -1
    outer loop
      vertex 17.098114033890248 17.832960956725202 0
      vertex 15.859832104091137 19.325261334068426 0
      vertex 17.41318531228993 17.91738405133064 0
    endloop
  endfacet
  facet normal 0 0 -1
    outer loop
      vertex 17.832960956725202 17.098114033890248 0
      vertex 17.91738405133064 17.413185312289933 0
      vertex 19.325261334068426 15.859832104091137 0
    endloop
  endfacet
  facet normal 0.7409511253549598 0.6715589548470177 0
    outer loop
      vertex 17.91738405133064 17.413185312289933 0
      vertex 17.91738405133064 17.413185312289933 4
      vertex 19.325261334068426 15.859832104091137 0
    endloop
  endfacet
  facet normal 0 0 -1
    outer loop
      vertex 12.799999999999999 21.1310198523403 0
      vertex 12.799999999999999 21.439615124241033 0
      vertex 13.889255825490054 20.78674030756363 0
    endloop
  endfacet
  facet normal 0.514102744193223 0.8577286100002715 0
    outer loop
      vertex 12.799999999999999 21.439615124241033 0
      vertex 12.799999999999999 21.439615124241033 4
      vertex 13.889255825490054 20.78674030756363 0
    endloop
  endfacet
  facet normal 0.5956993044924324 0.8032075314806456 0
    outer loop
      vertex 13.889255825490054 20.78674030756363 0
      vertex 13.889255825490054 20.78674030756363 4
      vertex 15.859832104091137 19.325261334068426 0
    endloop
  endfacet
  facet normal 0.6715589548470186 0.740951125354959 0
    outer loop
      vertex 17.41318531228993 17.91738405133064 0
      vertex 15.859832104091137 19.325261334068426 0
      vertex 15.859832104091137 19.325261334068426 4
    endloop
  endfacet
  facet normal 0 0 -1
    outer loop
      vertex 20.78674030756363 13.889255825490054 0
      vertex 21.439615124241033 12.799999999999999 0
      vertex 21.1310198523403 12.799999999999999 0
    endloop
  endfacet
  facet normal 0.8577286100002715 0.514102744193223 0
    outer loop
      vertex 20.78674030756363 13.889255825490054 0
      vertex 20.78674030756363 13.889255825490054 4
      vertex 21.439615124241033 12.799999999999999 0
    endloop
  endfacet
  facet normal 0.8032075314806456 0.5956993044924324 0
    outer loop
      vertex 20.78674030756363 13.889255825490054 0
      vertex 19.325261334068426 15.859832104091137 0
      vertex 20.78674030756363 13.889255825490054 4
    endloop
  endfacet
  facet normal 0.6715589548470186 0.740951125354959 0
    outer loop
      vertex 17.41318531228993 17.91738405133064 0
      vertex 15.859832104091137 19.325261334068426 4
      vertex 17.41318531228993 17.91738405133064 4
    endloop
  endfacet
  facet normal 0 0 1
    outer loop
      vertex 13.889255825490054 20.78674030756363 4
      vertex 11.77147831201117 17.617262276847743 4
      vertex 13.44158909527899 16.37862370210235 4
    endloop
  endfacet
  facet normal 0 0 1
    outer loop
      vertex 13.889255825490054 20.78674030756363 4
      vertex 13.44158909527899 16.37862370210235 4
      vertex 14.982250027639239 14.982250027639239 4
    endloop
  endfacet
  facet normal 0 0 1
    outer loop
      vertex 13.889255825490054 20.78674030756363 4
      vertex 14.982250027639239 14.982250027639239 4
      vertex 15.859832104091137 19.325261334068426 4
    endloop
  endfacet
  facet normal 0 0 1
    outer loop
      vertex 17.098114033890248 17.832960956725202 4
      vertex 16.37862370210235 13.44158909527899 4
      vertex 17.617262276847743 11.77147831201117 4
    endloop
  endfacet
  facet normal 0 0 1
    outer loop
      vertex 17.832960956725202 17.098114033890248 4
      vertex 17.617262276847743 11.77147831201117 4
      vertex 18.686236985291906 9.988001757654073 4
    endloop
  endfacet
  facet normal 0 0 1
    outer loop
      vertex 17.098114033890248 17.832960956725202 4
      vertex 17.617262276847743 11.77147831201117 4
      vertex 17.832960956725202 17.098114033890248 4
    endloop
  endfacet
  facet normal 0 0 1
    outer loop
      vertex 17.832960956725202 17.098114033890248 4
      vertex 18.686236985291906 9.988001757654073 4
      vertex 19.325261334068426 15.859832104091137 4
    endloop
  endfacet
  facet normal 0 0 1
    outer loop
      vertex 15.859832104091137 19.325261334068426 4
      vertex 14.982250027639239 14.982250027639239 4
      vertex 16.37862370210235 13.44158909527899 4
    endloop
  endfacet
  facet normal 0 0 1
    outer loop
      vertex 17.098114033890248 17.832960956725202 4
      vertex 15.859832104091137 19.325261334068426 4
      vertex 16.37862370210235 13.44158909527899 4
    endloop
  endfacet
  facet normal 0 0 1
    outer loop
      vertex 17.098114033890248 17.832960956725202 4
      vertex 17.41318531228993 17.91738405133064 4
      vertex 15.859832104091137 19.325261334068426 4
    endloop
  endfacet
  facet normal 0 0 1
    outer loop
      vertex 17.832960956725202 17.098114033890248 4
      vertex 19.325261334068426 15.859832104091137 4
      vertex 17.91738405133064 17.413185312289933 4
    endloop
  endfacet
  facet normal 0.514102744193223 0.8577286100002715 0
    outer loop
      vertex 13.889255825490054 20.78674030756363 0
      vertex 12.799999999999999 21.439615124241033 4
      vertex 13.889255825490054 20.78674030756363 4
    endloop
  endfacet
  facet normal 0.5956993044924324 0.8032075314806456 0
    outer loop
      vertex 15.859832104091137 19.325261334068426 0
      vertex 13.889255825490054 20.78674030756363 4
      vertex 15.859832104091137 19.325261334068426 4
    endloop
  endfacet
  facet normal 0 0 1
    outer loop
      vertex 12.799999999999999 21.1310198523403 4
      vertex 11.77147831201117 17.617262276847743 4
      vertex 13.889255825490054 20.78674030756363 4
    endloop
  endfacet
  facet normal 0 0 1
    outer loop
      vertex 12.799999999999999 21.1310198523403 4
      vertex 13.889255825490054 20.78674030756363 4
      vertex 12.799999999999999 21.439615124241033 4
    endloop
  endfacet
  facet normal 0.8032075314806456 0.5956993044924324 0
    outer loop
      vertex 19.325261334068426 15.859832104091137 0
      vertex 19.325261334068426 15.859832104091137 4
      vertex 20.78674030756363 13.889255825490054 4
    endloop
  endfacet
  facet normal 0.8577286100002715 0.514102744193223 0
    outer loop
      vertex 21.439615124241033 12.799999999999999 0
      vertex 20.78674030756363 13.889255825490054 4
      vertex 21.439615124241033 12.799999999999999 4
    endloop
  endfacet
  facet normal 0.7409511253549598 0.6715589548470177 0
    outer loop
      vertex 19.325261334068426 15.859832104091137 0
      vertex 17.91738405133064 17.413185312289933 4
      vertex 19.325261334068426 15.859832104091137 4
    endloop
  endfacet
  facet normal 0 0 1
    outer loop
      vertex 20.78674030756363 13.889255825490054 4
      vertex 21.1310198523403 12.799999999999999 4
      vertex 21.439615124241033 12.799999999999999 4
    endloop
  endfacet
  facet normal -0.8032075314806452 -0.595699304492433 0
    outer loop
      vertex -16.37862370210235 -13.44158909527899 4.3515625
      vertex -17.617262276847743 -11.77147831201117 4
      vertex -16.37862370210235 -13.44158909527899 4
    endloop
  endfacet
  facet normal -0.7409511253549594 -0.6715589548470181 0
    outer loop
      vertex -14.982250027639239 -14.982250027639239 4.375
      vertex -16.37862370210235 -13.44158909527899 4.3515625
      vertex -16.37862370210235 -13.44158909527899 4
    endloop
  endfacet
  facet normal -0.3966297815115999 -0.305858797852137 -0.8655259743037793
    outer loop
      vertex -17.617262276847743 -11.77147831201117 4.328125
      vertex -17.006229973980215 -13.9566522516002 4.8203125
      vertex -18.292331470655995 -12.222545126431248 4.796875
    endloop
  endfacet
  facet normal -0.8032075314806455 -0.5956993044924327 0
    outer loop
      vertex -17.006229973980215 -13.9566522516002 4.8203125
      vertex -17.006229973980215 -13.9566522516002 5.0078125
      vertex -18.292331470655995 -12.222545126431248 4.796875
    endloop
  endfacet
  facet normal -0.8032075314806455 -0.5956993044924326 0
    outer loop
      vertex -17.006229973980215 -13.9566522516002 5.0078125
      vertex -18.292331470655995 -12.222545126431248 4.984375
      vertex -18.292331470655995 -12.222545126431248 4.796875
    endloop
  endfacet
  facet normal -0.3639716768172903 -0.3430577795886481 -0.865930700655957
    outer loop
      vertex -14.982250027639239 -14.982250027639239 4.375
      vertex -15.556349186104047 -15.556349186104047 4.84375
      vertex -16.37862370210235 -13.44158909527899 4.3515625
    endloop
  endfacet
  facet normal -0.3647404959935705 -0.3432625210940709 -0.8655259743037794
    outer loop
      vertex -17.006229973980215 -13.9566522516002 4.8203125
      vertex -16.37862370210235 -13.44158909527899 4.3515625
      vertex -15.556349186104047 -15.556349186104047 4.84375
    endloop
  endfacet
  facet normal -0.7409511253549593 -0.6715589548470181 0
    outer loop
      vertex -17.006229973980215 -13.9566522516002 4.8203125
      vertex -15.556349186104047 -15.556349186104047 5.03125
      vertex -17.006229973980215 -13.9566522516002 5.0078125
    endloop
  endfacet
  facet normal -0.7409511253549593 -0.6715589548470181 0
    outer loop
      vertex -17.006229973980215 -13.9566522516002 4.8203125
      vertex -15.556349186104047 -15.556349186104047 4.84375
      vertex -15.556349186104047 -15.556349186104047 5.03125
    endloop
  endfacet
  facet normal -0.3958445962329243 -0.30573039969011373 -0.8659307006559569
    outer loop
      vertex -17.617262276847743 -11.77147831201117 4.328125
      vertex -16.37862370210235 -13.44158909527899 4.3515625
      vertex -17.006229973980215 -13.9566522516002 4.8203125
    endloop
  endfacet
  facet normal -0.6715589548470181 -0.7409511253549593 0
    outer loop
      vertex -13.44158909527899 -16.37862370210235 4.3984375
      vertex -14.982250027639239 -14.982250027639239 4
      vertex -13.44158909527899 -16.37862370210235 4
    endloop
  endfacet
  facet normal -0.595699304492433 -0.8032075314806453 0
    outer loop
      vertex -11.77147831201117 -17.617262276847743 4.421875
      vertex -13.44158909527899 -16.37862370210235 4.3984375
      vertex -13.44158909527899 -16.37862370210235 4
    endloop
  endfacet
  facet normal -0.328593511186748 -0.37708132553528567 -0.8659307006559569
    outer loop
      vertex -13.9566522516002 -17.006229973980215 4.8671875
      vertex -14.982250027639239 -14.982250027639239 4.375
      vertex -13.44158909527899 -16.37862370210235 4.3984375
    endloop
  endfacet
  facet normal -0.6715589548470181 -0.7409511253549593 0
    outer loop
      vertex -13.9566522516002 -17.006229973980215 5.0546875
      vertex -15.556349186104047 -15.556349186104047 5.03125
      vertex -15.556349186104047 -15.556349186104047 4.84375
    endloop
  endfacet
  facet normal -0.6715589548470181 -0.7409511253549593 0
    outer loop
      vertex -13.9566522516002 -17.006229973980215 4.8671875
      vertex -13.9566522516002 -17.006229973980215 5.0546875
      vertex -15.556349186104047 -15.556349186104047 4.84375
    endloop
  endfacet
  facet normal -0.32933856011168644 -0.3773604386114879 -0.8655259743037795
    outer loop
      vertex -13.9566522516002 -17.006229973980215 4.8671875
      vertex -15.556349186104047 -15.556349186104047 4.84375
      vertex -14.982250027639239 -14.982250027639239 4.375
    endloop
  endfacet
  facet normal -0.29076491386115655 -0.4078241688188765 -0.8655259743037794
    outer loop
      vertex -13.9566522516002 -17.006229973980215 4.8671875
      vertex -13.44158909527899 -16.37862370210235 4.3984375
      vertex -12.222545126431248 -18.292331470655995 4.890625
    endloop
  endfacet
  facet normal -0.5956993044924326 -0.8032075314806455 0
    outer loop
      vertex -13.9566522516002 -17.006229973980215 4.8671875
      vertex -12.222545126431248 -18.292331470655995 4.890625
      vertex -12.222545126431248 -18.292331470655995 5.078125
    endloop
  endfacet
  facet normal -0.7409511253549594 -0.6715589548470181 0
    outer loop
      vertex -14.982250027639239 -14.982250027639239 4.375
      vertex -16.37862370210235 -13.44158909527899 4
      vertex -14.982250027639239 -14.982250027639239 4
    endloop
  endfacet
  facet normal -0.6715589548470181 -0.7409511253549594 0
    outer loop
      vertex -14.982250027639239 -14.982250027639239 4.375
      vertex -14.982250027639239 -14.982250027639239 4
      vertex -13.44158909527899 -16.37862370210235 4.3984375
    endloop
  endfacet
  facet normal -0.8577286100002716 -0.5141027441932228 0
    outer loop
      vertex -18.292331470655995 -12.222545126431248 4.984375
      vertex -19.402267815663812 -10.370728210171949 4.9609375
      vertex -19.402267815663812 -10.370728210171949 4.7734375
    endloop
  endfacet
  facet normal -0.4246993054137779 -0.26550948718746115 -0.8655259743037791
    outer loop
      vertex -18.292331470655995 -12.222545126431248 4.796875
      vertex -19.402267815663812 -10.370728210171949 4.7734375
      vertex -18.686236985291906 -9.988001757654073 4.3046875
    endloop
  endfacet
  facet normal -0.44788359543807676 -0.2226304260404342 -0.8659307006559566
    outer loop
      vertex -19.575253016631496 -8.108335286373608 4.28125
      vertex -18.686236985291906 -9.988001757654073 4.3046875
      vertex -19.402267815663812 -10.370728210171949 4.7734375
    endloop
  endfacet
  facet normal -0.9039892931234438 -0.4275550934302811 0
    outer loop
      vertex -19.402267815663812 -10.370728210171949 4.7734375
      vertex -19.402267815663812 -10.370728210171949 4.9609375
      vertex -20.325349715248308 -8.419035512031975 4.75
    endloop
  endfacet
  facet normal -0.9039892931234441 -0.42755509343028086 0
    outer loop
      vertex -19.575253016631496 -8.108335286373608 4.28125
      vertex -19.575253016631496 -8.108335286373608 4
      vertex -18.686236985291906 -9.988001757654073 4.3046875
    endloop
  endfacet
  facet normal -0.9039892931234439 -0.4275550934302808 0
    outer loop
      vertex -18.686236985291906 -9.988001757654073 4.3046875
      vertex -19.575253016631496 -8.108335286373608 4
      vertex -18.686236985291906 -9.988001757654073 4
    endloop
  endfacet
  facet normal -0.9415440651830209 -0.3368898533922195 0
    outer loop
      vertex -19.575253016631496 -8.108335286373608 4.28125
      vertex -20.275748660499122 -6.150581113818423 4
      vertex -19.575253016631496 -8.108335286373608 4
    endloop
  endfacet
  facet normal -0.941544065183021 -0.33688985339221955 0
    outer loop
      vertex -19.575253016631496 -8.108335286373608 4.28125
      vertex -20.275748660499122 -6.150581113818423 4.2578125
      vertex -20.275748660499122 -6.150581113818423 4
    endloop
  endfacet
  facet normal -0.46833715870104753 -0.17755307258767122 -0.8655259743037798
    outer loop
      vertex -20.275748660499122 -6.150581113818423 4.2578125
      vertex -20.325349715248308 -8.419035512031975 4.75
      vertex -21.052687386108595 -6.386262899598171 4.7265625
    endloop
  endfacet
  facet normal -0.9415440651830208 -0.3368898533922201 0
    outer loop
      vertex -21.052687386108595 -6.386262899598171 4.7265625
      vertex -20.325349715248308 -8.419035512031975 4.75
      vertex -20.325349715248308 -8.419035512031975 4.9375
    endloop
  endfacet
  facet normal -0.9415440651830208 -0.3368898533922201 0
    outer loop
      vertex -21.052687386108595 -6.386262899598171 4.7265625
      vertex -20.325349715248308 -8.419035512031975 4.9375
      vertex -21.052687386108595 -6.386262899598171 4.9140625
    endloop
  endfacet
  facet normal -0.4486787428405656 -0.22260317501891833 -0.8655259743037794
    outer loop
      vertex -19.575253016631496 -8.108335286373608 4.28125
      vertex -19.402267815663812 -10.370728210171949 4.7734375
      vertex -20.325349715248308 -8.419035512031975 4.75
    endloop
  endfacet
  facet normal -0.9039892931234438 -0.4275550934302811 0
    outer loop
      vertex -19.402267815663812 -10.370728210171949 4.9609375
      vertex -20.325349715248308 -8.419035512031975 4.9375
      vertex -20.325349715248308 -8.419035512031975 4.75
    endloop
  endfacet
  facet normal -0.4675485112178379 -0.17765813046260243 -0.8659307006559568
    outer loop
      vertex -19.575253016631496 -8.108335286373608 4.28125
      vertex -20.325349715248308 -8.419035512031975 4.75
      vertex -20.275748660499122 -6.150581113818423 4.2578125
    endloop
  endfacet
  facet normal -0.9987954562051724 -0.04906767432741779 0
    outer loop
      vertex -21.894063986788332 -2.156377087250333 4.6796875
      vertex -21.894063986788332 -2.156377087250333 4.8671875
      vertex -22 0 4.65625
    endloop
  endfacet
  facet normal -0.9987954562051724 -0.04906767432741779 0
    outer loop
      vertex -21.894063986788332 -2.156377087250333 4.8671875
      vertex -22 0 4.84375
      vertex -22 0 4.65625
    endloop
  endfacet
  facet normal -0.970031253194544 -0.2429801799032644 0
    outer loop
      vertex -20.275748660499122 -6.150581113818423 4.2578125
      vertex -20.780977760914467 -4.133593482887521 4
      vertex -20.275748660499122 -6.150581113818423 4
    endloop
  endfacet
  facet normal -0.970031253194544 -0.24298017990326437 0
    outer loop
      vertex -20.275748660499122 -6.150581113818423 4.2578125
      vertex -20.780977760914467 -4.133593482887521 4.234375
      vertex -20.780977760914467 -4.133593482887521 4
    endloop
  endfacet
  facet normal -0.9891765099647809 -0.14673047445536225 0
    outer loop
      vertex -20.780977760914467 -4.133593482887521 4.234375
      vertex -21.08607468545421 -2.076797087064361 4
      vertex -20.780977760914467 -4.133593482887521 4
    endloop
  endfacet
  facet normal -0.4834852317041061 -0.13079303700702216 -0.8655259743037795
    outer loop
      vertex -21.052687386108595 -6.386262899598171 4.7265625
      vertex -21.57727616887107 -4.291987084354822 4.703125
      vertex -20.780977760914467 -4.133593482887521 4.234375
    endloop
  endfacet
  facet normal -0.4827106792465562 -0.13097488997060291 -0.8659307006559571
    outer loop
      vertex -20.275748660499122 -6.150581113818423 4.2578125
      vertex -21.052687386108595 -6.386262899598171 4.7265625
      vertex -20.780977760914467 -4.133593482887521 4.234375
    endloop
  endfacet
  facet normal -0.970031253194544 -0.24298017990326395 0
    outer loop
      vertex -21.052687386108595 -6.386262899598171 4.7265625
      vertex -21.052687386108595 -6.386262899598171 4.9140625
      vertex -21.57727616887107 -4.291987084354822 4.703125
    endloop
  endfacet
  facet normal -0.970031253194544 -0.24298017990326395 0
    outer loop
      vertex -21.052687386108595 -6.386262899598171 4.9140625
      vertex -21.57727616887107 -4.291987084354822 4.890625
      vertex -21.57727616887107 -4.291987084354822 4.703125
    endloop
  endfacet
  facet normal -0.4932240795576322 -0.08303028969002835 -0.8659307006559569
    outer loop
      vertex -20.780977760914467 -4.133593482887521 4.234375
      vertex -21.57727616887107 -4.291987084354822 4.703125
      vertex -21.08607468545421 -2.076797087064361 4.2109375
    endloop
  endfacet
  facet normal -0.9891765099647809 -0.1467304744553622 0
    outer loop
      vertex -21.57727616887107 -4.291987084354822 4.703125
      vertex -21.57727616887107 -4.291987084354822 4.890625
      vertex -21.894063986788332 -2.156377087250333 4.6796875
    endloop
  endfacet
  facet normal -0.9891765099647809 -0.14673047445536225 0
    outer loop
      vertex -20.780977760914467 -4.133593482887521 4.234375
      vertex -21.08607468545421 -2.076797087064361 4.2109375
      vertex -21.08607468545421 -2.076797087064361 4
    endloop
  endfacet
  facet normal -0.9987954562051724 -0.049067674327417994 0
    outer loop
      vertex -21.08607468545421 -2.076797087064361 4.2109375
      vertex -21.18810118395209 0 4
      vertex -21.08607468545421 -2.076797087064361 4
    endloop
  endfacet
  facet normal -0.4989874623588598 -0.034286062330765144 -0.8659307006559569
    outer loop
      vertex -21.08607468545421 -2.076797087064361 4.2109375
      vertex -21.894063986788332 -2.156377087250333 4.6796875
      vertex -21.18810118395209 0 4.1875
    endloop
  endfacet
  facet normal -0.9987954562051724 -0.049067674327417994 0
    outer loop
      vertex -21.08607468545421 -2.076797087064361 4.2109375
      vertex -21.18810118395209 0 4.1875
      vertex -21.18810118395209 0 4
    endloop
  endfacet
  facet normal -0.49397707762594134 -0.0827733929812486 -0.8655259743037795
    outer loop
      vertex -21.57727616887107 -4.291987084354822 4.703125
      vertex -21.894063986788332 -2.156377087250333 4.6796875
      vertex -21.08607468545421 -2.076797087064361 4.2109375
    endloop
  endfacet
  facet normal -0.9891765099647809 -0.1467304744553622 0
    outer loop
      vertex -21.894063986788332 -2.156377087250333 4.6796875
      vertex -21.57727616887107 -4.291987084354822 4.890625
      vertex -21.894063986788332 -2.156377087250333 4.8671875
    endloop
  endfacet
  facet normal -0.49971165425490016 -0.03395659593252576 -0.8655259743037794
    outer loop
      vertex -21.894063986788332 -2.156377087250333 4.6796875
      vertex -22 0 4.65625
      vertex -21.18810118395209 0 4.1875
    endloop
  endfacet
  facet normal -0.8577286100002715 -0.5141027441932228 0
    outer loop
      vertex -17.617262276847743 -11.77147831201117 4.328125
      vertex -18.686236985291906 -9.988001757654073 4
      vertex -17.617262276847743 -11.77147831201117 4
    endloop
  endfacet
  facet normal -0.803207531480645 -0.595699304492433 0
    outer loop
      vertex -17.617262276847743 -11.77147831201117 4.328125
      vertex -17.617262276847743 -11.77147831201117 4
      vertex -16.37862370210235 -13.44158909527899 4.3515625
    endloop
  endfacet
  facet normal -0.8577286100002715 -0.5141027441932229 0
    outer loop
      vertex -17.617262276847743 -11.77147831201117 4.328125
      vertex -18.686236985291906 -9.988001757654073 4.3046875
      vertex -18.686236985291906 -9.988001757654073 4
    endloop
  endfacet
  facet normal -0.4239053157961674 -0.2654586689133275 -0.8659307006559567
    outer loop
      vertex -17.617262276847743 -11.77147831201117 4.328125
      vertex -18.292331470655995 -12.222545126431248 4.796875
      vertex -18.686236985291906 -9.988001757654073 4.3046875
    endloop
  endfacet
  facet normal -0.8577286100002716 -0.5141027441932228 0
    outer loop
      vertex -18.292331470655995 -12.222545126431248 4.796875
      vertex -18.292331470655995 -12.222545126431248 4.984375
      vertex -19.402267815663812 -10.370728210171949 4.7734375
    endloop
  endfacet
  facet normal -0.5141027441932228 -0.8577286100002716 0
    outer loop
      vertex -12.222545126431248 -18.292331470655995 4.890625
      vertex -10.370728210171949 -19.402267815663812 4.9140625
      vertex -10.370728210171949 -19.402267815663812 5.1015625
    endloop
  endfacet
  facet normal -0.20561539915190122 -0.4567133624464016 -0.8655259743037791
    outer loop
      vertex -9.988001757654073 -18.686236985291906 4.4453125
      vertex -8.419035512031975 -20.325349715248308 4.9375
      vertex -10.370728210171949 -19.402267815663812 4.9140625
    endloop
  endfacet
  facet normal -0.4275550934302808 -0.9039892931234439 0
    outer loop
      vertex -8.108335286373608 -19.575253016631496 4.46875
      vertex -9.988001757654073 -18.686236985291906 4
      vertex -8.108335286373608 -19.575253016631496 4
    endloop
  endfacet
  facet normal -0.42755509343028086 -0.903989293123444 0
    outer loop
      vertex -9.988001757654073 -18.686236985291906 4.4453125
      vertex -9.988001757654073 -18.686236985291906 4
      vertex -8.108335286373608 -19.575253016631496 4.46875
    endloop
  endfacet
  facet normal -0.33688985339221955 -0.941544065183021 0
    outer loop
      vertex -8.108335286373608 -19.575253016631496 4.46875
      vertex -8.108335286373608 -19.575253016631496 4
      vertex -6.150581113818423 -20.275748660499122 4.4921875
    endloop
  endfacet
  facet normal -0.33688985339221955 -0.941544065183021 0
    outer loop
      vertex -6.150581113818423 -20.275748660499122 4.4921875
      vertex -8.108335286373608 -19.575253016631496 4
      vertex -6.150581113818423 -20.275748660499122 4
    endloop
  endfacet
  facet normal -0.2049834540327763 -0.45622999159883865 -0.8659307006559568
    outer loop
      vertex -9.988001757654073 -18.686236985291906 4.4453125
      vertex -8.108335286373608 -19.575253016631496 4.46875
      vertex -8.419035512031975 -20.325349715248308 4.9375
    endloop
  endfacet
  facet normal -0.4275550934302811 -0.9039892931234438 0
    outer loop
      vertex -10.370728210171949 -19.402267815663812 4.9140625
      vertex -8.419035512031975 -20.325349715248308 4.9375
      vertex -8.419035512031975 -20.325349715248308 5.125
    endloop
  endfacet
  facet normal -0.1592780435648339 -0.4741250114681169 -0.8659307006559571
    outer loop
      vertex -8.108335286373608 -19.575253016631496 4.46875
      vertex -6.150581113818423 -20.275748660499122 4.4921875
      vertex -6.386262899598171 -21.052687386108595 4.9609375
    endloop
  endfacet
  facet normal -0.15985956706728555 -0.4746679962063523 -0.8655259743037794
    outer loop
      vertex -8.108335286373608 -19.575253016631496 4.46875
      vertex -6.386262899598171 -21.052687386108595 4.9609375
      vertex -8.419035512031975 -20.325349715248308 4.9375
    endloop
  endfacet
  facet normal -0.595699304492433 -0.8032075314806452 0
    outer loop
      vertex -11.77147831201117 -17.617262276847743 4.421875
      vertex -13.44158909527899 -16.37862370210235 4
      vertex -11.77147831201117 -17.617262276847743 4
    endloop
  endfacet
  facet normal -0.5141027441932228 -0.8577286100002715 0
    outer loop
      vertex -11.77147831201117 -17.617262276847743 4.421875
      vertex -11.77147831201117 -17.617262276847743 4
      vertex -9.988001757654073 -18.686236985291906 4.4453125
    endloop
  endfacet
  facet normal -0.5141027441932227 -0.8577286100002715 0
    outer loop
      vertex -9.988001757654073 -18.686236985291906 4.4453125
      vertex -11.77147831201117 -17.617262276847743 4
      vertex -9.988001757654073 -18.686236985291906 4
    endloop
  endfacet
  facet normal -0.29005081041599273 -0.40747337218339785 -0.8659307006559567
    outer loop
      vertex -11.77147831201117 -17.617262276847743 4.421875
      vertex -12.222545126431248 -18.292331470655995 4.890625
      vertex -13.44158909527899 -16.37862370210235 4.3984375
    endloop
  endfacet
  facet normal -0.24939104254187483 -0.434360329341171 -0.8655259743037791
    outer loop
      vertex -11.77147831201117 -17.617262276847743 4.421875
      vertex -10.370728210171949 -19.402267815663812 4.9140625
      vertex -12.222545126431248 -18.292331470655995 4.890625
    endloop
  endfacet
  facet normal -0.24871476178303026 -0.4339412275097799 -0.8659307006559567
    outer loop
      vertex -11.77147831201117 -17.617262276847743 4.421875
      vertex -9.988001757654073 -18.686236985291906 4.4453125
      vertex -10.370728210171949 -19.402267815663812 4.9140625
    endloop
  endfacet
  facet normal -0.24298017990326437 -0.9700312531945439 0
    outer loop
      vertex -6.150581113818423 -20.275748660499122 4.4921875
      vertex -6.150581113818423 -20.275748660499122 4
      vertex -4.133593482887521 -20.780977760914467 4.515625
    endloop
  endfacet
  facet normal -0.2429801799032644 -0.970031253194544 0
    outer loop
      vertex -4.133593482887521 -20.780977760914467 4.515625
      vertex -6.150581113818423 -20.275748660499122 4
      vertex -4.133593482887521 -20.780977760914467 4
    endloop
  endfacet
  facet normal -0.14673047445536222 -0.9891765099647808 0
    outer loop
      vertex -4.133593482887521 -20.780977760914467 4.515625
      vertex -4.133593482887521 -20.780977760914467 4
      vertex -2.076797087064361 -21.08607468545421 4.5390625
    endloop
  endfacet
  facet normal -0.11203869846712718 -0.4874539482938626 -0.8659307006559569
    outer loop
      vertex -6.150581113818423 -20.275748660499122 4.4921875
      vertex -4.133593482887521 -20.780977760914467 4.515625
      vertex -4.291987084354822 -21.57727616887107 4.984375
    endloop
  endfacet
  facet normal -0.11256419996368275 -0.48805131768291443 -0.8655259743037798
    outer loop
      vertex -6.150581113818423 -20.275748660499122 4.4921875
      vertex -4.291987084354822 -21.57727616887107 4.984375
      vertex -6.386262899598171 -21.052687386108595 4.9609375
    endloop
  endfacet
  facet normal -0.0641847780805792 -0.4967344381742021 -0.8655259743037794
    outer loop
      vertex -4.133593482887521 -20.780977760914467 4.515625
      vertex -2.156377087250333 -21.894063986788332 5.0078125
      vertex -4.291987084354822 -21.57727616887107 4.984375
    endloop
  endfacet
  facet normal -0.14673047445536225 -0.989176509964781 0
    outer loop
      vertex -2.076797087064361 -21.08607468545421 4.5390625
      vertex -4.133593482887521 -20.780977760914467 4
      vertex -2.076797087064361 -21.08607468545421 4
    endloop
  endfacet
  facet normal -0.049067674327418 -0.9987954562051725 0
    outer loop
      vertex -2.076797087064361 -21.08607468545421 4.5390625
      vertex -2.076797087064361 -21.08607468545421 4
      vertex 0 -21.18810118395209 4.5625
    endloop
  endfacet
  facet normal -0.049067674327417994 -0.9987954562051723 0
    outer loop
      vertex 0 -21.18810118395209 4.5625
      vertex -2.076797087064361 -21.08607468545421 4
      vertex 0 -21.18810118395209 4
    endloop
  endfacet
  facet normal -0.06372035945659874 -0.4960884371281046 -0.865930700655957
    outer loop
      vertex -4.133593482887521 -20.780977760914467 4.515625
      vertex -2.076797087064361 -21.08607468545421 4.5390625
      vertex -2.156377087250333 -21.894063986788332 5.0078125
    endloop
  endfacet
  facet normal -0.015187221697590283 -0.5006337344832065 -0.8655259743037793
    outer loop
      vertex -2.076797087064361 -21.08607468545421 4.5390625
      vertex 0 -22 5.03125
      vertex -2.156377087250333 -21.894063986788332 5.0078125
    endloop
  endfacet
  facet normal -0.014788358551411276 -0.4999453231232779 -0.8659307006559568
    outer loop
      vertex -2.076797087064361 -21.08607468545421 4.5390625
      vertex 0 -21.18810118395209 4.5625
      vertex 0 -22 5.03125
    endloop
  endfacet
  facet normal -0.4078241688188765 -0.29076491386115655 0.8655259743037794
    outer loop
      vertex -17.006229973980215 -13.9566522516002 5.0078125
      vertex -16.37862370210235 -13.44158909527899 5.4765625
      vertex -18.292331470655995 -12.222545126431248 4.984375
    endloop
  endfacet
  facet normal -0.3773604386114879 -0.32933856011168644 0.8655259743037795
    outer loop
      vertex -17.006229973980215 -13.9566522516002 5.0078125
      vertex -15.556349186104047 -15.556349186104047 5.03125
      vertex -14.982250027639239 -14.982250027639239 5.5
    endloop
  endfacet
  facet normal -0.37708132553528567 -0.328593511186748 0.8659307006559569
    outer loop
      vertex -17.006229973980215 -13.9566522516002 5.0078125
      vertex -14.982250027639239 -14.982250027639239 5.5
      vertex -16.37862370210235 -13.44158909527899 5.4765625
    endloop
  endfacet
  facet normal -0.8032075314806452 -0.595699304492433 0
    outer loop
      vertex -17.617262276847743 -11.77147831201117 5.453125
      vertex -16.37862370210235 -13.44158909527899 5.4765625
      vertex -16.37862370210235 -13.44158909527899 5.8515625
    endloop
  endfacet
  facet normal -0.3966297815115999 -0.305858797852137 -0.8655259743037793
    outer loop
      vertex -17.617262276847743 -11.77147831201117 5.828125
      vertex -17.006229973980215 -13.9566522516002 6.3203125
      vertex -18.292331470655995 -12.222545126431248 6.296875
    endloop
  endfacet
  facet normal -0.3639716768172903 -0.3430577795886481 -0.865930700655957
    outer loop
      vertex -14.982250027639239 -14.982250027639239 5.875
      vertex -15.556349186104047 -15.556349186104047 6.34375
      vertex -16.37862370210235 -13.44158909527899 5.8515625
    endloop
  endfacet
  facet normal -0.3647404959935705 -0.3432625210940709 -0.8655259743037794
    outer loop
      vertex -17.006229973980215 -13.9566522516002 6.3203125
      vertex -16.37862370210235 -13.44158909527899 5.8515625
      vertex -15.556349186104047 -15.556349186104047 6.34375
    endloop
  endfacet
  facet normal -0.7409511253549594 -0.6715589548470181 0
    outer loop
      vertex -16.37862370210235 -13.44158909527899 5.4765625
      vertex -14.982250027639239 -14.982250027639239 5.875
      vertex -16.37862370210235 -13.44158909527899 5.8515625
    endloop
  endfacet
  facet normal -0.3958445962329243 -0.30573039969011373 -0.8659307006559569
    outer loop
      vertex -17.617262276847743 -11.77147831201117 5.828125
      vertex -16.37862370210235 -13.44158909527899 5.8515625
      vertex -17.006229973980215 -13.9566522516002 6.3203125
    endloop
  endfacet
  facet normal -0.3432625210940709 -0.3647404959935705 0.8655259743037794
    outer loop
      vertex -13.9566522516002 -17.006229973980215 5.0546875
      vertex -13.44158909527899 -16.37862370210235 5.5234375
      vertex -15.556349186104047 -15.556349186104047 5.03125
    endloop
  endfacet
  facet normal -0.3430577795886481 -0.36397167681729026 0.865930700655957
    outer loop
      vertex -15.556349186104047 -15.556349186104047 5.03125
      vertex -13.44158909527899 -16.37862370210235 5.5234375
      vertex -14.982250027639239 -14.982250027639239 5.5
    endloop
  endfacet
  facet normal -0.5956993044924327 -0.8032075314806455 0
    outer loop
      vertex -13.9566522516002 -17.006229973980215 4.8671875
      vertex -12.222545126431248 -18.292331470655995 5.078125
      vertex -13.9566522516002 -17.006229973980215 5.0546875
    endloop
  endfacet
  facet normal -0.305858797852137 -0.3966297815115999 0.8655259743037793
    outer loop
      vertex -13.9566522516002 -17.006229973980215 5.0546875
      vertex -12.222545126431248 -18.292331470655995 5.078125
      vertex -11.77147831201117 -17.617262276847743 5.546875
    endloop
  endfacet
  facet normal -0.30573039969011373 -0.39584459623292434 0.8659307006559569
    outer loop
      vertex -13.9566522516002 -17.006229973980215 5.0546875
      vertex -11.77147831201117 -17.617262276847743 5.546875
      vertex -13.44158909527899 -16.37862370210235 5.5234375
    endloop
  endfacet
  facet normal -0.328593511186748 -0.37708132553528567 -0.8659307006559569
    outer loop
      vertex -13.9566522516002 -17.006229973980215 6.3671875
      vertex -14.982250027639239 -14.982250027639239 5.875
      vertex -13.44158909527899 -16.37862370210235 5.8984375
    endloop
  endfacet
  facet normal -0.32933856011168644 -0.3773604386114879 -0.8655259743037795
    outer loop
      vertex -13.9566522516002 -17.006229973980215 6.3671875
      vertex -15.556349186104047 -15.556349186104047 6.34375
      vertex -14.982250027639239 -14.982250027639239 5.875
    endloop
  endfacet
  facet normal -0.29076491386115655 -0.4078241688188765 -0.8655259743037794
    outer loop
      vertex -13.9566522516002 -17.006229973980215 6.3671875
      vertex -13.44158909527899 -16.37862370210235 5.8984375
      vertex -12.222545126431248 -18.292331470655995 6.390625
    endloop
  endfacet
  facet normal -0.6715589548470181 -0.7409511253549594 0
    outer loop
      vertex -14.982250027639239 -14.982250027639239 5.5
      vertex -13.44158909527899 -16.37862370210235 5.5234375
      vertex -13.44158909527899 -16.37862370210235 5.8984375
    endloop
  endfacet
  facet normal -0.595699304492433 -0.8032075314806452 0
    outer loop
      vertex -11.77147831201117 -17.617262276847743 5.921875
      vertex -13.44158909527899 -16.37862370210235 5.8984375
      vertex -13.44158909527899 -16.37862370210235 5.5234375
    endloop
  endfacet
  facet normal -0.7409511253549594 -0.6715589548470181 0
    outer loop
      vertex -16.37862370210235 -13.44158909527899 5.4765625
      vertex -14.982250027639239 -14.982250027639239 5.5
      vertex -14.982250027639239 -14.982250027639239 5.875
    endloop
  endfacet
  facet normal -0.6715589548470181 -0.7409511253549594 0
    outer loop
      vertex -14.982250027639239 -14.982250027639239 5.5
      vertex -13.44158909527899 -16.37862370210235 5.8984375
      vertex -14.982250027639239 -14.982250027639239 5.875
    endloop
  endfacet
  facet normal -0.8032075314806455 -0.5956993044924327 0
    outer loop
      vertex -17.006229973980215 -13.9566522516002 6.3203125
      vertex -17.006229973980215 -13.9566522516002 6.5078125
      vertex -18.292331470655995 -12.222545126431248 6.296875
    endloop
  endfacet
  facet normal -0.8032075314806455 -0.5956993044924326 0
    outer loop
      vertex -17.006229973980215 -13.9566522516002 6.5078125
      vertex -18.292331470655995 -12.222545126431248 6.484375
      vertex -18.292331470655995 -12.222545126431248 6.296875
    endloop
  endfacet
  facet normal -0.4078241688188765 -0.29076491386115655 0.8655259743037794
    outer loop
      vertex -17.006229973980215 -13.9566522516002 6.5078125
      vertex -16.37862370210235 -13.44158909527899 6.9765625
      vertex -18.292331470655995 -12.222545126431248 6.484375
    endloop
  endfacet
  facet normal -0.7409511253549593 -0.6715589548470181 0
    outer loop
      vertex -17.006229973980215 -13.9566522516002 6.3203125
      vertex -15.556349186104047 -15.556349186104047 6.53125
      vertex -17.006229973980215 -13.9566522516002 6.5078125
    endloop
  endfacet
  facet normal -0.7409511253549593 -0.6715589548470181 0
    outer loop
      vertex -17.006229973980215 -13.9566522516002 6.3203125
      vertex -15.556349186104047 -15.556349186104047 6.34375
      vertex -15.556349186104047 -15.556349186104047 6.53125
    endloop
  endfacet
  facet normal -0.3773604386114879 -0.32933856011168644 0.8655259743037795
    outer loop
      vertex -17.006229973980215 -13.9566522516002 6.5078125
      vertex -15.556349186104047 -15.556349186104047 6.53125
      vertex -14.982250027639239 -14.982250027639239 7
    endloop
  endfacet
  facet normal -0.37708132553528567 -0.328593511186748 0.8659307006559569
    outer loop
      vertex -17.006229973980215 -13.9566522516002 6.5078125
      vertex -14.982250027639239 -14.982250027639239 7
      vertex -16.37862370210235 -13.44158909527899 6.9765625
    endloop
  endfacet
  facet normal -0.8032075314806452 -0.595699304492433 0
    outer loop
      vertex -17.617262276847743 -11.77147831201117 6.953125
      vertex -16.37862370210235 -13.44158909527899 6.9765625
      vertex -16.37862370210235 -13.44158909527899 7.3515625
    endloop
  endfacet
  facet normal -0.7409511253549594 -0.6715589548470181 0
    outer loop
      vertex -16.37862370210235 -13.44158909527899 6.9765625
      vertex -14.982250027639239 -14.982250027639239 7.375
      vertex -16.37862370210235 -13.44158909527899 7.3515625
    endloop
  endfacet
  facet normal -0.6715589548470181 -0.7409511253549593 0
    outer loop
      vertex -13.9566522516002 -17.006229973980215 6.5546875
      vertex -15.556349186104047 -15.556349186104047 6.53125
      vertex -15.556349186104047 -15.556349186104047 6.34375
    endloop
  endfacet
  facet normal -0.6715589548470181 -0.7409511253549593 0
    outer loop
      vertex -13.9566522516002 -17.006229973980215 6.3671875
      vertex -13.9566522516002 -17.006229973980215 6.5546875
      vertex -15.556349186104047 -15.556349186104047 6.34375
    endloop
  endfacet
  facet normal -0.3432625210940709 -0.3647404959935705 0.8655259743037794
    outer loop
      vertex -13.9566522516002 -17.006229973980215 6.5546875
      vertex -13.44158909527899 -16.37862370210235 7.0234375
      vertex -15.556349186104047 -15.556349186104047 6.53125
    endloop
  endfacet
  facet normal -0.3430577795886481 -0.36397167681729026 0.865930700655957
    outer loop
      vertex -15.556349186104047 -15.556349186104047 6.53125
      vertex -13.44158909527899 -16.37862370210235 7.0234375
      vertex -14.982250027639239 -14.982250027639239 7
    endloop
  endfacet
  facet normal -0.5956993044924327 -0.8032075314806455 0
    outer loop
      vertex -13.9566522516002 -17.006229973980215 6.3671875
      vertex -12.222545126431248 -18.292331470655995 6.578125
      vertex -13.9566522516002 -17.006229973980215 6.5546875
    endloop
  endfacet
  facet normal -0.5956993044924326 -0.8032075314806455 0
    outer loop
      vertex -13.9566522516002 -17.006229973980215 6.3671875
      vertex -12.222545126431248 -18.292331470655995 6.390625
      vertex -12.222545126431248 -18.292331470655995 6.578125
    endloop
  endfacet
  facet normal -0.305858797852137 -0.3966297815115999 0.8655259743037793
    outer loop
      vertex -13.9566522516002 -17.006229973980215 6.5546875
      vertex -12.222545126431248 -18.292331470655995 6.578125
      vertex -11.77147831201117 -17.617262276847743 7.046875
    endloop
  endfacet
  facet normal -0.6715589548470181 -0.7409511253549594 0
    outer loop
      vertex -14.982250027639239 -14.982250027639239 7
      vertex -13.44158909527899 -16.37862370210235 7.0234375
      vertex -13.44158909527899 -16.37862370210235 7.3984375
    endloop
  endfacet
  facet normal -0.30573039969011373 -0.39584459623292434 0.8659307006559569
    outer loop
      vertex -13.9566522516002 -17.006229973980215 6.5546875
      vertex -11.77147831201117 -17.617262276847743 7.046875
      vertex -13.44158909527899 -16.37862370210235 7.0234375
    endloop
  endfacet
  facet normal -0.595699304492433 -0.8032075314806452 0
    outer loop
      vertex -11.77147831201117 -17.617262276847743 7.421875
      vertex -13.44158909527899 -16.37862370210235 7.3984375
      vertex -13.44158909527899 -16.37862370210235 7.0234375
    endloop
  endfacet
  facet normal -0.7409511253549594 -0.6715589548470181 0
    outer loop
      vertex -16.37862370210235 -13.44158909527899 6.9765625
      vertex -14.982250027639239 -14.982250027639239 7
      vertex -14.982250027639239 -14.982250027639239 7.375
    endloop
  endfacet
  facet normal -0.6715589548470181 -0.7409511253549594 0
    outer loop
      vertex -14.982250027639239 -14.982250027639239 7
      vertex -13.44158909527899 -16.37862370210235 7.3984375
      vertex -14.982250027639239 -14.982250027639239 7.375
    endloop
  endfacet
  facet normal -0.3966297815115999 -0.305858797852137 -0.8655259743037793
    outer loop
      vertex -17.617262276847743 -11.77147831201117 7.328125
      vertex -17.006229973980215 -13.9566522516002 7.8203125
      vertex -18.292331470655995 -12.222545126431248 7.796875
    endloop
  endfacet
  facet normal -0.8032075314806455 -0.5956993044924327 0
    outer loop
      vertex -17.006229973980215 -13.9566522516002 7.8203125
      vertex -17.006229973980215 -13.9566522516002 8.0078125
      vertex -18.292331470655995 -12.222545126431248 7.796875
    endloop
  endfacet
  facet normal -0.8032075314806455 -0.5956993044924326 0
    outer loop
      vertex -17.006229973980215 -13.9566522516002 8.0078125
      vertex -18.292331470655995 -12.222545126431248 7.984375
      vertex -18.292331470655995 -12.222545126431248 7.796875
    endloop
  endfacet
  facet normal -0.3639716768172903 -0.3430577795886481 -0.865930700655957
    outer loop
      vertex -14.982250027639239 -14.982250027639239 7.375
      vertex -15.556349186104047 -15.556349186104047 7.84375
      vertex -16.37862370210235 -13.44158909527899 7.3515625
    endloop
  endfacet
  facet normal -0.3647404959935705 -0.3432625210940709 -0.8655259743037794
    outer loop
      vertex -17.006229973980215 -13.9566522516002 7.8203125
      vertex -16.37862370210235 -13.44158909527899 7.3515625
      vertex -15.556349186104047 -15.556349186104047 7.84375
    endloop
  endfacet
  facet normal -0.7409511253549593 -0.6715589548470181 0
    outer loop
      vertex -17.006229973980215 -13.9566522516002 7.8203125
      vertex -15.556349186104047 -15.556349186104047 8.03125
      vertex -17.006229973980215 -13.9566522516002 8.0078125
    endloop
  endfacet
  facet normal -0.7409511253549593 -0.6715589548470181 0
    outer loop
      vertex -17.006229973980215 -13.9566522516002 7.8203125
      vertex -15.556349186104047 -15.556349186104047 7.84375
      vertex -15.556349186104047 -15.556349186104047 8.03125
    endloop
  endfacet
  facet normal -0.3958445962329243 -0.30573039969011373 -0.8659307006559569
    outer loop
      vertex -17.617262276847743 -11.77147831201117 7.328125
      vertex -16.37862370210235 -13.44158909527899 7.3515625
      vertex -17.006229973980215 -13.9566522516002 7.8203125
    endloop
  endfacet
  facet normal -0.4078241688188765 -0.29076491386115655 0.8655259743037794
    outer loop
      vertex -17.006229973980215 -13.9566522516002 8.0078125
      vertex -16.37862370210235 -13.44158909527899 8.4765625
      vertex -18.292331470655995 -12.222545126431248 7.984375
    endloop
  endfacet
  facet normal -0.3773604386114879 -0.32933856011168644 0.8655259743037795
    outer loop
      vertex -17.006229973980215 -13.9566522516002 8.0078125
      vertex -15.556349186104047 -15.556349186104047 8.03125
      vertex -14.982250027639239 -14.982250027639239 8.5
    endloop
  endfacet
  facet normal -0.37708132553528567 -0.328593511186748 0.8659307006559569
    outer loop
      vertex -17.006229973980215 -13.9566522516002 8.0078125
      vertex -14.982250027639239 -14.982250027639239 8.5
      vertex -16.37862370210235 -13.44158909527899 8.4765625
    endloop
  endfacet
  facet normal -0.8032075314806452 -0.595699304492433 0
    outer loop
      vertex -17.617262276847743 -11.77147831201117 8.453125
      vertex -16.37862370210235 -13.44158909527899 8.4765625
      vertex -16.37862370210235 -13.44158909527899 8.8515625
    endloop
  endfacet
  facet normal -0.328593511186748 -0.37708132553528567 -0.8659307006559569
    outer loop
      vertex -13.9566522516002 -17.006229973980215 7.8671875
      vertex -14.982250027639239 -14.982250027639239 7.375
      vertex -13.44158909527899 -16.37862370210235 7.3984375
    endloop
  endfacet
  facet normal -0.32933856011168644 -0.3773604386114879 -0.8655259743037795
    outer loop
      vertex -13.9566522516002 -17.006229973980215 7.8671875
      vertex -15.556349186104047 -15.556349186104047 7.84375
      vertex -14.982250027639239 -14.982250027639239 7.375
    endloop
  endfacet
  facet normal -0.6715589548470181 -0.7409511253549593 0
    outer loop
      vertex -13.9566522516002 -17.006229973980215 8.0546875
      vertex -15.556349186104047 -15.556349186104047 8.03125
      vertex -15.556349186104047 -15.556349186104047 7.84375
    endloop
  endfacet
  facet normal -0.6715589548470181 -0.7409511253549593 0
    outer loop
      vertex -13.9566522516002 -17.006229973980215 7.8671875
      vertex -13.9566522516002 -17.006229973980215 8.0546875
      vertex -15.556349186104047 -15.556349186104047 7.84375
    endloop
  endfacet
  facet normal -0.29076491386115655 -0.4078241688188765 -0.8655259743037794
    outer loop
      vertex -13.9566522516002 -17.006229973980215 7.8671875
      vertex -13.44158909527899 -16.37862370210235 7.3984375
      vertex -12.222545126431248 -18.292331470655995 7.890625
    endloop
  endfacet
  facet normal -0.5956993044924327 -0.8032075314806455 0
    outer loop
      vertex -13.9566522516002 -17.006229973980215 7.8671875
      vertex -12.222545126431248 -18.292331470655995 8.078125
      vertex -13.9566522516002 -17.006229973980215 8.0546875
    endloop
  endfacet
  facet normal -0.5956993044924326 -0.8032075314806455 0
    outer loop
      vertex -13.9566522516002 -17.006229973980215 7.8671875
      vertex -12.222545126431248 -18.292331470655995 7.890625
      vertex -12.222545126431248 -18.292331470655995 8.078125
    endloop
  endfacet
  facet normal -0.3432625210940709 -0.3647404959935705 0.8655259743037794
    outer loop
      vertex -13.9566522516002 -17.006229973980215 8.0546875
      vertex -13.44158909527899 -16.37862370210235 8.5234375
      vertex -15.556349186104047 -15.556349186104047 8.03125
    endloop
  endfacet
  facet normal -0.3430577795886481 -0.36397167681729026 0.865930700655957
    outer loop
      vertex -15.556349186104047 -15.556349186104047 8.03125
      vertex -13.44158909527899 -16.37862370210235 8.5234375
      vertex -14.982250027639239 -14.982250027639239 8.5
    endloop
  endfacet
  facet normal -0.305858797852137 -0.3966297815115999 0.8655259743037793
    outer loop
      vertex -13.9566522516002 -17.006229973980215 8.0546875
      vertex -12.222545126431248 -18.292331470655995 8.078125
      vertex -11.77147831201117 -17.617262276847743 8.546875
    endloop
  endfacet
  facet normal -0.30573039969011373 -0.39584459623292434 0.8659307006559569
    outer loop
      vertex -13.9566522516002 -17.006229973980215 8.0546875
      vertex -11.77147831201117 -17.617262276847743 8.546875
      vertex -13.44158909527899 -16.37862370210235 8.5234375
    endloop
  endfacet
  facet normal -0.3966297815115999 -0.305858797852137 -0.8655259743037793
    outer loop
      vertex -17.617262276847743 -11.77147831201117 8.828125
      vertex -17.006229973980215 -13.9566522516002 9.3203125
      vertex -18.292331470655995 -12.222545126431248 9.296875
    endloop
  endfacet
  facet normal -0.2536032017393868 -0.46361467894415237 -0.8489681063120349
    outer loop
      vertex -17.006229973980215 -13.9566522516002 9.3203125
      vertex -16.37862370210235 -13.44158909527899 8.8515625
      vertex -14.982250027639239 -14.982250027639239 9.27578125
    endloop
  endfacet
  facet normal -0.4520049836123756 -0.892015411744425 0
    outer loop
      vertex -17.006229973980215 -13.9566522516002 9.3203125
      vertex -14.982250027639239 -14.982250027639239 9.27578125
      vertex -14.982250027639239 -14.982250027639239 9.410546875
    endloop
  endfacet
  facet normal -0.3958445962329243 -0.30573039969011373 -0.8659307006559569
    outer loop
      vertex -17.617262276847743 -11.77147831201117 8.828125
      vertex -16.37862370210235 -13.44158909527899 8.8515625
      vertex -17.006229973980215 -13.9566522516002 9.3203125
    endloop
  endfacet
  facet normal -0.7409511253549594 -0.6715589548470181 0
    outer loop
      vertex -16.37862370210235 -13.44158909527899 8.4765625
      vertex -14.982250027639239 -14.982250027639239 9.27578125
      vertex -16.37862370210235 -13.44158909527899 8.8515625
    endloop
  endfacet
  facet normal -0.8032075314806455 -0.5956993044924327 0
    outer loop
      vertex -17.006229973980215 -13.9566522516002 9.3203125
      vertex -17.006229973980215 -13.9566522516002 9.5078125
      vertex -18.292331470655995 -12.222545126431248 9.296875
    endloop
  endfacet
  facet normal -0.8032075314806455 -0.5956993044924326 0
    outer loop
      vertex -17.006229973980215 -13.9566522516002 9.5078125
      vertex -18.292331470655995 -12.222545126431248 9.484375
      vertex -18.292331470655995 -12.222545126431248 9.296875
    endloop
  endfacet
  facet normal -0.4078241688188765 -0.29076491386115655 0.8655259743037794
    outer loop
      vertex -17.006229973980215 -13.9566522516002 9.5078125
      vertex -16.37862370210235 -13.44158909527899 9.9765625
      vertex -18.292331470655995 -12.222545126431248 9.484375
    endloop
  endfacet
  facet normal -0.4520049836123756 -0.892015411744425 0
    outer loop
      vertex -17.006229973980215 -13.9566522516002 9.3203125
      vertex -14.982250027639239 -14.982250027639239 9.464453125
      vertex -17.006229973980215 -13.9566522516002 9.5078125
    endloop
  endfacet
  facet normal -0.45200498361237557 -0.892015411744425 0
    outer loop
      vertex -17.006229973980215 -13.9566522516002 9.3203125
      vertex -14.982250027639239 -14.982250027639239 9.410546875
      vertex -14.982250027639239 -14.982250027639239 9.464453125
    endloop
  endfacet
  facet normal -0.4520049836123755 -0.892015411744425 0
    outer loop
      vertex -17.006229973980215 -13.9566522516002 9.5078125
      vertex -14.982250027639239 -14.982250027639239 9.464453125
      vertex -14.982250027639239 -14.982250027639239 9.59921875
    endloop
  endfacet
  facet normal -0.26672152576602476 -0.4504271520983045 0.8520416705453171
    outer loop
      vertex -17.006229973980215 -13.9566522516002 9.5078125
      vertex -14.982250027639239 -14.982250027639239 9.59921875
      vertex -16.37862370210235 -13.44158909527899 9.9765625
    endloop
  endfacet
  facet normal -0.8032075314806452 -0.595699304492433 0
    outer loop
      vertex -17.617262276847743 -11.77147831201117 9.953125
      vertex -16.37862370210235 -13.44158909527899 9.9765625
      vertex -16.37862370210235 -13.44158909527899 10
    endloop
  endfacet
  facet normal -0.7409511253549594 -0.6715589548470181 0
    outer loop
      vertex -14.982250027639239 -14.982250027639239 10
      vertex -16.37862370210235 -13.44158909527899 10
      vertex -16.37862370210235 -13.44158909527899 9.9765625
    endloop
  endfacet
  facet normal -0.671558954847018 -0.7409511253549593 0
    outer loop
      vertex -14.982250027639239 -14.982250027639239 8.5
      vertex -13.44158909527899 -16.37862370210235 8.5234375
      vertex -13.44158909527899 -16.37862370210235 9.29921875
    endloop
  endfacet
  facet normal -0.595699304492433 -0.803207531480645 0
    outer loop
      vertex -11.77147831201117 -17.617262276847743 9.32265625
      vertex -13.44158909527899 -16.37862370210235 9.29921875
      vertex -13.44158909527899 -16.37862370210235 8.5234375
    endloop
  endfacet
  facet normal -0.6715589548470182 -0.7409511253549594 0
    outer loop
      vertex -14.982250027639239 -14.982250027639239 9.27578125
      vertex -13.44158909527899 -16.37862370210235 9.29921875
      vertex -13.44158909527899 -16.37862370210235 9.433984375
    endloop
  endfacet
  facet normal -0.6715589548470181 -0.7409511253549593 0
    outer loop
      vertex -14.982250027639239 -14.982250027639239 9.410546875
      vertex -13.44158909527899 -16.37862370210235 9.433984375
      vertex -13.44158909527899 -16.37862370210235 9.487890625
    endloop
  endfacet
  facet normal -0.6715589548470182 -0.7409511253549594 0
    outer loop
      vertex -14.982250027639239 -14.982250027639239 9.464453125
      vertex -13.44158909527899 -16.37862370210235 9.487890625
      vertex -13.44158909527899 -16.37862370210235 9.62265625
    endloop
  endfacet
  facet normal -0.5956993044924329 -0.8032075314806452 0
    outer loop
      vertex -11.77147831201117 -17.617262276847743 9.457421875
      vertex -13.44158909527899 -16.37862370210235 9.433984375
      vertex -13.44158909527899 -16.37862370210235 9.29921875
    endloop
  endfacet
  facet normal -0.595699304492433 -0.8032075314806453 0
    outer loop
      vertex -11.77147831201117 -17.617262276847743 9.511328125
      vertex -13.44158909527899 -16.37862370210235 9.487890625
      vertex -13.44158909527899 -16.37862370210235 9.433984375
    endloop
  endfacet
  facet normal -0.5956993044924329 -0.8032075314806452 0
    outer loop
      vertex -11.77147831201117 -17.617262276847743 9.64609375
      vertex -13.44158909527899 -16.37862370210235 9.62265625
      vertex -13.44158909527899 -16.37862370210235 9.487890625
    endloop
  endfacet
  facet normal -0.671558954847018 -0.7409511253549593 0
    outer loop
      vertex -14.982250027639239 -14.982250027639239 9.59921875
      vertex -13.44158909527899 -16.37862370210235 9.62265625
      vertex -13.44158909527899 -16.37862370210235 10
    endloop
  endfacet
  facet normal -0.595699304492433 -0.8032075314806452 0
    outer loop
      vertex -11.77147831201117 -17.617262276847743 10
      vertex -13.44158909527899 -16.37862370210235 10
      vertex -13.44158909527899 -16.37862370210235 9.62265625
    endloop
  endfacet
  facet normal -0.7409511253549593 -0.671558954847018 0
    outer loop
      vertex -16.37862370210235 -13.44158909527899 8.4765625
      vertex -14.982250027639239 -14.982250027639239 8.5
      vertex -14.982250027639239 -14.982250027639239 9.27578125
    endloop
  endfacet
  facet normal -0.6715589548470181 -0.7409511253549593 0
    outer loop
      vertex -14.982250027639239 -14.982250027639239 8.5
      vertex -13.44158909527899 -16.37862370210235 9.29921875
      vertex -14.982250027639239 -14.982250027639239 9.27578125
    endloop
  endfacet
  facet normal -0.6715589548470182 -0.7409511253549594 0
    outer loop
      vertex -14.982250027639239 -14.982250027639239 9.27578125
      vertex -13.44158909527899 -16.37862370210235 9.433984375
      vertex -14.982250027639239 -14.982250027639239 9.410546875
    endloop
  endfacet
  facet normal -0.6715589548470181 -0.7409511253549593 0
    outer loop
      vertex -14.982250027639239 -14.982250027639239 9.410546875
      vertex -13.44158909527899 -16.37862370210235 9.487890625
      vertex -14.982250027639239 -14.982250027639239 9.464453125
    endloop
  endfacet
  facet normal -0.6715589548470182 -0.7409511253549594 0
    outer loop
      vertex -14.982250027639239 -14.982250027639239 9.464453125
      vertex -13.44158909527899 -16.37862370210235 9.62265625
      vertex -14.982250027639239 -14.982250027639239 9.59921875
    endloop
  endfacet
  facet normal -0.7409511253549594 -0.6715589548470181 0
    outer loop
      vertex -14.982250027639239 -14.982250027639239 9.59921875
      vertex -14.982250027639239 -14.982250027639239 10
      vertex -16.37862370210235 -13.44158909527899 9.9765625
    endloop
  endfacet
  facet normal -0.6715589548470181 -0.7409511253549594 0
    outer loop
      vertex -14.982250027639239 -14.982250027639239 9.59921875
      vertex -13.44158909527899 -16.37862370210235 10
      vertex -14.982250027639239 -14.982250027639239 10
    endloop
  endfacet
  facet normal -0.45671336244640165 -0.20561539915190122 0.8655259743037792
    outer loop
      vertex -19.402267815663812 -10.370728210171949 4.9609375
      vertex -18.686236985291906 -9.988001757654073 5.4296875
      vertex -20.325349715248308 -8.419035512031975 4.9375
    endloop
  endfacet
  facet normal -0.4246993054137779 -0.26550948718746115 -0.8655259743037791
    outer loop
      vertex -18.292331470655995 -12.222545126431248 6.296875
      vertex -19.402267815663812 -10.370728210171949 6.2734375
      vertex -18.686236985291906 -9.988001757654073 5.8046875
    endloop
  endfacet
  facet normal -0.44788359543807676 -0.2226304260404342 -0.8659307006559566
    outer loop
      vertex -19.575253016631496 -8.108335286373608 5.78125
      vertex -18.686236985291906 -9.988001757654073 5.8046875
      vertex -19.402267815663812 -10.370728210171949 6.2734375
    endloop
  endfacet
  facet normal -0.4746679962063523 -0.15985956706728555 0.8655259743037794
    outer loop
      vertex -20.325349715248308 -8.419035512031975 4.9375
      vertex -19.575253016631496 -8.108335286373608 5.40625
      vertex -21.052687386108595 -6.386262899598171 4.9140625
    endloop
  endfacet
  facet normal -0.474125011468117 -0.15927804356483394 0.8659307006559571
    outer loop
      vertex -21.052687386108595 -6.386262899598171 4.9140625
      vertex -19.575253016631496 -8.108335286373608 5.40625
      vertex -20.275748660499122 -6.150581113818423 5.3828125
    endloop
  endfacet
  facet normal -0.45622999159883865 -0.20498345403277632 0.8659307006559568
    outer loop
      vertex -20.325349715248308 -8.419035512031975 4.9375
      vertex -18.686236985291906 -9.988001757654073 5.4296875
      vertex -19.575253016631496 -8.108335286373608 5.40625
    endloop
  endfacet
  facet normal -0.9039892931234439 -0.4275550934302808 0
    outer loop
      vertex -19.575253016631496 -8.108335286373608 5.40625
      vertex -18.686236985291906 -9.988001757654073 5.4296875
      vertex -18.686236985291906 -9.988001757654073 5.8046875
    endloop
  endfacet
  facet normal -0.9415440651830209 -0.3368898533922195 0
    outer loop
      vertex -19.575253016631496 -8.108335286373608 5.40625
      vertex -19.575253016631496 -8.108335286373608 5.78125
      vertex -20.275748660499122 -6.150581113818423 5.3828125
    endloop
  endfacet
  facet normal -0.46833715870104753 -0.17755307258767122 -0.8655259743037798
    outer loop
      vertex -20.275748660499122 -6.150581113818423 5.7578125
      vertex -20.325349715248308 -8.419035512031975 6.25
      vertex -21.052687386108595 -6.386262899598171 6.2265625
    endloop
  endfacet
  facet normal -0.9039892931234439 -0.4275550934302808 0
    outer loop
      vertex -19.575253016631496 -8.108335286373608 5.40625
      vertex -18.686236985291906 -9.988001757654073 5.8046875
      vertex -19.575253016631496 -8.108335286373608 5.78125
    endloop
  endfacet
  facet normal -0.4486787428405656 -0.22260317501891833 -0.8655259743037794
    outer loop
      vertex -19.575253016631496 -8.108335286373608 5.78125
      vertex -19.402267815663812 -10.370728210171949 6.2734375
      vertex -20.325349715248308 -8.419035512031975 6.25
    endloop
  endfacet
  facet normal -0.4675485112178379 -0.17765813046260243 -0.8659307006559568
    outer loop
      vertex -19.575253016631496 -8.108335286373608 5.78125
      vertex -20.325349715248308 -8.419035512031975 6.25
      vertex -20.275748660499122 -6.150581113818423 5.7578125
    endloop
  endfacet
  facet normal -0.9415440651830209 -0.3368898533922195 0
    outer loop
      vertex -20.275748660499122 -6.150581113818423 5.3828125
      vertex -19.575253016631496 -8.108335286373608 5.78125
      vertex -20.275748660499122 -6.150581113818423 5.7578125
    endloop
  endfacet
  facet normal -0.8577286100002716 -0.5141027441932228 0
    outer loop
      vertex -18.292331470655995 -12.222545126431248 6.484375
      vertex -19.402267815663812 -10.370728210171949 6.4609375
      vertex -19.402267815663812 -10.370728210171949 6.2734375
    endloop
  endfacet
  facet normal -0.9039892931234438 -0.4275550934302811 0
    outer loop
      vertex -19.402267815663812 -10.370728210171949 6.2734375
      vertex -19.402267815663812 -10.370728210171949 6.4609375
      vertex -20.325349715248308 -8.419035512031975 6.25
    endloop
  endfacet
  facet normal -0.45671336244640165 -0.20561539915190122 0.8655259743037792
    outer loop
      vertex -19.402267815663812 -10.370728210171949 6.4609375
      vertex -18.686236985291906 -9.988001757654073 6.9296875
      vertex -20.325349715248308 -8.419035512031975 6.4375
    endloop
  endfacet
  facet normal -0.44788359543807676 -0.2226304260404342 -0.8659307006559566
    outer loop
      vertex -19.575253016631496 -8.108335286373608 7.28125
      vertex -18.686236985291906 -9.988001757654073 7.3046875
      vertex -19.402267815663812 -10.370728210171949 7.7734375
    endloop
  endfacet
  facet normal -0.9415440651830208 -0.3368898533922201 0
    outer loop
      vertex -21.052687386108595 -6.386262899598171 6.2265625
      vertex -20.325349715248308 -8.419035512031975 6.4375
      vertex -21.052687386108595 -6.386262899598171 6.4140625
    endloop
  endfacet
  facet normal -0.9415440651830208 -0.3368898533922201 0
    outer loop
      vertex -21.052687386108595 -6.386262899598171 6.2265625
      vertex -20.325349715248308 -8.419035512031975 6.25
      vertex -20.325349715248308 -8.419035512031975 6.4375
    endloop
  endfacet
  facet normal -0.4746679962063523 -0.15985956706728555 0.8655259743037794
    outer loop
      vertex -20.325349715248308 -8.419035512031975 6.4375
      vertex -19.575253016631496 -8.108335286373608 6.90625
      vertex -21.052687386108595 -6.386262899598171 6.4140625
    endloop
  endfacet
  facet normal -0.474125011468117 -0.15927804356483394 0.8659307006559571
    outer loop
      vertex -21.052687386108595 -6.386262899598171 6.4140625
      vertex -19.575253016631496 -8.108335286373608 6.90625
      vertex -20.275748660499122 -6.150581113818423 6.8828125
    endloop
  endfacet
  facet normal -0.9039892931234438 -0.4275550934302811 0
    outer loop
      vertex -19.402267815663812 -10.370728210171949 6.4609375
      vertex -20.325349715248308 -8.419035512031975 6.4375
      vertex -20.325349715248308 -8.419035512031975 6.25
    endloop
  endfacet
  facet normal -0.45622999159883865 -0.20498345403277632 0.8659307006559568
    outer loop
      vertex -20.325349715248308 -8.419035512031975 6.4375
      vertex -18.686236985291906 -9.988001757654073 6.9296875
      vertex -19.575253016631496 -8.108335286373608 6.90625
    endloop
  endfacet
  facet normal -0.9039892931234439 -0.4275550934302808 0
    outer loop
      vertex -19.575253016631496 -8.108335286373608 6.90625
      vertex -18.686236985291906 -9.988001757654073 7.3046875
      vertex -19.575253016631496 -8.108335286373608 7.28125
    endloop
  endfacet
  facet normal -0.9039892931234439 -0.4275550934302808 0
    outer loop
      vertex -19.575253016631496 -8.108335286373608 6.90625
      vertex -18.686236985291906 -9.988001757654073 6.9296875
      vertex -18.686236985291906 -9.988001757654073 7.3046875
    endloop
  endfacet
  facet normal -0.9415440651830209 -0.3368898533922195 0
    outer loop
      vertex -19.575253016631496 -8.108335286373608 6.90625
      vertex -19.575253016631496 -8.108335286373608 7.28125
      vertex -20.275748660499122 -6.150581113818423 6.8828125
    endloop
  endfacet
  facet normal -0.9415440651830209 -0.3368898533922195 0
    outer loop
      vertex -20.275748660499122 -6.150581113818423 6.8828125
      vertex -19.575253016631496 -8.108335286373608 7.28125
      vertex -20.275748660499122 -6.150581113818423 7.2578125
    endloop
  endfacet
  facet normal -0.4675485112178379 -0.17765813046260243 -0.8659307006559568
    outer loop
      vertex -19.575253016631496 -8.108335286373608 7.28125
      vertex -20.325349715248308 -8.419035512031975 7.75
      vertex -20.275748660499122 -6.150581113818423 7.2578125
    endloop
  endfacet
  facet normal -0.9987954562051724 -0.04906767432741779 0
    outer loop
      vertex -21.894063986788332 -2.156377087250333 6.1796875
      vertex -21.894063986788332 -2.156377087250333 6.3671875
      vertex -22 0 6.15625
    endloop
  endfacet
  facet normal -0.48805131768291443 -0.11256419996368276 0.8655259743037798
    outer loop
      vertex -21.052687386108595 -6.386262899598171 4.9140625
      vertex -20.275748660499122 -6.150581113818423 5.3828125
      vertex -21.57727616887107 -4.291987084354822 4.890625
    endloop
  endfacet
  facet normal -0.4874539482938626 -0.11203869846712718 0.8659307006559569
    outer loop
      vertex -20.275748660499122 -6.150581113818423 5.3828125
      vertex -20.780977760914467 -4.133593482887521 5.359375
      vertex -21.57727616887107 -4.291987084354822 4.890625
    endloop
  endfacet
  facet normal -0.9700312531945438 -0.24298017990326434 0
    outer loop
      vertex -20.275748660499122 -6.150581113818423 5.3828125
      vertex -20.275748660499122 -6.150581113818423 5.7578125
      vertex -20.780977760914467 -4.133593482887521 5.359375
    endloop
  endfacet
  facet normal -0.9700312531945438 -0.24298017990326434 0
    outer loop
      vertex -20.780977760914467 -4.133593482887521 5.359375
      vertex -20.275748660499122 -6.150581113818423 5.7578125
      vertex -20.780977760914467 -4.133593482887521 5.734375
    endloop
  endfacet
  facet normal -0.4967344381742021 -0.06418477808057921 0.8655259743037794
    outer loop
      vertex -21.57727616887107 -4.291987084354822 4.890625
      vertex -20.780977760914467 -4.133593482887521 5.359375
      vertex -21.894063986788332 -2.156377087250333 4.8671875
    endloop
  endfacet
  facet normal -0.9891765099647809 -0.14673047445536225 0
    outer loop
      vertex -20.780977760914467 -4.133593482887521 5.359375
      vertex -20.780977760914467 -4.133593482887521 5.734375
      vertex -21.08607468545421 -2.076797087064361 5.3359375
    endloop
  endfacet
  facet normal -0.4827106792465562 -0.13097488997060291 -0.8659307006559571
    outer loop
      vertex -20.275748660499122 -6.150581113818423 5.7578125
      vertex -21.052687386108595 -6.386262899598171 6.2265625
      vertex -20.780977760914467 -4.133593482887521 5.734375
    endloop
  endfacet
  facet normal -0.4834852317041061 -0.13079303700702216 -0.8655259743037795
    outer loop
      vertex -21.052687386108595 -6.386262899598171 6.2265625
      vertex -21.57727616887107 -4.291987084354822 6.203125
      vertex -20.780977760914467 -4.133593482887521 5.734375
    endloop
  endfacet
  facet normal -0.4932240795576322 -0.08303028969002835 -0.8659307006559569
    outer loop
      vertex -20.780977760914467 -4.133593482887521 5.734375
      vertex -21.57727616887107 -4.291987084354822 6.203125
      vertex -21.08607468545421 -2.076797087064361 5.7109375
    endloop
  endfacet
  facet normal -0.4960884371281046 -0.06372035945659874 0.865930700655957
    outer loop
      vertex -20.780977760914467 -4.133593482887521 5.359375
      vertex -21.08607468545421 -2.076797087064361 5.3359375
      vertex -21.894063986788332 -2.156377087250333 4.8671875
    endloop
  endfacet
  facet normal -0.9891765099647809 -0.14673047445536225 0
    outer loop
      vertex -21.08607468545421 -2.076797087064361 5.3359375
      vertex -20.780977760914467 -4.133593482887521 5.734375
      vertex -21.08607468545421 -2.076797087064361 5.7109375
    endloop
  endfacet
  facet normal -0.5006337344832065 -0.015187221697590297 0.8655259743037793
    outer loop
      vertex -21.894063986788332 -2.156377087250333 4.8671875
      vertex -21.08607468545421 -2.076797087064361 5.3359375
      vertex -22 0 4.84375
    endloop
  endfacet
  facet normal -0.4999453231232779 -0.014788358551411276 0.8659307006559568
    outer loop
      vertex -21.08607468545421 -2.076797087064361 5.3359375
      vertex -21.18810118395209 0 5.3125
      vertex -22 0 4.84375
    endloop
  endfacet
  facet normal -0.9987954562051724 -0.049067674327417994 0
    outer loop
      vertex -21.08607468545421 -2.076797087064361 5.3359375
      vertex -21.08607468545421 -2.076797087064361 5.7109375
      vertex -21.18810118395209 0 5.3125
    endloop
  endfacet
  facet normal -0.9987954562051724 -0.049067674327417994 0
    outer loop
      vertex -21.08607468545421 -2.076797087064361 5.7109375
      vertex -21.18810118395209 0 5.6875
      vertex -21.18810118395209 0 5.3125
    endloop
  endfacet
  facet normal -0.49397707762594134 -0.0827733929812486 -0.8655259743037795
    outer loop
      vertex -21.57727616887107 -4.291987084354822 6.203125
      vertex -21.894063986788332 -2.156377087250333 6.1796875
      vertex -21.08607468545421 -2.076797087064361 5.7109375
    endloop
  endfacet
  facet normal -0.4989874623588598 -0.034286062330765144 -0.8659307006559569
    outer loop
      vertex -21.08607468545421 -2.076797087064361 5.7109375
      vertex -21.894063986788332 -2.156377087250333 6.1796875
      vertex -21.18810118395209 0 5.6875
    endloop
  endfacet
  facet normal -0.49971165425490016 -0.03395659593252576 -0.8655259743037794
    outer loop
      vertex -21.894063986788332 -2.156377087250333 6.1796875
      vertex -22 0 6.15625
      vertex -21.18810118395209 0 5.6875
    endloop
  endfacet
  facet normal -0.9987954562051724 -0.04906767432741779 0
    outer loop
      vertex -21.894063986788332 -2.156377087250333 6.3671875
      vertex -22 0 6.34375
      vertex -22 0 6.15625
    endloop
  endfacet
  facet normal -0.970031253194544 -0.24298017990326395 0
    outer loop
      vertex -21.052687386108595 -6.386262899598171 6.2265625
      vertex -21.052687386108595 -6.386262899598171 6.4140625
      vertex -21.57727616887107 -4.291987084354822 6.203125
    endloop
  endfacet
  facet normal -0.970031253194544 -0.24298017990326395 0
    outer loop
      vertex -21.052687386108595 -6.386262899598171 6.4140625
      vertex -21.57727616887107 -4.291987084354822 6.390625
      vertex -21.57727616887107 -4.291987084354822 6.203125
    endloop
  endfacet
  facet normal -0.48805131768291443 -0.11256419996368276 0.8655259743037798
    outer loop
      vertex -21.052687386108595 -6.386262899598171 6.4140625
      vertex -20.275748660499122 -6.150581113818423 6.8828125
      vertex -21.57727616887107 -4.291987084354822 6.390625
    endloop
  endfacet
  facet normal -0.4874539482938626 -0.11203869846712718 0.8659307006559569
    outer loop
      vertex -20.275748660499122 -6.150581113818423 6.8828125
      vertex -20.780977760914467 -4.133593482887521 6.859375
      vertex -21.57727616887107 -4.291987084354822 6.390625
    endloop
  endfacet
  facet normal -0.9891765099647809 -0.1467304744553622 0
    outer loop
      vertex -21.57727616887107 -4.291987084354822 6.203125
      vertex -21.57727616887107 -4.291987084354822 6.390625
      vertex -21.894063986788332 -2.156377087250333 6.1796875
    endloop
  endfacet
  facet normal -0.4967344381742021 -0.06418477808057921 0.8655259743037794
    outer loop
      vertex -21.57727616887107 -4.291987084354822 6.390625
      vertex -20.780977760914467 -4.133593482887521 6.859375
      vertex -21.894063986788332 -2.156377087250333 6.3671875
    endloop
  endfacet
  facet normal -0.9700312531945438 -0.24298017990326434 0
    outer loop
      vertex -20.275748660499122 -6.150581113818423 6.8828125
      vertex -20.275748660499122 -6.150581113818423 7.2578125
      vertex -20.780977760914467 -4.133593482887521 6.859375
    endloop
  endfacet
  facet normal -0.9700312531945438 -0.24298017990326434 0
    outer loop
      vertex -20.780977760914467 -4.133593482887521 6.859375
      vertex -20.275748660499122 -6.150581113818423 7.2578125
      vertex -20.780977760914467 -4.133593482887521 7.234375
    endloop
  endfacet
  facet normal -0.4827106792465562 -0.13097488997060291 -0.8659307006559571
    outer loop
      vertex -20.275748660499122 -6.150581113818423 7.2578125
      vertex -21.052687386108595 -6.386262899598171 7.7265625
      vertex -20.780977760914467 -4.133593482887521 7.234375
    endloop
  endfacet
  facet normal -0.9891765099647809 -0.14673047445536225 0
    outer loop
      vertex -20.780977760914467 -4.133593482887521 6.859375
      vertex -20.780977760914467 -4.133593482887521 7.234375
      vertex -21.08607468545421 -2.076797087064361 6.8359375
    endloop
  endfacet
  facet normal -0.4932240795576322 -0.08303028969002835 -0.8659307006559569
    outer loop
      vertex -20.780977760914467 -4.133593482887521 7.234375
      vertex -21.57727616887107 -4.291987084354822 7.703125
      vertex -21.08607468545421 -2.076797087064361 7.2109375
    endloop
  endfacet
  facet normal -0.9891765099647809 -0.1467304744553622 0
    outer loop
      vertex -21.894063986788332 -2.156377087250333 6.1796875
      vertex -21.57727616887107 -4.291987084354822 6.390625
      vertex -21.894063986788332 -2.156377087250333 6.3671875
    endloop
  endfacet
  facet normal -0.4960884371281046 -0.06372035945659874 0.865930700655957
    outer loop
      vertex -20.780977760914467 -4.133593482887521 6.859375
      vertex -21.08607468545421 -2.076797087064361 6.8359375
      vertex -21.894063986788332 -2.156377087250333 6.3671875
    endloop
  endfacet
  facet normal -0.5006337344832065 -0.015187221697590297 0.8655259743037793
    outer loop
      vertex -21.894063986788332 -2.156377087250333 6.3671875
      vertex -21.08607468545421 -2.076797087064361 6.8359375
      vertex -22 0 6.34375
    endloop
  endfacet
  facet normal -0.4999453231232779 -0.014788358551411276 0.8659307006559568
    outer loop
      vertex -21.08607468545421 -2.076797087064361 6.8359375
      vertex -21.18810118395209 0 6.8125
      vertex -22 0 6.34375
    endloop
  endfacet
  facet normal -0.9891765099647809 -0.14673047445536225 0
    outer loop
      vertex -21.08607468545421 -2.076797087064361 6.8359375
      vertex -20.780977760914467 -4.133593482887521 7.234375
      vertex -21.08607468545421 -2.076797087064361 7.2109375
    endloop
  endfacet
  facet normal -0.9987954562051724 -0.049067674327417994 0
    outer loop
      vertex -21.08607468545421 -2.076797087064361 6.8359375
      vertex -21.08607468545421 -2.076797087064361 7.2109375
      vertex -21.18810118395209 0 6.8125
    endloop
  endfacet
  facet normal -0.9987954562051724 -0.049067674327417994 0
    outer loop
      vertex -21.08607468545421 -2.076797087064361 7.2109375
      vertex -21.18810118395209 0 7.1875
      vertex -21.18810118395209 0 6.8125
    endloop
  endfacet
  facet normal -0.4989874623588598 -0.034286062330765144 -0.8659307006559569
    outer loop
      vertex -21.08607468545421 -2.076797087064361 7.2109375
      vertex -21.894063986788332 -2.156377087250333 7.6796875
      vertex -21.18810118395209 0 7.1875
    endloop
  endfacet
  facet normal -0.434360329341171 -0.24939104254187483 0.8655259743037791
    outer loop
      vertex -18.292331470655995 -12.222545126431248 4.984375
      vertex -17.617262276847743 -11.77147831201117 5.453125
      vertex -19.402267815663812 -10.370728210171949 4.9609375
    endloop
  endfacet
  facet normal -0.40747337218339785 -0.29005081041599273 0.8659307006559567
    outer loop
      vertex -18.292331470655995 -12.222545126431248 4.984375
      vertex -16.37862370210235 -13.44158909527899 5.4765625
      vertex -17.617262276847743 -11.77147831201117 5.453125
    endloop
  endfacet
  facet normal -0.8577286100002715 -0.5141027441932228 0
    outer loop
      vertex -17.617262276847743 -11.77147831201117 5.453125
      vertex -17.617262276847743 -11.77147831201117 5.828125
      vertex -18.686236985291906 -9.988001757654073 5.4296875
    endloop
  endfacet
  facet normal -0.4339412275097799 -0.24871476178303026 0.8659307006559567
    outer loop
      vertex -17.617262276847743 -11.77147831201117 5.453125
      vertex -18.686236985291906 -9.988001757654073 5.4296875
      vertex -19.402267815663812 -10.370728210171949 4.9609375
    endloop
  endfacet
  facet normal -0.8032075314806452 -0.595699304492433 0
    outer loop
      vertex -17.617262276847743 -11.77147831201117 5.453125
      vertex -16.37862370210235 -13.44158909527899 5.8515625
      vertex -17.617262276847743 -11.77147831201117 5.828125
    endloop
  endfacet
  facet normal -0.4239053157961674 -0.2654586689133275 -0.8659307006559567
    outer loop
      vertex -17.617262276847743 -11.77147831201117 5.828125
      vertex -18.292331470655995 -12.222545126431248 6.296875
      vertex -18.686236985291906 -9.988001757654073 5.8046875
    endloop
  endfacet
  facet normal -0.8577286100002715 -0.5141027441932228 0
    outer loop
      vertex -17.617262276847743 -11.77147831201117 5.828125
      vertex -18.686236985291906 -9.988001757654073 5.8046875
      vertex -18.686236985291906 -9.988001757654073 5.4296875
    endloop
  endfacet
  facet normal -0.8577286100002716 -0.5141027441932228 0
    outer loop
      vertex -18.292331470655995 -12.222545126431248 6.296875
      vertex -18.292331470655995 -12.222545126431248 6.484375
      vertex -19.402267815663812 -10.370728210171949 6.2734375
    endloop
  endfacet
  facet normal -0.434360329341171 -0.24939104254187483 0.8655259743037791
    outer loop
      vertex -18.292331470655995 -12.222545126431248 6.484375
      vertex -17.617262276847743 -11.77147831201117 6.953125
      vertex -19.402267815663812 -10.370728210171949 6.4609375
    endloop
  endfacet
  facet normal -0.40747337218339785 -0.29005081041599273 0.8659307006559567
    outer loop
      vertex -18.292331470655995 -12.222545126431248 6.484375
      vertex -16.37862370210235 -13.44158909527899 6.9765625
      vertex -17.617262276847743 -11.77147831201117 6.953125
    endloop
  endfacet
  facet normal -0.4339412275097799 -0.24871476178303026 0.8659307006559567
    outer loop
      vertex -17.617262276847743 -11.77147831201117 6.953125
      vertex -18.686236985291906 -9.988001757654073 6.9296875
      vertex -19.402267815663812 -10.370728210171949 6.4609375
    endloop
  endfacet
  facet normal -0.8577286100002715 -0.5141027441932228 0
    outer loop
      vertex -17.617262276847743 -11.77147831201117 6.953125
      vertex -17.617262276847743 -11.77147831201117 7.328125
      vertex -18.686236985291906 -9.988001757654073 6.9296875
    endloop
  endfacet
  facet normal -0.4239053157961674 -0.2654586689133275 -0.8659307006559567
    outer loop
      vertex -17.617262276847743 -11.77147831201117 7.328125
      vertex -18.292331470655995 -12.222545126431248 7.796875
      vertex -18.686236985291906 -9.988001757654073 7.3046875
    endloop
  endfacet
  facet normal -0.8032075314806452 -0.595699304492433 0
    outer loop
      vertex -17.617262276847743 -11.77147831201117 6.953125
      vertex -16.37862370210235 -13.44158909527899 7.3515625
      vertex -17.617262276847743 -11.77147831201117 7.328125
    endloop
  endfacet
  facet normal -0.8577286100002715 -0.5141027441932228 0
    outer loop
      vertex -18.686236985291906 -9.988001757654073 6.9296875
      vertex -17.617262276847743 -11.77147831201117 7.328125
      vertex -18.686236985291906 -9.988001757654073 7.3046875
    endloop
  endfacet
  facet normal -0.8577286100002716 -0.5141027441932228 0
    outer loop
      vertex -18.292331470655995 -12.222545126431248 7.984375
      vertex -19.402267815663812 -10.370728210171949 7.9609375
      vertex -19.402267815663812 -10.370728210171949 7.7734375
    endloop
  endfacet
  facet normal -0.4246993054137779 -0.26550948718746115 -0.8655259743037791
    outer loop
      vertex -18.292331470655995 -12.222545126431248 7.796875
      vertex -19.402267815663812 -10.370728210171949 7.7734375
      vertex -18.686236985291906 -9.988001757654073 7.3046875
    endloop
  endfacet
  facet normal -0.9039892931234438 -0.4275550934302811 0
    outer loop
      vertex -19.402267815663812 -10.370728210171949 7.7734375
      vertex -19.402267815663812 -10.370728210171949 7.9609375
      vertex -20.325349715248308 -8.419035512031975 7.75
    endloop
  endfacet
  facet normal -0.45671336244640165 -0.20561539915190122 0.8655259743037792
    outer loop
      vertex -19.402267815663812 -10.370728210171949 7.9609375
      vertex -18.686236985291906 -9.988001757654073 8.4296875
      vertex -20.325349715248308 -8.419035512031975 7.9375
    endloop
  endfacet
  facet normal -0.9415440651830208 -0.3368898533922201 0
    outer loop
      vertex -21.052687386108595 -6.386262899598171 7.7265625
      vertex -20.325349715248308 -8.419035512031975 7.75
      vertex -20.325349715248308 -8.419035512031975 7.9375
    endloop
  endfacet
  facet normal -0.46833715870104753 -0.17755307258767122 -0.8655259743037798
    outer loop
      vertex -20.275748660499122 -6.150581113818423 7.2578125
      vertex -20.325349715248308 -8.419035512031975 7.75
      vertex -21.052687386108595 -6.386262899598171 7.7265625
    endloop
  endfacet
  facet normal -0.9415440651830208 -0.3368898533922201 0
    outer loop
      vertex -21.052687386108595 -6.386262899598171 7.7265625
      vertex -20.325349715248308 -8.419035512031975 7.9375
      vertex -21.052687386108595 -6.386262899598171 7.9140625
    endloop
  endfacet
  facet normal -0.4746679962063523 -0.15985956706728555 0.8655259743037794
    outer loop
      vertex -20.325349715248308 -8.419035512031975 7.9375
      vertex -19.575253016631496 -8.108335286373608 8.40625
      vertex -21.052687386108595 -6.386262899598171 7.9140625
    endloop
  endfacet
  facet normal -0.4486787428405656 -0.22260317501891833 -0.8655259743037794
    outer loop
      vertex -19.575253016631496 -8.108335286373608 7.28125
      vertex -19.402267815663812 -10.370728210171949 7.7734375
      vertex -20.325349715248308 -8.419035512031975 7.75
    endloop
  endfacet
  facet normal -0.9039892931234438 -0.4275550934302811 0
    outer loop
      vertex -19.402267815663812 -10.370728210171949 7.9609375
      vertex -20.325349715248308 -8.419035512031975 7.9375
      vertex -20.325349715248308 -8.419035512031975 7.75
    endloop
  endfacet
  facet normal -0.474125011468117 -0.15927804356483394 0.8659307006559571
    outer loop
      vertex -21.052687386108595 -6.386262899598171 7.9140625
      vertex -19.575253016631496 -8.108335286373608 8.40625
      vertex -20.275748660499122 -6.150581113818423 8.3828125
    endloop
  endfacet
  facet normal -0.45622999159883865 -0.20498345403277632 0.8659307006559568
    outer loop
      vertex -20.325349715248308 -8.419035512031975 7.9375
      vertex -18.686236985291906 -9.988001757654073 8.4296875
      vertex -19.575253016631496 -8.108335286373608 8.40625
    endloop
  endfacet
  facet normal -0.9039892931234439 -0.4275550934302808 0
    outer loop
      vertex -19.575253016631496 -8.108335286373608 8.40625
      vertex -18.686236985291906 -9.988001757654073 8.4296875
      vertex -18.686236985291906 -9.988001757654073 8.8046875
    endloop
  endfacet
  facet normal -0.9039892931234439 -0.4275550934302808 0
    outer loop
      vertex -19.575253016631496 -8.108335286373608 8.40625
      vertex -18.686236985291906 -9.988001757654073 8.8046875
      vertex -19.575253016631496 -8.108335286373608 8.78125
    endloop
  endfacet
  facet normal -0.9415440651830209 -0.3368898533922195 0
    outer loop
      vertex -19.575253016631496 -8.108335286373608 8.40625
      vertex -19.575253016631496 -8.108335286373608 8.78125
      vertex -20.275748660499122 -6.150581113818423 8.3828125
    endloop
  endfacet
  facet normal -0.9415440651830209 -0.3368898533922195 0
    outer loop
      vertex -20.275748660499122 -6.150581113818423 8.3828125
      vertex -19.575253016631496 -8.108335286373608 8.78125
      vertex -20.275748660499122 -6.150581113818423 8.7578125
    endloop
  endfacet
  facet normal -0.44788359543807676 -0.2226304260404342 -0.8659307006559566
    outer loop
      vertex -19.575253016631496 -8.108335286373608 8.78125
      vertex -18.686236985291906 -9.988001757654073 8.8046875
      vertex -19.402267815663812 -10.370728210171949 9.2734375
    endloop
  endfacet
  facet normal -0.9039892931234438 -0.4275550934302811 0
    outer loop
      vertex -19.402267815663812 -10.370728210171949 9.2734375
      vertex -19.402267815663812 -10.370728210171949 9.4609375
      vertex -20.325349715248308 -8.419035512031975 9.25
    endloop
  endfacet
  facet normal -0.4246993054137779 -0.26550948718746115 -0.8655259743037791
    outer loop
      vertex -18.292331470655995 -12.222545126431248 9.296875
      vertex -19.402267815663812 -10.370728210171949 9.2734375
      vertex -18.686236985291906 -9.988001757654073 8.8046875
    endloop
  endfacet
  facet normal -0.8577286100002716 -0.5141027441932228 0
    outer loop
      vertex -18.292331470655995 -12.222545126431248 9.484375
      vertex -19.402267815663812 -10.370728210171949 9.4609375
      vertex -19.402267815663812 -10.370728210171949 9.2734375
    endloop
  endfacet
  facet normal -0.45671336244640165 -0.20561539915190122 0.8655259743037792
    outer loop
      vertex -19.402267815663812 -10.370728210171949 9.4609375
      vertex -18.686236985291906 -9.988001757654073 9.9296875
      vertex -20.325349715248308 -8.419035512031975 9.4375
    endloop
  endfacet
  facet normal -0.9415440651830208 -0.3368898533922201 0
    outer loop
      vertex -21.052687386108595 -6.386262899598171 9.2265625
      vertex -20.325349715248308 -8.419035512031975 9.4375
      vertex -21.052687386108595 -6.386262899598171 9.4140625
    endloop
  endfacet
  facet normal -0.9415440651830208 -0.3368898533922201 0
    outer loop
      vertex -21.052687386108595 -6.386262899598171 9.2265625
      vertex -20.325349715248308 -8.419035512031975 9.25
      vertex -20.325349715248308 -8.419035512031975 9.4375
    endloop
  endfacet
  facet normal -0.46833715870104753 -0.17755307258767122 -0.8655259743037798
    outer loop
      vertex -20.275748660499122 -6.150581113818423 8.7578125
      vertex -20.325349715248308 -8.419035512031975 9.25
      vertex -21.052687386108595 -6.386262899598171 9.2265625
    endloop
  endfacet
  facet normal -0.4486787428405656 -0.22260317501891833 -0.8655259743037794
    outer loop
      vertex -19.575253016631496 -8.108335286373608 8.78125
      vertex -19.402267815663812 -10.370728210171949 9.2734375
      vertex -20.325349715248308 -8.419035512031975 9.25
    endloop
  endfacet
  facet normal -0.4675485112178379 -0.17765813046260243 -0.8659307006559568
    outer loop
      vertex -19.575253016631496 -8.108335286373608 8.78125
      vertex -20.325349715248308 -8.419035512031975 9.25
      vertex -20.275748660499122 -6.150581113818423 8.7578125
    endloop
  endfacet
  facet normal -0.4746679962063523 -0.15985956706728555 0.8655259743037794
    outer loop
      vertex -20.325349715248308 -8.419035512031975 9.4375
      vertex -19.575253016631496 -8.108335286373608 9.90625
      vertex -21.052687386108595 -6.386262899598171 9.4140625
    endloop
  endfacet
  facet normal -0.474125011468117 -0.15927804356483394 0.8659307006559571
    outer loop
      vertex -21.052687386108595 -6.386262899598171 9.4140625
      vertex -19.575253016631496 -8.108335286373608 9.90625
      vertex -20.275748660499122 -6.150581113818423 9.8828125
    endloop
  endfacet
  facet normal -0.9039892931234438 -0.4275550934302811 0
    outer loop
      vertex -19.402267815663812 -10.370728210171949 9.4609375
      vertex -20.325349715248308 -8.419035512031975 9.4375
      vertex -20.325349715248308 -8.419035512031975 9.25
    endloop
  endfacet
  facet normal -0.45622999159883865 -0.20498345403277632 0.8659307006559568
    outer loop
      vertex -20.325349715248308 -8.419035512031975 9.4375
      vertex -18.686236985291906 -9.988001757654073 9.9296875
      vertex -19.575253016631496 -8.108335286373608 9.90625
    endloop
  endfacet
  facet normal -0.9039892931234439 -0.4275550934302808 0
    outer loop
      vertex -19.575253016631496 -8.108335286373608 9.90625
      vertex -18.686236985291906 -9.988001757654073 10
      vertex -19.575253016631496 -8.108335286373608 10
    endloop
  endfacet
  facet normal -0.9039892931234441 -0.42755509343028086 0
    outer loop
      vertex -19.575253016631496 -8.108335286373608 9.90625
      vertex -18.686236985291906 -9.988001757654073 9.9296875
      vertex -18.686236985291906 -9.988001757654073 10
    endloop
  endfacet
  facet normal -0.9415440651830209 -0.3368898533922195 0
    outer loop
      vertex -19.575253016631496 -8.108335286373608 9.90625
      vertex -19.575253016631496 -8.108335286373608 10
      vertex -20.275748660499122 -6.150581113818423 9.8828125
    endloop
  endfacet
  facet normal -0.941544065183021 -0.33688985339221955 0
    outer loop
      vertex -19.575253016631496 -8.108335286373608 10
      vertex -20.275748660499122 -6.150581113818423 10
      vertex -20.275748660499122 -6.150581113818423 9.8828125
    endloop
  endfacet
  facet normal -0.9987954562051724 -0.04906767432741779 0
    outer loop
      vertex -21.894063986788332 -2.156377087250333 7.6796875
      vertex -21.894063986788332 -2.156377087250333 7.8671875
      vertex -22 0 7.65625
    endloop
  endfacet
  facet normal -0.9987954562051724 -0.04906767432741779 0
    outer loop
      vertex -21.894063986788332 -2.156377087250333 7.8671875
      vertex -22 0 7.84375
      vertex -22 0 7.65625
    endloop
  endfacet
  facet normal -0.970031253194544 -0.24298017990326395 0
    outer loop
      vertex -21.052687386108595 -6.386262899598171 7.7265625
      vertex -21.052687386108595 -6.386262899598171 7.9140625
      vertex -21.57727616887107 -4.291987084354822 7.703125
    endloop
  endfacet
  facet normal -0.4834852317041061 -0.13079303700702216 -0.8655259743037795
    outer loop
      vertex -21.052687386108595 -6.386262899598171 7.7265625
      vertex -21.57727616887107 -4.291987084354822 7.703125
      vertex -20.780977760914467 -4.133593482887521 7.234375
    endloop
  endfacet
  facet normal -0.970031253194544 -0.24298017990326395 0
    outer loop
      vertex -21.052687386108595 -6.386262899598171 7.9140625
      vertex -21.57727616887107 -4.291987084354822 7.890625
      vertex -21.57727616887107 -4.291987084354822 7.703125
    endloop
  endfacet
  facet normal -0.48805131768291443 -0.11256419996368276 0.8655259743037798
    outer loop
      vertex -21.052687386108595 -6.386262899598171 7.9140625
      vertex -20.275748660499122 -6.150581113818423 8.3828125
      vertex -21.57727616887107 -4.291987084354822 7.890625
    endloop
  endfacet
  facet normal -0.9891765099647809 -0.1467304744553622 0
    outer loop
      vertex -21.57727616887107 -4.291987084354822 7.703125
      vertex -21.57727616887107 -4.291987084354822 7.890625
      vertex -21.894063986788332 -2.156377087250333 7.6796875
    endloop
  endfacet
  facet normal -0.4967344381742021 -0.06418477808057921 0.8655259743037794
    outer loop
      vertex -21.57727616887107 -4.291987084354822 7.890625
      vertex -20.780977760914467 -4.133593482887521 8.359375
      vertex -21.894063986788332 -2.156377087250333 7.8671875
    endloop
  endfacet
  facet normal -0.4874539482938626 -0.11203869846712718 0.8659307006559569
    outer loop
      vertex -20.275748660499122 -6.150581113818423 8.3828125
      vertex -20.780977760914467 -4.133593482887521 8.359375
      vertex -21.57727616887107 -4.291987084354822 7.890625
    endloop
  endfacet
  facet normal -0.9700312531945438 -0.24298017990326434 0
    outer loop
      vertex -20.275748660499122 -6.150581113818423 8.3828125
      vertex -20.275748660499122 -6.150581113818423 8.7578125
      vertex -20.780977760914467 -4.133593482887521 8.359375
    endloop
  endfacet
  facet normal -0.9700312531945438 -0.24298017990326434 0
    outer loop
      vertex -20.780977760914467 -4.133593482887521 8.359375
      vertex -20.275748660499122 -6.150581113818423 8.7578125
      vertex -20.780977760914467 -4.133593482887521 8.734375
    endloop
  endfacet
  facet normal -0.9891765099647809 -0.14673047445536225 0
    outer loop
      vertex -20.780977760914467 -4.133593482887521 8.359375
      vertex -20.780977760914467 -4.133593482887521 8.734375
      vertex -21.08607468545421 -2.076797087064361 8.3359375
    endloop
  endfacet
  facet normal -0.49397707762594134 -0.0827733929812486 -0.8655259743037795
    outer loop
      vertex -21.57727616887107 -4.291987084354822 7.703125
      vertex -21.894063986788332 -2.156377087250333 7.6796875
      vertex -21.08607468545421 -2.076797087064361 7.2109375
    endloop
  endfacet
  facet normal -0.9891765099647809 -0.1467304744553622 0
    outer loop
      vertex -21.894063986788332 -2.156377087250333 7.6796875
      vertex -21.57727616887107 -4.291987084354822 7.890625
      vertex -21.894063986788332 -2.156377087250333 7.8671875
    endloop
  endfacet
  facet normal -0.49971165425490016 -0.03395659593252576 -0.8655259743037794
    outer loop
      vertex -21.894063986788332 -2.156377087250333 7.6796875
      vertex -22 0 7.65625
      vertex -21.18810118395209 0 7.1875
    endloop
  endfacet
  facet normal -0.5006337344832065 -0.015187221697590297 0.8655259743037793
    outer loop
      vertex -21.894063986788332 -2.156377087250333 7.8671875
      vertex -21.08607468545421 -2.076797087064361 8.3359375
      vertex -22 0 7.84375
    endloop
  endfacet
  facet normal -0.4960884371281046 -0.06372035945659874 0.865930700655957
    outer loop
      vertex -20.780977760914467 -4.133593482887521 8.359375
      vertex -21.08607468545421 -2.076797087064361 8.3359375
      vertex -21.894063986788332 -2.156377087250333 7.8671875
    endloop
  endfacet
  facet normal -0.9891765099647809 -0.14673047445536225 0
    outer loop
      vertex -21.08607468545421 -2.076797087064361 8.3359375
      vertex -20.780977760914467 -4.133593482887521 8.734375
      vertex -21.08607468545421 -2.076797087064361 8.7109375
    endloop
  endfacet
  facet normal -0.4999453231232779 -0.014788358551411276 0.8659307006559568
    outer loop
      vertex -21.08607468545421 -2.076797087064361 8.3359375
      vertex -21.18810118395209 0 8.3125
      vertex -22 0 7.84375
    endloop
  endfacet
  facet normal -0.9987954562051724 -0.049067674327417994 0
    outer loop
      vertex -21.08607468545421 -2.076797087064361 8.3359375
      vertex -21.08607468545421 -2.076797087064361 8.7109375
      vertex -21.18810118395209 0 8.3125
    endloop
  endfacet
  facet normal -0.9987954562051724 -0.049067674327417994 0
    outer loop
      vertex -21.08607468545421 -2.076797087064361 8.7109375
      vertex -21.18810118395209 0 8.6875
      vertex -21.18810118395209 0 8.3125
    endloop
  endfacet
  facet normal -0.9987954562051724 -0.04906767432741779 0
    outer loop
      vertex -21.894063986788332 -2.156377087250333 9.1796875
      vertex -21.894063986788332 -2.156377087250333 9.3671875
      vertex -22 0 9.15625
    endloop
  endfacet
  facet normal -0.9987954562051724 -0.04906767432741779 0
    outer loop
      vertex -21.894063986788332 -2.156377087250333 9.3671875
      vertex -22 0 9.34375
      vertex -22 0 9.15625
    endloop
  endfacet
  facet normal -0.4834852317041061 -0.13079303700702216 -0.8655259743037795
    outer loop
      vertex -21.052687386108595 -6.386262899598171 9.2265625
      vertex -21.57727616887107 -4.291987084354822 9.203125
      vertex -20.780977760914467 -4.133593482887521 8.734375
    endloop
  endfacet
  facet normal -0.4827106792465562 -0.13097488997060291 -0.8659307006559571
    outer loop
      vertex -20.275748660499122 -6.150581113818423 8.7578125
      vertex -21.052687386108595 -6.386262899598171 9.2265625
      vertex -20.780977760914467 -4.133593482887521 8.734375
    endloop
  endfacet
  facet normal -0.970031253194544 -0.24298017990326395 0
    outer loop
      vertex -21.052687386108595 -6.386262899598171 9.2265625
      vertex -21.052687386108595 -6.386262899598171 9.4140625
      vertex -21.57727616887107 -4.291987084354822 9.203125
    endloop
  endfacet
  facet normal -0.970031253194544 -0.24298017990326395 0
    outer loop
      vertex -21.052687386108595 -6.386262899598171 9.4140625
      vertex -21.57727616887107 -4.291987084354822 9.390625
      vertex -21.57727616887107 -4.291987084354822 9.203125
    endloop
  endfacet
  facet normal -0.4932240795576322 -0.08303028969002835 -0.8659307006559569
    outer loop
      vertex -20.780977760914467 -4.133593482887521 8.734375
      vertex -21.57727616887107 -4.291987084354822 9.203125
      vertex -21.08607468545421 -2.076797087064361 8.7109375
    endloop
  endfacet
  facet normal -0.9891765099647809 -0.1467304744553622 0
    outer loop
      vertex -21.57727616887107 -4.291987084354822 9.203125
      vertex -21.57727616887107 -4.291987084354822 9.390625
      vertex -21.894063986788332 -2.156377087250333 9.1796875
    endloop
  endfacet
  facet normal -0.48805131768291443 -0.11256419996368276 0.8655259743037798
    outer loop
      vertex -21.052687386108595 -6.386262899598171 9.4140625
      vertex -20.275748660499122 -6.150581113818423 9.8828125
      vertex -21.57727616887107 -4.291987084354822 9.390625
    endloop
  endfacet
  facet normal -0.970031253194544 -0.24298017990326437 0
    outer loop
      vertex -20.275748660499122 -6.150581113818423 9.8828125
      vertex -20.275748660499122 -6.150581113818423 10
      vertex -20.780977760914467 -4.133593482887521 9.859375
    endloop
  endfacet
  facet normal -0.4874539482938626 -0.11203869846712718 0.8659307006559569
    outer loop
      vertex -20.275748660499122 -6.150581113818423 9.8828125
      vertex -20.780977760914467 -4.133593482887521 9.859375
      vertex -21.57727616887107 -4.291987084354822 9.390625
    endloop
  endfacet
  facet normal -0.9700312531945438 -0.24298017990326432 0
    outer loop
      vertex -20.275748660499122 -6.150581113818423 10
      vertex -20.780977760914467 -4.133593482887521 10
      vertex -20.780977760914467 -4.133593482887521 9.859375
    endloop
  endfacet
  facet normal -0.4967344381742021 -0.06418477808057921 0.8655259743037794
    outer loop
      vertex -21.57727616887107 -4.291987084354822 9.390625
      vertex -20.780977760914467 -4.133593482887521 9.859375
      vertex -21.894063986788332 -2.156377087250333 9.3671875
    endloop
  endfacet
  facet normal -0.9891765099647809 -0.14673047445536225 0
    outer loop
      vertex -20.780977760914467 -4.133593482887521 9.859375
      vertex -20.780977760914467 -4.133593482887521 10
      vertex -21.08607468545421 -2.076797087064361 9.8359375
    endloop
  endfacet
  facet normal -0.49397707762594134 -0.0827733929812486 -0.8655259743037795
    outer loop
      vertex -21.57727616887107 -4.291987084354822 9.203125
      vertex -21.894063986788332 -2.156377087250333 9.1796875
      vertex -21.08607468545421 -2.076797087064361 8.7109375
    endloop
  endfacet
  facet normal -0.9891765099647809 -0.1467304744553622 0
    outer loop
      vertex -21.894063986788332 -2.156377087250333 9.1796875
      vertex -21.57727616887107 -4.291987084354822 9.390625
      vertex -21.894063986788332 -2.156377087250333 9.3671875
    endloop
  endfacet
  facet normal -0.4989874623588598 -0.034286062330765144 -0.8659307006559569
    outer loop
      vertex -21.08607468545421 -2.076797087064361 8.7109375
      vertex -21.894063986788332 -2.156377087250333 9.1796875
      vertex -21.18810118395209 0 8.6875
    endloop
  endfacet
  facet normal -0.49971165425490016 -0.03395659593252576 -0.8655259743037794
    outer loop
      vertex -21.894063986788332 -2.156377087250333 9.1796875
      vertex -22 0 9.15625
      vertex -21.18810118395209 0 8.6875
    endloop
  endfacet
  facet normal -0.4960884371281046 -0.06372035945659874 0.865930700655957
    outer loop
      vertex -20.780977760914467 -4.133593482887521 9.859375
      vertex -21.08607468545421 -2.076797087064361 9.8359375
      vertex -21.894063986788332 -2.156377087250333 9.3671875
    endloop
  endfacet
  facet normal -0.9891765099647809 -0.14673047445536225 0
    outer loop
      vertex -20.780977760914467 -4.133593482887521 10
      vertex -21.08607468545421 -2.076797087064361 10
      vertex -21.08607468545421 -2.076797087064361 9.8359375
    endloop
  endfacet
  facet normal -0.5006337344832065 -0.015187221697590297 0.8655259743037793
    outer loop
      vertex -21.894063986788332 -2.156377087250333 9.3671875
      vertex -21.08607468545421 -2.076797087064361 9.8359375
      vertex -22 0 9.34375
    endloop
  endfacet
  facet normal -0.4999453231232779 -0.014788358551411276 0.8659307006559568
    outer loop
      vertex -21.08607468545421 -2.076797087064361 9.8359375
      vertex -21.18810118395209 0 9.8125
      vertex -22 0 9.34375
    endloop
  endfacet
  facet normal -0.9987954562051723 -0.049067674327417994 0
    outer loop
      vertex -21.08607468545421 -2.076797087064361 9.8359375
      vertex -21.08607468545421 -2.076797087064361 10
      vertex -21.18810118395209 0 9.8125
    endloop
  endfacet
  facet normal -0.9987954562051724 -0.049067674327417994 0
    outer loop
      vertex -21.08607468545421 -2.076797087064361 10
      vertex -21.18810118395209 0 10
      vertex -21.18810118395209 0 9.8125
    endloop
  endfacet
  facet normal -0.8577286100002716 -0.5141027441932228 0
    outer loop
      vertex -18.292331470655995 -12.222545126431248 7.796875
      vertex -18.292331470655995 -12.222545126431248 7.984375
      vertex -19.402267815663812 -10.370728210171949 7.7734375
    endloop
  endfacet
  facet normal -0.434360329341171 -0.24939104254187483 0.8655259743037791
    outer loop
      vertex -18.292331470655995 -12.222545126431248 7.984375
      vertex -17.617262276847743 -11.77147831201117 8.453125
      vertex -19.402267815663812 -10.370728210171949 7.9609375
    endloop
  endfacet
  facet normal -0.40747337218339785 -0.29005081041599273 0.8659307006559567
    outer loop
      vertex -18.292331470655995 -12.222545126431248 7.984375
      vertex -16.37862370210235 -13.44158909527899 8.4765625
      vertex -17.617262276847743 -11.77147831201117 8.453125
    endloop
  endfacet
  facet normal -0.8577286100002715 -0.5141027441932228 0
    outer loop
      vertex -17.617262276847743 -11.77147831201117 8.453125
      vertex -17.617262276847743 -11.77147831201117 8.828125
      vertex -18.686236985291906 -9.988001757654073 8.4296875
    endloop
  endfacet
  facet normal -0.8032075314806452 -0.595699304492433 0
    outer loop
      vertex -17.617262276847743 -11.77147831201117 8.453125
      vertex -16.37862370210235 -13.44158909527899 8.8515625
      vertex -17.617262276847743 -11.77147831201117 8.828125
    endloop
  endfacet
  facet normal -0.4339412275097799 -0.24871476178303026 0.8659307006559567
    outer loop
      vertex -17.617262276847743 -11.77147831201117 8.453125
      vertex -18.686236985291906 -9.988001757654073 8.4296875
      vertex -19.402267815663812 -10.370728210171949 7.9609375
    endloop
  endfacet
  facet normal -0.8577286100002715 -0.5141027441932228 0
    outer loop
      vertex -17.617262276847743 -11.77147831201117 8.828125
      vertex -18.686236985291906 -9.988001757654073 8.8046875
      vertex -18.686236985291906 -9.988001757654073 8.4296875
    endloop
  endfacet
  facet normal -0.4239053157961674 -0.2654586689133275 -0.8659307006559567
    outer loop
      vertex -17.617262276847743 -11.77147831201117 8.828125
      vertex -18.292331470655995 -12.222545126431248 9.296875
      vertex -18.686236985291906 -9.988001757654073 8.8046875
    endloop
  endfacet
  facet normal -0.8577286100002716 -0.5141027441932228 0
    outer loop
      vertex -18.292331470655995 -12.222545126431248 9.296875
      vertex -18.292331470655995 -12.222545126431248 9.484375
      vertex -19.402267815663812 -10.370728210171949 9.2734375
    endloop
  endfacet
  facet normal -0.434360329341171 -0.24939104254187483 0.8655259743037791
    outer loop
      vertex -18.292331470655995 -12.222545126431248 9.484375
      vertex -17.617262276847743 -11.77147831201117 9.953125
      vertex -19.402267815663812 -10.370728210171949 9.4609375
    endloop
  endfacet
  facet normal -0.8577286100002715 -0.5141027441932228 0
    outer loop
      vertex -17.617262276847743 -11.77147831201117 9.953125
      vertex -17.617262276847743 -11.77147831201117 10
      vertex -18.686236985291906 -9.988001757654073 9.9296875
    endloop
  endfacet
  facet normal -0.40747337218339785 -0.29005081041599273 0.8659307006559567
    outer loop
      vertex -18.292331470655995 -12.222545126431248 9.484375
      vertex -16.37862370210235 -13.44158909527899 9.9765625
      vertex -17.617262276847743 -11.77147831201117 9.953125
    endloop
  endfacet
  facet normal -0.8032075314806452 -0.595699304492433 0
    outer loop
      vertex -17.617262276847743 -11.77147831201117 9.953125
      vertex -16.37862370210235 -13.44158909527899 10
      vertex -17.617262276847743 -11.77147831201117 10
    endloop
  endfacet
  facet normal -0.4339412275097799 -0.24871476178303026 0.8659307006559567
    outer loop
      vertex -17.617262276847743 -11.77147831201117 9.953125
      vertex -18.686236985291906 -9.988001757654073 9.9296875
      vertex -19.402267815663812 -10.370728210171949 9.4609375
    endloop
  endfacet
  facet normal -0.8577286100002716 -0.5141027441932228 0
    outer loop
      vertex -17.617262276847743 -11.77147831201117 10
      vertex -18.686236985291906 -9.988001757654073 10
      vertex -18.686236985291906 -9.988001757654073 9.9296875
    endloop
  endfacet
  facet normal 0 0 1
    outer loop
      vertex -19.575253016631496 -8.108335286373608 10
      vertex -18.686236985291906 -9.988001757654073 10
      vertex -2.309698831278217 -0.9567085809127245 10
    endloop
  endfacet
  facet normal 0 0 1
    outer loop
      vertex -17.617262276847743 -11.77147831201117 10
      vertex -2.204803160870888 -1.1784918420649941 10
      vertex -18.686236985291906 -9.988001757654073 10
    endloop
  endfacet
  facet normal 0 0 1
    outer loop
      vertex -19.575253016631496 -8.108335286373608 10
      vertex -2.392350839330522 -0.7257116931361558 10
      vertex -20.275748660499122 -6.150581113818423 10
    endloop
  endfacet
  facet normal 0 0 1
    outer loop
      vertex -20.275748660499122 -6.150581113818423 10
      vertex -2.451963201008076 -0.4877258050403206 10
      vertex -20.780977760914467 -4.133593482887521 10
    endloop
  endfacet
  facet normal 0 0 1
    outer loop
      vertex -20.780977760914467 -4.133593482887521 10
      vertex -2.4879618166804924 -0.2450428508239015 10
      vertex -21.08607468545421 -2.076797087064361 10
    endloop
  endfacet
  facet normal 0 0 1
    outer loop
      vertex -21.08607468545421 -2.076797087064361 10
      vertex -2.4879618166804924 -0.2450428508239015 10
      vertex -21.18810118395209 0 10
    endloop
  endfacet
  facet normal -0.26550948718746115 -0.4246993054137779 0.8655259743037791
    outer loop
      vertex -12.222545126431248 -18.292331470655995 5.078125
      vertex -10.370728210171949 -19.402267815663812 5.1015625
      vertex -9.988001757654073 -18.686236985291906 5.5703125
    endloop
  endfacet
  facet normal -0.4275550934302811 -0.9039892931234438 0
    outer loop
      vertex -10.370728210171949 -19.402267815663812 4.9140625
      vertex -8.419035512031975 -20.325349715248308 5.125
      vertex -10.370728210171949 -19.402267815663812 5.1015625
    endloop
  endfacet
  facet normal -0.22263042604043418 -0.44788359543807665 0.8659307006559567
    outer loop
      vertex -10.370728210171949 -19.402267815663812 5.1015625
      vertex -8.108335286373608 -19.575253016631496 5.59375
      vertex -9.988001757654073 -18.686236985291906 5.5703125
    endloop
  endfacet
  facet normal -0.22260317501891833 -0.44867874284056564 0.8655259743037794
    outer loop
      vertex -10.370728210171949 -19.402267815663812 5.1015625
      vertex -8.419035512031975 -20.325349715248308 5.125
      vertex -8.108335286373608 -19.575253016631496 5.59375
    endloop
  endfacet
  facet normal -0.3368898533922201 -0.9415440651830208 0
    outer loop
      vertex -8.419035512031975 -20.325349715248308 4.9375
      vertex -6.386262899598171 -21.052687386108595 5.1484375
      vertex -8.419035512031975 -20.325349715248308 5.125
    endloop
  endfacet
  facet normal -0.3368898533922201 -0.9415440651830208 0
    outer loop
      vertex -8.419035512031975 -20.325349715248308 4.9375
      vertex -6.386262899598171 -21.052687386108595 4.9609375
      vertex -6.386262899598171 -21.052687386108595 5.1484375
    endloop
  endfacet
  facet normal -0.17755307258767122 -0.4683371587010475 0.8655259743037796
    outer loop
      vertex -8.419035512031975 -20.325349715248308 5.125
      vertex -6.386262899598171 -21.052687386108595 5.1484375
      vertex -6.150581113818423 -20.275748660499122 5.6171875
    endloop
  endfacet
  facet normal -0.17765813046260243 -0.4675485112178379 0.8659307006559568
    outer loop
      vertex -8.419035512031975 -20.325349715248308 5.125
      vertex -6.150581113818423 -20.275748660499122 5.6171875
      vertex -8.108335286373608 -19.575253016631496 5.59375
    endloop
  endfacet
  facet normal -0.4275550934302808 -0.9039892931234439 0
    outer loop
      vertex -9.988001757654073 -18.686236985291906 5.5703125
      vertex -8.108335286373608 -19.575253016631496 5.59375
      vertex -8.108335286373608 -19.575253016631496 5.96875
    endloop
  endfacet
  facet normal -0.4275550934302808 -0.9039892931234439 0
    outer loop
      vertex -9.988001757654073 -18.686236985291906 5.5703125
      vertex -8.108335286373608 -19.575253016631496 5.96875
      vertex -9.988001757654073 -18.686236985291906 5.9453125
    endloop
  endfacet
  facet normal -0.2049834540327763 -0.45622999159883865 -0.8659307006559568
    outer loop
      vertex -9.988001757654073 -18.686236985291906 5.9453125
      vertex -8.108335286373608 -19.575253016631496 5.96875
      vertex -8.419035512031975 -20.325349715248308 6.4375
    endloop
  endfacet
  facet normal -0.1592780435648339 -0.4741250114681169 -0.8659307006559571
    outer loop
      vertex -8.108335286373608 -19.575253016631496 5.96875
      vertex -6.150581113818423 -20.275748660499122 5.9921875
      vertex -6.386262899598171 -21.052687386108595 6.4609375
    endloop
  endfacet
  facet normal -0.3368898533922195 -0.9415440651830209 0
    outer loop
      vertex -8.108335286373608 -19.575253016631496 5.59375
      vertex -6.150581113818423 -20.275748660499122 5.9921875
      vertex -8.108335286373608 -19.575253016631496 5.96875
    endloop
  endfacet
  facet normal -0.3368898533922195 -0.9415440651830209 0
    outer loop
      vertex -8.108335286373608 -19.575253016631496 5.59375
      vertex -6.150581113818423 -20.275748660499122 5.6171875
      vertex -6.150581113818423 -20.275748660499122 5.9921875
    endloop
  endfacet
  facet normal -0.5141027441932228 -0.8577286100002716 0
    outer loop
      vertex -12.222545126431248 -18.292331470655995 6.390625
      vertex -10.370728210171949 -19.402267815663812 6.4140625
      vertex -10.370728210171949 -19.402267815663812 6.6015625
    endloop
  endfacet
  facet normal -0.4275550934302811 -0.9039892931234438 0
    outer loop
      vertex -10.370728210171949 -19.402267815663812 6.4140625
      vertex -8.419035512031975 -20.325349715248308 6.625
      vertex -10.370728210171949 -19.402267815663812 6.6015625
    endloop
  endfacet
  facet normal -0.20561539915190122 -0.4567133624464016 -0.8655259743037791
    outer loop
      vertex -9.988001757654073 -18.686236985291906 5.9453125
      vertex -8.419035512031975 -20.325349715248308 6.4375
      vertex -10.370728210171949 -19.402267815663812 6.4140625
    endloop
  endfacet
  facet normal -0.26550948718746115 -0.4246993054137779 0.8655259743037791
    outer loop
      vertex -12.222545126431248 -18.292331470655995 6.578125
      vertex -10.370728210171949 -19.402267815663812 6.6015625
      vertex -9.988001757654073 -18.686236985291906 7.0703125
    endloop
  endfacet
  facet normal -0.22263042604043418 -0.44788359543807665 0.8659307006559567
    outer loop
      vertex -10.370728210171949 -19.402267815663812 6.6015625
      vertex -8.108335286373608 -19.575253016631496 7.09375
      vertex -9.988001757654073 -18.686236985291906 7.0703125
    endloop
  endfacet
  facet normal -0.4275550934302811 -0.9039892931234438 0
    outer loop
      vertex -10.370728210171949 -19.402267815663812 6.4140625
      vertex -8.419035512031975 -20.325349715248308 6.4375
      vertex -8.419035512031975 -20.325349715248308 6.625
    endloop
  endfacet
  facet normal -0.22260317501891833 -0.44867874284056564 0.8655259743037794
    outer loop
      vertex -10.370728210171949 -19.402267815663812 6.6015625
      vertex -8.419035512031975 -20.325349715248308 6.625
      vertex -8.108335286373608 -19.575253016631496 7.09375
    endloop
  endfacet
  facet normal -0.15985956706728555 -0.4746679962063523 -0.8655259743037794
    outer loop
      vertex -8.108335286373608 -19.575253016631496 5.96875
      vertex -6.386262899598171 -21.052687386108595 6.4609375
      vertex -8.419035512031975 -20.325349715248308 6.4375
    endloop
  endfacet
  facet normal -0.3368898533922201 -0.9415440651830208 0
    outer loop
      vertex -8.419035512031975 -20.325349715248308 6.4375
      vertex -6.386262899598171 -21.052687386108595 6.4609375
      vertex -6.386262899598171 -21.052687386108595 6.6484375
    endloop
  endfacet
  facet normal -0.3368898533922201 -0.9415440651830208 0
    outer loop
      vertex -8.419035512031975 -20.325349715248308 6.4375
      vertex -6.386262899598171 -21.052687386108595 6.6484375
      vertex -8.419035512031975 -20.325349715248308 6.625
    endloop
  endfacet
  facet normal -0.17755307258767122 -0.4683371587010475 0.8655259743037796
    outer loop
      vertex -8.419035512031975 -20.325349715248308 6.625
      vertex -6.386262899598171 -21.052687386108595 6.6484375
      vertex -6.150581113818423 -20.275748660499122 7.1171875
    endloop
  endfacet
  facet normal -0.4275550934302808 -0.9039892931234439 0
    outer loop
      vertex -9.988001757654073 -18.686236985291906 7.0703125
      vertex -8.108335286373608 -19.575253016631496 7.46875
      vertex -9.988001757654073 -18.686236985291906 7.4453125
    endloop
  endfacet
  facet normal -0.4275550934302808 -0.9039892931234439 0
    outer loop
      vertex -9.988001757654073 -18.686236985291906 7.0703125
      vertex -8.108335286373608 -19.575253016631496 7.09375
      vertex -8.108335286373608 -19.575253016631496 7.46875
    endloop
  endfacet
  facet normal -0.17765813046260243 -0.4675485112178379 0.8659307006559568
    outer loop
      vertex -8.419035512031975 -20.325349715248308 6.625
      vertex -6.150581113818423 -20.275748660499122 7.1171875
      vertex -8.108335286373608 -19.575253016631496 7.09375
    endloop
  endfacet
  facet normal -0.3368898533922195 -0.9415440651830209 0
    outer loop
      vertex -8.108335286373608 -19.575253016631496 7.09375
      vertex -6.150581113818423 -20.275748660499122 7.4921875
      vertex -8.108335286373608 -19.575253016631496 7.46875
    endloop
  endfacet
  facet normal -0.3368898533922195 -0.9415440651830209 0
    outer loop
      vertex -8.108335286373608 -19.575253016631496 7.09375
      vertex -6.150581113818423 -20.275748660499122 7.1171875
      vertex -6.150581113818423 -20.275748660499122 7.4921875
    endloop
  endfacet
  facet normal -0.5141027441932228 -0.8577286100002716 0
    outer loop
      vertex -12.222545126431248 -18.292331470655995 4.890625
      vertex -10.370728210171949 -19.402267815663812 5.1015625
      vertex -12.222545126431248 -18.292331470655995 5.078125
    endloop
  endfacet
  facet normal -0.2654586689133274 -0.42390531579616736 0.8659307006559567
    outer loop
      vertex -12.222545126431248 -18.292331470655995 5.078125
      vertex -9.988001757654073 -18.686236985291906 5.5703125
      vertex -11.77147831201117 -17.617262276847743 5.546875
    endloop
  endfacet
  facet normal -0.595699304492433 -0.8032075314806452 0
    outer loop
      vertex -11.77147831201117 -17.617262276847743 5.546875
      vertex -11.77147831201117 -17.617262276847743 5.921875
      vertex -13.44158909527899 -16.37862370210235 5.5234375
    endloop
  endfacet
  facet normal -0.5141027441932228 -0.8577286100002715 0
    outer loop
      vertex -11.77147831201117 -17.617262276847743 5.546875
      vertex -9.988001757654073 -18.686236985291906 5.9453125
      vertex -11.77147831201117 -17.617262276847743 5.921875
    endloop
  endfacet
  facet normal -0.29005081041599273 -0.40747337218339785 -0.8659307006559567
    outer loop
      vertex -11.77147831201117 -17.617262276847743 5.921875
      vertex -12.222545126431248 -18.292331470655995 6.390625
      vertex -13.44158909527899 -16.37862370210235 5.8984375
    endloop
  endfacet
  facet normal -0.24939104254187483 -0.434360329341171 -0.8655259743037791
    outer loop
      vertex -11.77147831201117 -17.617262276847743 5.921875
      vertex -10.370728210171949 -19.402267815663812 6.4140625
      vertex -12.222545126431248 -18.292331470655995 6.390625
    endloop
  endfacet
  facet normal -0.5141027441932228 -0.8577286100002715 0
    outer loop
      vertex -11.77147831201117 -17.617262276847743 5.546875
      vertex -9.988001757654073 -18.686236985291906 5.5703125
      vertex -9.988001757654073 -18.686236985291906 5.9453125
    endloop
  endfacet
  facet normal -0.24871476178303026 -0.4339412275097799 -0.8659307006559567
    outer loop
      vertex -11.77147831201117 -17.617262276847743 5.921875
      vertex -9.988001757654073 -18.686236985291906 5.9453125
      vertex -10.370728210171949 -19.402267815663812 6.4140625
    endloop
  endfacet
  facet normal -0.5141027441932228 -0.8577286100002716 0
    outer loop
      vertex -12.222545126431248 -18.292331470655995 6.390625
      vertex -10.370728210171949 -19.402267815663812 6.6015625
      vertex -12.222545126431248 -18.292331470655995 6.578125
    endloop
  endfacet
  facet normal -0.595699304492433 -0.8032075314806452 0
    outer loop
      vertex -11.77147831201117 -17.617262276847743 7.046875
      vertex -11.77147831201117 -17.617262276847743 7.421875
      vertex -13.44158909527899 -16.37862370210235 7.0234375
    endloop
  endfacet
  facet normal -0.2654586689133274 -0.42390531579616736 0.8659307006559567
    outer loop
      vertex -12.222545126431248 -18.292331470655995 6.578125
      vertex -9.988001757654073 -18.686236985291906 7.0703125
      vertex -11.77147831201117 -17.617262276847743 7.046875
    endloop
  endfacet
  facet normal -0.5141027441932228 -0.8577286100002715 0
    outer loop
      vertex -11.77147831201117 -17.617262276847743 7.046875
      vertex -9.988001757654073 -18.686236985291906 7.4453125
      vertex -11.77147831201117 -17.617262276847743 7.421875
    endloop
  endfacet
  facet normal -0.5141027441932228 -0.8577286100002715 0
    outer loop
      vertex -11.77147831201117 -17.617262276847743 7.046875
      vertex -9.988001757654073 -18.686236985291906 7.0703125
      vertex -9.988001757654073 -18.686236985291906 7.4453125
    endloop
  endfacet
  facet normal -0.24298017990326395 -0.970031253194544 0
    outer loop
      vertex -6.386262899598171 -21.052687386108595 4.9609375
      vertex -4.291987084354822 -21.57727616887107 5.171875
      vertex -6.386262899598171 -21.052687386108595 5.1484375
    endloop
  endfacet
  facet normal -0.24298017990326395 -0.970031253194544 0
    outer loop
      vertex -6.386262899598171 -21.052687386108595 4.9609375
      vertex -4.291987084354822 -21.57727616887107 4.984375
      vertex -4.291987084354822 -21.57727616887107 5.171875
    endloop
  endfacet
  facet normal -0.13097488997060291 -0.48271067924655614 0.8659307006559571
    outer loop
      vertex -6.386262899598171 -21.052687386108595 5.1484375
      vertex -4.133593482887521 -20.780977760914467 5.640625
      vertex -6.150581113818423 -20.275748660499122 5.6171875
    endloop
  endfacet
  facet normal -0.13079303700702216 -0.4834852317041061 0.8655259743037795
    outer loop
      vertex -6.386262899598171 -21.052687386108595 5.1484375
      vertex -4.291987084354822 -21.57727616887107 5.171875
      vertex -4.133593482887521 -20.780977760914467 5.640625
    endloop
  endfacet
  facet normal -0.1467304744553622 -0.9891765099647809 0
    outer loop
      vertex -4.291987084354822 -21.57727616887107 4.984375
      vertex -2.156377087250333 -21.894063986788332 5.1953125
      vertex -4.291987084354822 -21.57727616887107 5.171875
    endloop
  endfacet
  facet normal -0.08303028969002836 -0.4932240795576322 0.8659307006559569
    outer loop
      vertex -4.291987084354822 -21.57727616887107 5.171875
      vertex -2.076797087064361 -21.08607468545421 5.6640625
      vertex -4.133593482887521 -20.780977760914467 5.640625
    endloop
  endfacet
  facet normal -0.24298017990326434 -0.9700312531945438 0
    outer loop
      vertex -6.150581113818423 -20.275748660499122 5.6171875
      vertex -4.133593482887521 -20.780977760914467 6.015625
      vertex -6.150581113818423 -20.275748660499122 5.9921875
    endloop
  endfacet
  facet normal -0.24298017990326434 -0.9700312531945438 0
    outer loop
      vertex -6.150581113818423 -20.275748660499122 5.6171875
      vertex -4.133593482887521 -20.780977760914467 5.640625
      vertex -4.133593482887521 -20.780977760914467 6.015625
    endloop
  endfacet
  facet normal -0.11203869846712718 -0.4874539482938626 -0.8659307006559569
    outer loop
      vertex -6.150581113818423 -20.275748660499122 5.9921875
      vertex -4.133593482887521 -20.780977760914467 6.015625
      vertex -4.291987084354822 -21.57727616887107 6.484375
    endloop
  endfacet
  facet normal -0.14673047445536225 -0.9891765099647809 0
    outer loop
      vertex -4.133593482887521 -20.780977760914467 5.640625
      vertex -2.076797087064361 -21.08607468545421 6.0390625
      vertex -4.133593482887521 -20.780977760914467 6.015625
    endloop
  endfacet
  facet normal -0.04906767432741779 -0.9987954562051724 0
    outer loop
      vertex -2.156377087250333 -21.894063986788332 5.0078125
      vertex 0 -22 5.21875
      vertex -2.156377087250333 -21.894063986788332 5.1953125
    endloop
  endfacet
  facet normal -0.04906767432741779 -0.9987954562051724 0
    outer loop
      vertex -2.156377087250333 -21.894063986788332 5.0078125
      vertex 0 -22 5.03125
      vertex 0 -22 5.21875
    endloop
  endfacet
  facet normal -0.1467304744553622 -0.9891765099647809 0
    outer loop
      vertex -4.291987084354822 -21.57727616887107 4.984375
      vertex -2.156377087250333 -21.894063986788332 5.0078125
      vertex -2.156377087250333 -21.894063986788332 5.1953125
    endloop
  endfacet
  facet normal -0.0827733929812486 -0.49397707762594134 0.8655259743037795
    outer loop
      vertex -4.291987084354822 -21.57727616887107 5.171875
      vertex -2.156377087250333 -21.894063986788332 5.1953125
      vertex -2.076797087064361 -21.08607468545421 5.6640625
    endloop
  endfacet
  facet normal -0.03428606233076516 -0.49898746235885977 0.8659307006559569
    outer loop
      vertex -2.156377087250333 -21.894063986788332 5.1953125
      vertex 0 -21.18810118395209 5.6875
      vertex -2.076797087064361 -21.08607468545421 5.6640625
    endloop
  endfacet
  facet normal -0.03395659593252576 -0.49971165425490016 0.8655259743037794
    outer loop
      vertex -2.156377087250333 -21.894063986788332 5.1953125
      vertex 0 -22 5.21875
      vertex 0 -21.18810118395209 5.6875
    endloop
  endfacet
  facet normal -0.14673047445536225 -0.9891765099647809 0
    outer loop
      vertex -4.133593482887521 -20.780977760914467 5.640625
      vertex -2.076797087064361 -21.08607468545421 5.6640625
      vertex -2.076797087064361 -21.08607468545421 6.0390625
    endloop
  endfacet
  facet normal -0.06372035945659874 -0.4960884371281046 -0.865930700655957
    outer loop
      vertex -4.133593482887521 -20.780977760914467 6.015625
      vertex -2.076797087064361 -21.08607468545421 6.0390625
      vertex -2.156377087250333 -21.894063986788332 6.5078125
    endloop
  endfacet
  facet normal -0.049067674327417994 -0.9987954562051724 0
    outer loop
      vertex -2.076797087064361 -21.08607468545421 5.6640625
      vertex 0 -21.18810118395209 6.0625
      vertex -2.076797087064361 -21.08607468545421 6.0390625
    endloop
  endfacet
  facet normal -0.049067674327417994 -0.9987954562051724 0
    outer loop
      vertex -2.076797087064361 -21.08607468545421 5.6640625
      vertex 0 -21.18810118395209 5.6875
      vertex 0 -21.18810118395209 6.0625
    endloop
  endfacet
  facet normal -0.014788358551411276 -0.4999453231232779 -0.8659307006559568
    outer loop
      vertex -2.076797087064361 -21.08607468545421 6.0390625
      vertex 0 -21.18810118395209 6.0625
      vertex 0 -22 6.53125
    endloop
  endfacet
  facet normal -0.11256419996368275 -0.48805131768291443 -0.8655259743037798
    outer loop
      vertex -6.150581113818423 -20.275748660499122 5.9921875
      vertex -4.291987084354822 -21.57727616887107 6.484375
      vertex -6.386262899598171 -21.052687386108595 6.4609375
    endloop
  endfacet
  facet normal -0.24298017990326395 -0.970031253194544 0
    outer loop
      vertex -6.386262899598171 -21.052687386108595 6.4609375
      vertex -4.291987084354822 -21.57727616887107 6.484375
      vertex -4.291987084354822 -21.57727616887107 6.671875
    endloop
  endfacet
  facet normal -0.24298017990326395 -0.970031253194544 0
    outer loop
      vertex -6.386262899598171 -21.052687386108595 6.4609375
      vertex -4.291987084354822 -21.57727616887107 6.671875
      vertex -6.386262899598171 -21.052687386108595 6.6484375
    endloop
  endfacet
  facet normal -0.13079303700702216 -0.4834852317041061 0.8655259743037795
    outer loop
      vertex -6.386262899598171 -21.052687386108595 6.6484375
      vertex -4.291987084354822 -21.57727616887107 6.671875
      vertex -4.133593482887521 -20.780977760914467 7.140625
    endloop
  endfacet
  facet normal -0.0641847780805792 -0.4967344381742021 -0.8655259743037794
    outer loop
      vertex -4.133593482887521 -20.780977760914467 6.015625
      vertex -2.156377087250333 -21.894063986788332 6.5078125
      vertex -4.291987084354822 -21.57727616887107 6.484375
    endloop
  endfacet
  facet normal -0.1467304744553622 -0.9891765099647809 0
    outer loop
      vertex -4.291987084354822 -21.57727616887107 6.484375
      vertex -2.156377087250333 -21.894063986788332 6.6953125
      vertex -4.291987084354822 -21.57727616887107 6.671875
    endloop
  endfacet
  facet normal -0.13097488997060291 -0.48271067924655614 0.8659307006559571
    outer loop
      vertex -6.386262899598171 -21.052687386108595 6.6484375
      vertex -4.133593482887521 -20.780977760914467 7.140625
      vertex -6.150581113818423 -20.275748660499122 7.1171875
    endloop
  endfacet
  facet normal -0.24298017990326434 -0.9700312531945438 0
    outer loop
      vertex -6.150581113818423 -20.275748660499122 7.1171875
      vertex -4.133593482887521 -20.780977760914467 7.515625
      vertex -6.150581113818423 -20.275748660499122 7.4921875
    endloop
  endfacet
  facet normal -0.24298017990326434 -0.9700312531945438 0
    outer loop
      vertex -6.150581113818423 -20.275748660499122 7.1171875
      vertex -4.133593482887521 -20.780977760914467 7.140625
      vertex -4.133593482887521 -20.780977760914467 7.515625
    endloop
  endfacet
  facet normal -0.08303028969002836 -0.4932240795576322 0.8659307006559569
    outer loop
      vertex -4.291987084354822 -21.57727616887107 6.671875
      vertex -2.076797087064361 -21.08607468545421 7.1640625
      vertex -4.133593482887521 -20.780977760914467 7.140625
    endloop
  endfacet
  facet normal -0.14673047445536225 -0.9891765099647809 0
    outer loop
      vertex -4.133593482887521 -20.780977760914467 7.140625
      vertex -2.076797087064361 -21.08607468545421 7.5390625
      vertex -4.133593482887521 -20.780977760914467 7.515625
    endloop
  endfacet
  facet normal -0.04906767432741779 -0.9987954562051724 0
    outer loop
      vertex -2.156377087250333 -21.894063986788332 6.5078125
      vertex 0 -22 6.71875
      vertex -2.156377087250333 -21.894063986788332 6.6953125
    endloop
  endfacet
  facet normal -0.04906767432741779 -0.9987954562051724 0
    outer loop
      vertex -2.156377087250333 -21.894063986788332 6.5078125
      vertex 0 -22 6.53125
      vertex 0 -22 6.71875
    endloop
  endfacet
  facet normal -0.1467304744553622 -0.9891765099647809 0
    outer loop
      vertex -4.291987084354822 -21.57727616887107 6.484375
      vertex -2.156377087250333 -21.894063986788332 6.5078125
      vertex -2.156377087250333 -21.894063986788332 6.6953125
    endloop
  endfacet
  facet normal -0.0827733929812486 -0.49397707762594134 0.8655259743037795
    outer loop
      vertex -4.291987084354822 -21.57727616887107 6.671875
      vertex -2.156377087250333 -21.894063986788332 6.6953125
      vertex -2.076797087064361 -21.08607468545421 7.1640625
    endloop
  endfacet
  facet normal -0.015187221697590283 -0.5006337344832065 -0.8655259743037793
    outer loop
      vertex -2.076797087064361 -21.08607468545421 6.0390625
      vertex 0 -22 6.53125
      vertex -2.156377087250333 -21.894063986788332 6.5078125
    endloop
  endfacet
  facet normal -0.03395659593252576 -0.49971165425490016 0.8655259743037794
    outer loop
      vertex -2.156377087250333 -21.894063986788332 6.6953125
      vertex 0 -22 6.71875
      vertex 0 -21.18810118395209 7.1875
    endloop
  endfacet
  facet normal -0.14673047445536225 -0.9891765099647809 0
    outer loop
      vertex -4.133593482887521 -20.780977760914467 7.140625
      vertex -2.076797087064361 -21.08607468545421 7.1640625
      vertex -2.076797087064361 -21.08607468545421 7.5390625
    endloop
  endfacet
  facet normal -0.03428606233076516 -0.49898746235885977 0.8659307006559569
    outer loop
      vertex -2.156377087250333 -21.894063986788332 6.6953125
      vertex 0 -21.18810118395209 7.1875
      vertex -2.076797087064361 -21.08607468545421 7.1640625
    endloop
  endfacet
  facet normal -0.049067674327417994 -0.9987954562051724 0
    outer loop
      vertex -2.076797087064361 -21.08607468545421 7.1640625
      vertex 0 -21.18810118395209 7.5625
      vertex -2.076797087064361 -21.08607468545421 7.5390625
    endloop
  endfacet
  facet normal -0.049067674327417994 -0.9987954562051724 0
    outer loop
      vertex -2.076797087064361 -21.08607468545421 7.1640625
      vertex 0 -21.18810118395209 7.1875
      vertex 0 -21.18810118395209 7.5625
    endloop
  endfacet
  facet normal -0.5141027441932228 -0.8577286100002716 0
    outer loop
      vertex -12.222545126431248 -18.292331470655995 7.890625
      vertex -10.370728210171949 -19.402267815663812 7.9140625
      vertex -10.370728210171949 -19.402267815663812 8.1015625
    endloop
  endfacet
  facet normal -0.20561539915190122 -0.4567133624464016 -0.8655259743037791
    outer loop
      vertex -9.988001757654073 -18.686236985291906 7.4453125
      vertex -8.419035512031975 -20.325349715248308 7.9375
      vertex -10.370728210171949 -19.402267815663812 7.9140625
    endloop
  endfacet
  facet normal -0.4275550934302811 -0.9039892931234438 0
    outer loop
      vertex -10.370728210171949 -19.402267815663812 7.9140625
      vertex -8.419035512031975 -20.325349715248308 8.125
      vertex -10.370728210171949 -19.402267815663812 8.1015625
    endloop
  endfacet
  facet normal -0.26550948718746115 -0.4246993054137779 0.8655259743037791
    outer loop
      vertex -12.222545126431248 -18.292331470655995 8.078125
      vertex -10.370728210171949 -19.402267815663812 8.1015625
      vertex -9.988001757654073 -18.686236985291906 8.5703125
    endloop
  endfacet
  facet normal -0.22263042604043418 -0.44788359543807665 0.8659307006559567
    outer loop
      vertex -10.370728210171949 -19.402267815663812 8.1015625
      vertex -8.108335286373608 -19.575253016631496 8.59375
      vertex -9.988001757654073 -18.686236985291906 8.5703125
    endloop
  endfacet
  facet normal -0.2049834540327763 -0.45622999159883865 -0.8659307006559568
    outer loop
      vertex -9.988001757654073 -18.686236985291906 7.4453125
      vertex -8.108335286373608 -19.575253016631496 7.46875
      vertex -8.419035512031975 -20.325349715248308 7.9375
    endloop
  endfacet
  facet normal -0.4275550934302811 -0.9039892931234438 0
    outer loop
      vertex -10.370728210171949 -19.402267815663812 7.9140625
      vertex -8.419035512031975 -20.325349715248308 7.9375
      vertex -8.419035512031975 -20.325349715248308 8.125
    endloop
  endfacet
  facet normal -0.15985956706728555 -0.4746679962063523 -0.8655259743037794
    outer loop
      vertex -8.108335286373608 -19.575253016631496 7.46875
      vertex -6.386262899598171 -21.052687386108595 7.9609375
      vertex -8.419035512031975 -20.325349715248308 7.9375
    endloop
  endfacet
  facet normal -0.1592780435648339 -0.4741250114681169 -0.8659307006559571
    outer loop
      vertex -8.108335286373608 -19.575253016631496 7.46875
      vertex -6.150581113818423 -20.275748660499122 7.4921875
      vertex -6.386262899598171 -21.052687386108595 7.9609375
    endloop
  endfacet
  facet normal -0.3368898533922201 -0.9415440651830208 0
    outer loop
      vertex -8.419035512031975 -20.325349715248308 7.9375
      vertex -6.386262899598171 -21.052687386108595 8.1484375
      vertex -8.419035512031975 -20.325349715248308 8.125
    endloop
  endfacet
  facet normal -0.3368898533922201 -0.9415440651830208 0
    outer loop
      vertex -8.419035512031975 -20.325349715248308 7.9375
      vertex -6.386262899598171 -21.052687386108595 7.9609375
      vertex -6.386262899598171 -21.052687386108595 8.1484375
    endloop
  endfacet
  facet normal -0.22260317501891833 -0.44867874284056564 0.8655259743037794
    outer loop
      vertex -10.370728210171949 -19.402267815663812 8.1015625
      vertex -8.419035512031975 -20.325349715248308 8.125
      vertex -8.108335286373608 -19.575253016631496 8.59375
    endloop
  endfacet
  facet normal -0.17755307258767122 -0.4683371587010475 0.8655259743037796
    outer loop
      vertex -8.419035512031975 -20.325349715248308 8.125
      vertex -6.386262899598171 -21.052687386108595 8.1484375
      vertex -6.150581113818423 -20.275748660499122 8.6171875
    endloop
  endfacet
  facet normal -0.17765813046260243 -0.4675485112178379 0.8659307006559568
    outer loop
      vertex -8.419035512031975 -20.325349715248308 8.125
      vertex -6.150581113818423 -20.275748660499122 8.6171875
      vertex -8.108335286373608 -19.575253016631496 8.59375
    endloop
  endfacet
  facet normal -0.42755509343028075 -0.9039892931234439 0
    outer loop
      vertex -9.988001757654073 -18.686236985291906 8.5703125
      vertex -8.108335286373608 -19.575253016631496 8.59375
      vertex -8.108335286373608 -19.575253016631496 9.36953125
    endloop
  endfacet
  facet normal -0.4275550934302808 -0.9039892931234439 0
    outer loop
      vertex -9.988001757654073 -18.686236985291906 8.5703125
      vertex -8.108335286373608 -19.575253016631496 9.36953125
      vertex -9.988001757654073 -18.686236985291906 9.34609375
    endloop
  endfacet
  facet normal -0.3368898533922195 -0.941544065183021 0
    outer loop
      vertex -8.108335286373608 -19.575253016631496 8.59375
      vertex -6.150581113818423 -20.275748660499122 8.6171875
      vertex -6.150581113818423 -20.275748660499122 9.39296875
    endloop
  endfacet
  facet normal -0.33688985339221955 -0.941544065183021 0
    outer loop
      vertex -8.108335286373608 -19.575253016631496 8.59375
      vertex -6.150581113818423 -20.275748660499122 9.39296875
      vertex -8.108335286373608 -19.575253016631496 9.36953125
    endloop
  endfacet
  facet normal -0.4275550934302808 -0.903989293123444 0
    outer loop
      vertex -9.988001757654073 -18.686236985291906 9.34609375
      vertex -8.108335286373608 -19.575253016631496 9.504296875
      vertex -9.988001757654073 -18.686236985291906 9.480859375
    endloop
  endfacet
  facet normal -0.42755509343028086 -0.9039892931234439 0
    outer loop
      vertex -9.988001757654073 -18.686236985291906 9.480859375
      vertex -8.108335286373608 -19.575253016631496 9.558203125
      vertex -9.988001757654073 -18.686236985291906 9.534765625
    endloop
  endfacet
  facet normal -0.4275550934302808 -0.903989293123444 0
    outer loop
      vertex -9.988001757654073 -18.686236985291906 9.34609375
      vertex -8.108335286373608 -19.575253016631496 9.36953125
      vertex -8.108335286373608 -19.575253016631496 9.504296875
    endloop
  endfacet
  facet normal -0.42755509343028075 -0.9039892931234439 0
    outer loop
      vertex -9.988001757654073 -18.686236985291906 9.480859375
      vertex -8.108335286373608 -19.575253016631496 9.504296875
      vertex -8.108335286373608 -19.575253016631496 9.558203125
    endloop
  endfacet
  facet normal -0.4275550934302808 -0.903989293123444 0
    outer loop
      vertex -9.988001757654073 -18.686236985291906 9.534765625
      vertex -8.108335286373608 -19.575253016631496 9.69296875
      vertex -9.988001757654073 -18.686236985291906 9.66953125
    endloop
  endfacet
  facet normal -0.4275550934302808 -0.903989293123444 0
    outer loop
      vertex -9.988001757654073 -18.686236985291906 9.534765625
      vertex -8.108335286373608 -19.575253016631496 9.558203125
      vertex -8.108335286373608 -19.575253016631496 9.69296875
    endloop
  endfacet
  facet normal -0.42755509343028086 -0.9039892931234439 0
    outer loop
      vertex -9.988001757654073 -18.686236985291906 9.66953125
      vertex -8.108335286373608 -19.575253016631496 9.69296875
      vertex -8.108335286373608 -19.575253016631496 10
    endloop
  endfacet
  facet normal -0.4275550934302808 -0.9039892931234439 0
    outer loop
      vertex -9.988001757654073 -18.686236985291906 9.66953125
      vertex -8.108335286373608 -19.575253016631496 10
      vertex -9.988001757654073 -18.686236985291906 10
    endloop
  endfacet
  facet normal -0.33688985339221955 -0.9415440651830209 0
    outer loop
      vertex -8.108335286373608 -19.575253016631496 9.36953125
      vertex -6.150581113818423 -20.275748660499122 9.527734375
      vertex -8.108335286373608 -19.575253016631496 9.504296875
    endloop
  endfacet
  facet normal -0.33688985339221955 -0.941544065183021 0
    outer loop
      vertex -8.108335286373608 -19.575253016631496 9.504296875
      vertex -6.150581113818423 -20.275748660499122 9.581640625
      vertex -8.108335286373608 -19.575253016631496 9.558203125
    endloop
  endfacet
  facet normal -0.33688985339221955 -0.9415440651830209 0
    outer loop
      vertex -8.108335286373608 -19.575253016631496 9.558203125
      vertex -6.150581113818423 -20.275748660499122 9.71640625
      vertex -8.108335286373608 -19.575253016631496 9.69296875
    endloop
  endfacet
  facet normal -0.33688985339221944 -0.9415440651830209 0
    outer loop
      vertex -8.108335286373608 -19.575253016631496 9.36953125
      vertex -6.150581113818423 -20.275748660499122 9.39296875
      vertex -6.150581113818423 -20.275748660499122 9.527734375
    endloop
  endfacet
  facet normal -0.33688985339221955 -0.941544065183021 0
    outer loop
      vertex -8.108335286373608 -19.575253016631496 9.504296875
      vertex -6.150581113818423 -20.275748660499122 9.527734375
      vertex -6.150581113818423 -20.275748660499122 9.581640625
    endloop
  endfacet
  facet normal -0.33688985339221944 -0.9415440651830209 0
    outer loop
      vertex -8.108335286373608 -19.575253016631496 9.558203125
      vertex -6.150581113818423 -20.275748660499122 9.581640625
      vertex -6.150581113818423 -20.275748660499122 9.71640625
    endloop
  endfacet
  facet normal -0.33688985339221955 -0.941544065183021 0
    outer loop
      vertex -8.108335286373608 -19.575253016631496 9.69296875
      vertex -6.150581113818423 -20.275748660499122 10
      vertex -8.108335286373608 -19.575253016631496 10
    endloop
  endfacet
  facet normal -0.33688985339221955 -0.9415440651830209 0
    outer loop
      vertex -8.108335286373608 -19.575253016631496 9.69296875
      vertex -6.150581113818423 -20.275748660499122 9.71640625
      vertex -6.150581113818423 -20.275748660499122 10
    endloop
  endfacet
  facet normal -0.29005081041599273 -0.40747337218339785 -0.8659307006559567
    outer loop
      vertex -11.77147831201117 -17.617262276847743 7.421875
      vertex -12.222545126431248 -18.292331470655995 7.890625
      vertex -13.44158909527899 -16.37862370210235 7.3984375
    endloop
  endfacet
  facet normal -0.24939104254187483 -0.434360329341171 -0.8655259743037791
    outer loop
      vertex -11.77147831201117 -17.617262276847743 7.421875
      vertex -10.370728210171949 -19.402267815663812 7.9140625
      vertex -12.222545126431248 -18.292331470655995 7.890625
    endloop
  endfacet
  facet normal -0.5141027441932228 -0.8577286100002716 0
    outer loop
      vertex -12.222545126431248 -18.292331470655995 7.890625
      vertex -10.370728210171949 -19.402267815663812 8.1015625
      vertex -12.222545126431248 -18.292331470655995 8.078125
    endloop
  endfacet
  facet normal -0.24871476178303026 -0.4339412275097799 -0.8659307006559567
    outer loop
      vertex -11.77147831201117 -17.617262276847743 7.421875
      vertex -9.988001757654073 -18.686236985291906 7.4453125
      vertex -10.370728210171949 -19.402267815663812 7.9140625
    endloop
  endfacet
  facet normal -0.2654586689133274 -0.42390531579616736 0.8659307006559567
    outer loop
      vertex -12.222545126431248 -18.292331470655995 8.078125
      vertex -9.988001757654073 -18.686236985291906 8.5703125
      vertex -11.77147831201117 -17.617262276847743 8.546875
    endloop
  endfacet
  facet normal -0.595699304492433 -0.803207531480645 0
    outer loop
      vertex -11.77147831201117 -17.617262276847743 8.546875
      vertex -11.77147831201117 -17.617262276847743 9.32265625
      vertex -13.44158909527899 -16.37862370210235 8.5234375
    endloop
  endfacet
  facet normal -0.5956993044924329 -0.803207531480645 0
    outer loop
      vertex -11.77147831201117 -17.617262276847743 9.32265625
      vertex -11.77147831201117 -17.617262276847743 9.457421875
      vertex -13.44158909527899 -16.37862370210235 9.29921875
    endloop
  endfacet
  facet normal -0.5141027441932228 -0.8577286100002716 0
    outer loop
      vertex -11.77147831201117 -17.617262276847743 8.546875
      vertex -9.988001757654073 -18.686236985291906 9.34609375
      vertex -11.77147831201117 -17.617262276847743 9.32265625
    endloop
  endfacet
  facet normal -0.5141027441932228 -0.8577286100002716 0
    outer loop
      vertex -11.77147831201117 -17.617262276847743 8.546875
      vertex -9.988001757654073 -18.686236985291906 8.5703125
      vertex -9.988001757654073 -18.686236985291906 9.34609375
    endloop
  endfacet
  facet normal -0.595699304492433 -0.8032075314806453 0
    outer loop
      vertex -11.77147831201117 -17.617262276847743 9.457421875
      vertex -11.77147831201117 -17.617262276847743 9.511328125
      vertex -13.44158909527899 -16.37862370210235 9.433984375
    endloop
  endfacet
  facet normal -0.5956993044924329 -0.803207531480645 0
    outer loop
      vertex -11.77147831201117 -17.617262276847743 9.511328125
      vertex -11.77147831201117 -17.617262276847743 9.64609375
      vertex -13.44158909527899 -16.37862370210235 9.487890625
    endloop
  endfacet
  facet normal -0.5141027441932227 -0.8577286100002715 0
    outer loop
      vertex -11.77147831201117 -17.617262276847743 9.32265625
      vertex -9.988001757654073 -18.686236985291906 9.480859375
      vertex -11.77147831201117 -17.617262276847743 9.457421875
    endloop
  endfacet
  facet normal -0.5141027441932228 -0.8577286100002715 0
    outer loop
      vertex -11.77147831201117 -17.617262276847743 9.457421875
      vertex -9.988001757654073 -18.686236985291906 9.534765625
      vertex -11.77147831201117 -17.617262276847743 9.511328125
    endloop
  endfacet
  facet normal -0.5141027441932227 -0.8577286100002715 0
    outer loop
      vertex -11.77147831201117 -17.617262276847743 9.511328125
      vertex -9.988001757654073 -18.686236985291906 9.66953125
      vertex -11.77147831201117 -17.617262276847743 9.64609375
    endloop
  endfacet
  facet normal -0.595699304492433 -0.803207531480645 0
    outer loop
      vertex -11.77147831201117 -17.617262276847743 9.64609375
      vertex -11.77147831201117 -17.617262276847743 10
      vertex -13.44158909527899 -16.37862370210235 9.62265625
    endloop
  endfacet
  facet normal -0.5141027441932228 -0.8577286100002715 0
    outer loop
      vertex -11.77147831201117 -17.617262276847743 9.64609375
      vertex -9.988001757654073 -18.686236985291906 10
      vertex -11.77147831201117 -17.617262276847743 10
    endloop
  endfacet
  facet normal -0.5141027441932227 -0.8577286100002715 0
    outer loop
      vertex -11.77147831201117 -17.617262276847743 9.32265625
      vertex -9.988001757654073 -18.686236985291906 9.34609375
      vertex -9.988001757654073 -18.686236985291906 9.480859375
    endloop
  endfacet
  facet normal -0.5141027441932228 -0.8577286100002715 0
    outer loop
      vertex -11.77147831201117 -17.617262276847743 9.457421875
      vertex -9.988001757654073 -18.686236985291906 9.480859375
      vertex -9.988001757654073 -18.686236985291906 9.534765625
    endloop
  endfacet
  facet normal -0.5141027441932227 -0.8577286100002715 0
    outer loop
      vertex -11.77147831201117 -17.617262276847743 9.511328125
      vertex -9.988001757654073 -18.686236985291906 9.534765625
      vertex -9.988001757654073 -18.686236985291906 9.66953125
    endloop
  endfacet
  facet normal -0.5141027441932228 -0.8577286100002713 0
    outer loop
      vertex -11.77147831201117 -17.617262276847743 9.64609375
      vertex -9.988001757654073 -18.686236985291906 9.66953125
      vertex -9.988001757654073 -18.686236985291906 10
    endloop
  endfacet
  facet normal 0 0 1
    outer loop
      vertex -11.77147831201117 -17.617262276847743 10
      vertex -9.988001757654073 -18.686236985291906 10
      vertex -1.1784918420649944 -2.204803160870888 10
    endloop
  endfacet
  facet normal 0 0 1
    outer loop
      vertex -9.988001757654073 -18.686236985291906 10
      vertex -8.108335286373608 -19.575253016631496 10
      vertex -0.9567085809127245 -2.309698831278217 10
    endloop
  endfacet
  facet normal -0.11203869846712718 -0.4874539482938626 -0.8659307006559569
    outer loop
      vertex -6.150581113818423 -20.275748660499122 7.4921875
      vertex -4.133593482887521 -20.780977760914467 7.515625
      vertex -4.291987084354822 -21.57727616887107 7.984375
    endloop
  endfacet
  facet normal -0.24298017990326395 -0.970031253194544 0
    outer loop
      vertex -6.386262899598171 -21.052687386108595 7.9609375
      vertex -4.291987084354822 -21.57727616887107 8.171875
      vertex -6.386262899598171 -21.052687386108595 8.1484375
    endloop
  endfacet
  facet normal -0.11256419996368275 -0.48805131768291443 -0.8655259743037798
    outer loop
      vertex -6.150581113818423 -20.275748660499122 7.4921875
      vertex -4.291987084354822 -21.57727616887107 7.984375
      vertex -6.386262899598171 -21.052687386108595 7.9609375
    endloop
  endfacet
  facet normal -0.24298017990326395 -0.970031253194544 0
    outer loop
      vertex -6.386262899598171 -21.052687386108595 7.9609375
      vertex -4.291987084354822 -21.57727616887107 7.984375
      vertex -4.291987084354822 -21.57727616887107 8.171875
    endloop
  endfacet
  facet normal -0.0641847780805792 -0.4967344381742021 -0.8655259743037794
    outer loop
      vertex -4.133593482887521 -20.780977760914467 7.515625
      vertex -2.156377087250333 -21.894063986788332 8.0078125
      vertex -4.291987084354822 -21.57727616887107 7.984375
    endloop
  endfacet
  facet normal -0.1467304744553622 -0.9891765099647809 0
    outer loop
      vertex -4.291987084354822 -21.57727616887107 7.984375
      vertex -2.156377087250333 -21.894063986788332 8.1953125
      vertex -4.291987084354822 -21.57727616887107 8.171875
    endloop
  endfacet
  facet normal -0.13079303700702216 -0.4834852317041061 0.8655259743037795
    outer loop
      vertex -6.386262899598171 -21.052687386108595 8.1484375
      vertex -4.291987084354822 -21.57727616887107 8.171875
      vertex -4.133593482887521 -20.780977760914467 8.640625
    endloop
  endfacet
  facet normal -0.13097488997060291 -0.48271067924655614 0.8659307006559571
    outer loop
      vertex -6.386262899598171 -21.052687386108595 8.1484375
      vertex -4.133593482887521 -20.780977760914467 8.640625
      vertex -6.150581113818423 -20.275748660499122 8.6171875
    endloop
  endfacet
  facet normal -0.08303028969002836 -0.4932240795576322 0.8659307006559569
    outer loop
      vertex -4.291987084354822 -21.57727616887107 8.171875
      vertex -2.076797087064361 -21.08607468545421 8.6640625
      vertex -4.133593482887521 -20.780977760914467 8.640625
    endloop
  endfacet
  facet normal -0.04906767432741779 -0.9987954562051724 0
    outer loop
      vertex -2.156377087250333 -21.894063986788332 8.0078125
      vertex 0 -22 8.03125
      vertex 0 -22 8.21875
    endloop
  endfacet
  facet normal -0.04906767432741779 -0.9987954562051724 0
    outer loop
      vertex -2.156377087250333 -21.894063986788332 8.0078125
      vertex 0 -22 8.21875
      vertex -2.156377087250333 -21.894063986788332 8.1953125
    endloop
  endfacet
  facet normal -0.06372035945659874 -0.4960884371281046 -0.865930700655957
    outer loop
      vertex -4.133593482887521 -20.780977760914467 7.515625
      vertex -2.076797087064361 -21.08607468545421 7.5390625
      vertex -2.156377087250333 -21.894063986788332 8.0078125
    endloop
  endfacet
  facet normal -0.1467304744553622 -0.9891765099647809 0
    outer loop
      vertex -4.291987084354822 -21.57727616887107 7.984375
      vertex -2.156377087250333 -21.894063986788332 8.0078125
      vertex -2.156377087250333 -21.894063986788332 8.1953125
    endloop
  endfacet
  facet normal -0.014788358551411276 -0.4999453231232779 -0.8659307006559568
    outer loop
      vertex -2.076797087064361 -21.08607468545421 7.5390625
      vertex 0 -21.18810118395209 7.5625
      vertex 0 -22 8.03125
    endloop
  endfacet
  facet normal -0.015187221697590283 -0.5006337344832065 -0.8655259743037793
    outer loop
      vertex -2.076797087064361 -21.08607468545421 7.5390625
      vertex 0 -22 8.03125
      vertex -2.156377087250333 -21.894063986788332 8.0078125
    endloop
  endfacet
  facet normal -0.0827733929812486 -0.49397707762594134 0.8655259743037795
    outer loop
      vertex -4.291987084354822 -21.57727616887107 8.171875
      vertex -2.156377087250333 -21.894063986788332 8.1953125
      vertex -2.076797087064361 -21.08607468545421 8.6640625
    endloop
  endfacet
  facet normal -0.03395659593252576 -0.49971165425490016 0.8655259743037794
    outer loop
      vertex -2.156377087250333 -21.894063986788332 8.1953125
      vertex 0 -22 8.21875
      vertex 0 -21.18810118395209 8.6875
    endloop
  endfacet
  facet normal -0.03428606233076516 -0.49898746235885977 0.8659307006559569
    outer loop
      vertex -2.156377087250333 -21.894063986788332 8.1953125
      vertex 0 -21.18810118395209 8.6875
      vertex -2.076797087064361 -21.08607468545421 8.6640625
    endloop
  endfacet
  facet normal -0.24298017990326434 -0.9700312531945439 0
    outer loop
      vertex -6.150581113818423 -20.275748660499122 8.6171875
      vertex -4.133593482887521 -20.780977760914467 8.640625
      vertex -4.133593482887521 -20.780977760914467 9.41640625
    endloop
  endfacet
  facet normal -0.24298017990326437 -0.9700312531945439 0
    outer loop
      vertex -6.150581113818423 -20.275748660499122 8.6171875
      vertex -4.133593482887521 -20.780977760914467 9.41640625
      vertex -6.150581113818423 -20.275748660499122 9.39296875
    endloop
  endfacet
  facet normal -0.14673047445536222 -0.9891765099647808 0
    outer loop
      vertex -4.133593482887521 -20.780977760914467 8.640625
      vertex -2.076797087064361 -21.08607468545421 9.43984375
      vertex -4.133593482887521 -20.780977760914467 9.41640625
    endloop
  endfacet
  facet normal -0.2429801799032644 -0.970031253194544 0
    outer loop
      vertex -6.150581113818423 -20.275748660499122 9.39296875
      vertex -4.133593482887521 -20.780977760914467 9.551171875
      vertex -6.150581113818423 -20.275748660499122 9.527734375
    endloop
  endfacet
  facet normal -0.24298017990326437 -0.9700312531945439 0
    outer loop
      vertex -6.150581113818423 -20.275748660499122 9.527734375
      vertex -4.133593482887521 -20.780977760914467 9.605078125
      vertex -6.150581113818423 -20.275748660499122 9.581640625
    endloop
  endfacet
  facet normal -0.2429801799032644 -0.970031253194544 0
    outer loop
      vertex -6.150581113818423 -20.275748660499122 9.581640625
      vertex -4.133593482887521 -20.780977760914467 9.73984375
      vertex -6.150581113818423 -20.275748660499122 9.71640625
    endloop
  endfacet
  facet normal -0.2429801799032644 -0.970031253194544 0
    outer loop
      vertex -6.150581113818423 -20.275748660499122 9.39296875
      vertex -4.133593482887521 -20.780977760914467 9.41640625
      vertex -4.133593482887521 -20.780977760914467 9.551171875
    endloop
  endfacet
  facet normal -0.2429801799032644 -0.9700312531945439 0
    outer loop
      vertex -6.150581113818423 -20.275748660499122 9.527734375
      vertex -4.133593482887521 -20.780977760914467 9.551171875
      vertex -4.133593482887521 -20.780977760914467 9.605078125
    endloop
  endfacet
  facet normal -0.2429801799032644 -0.970031253194544 0
    outer loop
      vertex -6.150581113818423 -20.275748660499122 9.581640625
      vertex -4.133593482887521 -20.780977760914467 9.605078125
      vertex -4.133593482887521 -20.780977760914467 9.73984375
    endloop
  endfacet
  facet normal -0.24298017990326437 -0.9700312531945439 0
    outer loop
      vertex -6.150581113818423 -20.275748660499122 9.71640625
      vertex -4.133593482887521 -20.780977760914467 10
      vertex -6.150581113818423 -20.275748660499122 10
    endloop
  endfacet
  facet normal -0.2429801799032644 -0.970031253194544 0
    outer loop
      vertex -6.150581113818423 -20.275748660499122 9.71640625
      vertex -4.133593482887521 -20.780977760914467 9.73984375
      vertex -4.133593482887521 -20.780977760914467 10
    endloop
  endfacet
  facet normal -0.14673047445536225 -0.989176509964781 0
    outer loop
      vertex -4.133593482887521 -20.780977760914467 9.41640625
      vertex -2.076797087064361 -21.08607468545421 9.574609375
      vertex -4.133593482887521 -20.780977760914467 9.551171875
    endloop
  endfacet
  facet normal -0.14673047445536222 -0.9891765099647809 0
    outer loop
      vertex -4.133593482887521 -20.780977760914467 9.551171875
      vertex -2.076797087064361 -21.08607468545421 9.628515625
      vertex -4.133593482887521 -20.780977760914467 9.605078125
    endloop
  endfacet
  facet normal -0.14673047445536225 -0.989176509964781 0
    outer loop
      vertex -4.133593482887521 -20.780977760914467 9.605078125
      vertex -2.076797087064361 -21.08607468545421 9.76328125
      vertex -4.133593482887521 -20.780977760914467 9.73984375
    endloop
  endfacet
  facet normal -0.14673047445536222 -0.9891765099647809 0
    outer loop
      vertex -4.133593482887521 -20.780977760914467 9.73984375
      vertex -2.076797087064361 -21.08607468545421 10
      vertex -4.133593482887521 -20.780977760914467 10
    endloop
  endfacet
  facet normal -0.14673047445536222 -0.9891765099647808 0
    outer loop
      vertex -4.133593482887521 -20.780977760914467 8.640625
      vertex -2.076797087064361 -21.08607468545421 8.6640625
      vertex -2.076797087064361 -21.08607468545421 9.43984375
    endloop
  endfacet
  facet normal -0.049067674327417994 -0.9987954562051724 0
    outer loop
      vertex -2.076797087064361 -21.08607468545421 8.6640625
      vertex 0 -21.18810118395209 8.6875
      vertex 0 -21.18810118395209 9.46328125
    endloop
  endfacet
  facet normal -0.049067674327417994 -0.9987954562051724 0
    outer loop
      vertex -2.076797087064361 -21.08607468545421 8.6640625
      vertex 0 -21.18810118395209 9.46328125
      vertex -2.076797087064361 -21.08607468545421 9.43984375
    endloop
  endfacet
  facet normal -0.14673047445536225 -0.989176509964781 0
    outer loop
      vertex -4.133593482887521 -20.780977760914467 9.41640625
      vertex -2.076797087064361 -21.08607468545421 9.43984375
      vertex -2.076797087064361 -21.08607468545421 9.574609375
    endloop
  endfacet
  facet normal -0.14673047445536222 -0.9891765099647809 0
    outer loop
      vertex -4.133593482887521 -20.780977760914467 9.551171875
      vertex -2.076797087064361 -21.08607468545421 9.574609375
      vertex -2.076797087064361 -21.08607468545421 9.628515625
    endloop
  endfacet
  facet normal -0.14673047445536225 -0.989176509964781 0
    outer loop
      vertex -4.133593482887521 -20.780977760914467 9.605078125
      vertex -2.076797087064361 -21.08607468545421 9.628515625
      vertex -2.076797087064361 -21.08607468545421 9.76328125
    endloop
  endfacet
  facet normal -0.14673047445536222 -0.9891765099647809 0
    outer loop
      vertex -4.133593482887521 -20.780977760914467 9.73984375
      vertex -2.076797087064361 -21.08607468545421 9.76328125
      vertex -2.076797087064361 -21.08607468545421 10
    endloop
  endfacet
  facet normal -0.049067674327418 -0.9987954562051725 0
    outer loop
      vertex -2.076797087064361 -21.08607468545421 9.43984375
      vertex 0 -21.18810118395209 9.598046875
      vertex -2.076797087064361 -21.08607468545421 9.574609375
    endloop
  endfacet
  facet normal -0.049067674327418 -0.9987954562051724 0
    outer loop
      vertex -2.076797087064361 -21.08607468545421 9.574609375
      vertex 0 -21.18810118395209 9.651953125
      vertex -2.076797087064361 -21.08607468545421 9.628515625
    endloop
  endfacet
  facet normal -0.049067674327418 -0.9987954562051723 0
    outer loop
      vertex -2.076797087064361 -21.08607468545421 9.43984375
      vertex 0 -21.18810118395209 9.46328125
      vertex 0 -21.18810118395209 9.598046875
    endloop
  endfacet
  facet normal -0.049067674327418 -0.9987954562051724 0
    outer loop
      vertex -2.076797087064361 -21.08607468545421 9.574609375
      vertex 0 -21.18810118395209 9.598046875
      vertex 0 -21.18810118395209 9.651953125
    endloop
  endfacet
  facet normal -0.049067674327418 -0.9987954562051725 0
    outer loop
      vertex -2.076797087064361 -21.08607468545421 9.628515625
      vertex 0 -21.18810118395209 9.78671875
      vertex -2.076797087064361 -21.08607468545421 9.76328125
    endloop
  endfacet
  facet normal -0.04906767432741801 -0.9987954562051724 0
    outer loop
      vertex -2.076797087064361 -21.08607468545421 9.76328125
      vertex 0 -21.18810118395209 10
      vertex -2.076797087064361 -21.08607468545421 10
    endloop
  endfacet
  facet normal -0.049067674327418 -0.9987954562051723 0
    outer loop
      vertex -2.076797087064361 -21.08607468545421 9.628515625
      vertex 0 -21.18810118395209 9.651953125
      vertex 0 -21.18810118395209 9.78671875
    endloop
  endfacet
  facet normal -0.04906767432741801 -0.9987954562051724 0
    outer loop
      vertex -2.076797087064361 -21.08607468545421 9.76328125
      vertex 0 -21.18810118395209 9.78671875
      vertex 0 -21.18810118395209 10
    endloop
  endfacet
  facet normal 0 0 1
    outer loop
      vertex -8.108335286373608 -19.575253016631496 10
      vertex -6.150581113818423 -20.275748660499122 10
      vertex -0.7257116931361558 -2.392350839330522 10
    endloop
  endfacet
  facet normal 0 0 1
    outer loop
      vertex -6.150581113818423 -20.275748660499122 10
      vertex -4.133593482887521 -20.780977760914467 10
      vertex -0.4877258050403207 -2.451963201008076 10
    endloop
  endfacet
  facet normal 0 0 1
    outer loop
      vertex -4.133593482887521 -20.780977760914467 10
      vertex -2.076797087064361 -21.08607468545421 10
      vertex -0.24504285082390156 -2.4879618166804924 10
    endloop
  endfacet
  facet normal 0 0 1
    outer loop
      vertex -2.076797087064361 -21.08607468545421 10
      vertex 0 -21.18810118395209 10
      vertex -0.24504285082390156 -2.4879618166804924 10
    endloop
  endfacet
  facet normal 0 0 1
    outer loop
      vertex -14.982250027639239 -14.982250027639239 10
      vertex -1.7677669529663689 -1.7677669529663689 10
      vertex -16.37862370210235 -13.44158909527899 10
    endloop
  endfacet
  facet normal 0 0 1
    outer loop
      vertex -14.982250027639239 -14.982250027639239 10
      vertex -13.44158909527899 -16.37862370210235 10
      vertex -1.7677669529663689 -1.7677669529663689 10
    endloop
  endfacet
  facet normal 0 0 1
    outer loop
      vertex -17.617262276847743 -11.77147831201117 10
      vertex -16.37862370210235 -13.44158909527899 10
      vertex -2.078674030756363 -1.3889255825490054 10
    endloop
  endfacet
  facet normal 0 0 1
    outer loop
      vertex -11.77147831201117 -17.617262276847743 10
      vertex -1.3889255825490054 -2.078674030756363 10
      vertex -13.44158909527899 -16.37862370210235 10
    endloop
  endfacet
  facet normal 0 0 1
    outer loop
      vertex -19.575253016631496 -8.108335286373608 10
      vertex -2.309698831278217 -0.9567085809127245 10
      vertex -2.392350839330522 -0.7257116931361558 10
    endloop
  endfacet
  facet normal 0 0 1
    outer loop
      vertex -17.617262276847743 -11.77147831201117 10
      vertex -2.078674030756363 -1.3889255825490054 10
      vertex -2.204803160870888 -1.1784918420649941 10
    endloop
  endfacet
  facet normal 0 0 1
    outer loop
      vertex -16.37862370210235 -13.44158909527899 10
      vertex -1.9325261334068424 -1.5859832104091136 10
      vertex -2.078674030756363 -1.3889255825490054 10
    endloop
  endfacet
  facet normal 0 0 1
    outer loop
      vertex -16.37862370210235 -13.44158909527899 10
      vertex -1.7677669529663689 -1.7677669529663689 10
      vertex -1.9325261334068424 -1.5859832104091136 10
    endloop
  endfacet
  facet normal 0 0 1
    outer loop
      vertex -18.686236985291906 -9.988001757654073 10
      vertex -2.204803160870888 -1.1784918420649941 10
      vertex -2.309698831278217 -0.9567085809127245 10
    endloop
  endfacet
  facet normal 0 0 1
    outer loop
      vertex -20.275748660499122 -6.150581113818423 10
      vertex -2.392350839330522 -0.7257116931361558 10
      vertex -2.451963201008076 -0.4877258050403206 10
    endloop
  endfacet
  facet normal 0 0 1
    outer loop
      vertex -20.780977760914467 -4.133593482887521 10
      vertex -2.451963201008076 -0.4877258050403206 10
      vertex -2.4879618166804924 -0.2450428508239015 10
    endloop
  endfacet
  facet normal 0 0 1
    outer loop
      vertex -2.4879618166804924 -0.2450428508239015 10
      vertex -2.5 0 10
      vertex -21.18810118395209 0 10
    endloop
  endfacet
  facet normal 0 0 1
    outer loop
      vertex -13.44158909527899 -16.37862370210235 10
      vertex -1.5859832104091138 -1.9325261334068424 10
      vertex -1.7677669529663689 -1.7677669529663689 10
    endloop
  endfacet
  facet normal 0 0 1
    outer loop
      vertex -13.44158909527899 -16.37862370210235 10
      vertex -1.3889255825490054 -2.078674030756363 10
      vertex -1.5859832104091138 -1.9325261334068424 10
    endloop
  endfacet
  facet normal 0 0 1
    outer loop
      vertex -11.77147831201117 -17.617262276847743 10
      vertex -1.1784918420649944 -2.204803160870888 10
      vertex -1.3889255825490054 -2.078674030756363 10
    endloop
  endfacet
  facet normal 0 0 1
    outer loop
      vertex -8.108335286373608 -19.575253016631496 10
      vertex -0.7257116931361558 -2.392350839330522 10
      vertex -0.9567085809127245 -2.309698831278217 10
    endloop
  endfacet
  facet normal 0 0 1
    outer loop
      vertex -9.988001757654073 -18.686236985291906 10
      vertex -0.9567085809127245 -2.309698831278217 10
      vertex -1.1784918420649944 -2.204803160870888 10
    endloop
  endfacet
  facet normal 0 0 1
    outer loop
      vertex -6.150581113818423 -20.275748660499122 10
      vertex -0.4877258050403207 -2.451963201008076 10
      vertex -0.7257116931361558 -2.392350839330522 10
    endloop
  endfacet
  facet normal 0 0 1
    outer loop
      vertex -4.133593482887521 -20.780977760914467 10
      vertex -0.24504285082390156 -2.4879618166804924 10
      vertex -0.4877258050403207 -2.451963201008076 10
    endloop
  endfacet
  facet normal 0 0 1
    outer loop
      vertex -0.24504285082390156 -2.4879618166804924 10
      vertex 0 -21.18810118395209 10
      vertex 0 -2.5 10
    endloop
  endfacet
  facet normal -0.9987954562051724 0.04906767432741779 0
    outer loop
      vertex -22 0 4.65625
      vertex -22 0 4.84375
      vertex -21.894063986788332 2.156377087250333 4.6328125
    endloop
  endfacet
  facet normal -0.9987954562051724 0.04906767432741779 0
    outer loop
      vertex -21.894063986788332 2.156377087250333 4.6328125
      vertex -22 0 4.84375
      vertex -21.894063986788332 2.156377087250333 4.8203125
    endloop
  endfacet
  facet normal -0.9987954562051724 0.049067674327417994 0
    outer loop
      vertex -21.18810118395209 0 4.1875
      vertex -21.08607468545421 2.076797087064361 4
      vertex -21.18810118395209 0 4
    endloop
  endfacet
  facet normal -0.49994532312327794 0.014788358551411277 -0.8659307006559568
    outer loop
      vertex -21.18810118395209 0 4.1875
      vertex -22 0 4.65625
      vertex -21.08607468545421 2.076797087064361 4.1640625
    endloop
  endfacet
  facet normal -0.9987954562051723 0.049067674327417994 0
    outer loop
      vertex -21.18810118395209 0 4.1875
      vertex -21.08607468545421 2.076797087064361 4.1640625
      vertex -21.08607468545421 2.076797087064361 4
    endloop
  endfacet
  facet normal -0.9891765099647809 0.14673047445536225 0
    outer loop
      vertex -21.08607468545421 2.076797087064361 4.1640625
      vertex -20.780977760914467 4.133593482887521 4
      vertex -21.08607468545421 2.076797087064361 4
    endloop
  endfacet
  facet normal -0.4960884371281047 0.06372035945659875 -0.8659307006559569
    outer loop
      vertex -21.08607468545421 2.076797087064361 4.1640625
      vertex -21.894063986788332 2.156377087250333 4.6328125
      vertex -20.780977760914467 4.133593482887521 4.140625
    endloop
  endfacet
  facet normal -0.5006337344832065 0.015187221697590283 -0.8655259743037793
    outer loop
      vertex -21.08607468545421 2.076797087064361 4.1640625
      vertex -22 0 4.65625
      vertex -21.894063986788332 2.156377087250333 4.6328125
    endloop
  endfacet
  facet normal -0.49971165425490005 0.03395659593252576 0.8655259743037793
    outer loop
      vertex -22 0 4.84375
      vertex -21.18810118395209 0 5.3125
      vertex -21.894063986788332 2.156377087250333 4.8203125
    endloop
  endfacet
  facet normal -0.9891765099647809 0.1467304744553622 0
    outer loop
      vertex -21.894063986788332 2.156377087250333 4.6328125
      vertex -21.894063986788332 2.156377087250333 4.8203125
      vertex -21.57727616887107 4.291987084354822 4.609375
    endloop
  endfacet
  facet normal -0.4939770776259413 0.08277339298124858 0.8655259743037793
    outer loop
      vertex -21.894063986788332 2.156377087250333 4.8203125
      vertex -21.08607468545421 2.076797087064361 5.2890625
      vertex -21.57727616887107 4.291987084354822 4.796875
    endloop
  endfacet
  facet normal -0.9891765099647809 0.14673047445536225 0
    outer loop
      vertex -21.08607468545421 2.076797087064361 4.1640625
      vertex -20.780977760914467 4.133593482887521 4.140625
      vertex -20.780977760914467 4.133593482887521 4
    endloop
  endfacet
  facet normal -0.9700312531945438 0.24298017990326432 0
    outer loop
      vertex -20.780977760914467 4.133593482887521 4.140625
      vertex -20.275748660499122 6.150581113818423 4
      vertex -20.780977760914467 4.133593482887521 4
    endloop
  endfacet
  facet normal -0.4874539482938626 0.11203869846712718 -0.8659307006559569
    outer loop
      vertex -20.780977760914467 4.133593482887521 4.140625
      vertex -21.57727616887107 4.291987084354822 4.609375
      vertex -20.275748660499122 6.150581113818423 4.1171875
    endloop
  endfacet
  facet normal -0.970031253194544 0.24298017990326434 0
    outer loop
      vertex -20.780977760914467 4.133593482887521 4.140625
      vertex -20.275748660499122 6.150581113818423 4.1171875
      vertex -20.275748660499122 6.150581113818423 4
    endloop
  endfacet
  facet normal -0.4967344381742021 0.06418477808057921 -0.8655259743037794
    outer loop
      vertex -21.894063986788332 2.156377087250333 4.6328125
      vertex -21.57727616887107 4.291987084354822 4.609375
      vertex -20.780977760914467 4.133593482887521 4.140625
    endloop
  endfacet
  facet normal -0.9891765099647809 0.1467304744553622 0
    outer loop
      vertex -21.57727616887107 4.291987084354822 4.609375
      vertex -21.894063986788332 2.156377087250333 4.8203125
      vertex -21.57727616887107 4.291987084354822 4.796875
    endloop
  endfacet
  facet normal -0.970031253194544 0.24298017990326395 0
    outer loop
      vertex -21.57727616887107 4.291987084354822 4.609375
      vertex -21.57727616887107 4.291987084354822 4.796875
      vertex -21.052687386108595 6.386262899598171 4.5859375
    endloop
  endfacet
  facet normal -0.48805131768291443 0.11256419996368275 -0.8655259743037798
    outer loop
      vertex -21.57727616887107 4.291987084354822 4.609375
      vertex -21.052687386108595 6.386262899598171 4.5859375
      vertex -20.275748660499122 6.150581113818423 4.1171875
    endloop
  endfacet
  facet normal -0.4834852317041061 0.1307930370070222 0.8655259743037795
    outer loop
      vertex -21.57727616887107 4.291987084354822 4.796875
      vertex -20.780977760914467 4.133593482887521 5.265625
      vertex -21.052687386108595 6.386262899598171 4.7734375
    endloop
  endfacet
  facet normal -0.970031253194544 0.24298017990326395 0
    outer loop
      vertex -21.57727616887107 4.291987084354822 4.796875
      vertex -21.052687386108595 6.386262899598171 4.7734375
      vertex -21.052687386108595 6.386262899598171 4.5859375
    endloop
  endfacet
  facet normal -0.4741250114681169 0.1592780435648339 -0.8659307006559571
    outer loop
      vertex -20.275748660499122 6.150581113818423 4.1171875
      vertex -21.052687386108595 6.386262899598171 4.5859375
      vertex -19.575253016631496 8.108335286373608 4.09375
    endloop
  endfacet
  facet normal -0.941544065183021 0.33688985339221955 0
    outer loop
      vertex -20.275748660499122 6.150581113818423 4.1171875
      vertex -19.575253016631496 8.108335286373608 4
      vertex -20.275748660499122 6.150581113818423 4
    endloop
  endfacet
  facet normal -0.9415440651830209 0.3368898533922195 0
    outer loop
      vertex -20.275748660499122 6.150581113818423 4.1171875
      vertex -19.575253016631496 8.108335286373608 4.09375
      vertex -19.575253016631496 8.108335286373608 4
    endloop
  endfacet
  facet normal -0.9039892931234439 0.4275550934302808 0
    outer loop
      vertex -19.575253016631496 8.108335286373608 4.09375
      vertex -18.686236985291906 9.988001757654073 4
      vertex -19.575253016631496 8.108335286373608 4
    endloop
  endfacet
  facet normal -0.9039892931234441 0.42755509343028086 0
    outer loop
      vertex -19.575253016631496 8.108335286373608 4.09375
      vertex -18.686236985291906 9.988001757654073 4.0703125
      vertex -18.686236985291906 9.988001757654073 4
    endloop
  endfacet
  facet normal -0.45622999159883865 0.20498345403277632 -0.8659307006559568
    outer loop
      vertex -19.575253016631496 8.108335286373608 4.09375
      vertex -20.325349715248308 8.419035512031975 4.5625
      vertex -18.686236985291906 9.988001757654073 4.0703125
    endloop
  endfacet
  facet normal -0.4746679962063523 0.15985956706728555 -0.8655259743037794
    outer loop
      vertex -19.575253016631496 8.108335286373608 4.09375
      vertex -21.052687386108595 6.386262899598171 4.5859375
      vertex -20.325349715248308 8.419035512031975 4.5625
    endloop
  endfacet
  facet normal -0.9415440651830208 0.3368898533922201 0
    outer loop
      vertex -21.052687386108595 6.386262899598171 4.5859375
      vertex -21.052687386108595 6.386262899598171 4.7734375
      vertex -20.325349715248308 8.419035512031975 4.5625
    endloop
  endfacet
  facet normal -0.46833715870104753 0.17755307258767122 0.8655259743037796
    outer loop
      vertex -21.052687386108595 6.386262899598171 4.7734375
      vertex -20.275748660499122 6.150581113818423 5.2421875
      vertex -20.325349715248308 8.419035512031975 4.75
    endloop
  endfacet
  facet normal -0.9415440651830208 0.3368898533922201 0
    outer loop
      vertex -20.325349715248308 8.419035512031975 4.5625
      vertex -21.052687386108595 6.386262899598171 4.7734375
      vertex -20.325349715248308 8.419035512031975 4.75
    endloop
  endfacet
  facet normal -0.9039892931234438 0.4275550934302811 0
    outer loop
      vertex -20.325349715248308 8.419035512031975 4.5625
      vertex -20.325349715248308 8.419035512031975 4.75
      vertex -19.402267815663812 10.370728210171949 4.5390625
    endloop
  endfacet
  facet normal -0.44867874284056564 0.22260317501891833 0.8655259743037794
    outer loop
      vertex -19.402267815663812 10.370728210171949 4.7265625
      vertex -20.325349715248308 8.419035512031975 4.75
      vertex -19.575253016631496 8.108335286373608 5.21875
    endloop
  endfacet
  facet normal -0.9039892931234438 0.4275550934302811 0
    outer loop
      vertex -19.402267815663812 10.370728210171949 4.5390625
      vertex -20.325349715248308 8.419035512031975 4.75
      vertex -19.402267815663812 10.370728210171949 4.7265625
    endloop
  endfacet
  facet normal -0.4567133624464016 0.20561539915190122 -0.8655259743037791
    outer loop
      vertex -20.325349715248308 8.419035512031975 4.5625
      vertex -19.402267815663812 10.370728210171949 4.5390625
      vertex -18.686236985291906 9.988001757654073 4.0703125
    endloop
  endfacet
  facet normal -0.4246993054137779 0.26550948718746115 0.8655259743037793
    outer loop
      vertex -19.402267815663812 10.370728210171949 4.7265625
      vertex -18.686236985291906 9.988001757654073 5.1953125
      vertex -18.292331470655995 12.222545126431248 4.703125
    endloop
  endfacet
  facet normal -0.8577286100002716 0.5141027441932228 0
    outer loop
      vertex -19.402267815663812 10.370728210171949 4.5390625
      vertex -19.402267815663812 10.370728210171949 4.7265625
      vertex -18.292331470655995 12.222545126431248 4.515625
    endloop
  endfacet
  facet normal -0.8577286100002716 0.5141027441932228 0
    outer loop
      vertex -18.686236985291906 9.988001757654073 4.0703125
      vertex -17.617262276847743 11.77147831201117 4
      vertex -18.686236985291906 9.988001757654073 4
    endloop
  endfacet
  facet normal -0.4339412275097799 0.24871476178303026 -0.8659307006559567
    outer loop
      vertex -19.402267815663812 10.370728210171949 4.5390625
      vertex -17.617262276847743 11.77147831201117 4.046875
      vertex -18.686236985291906 9.988001757654073 4.0703125
    endloop
  endfacet
  facet normal -0.8577286100002715 0.5141027441932228 0
    outer loop
      vertex -18.686236985291906 9.988001757654073 4.0703125
      vertex -17.617262276847743 11.77147831201117 4.046875
      vertex -17.617262276847743 11.77147831201117 4
    endloop
  endfacet
  facet normal -0.8032075314806452 0.595699304492433 0
    outer loop
      vertex -17.617262276847743 11.77147831201117 4.046875
      vertex -16.37862370210235 13.44158909527899 4
      vertex -17.617262276847743 11.77147831201117 4
    endloop
  endfacet
  facet normal -0.4343603293411711 0.24939104254187489 -0.8655259743037792
    outer loop
      vertex -19.402267815663812 10.370728210171949 4.5390625
      vertex -18.292331470655995 12.222545126431248 4.515625
      vertex -17.617262276847743 11.77147831201117 4.046875
    endloop
  endfacet
  facet normal -0.40747337218339785 0.29005081041599273 -0.8659307006559567
    outer loop
      vertex -17.617262276847743 11.77147831201117 4.046875
      vertex -18.292331470655995 12.222545126431248 4.515625
      vertex -16.37862370210235 13.44158909527899 4.0234375
    endloop
  endfacet
  facet normal -0.8577286100002716 0.5141027441932228 0
    outer loop
      vertex -19.402267815663812 10.370728210171949 4.7265625
      vertex -18.292331470655995 12.222545126431248 4.703125
      vertex -18.292331470655995 12.222545126431248 4.515625
    endloop
  endfacet
  facet normal -0.40782416881887656 0.29076491386115655 -0.8655259743037795
    outer loop
      vertex -18.292331470655995 12.222545126431248 4.515625
      vertex -17.006229973980215 13.9566522516002 4.4921875
      vertex -16.37862370210235 13.44158909527899 4.0234375
    endloop
  endfacet
  facet normal -0.8032075314806452 0.595699304492433 0
    outer loop
      vertex -17.617262276847743 11.77147831201117 4.046875
      vertex -16.37862370210235 13.44158909527899 4.0234375
      vertex -16.37862370210235 13.44158909527899 4
    endloop
  endfacet
  facet normal -0.7409511253549594 0.6715589548470181 0
    outer loop
      vertex -16.37862370210235 13.44158909527899 4.0234375
      vertex -14.982250027639239 14.982250027639239 4
      vertex -16.37862370210235 13.44158909527899 4
    endloop
  endfacet
  facet normal -0.26672152576602476 0.4504271520983045 -0.8520416705453171
    outer loop
      vertex -17.006229973980215 13.9566522516002 4.4921875
      vertex -14.982250027639239 14.982250027639239 4.40078125
      vertex -16.37862370210235 13.44158909527899 4.0234375
    endloop
  endfacet
  facet normal -0.8032075314806455 0.5956993044924327 0
    outer loop
      vertex -18.292331470655995 12.222545126431248 4.515625
      vertex -18.292331470655995 12.222545126431248 4.703125
      vertex -17.006229973980215 13.9566522516002 4.4921875
    endloop
  endfacet
  facet normal -0.8032075314806455 0.5956993044924326 0
    outer loop
      vertex -18.292331470655995 12.222545126431248 4.703125
      vertex -17.006229973980215 13.9566522516002 4.6796875
      vertex -17.006229973980215 13.9566522516002 4.4921875
    endloop
  endfacet
  facet normal -0.39662978151159983 0.305858797852137 0.8655259743037793
    outer loop
      vertex -18.292331470655995 12.222545126431248 4.703125
      vertex -17.617262276847743 11.77147831201117 5.171875
      vertex -17.006229973980215 13.9566522516002 4.6796875
    endloop
  endfacet
  facet normal -0.4520049836123755 0.892015411744425 0
    outer loop
      vertex -17.006229973980215 13.9566522516002 4.4921875
      vertex -14.982250027639239 14.982250027639239 4.535546875
      vertex -14.982250027639239 14.982250027639239 4.40078125
    endloop
  endfacet
  facet normal -0.4520049836123756 0.892015411744425 0
    outer loop
      vertex -17.006229973980215 13.9566522516002 4.4921875
      vertex -17.006229973980215 13.9566522516002 4.6796875
      vertex -14.982250027639239 14.982250027639239 4.535546875
    endloop
  endfacet
  facet normal -0.45200498361237557 0.892015411744425 0
    outer loop
      vertex -17.006229973980215 13.9566522516002 4.6796875
      vertex -14.982250027639239 14.982250027639239 4.589453125
      vertex -14.982250027639239 14.982250027639239 4.535546875
    endloop
  endfacet
  facet normal -0.4520049836123756 0.892015411744425 0
    outer loop
      vertex -17.006229973980215 13.9566522516002 4.6796875
      vertex -14.982250027639239 14.982250027639239 4.72421875
      vertex -14.982250027639239 14.982250027639239 4.589453125
    endloop
  endfacet
  facet normal -0.2536032017393868 0.46361467894415237 0.8489681063120349
    outer loop
      vertex -17.006229973980215 13.9566522516002 4.6796875
      vertex -16.37862370210235 13.44158909527899 5.1484375
      vertex -14.982250027639239 14.982250027639239 4.72421875
    endloop
  endfacet
  facet normal -0.7409511253549594 0.6715589548470181 0
    outer loop
      vertex -16.37862370210235 13.44158909527899 4.0234375
      vertex -14.982250027639239 14.982250027639239 4.40078125
      vertex -14.982250027639239 14.982250027639239 4
    endloop
  endfacet
  facet normal -0.6715589548470181 0.7409511253549594 0
    outer loop
      vertex -14.982250027639239 14.982250027639239 4.40078125
      vertex -13.44158909527899 16.37862370210235 4
      vertex -14.982250027639239 14.982250027639239 4
    endloop
  endfacet
  facet normal -0.6715589548470182 0.7409511253549594 0
    outer loop
      vertex -14.982250027639239 14.982250027639239 4.40078125
      vertex -14.982250027639239 14.982250027639239 4.535546875
      vertex -13.44158909527899 16.37862370210235 4.37734375
    endloop
  endfacet
  facet normal -0.6715589548470181 0.7409511253549593 0
    outer loop
      vertex -14.982250027639239 14.982250027639239 4.535546875
      vertex -14.982250027639239 14.982250027639239 4.589453125
      vertex -13.44158909527899 16.37862370210235 4.512109375
    endloop
  endfacet
  facet normal -0.6715589548470182 0.7409511253549594 0
    outer loop
      vertex -14.982250027639239 14.982250027639239 4.589453125
      vertex -14.982250027639239 14.982250027639239 4.72421875
      vertex -13.44158909527899 16.37862370210235 4.566015625
    endloop
  endfacet
  facet normal -0.6715589548470181 0.7409511253549593 0
    outer loop
      vertex -14.982250027639239 14.982250027639239 4.72421875
      vertex -14.982250027639239 14.982250027639239 5.5
      vertex -13.44158909527899 16.37862370210235 4.70078125
    endloop
  endfacet
  facet normal -0.671558954847018 0.7409511253549593 0
    outer loop
      vertex -14.982250027639239 14.982250027639239 4.40078125
      vertex -13.44158909527899 16.37862370210235 4.37734375
      vertex -13.44158909527899 16.37862370210235 4
    endloop
  endfacet
  facet normal -0.595699304492433 0.8032075314806452 0
    outer loop
      vertex -13.44158909527899 16.37862370210235 4.37734375
      vertex -11.77147831201117 17.617262276847743 4
      vertex -13.44158909527899 16.37862370210235 4
    endloop
  endfacet
  facet normal -0.6715589548470182 0.7409511253549594 0
    outer loop
      vertex -14.982250027639239 14.982250027639239 4.535546875
      vertex -13.44158909527899 16.37862370210235 4.512109375
      vertex -13.44158909527899 16.37862370210235 4.37734375
    endloop
  endfacet
  facet normal -0.6715589548470181 0.7409511253549593 0
    outer loop
      vertex -14.982250027639239 14.982250027639239 4.589453125
      vertex -13.44158909527899 16.37862370210235 4.566015625
      vertex -13.44158909527899 16.37862370210235 4.512109375
    endloop
  endfacet
  facet normal -0.6715589548470182 0.7409511253549594 0
    outer loop
      vertex -14.982250027639239 14.982250027639239 4.72421875
      vertex -13.44158909527899 16.37862370210235 4.70078125
      vertex -13.44158909527899 16.37862370210235 4.566015625
    endloop
  endfacet
  facet normal -0.5956993044924329 0.803207531480645 0
    outer loop
      vertex -13.44158909527899 16.37862370210235 4.37734375
      vertex -13.44158909527899 16.37862370210235 4.512109375
      vertex -11.77147831201117 17.617262276847743 4.35390625
    endloop
  endfacet
  facet normal -0.595699304492433 0.8032075314806453 0
    outer loop
      vertex -13.44158909527899 16.37862370210235 4.512109375
      vertex -13.44158909527899 16.37862370210235 4.566015625
      vertex -11.77147831201117 17.617262276847743 4.488671875
    endloop
  endfacet
  facet normal -0.5956993044924329 0.803207531480645 0
    outer loop
      vertex -13.44158909527899 16.37862370210235 4.566015625
      vertex -13.44158909527899 16.37862370210235 4.70078125
      vertex -11.77147831201117 17.617262276847743 4.542578125
    endloop
  endfacet
  facet normal -0.595699304492433 0.803207531480645 0
    outer loop
      vertex -13.44158909527899 16.37862370210235 4.70078125
      vertex -13.44158909527899 16.37862370210235 5.4765625
      vertex -11.77147831201117 17.617262276847743 4.67734375
    endloop
  endfacet
  facet normal -0.595699304492433 0.803207531480645 0
    outer loop
      vertex -13.44158909527899 16.37862370210235 4.37734375
      vertex -11.77147831201117 17.617262276847743 4.35390625
      vertex -11.77147831201117 17.617262276847743 4
    endloop
  endfacet
  facet normal -0.5141027441932228 0.8577286100002715 0
    outer loop
      vertex -11.77147831201117 17.617262276847743 4.35390625
      vertex -9.988001757654073 18.686236985291906 4
      vertex -11.77147831201117 17.617262276847743 4
    endloop
  endfacet
  facet normal -0.5141027441932228 0.8577286100002713 0
    outer loop
      vertex -11.77147831201117 17.617262276847743 4.35390625
      vertex -9.988001757654073 18.686236985291906 4.33046875
      vertex -9.988001757654073 18.686236985291906 4
    endloop
  endfacet
  facet normal -0.5956993044924329 0.8032075314806452 0
    outer loop
      vertex -13.44158909527899 16.37862370210235 4.512109375
      vertex -11.77147831201117 17.617262276847743 4.488671875
      vertex -11.77147831201117 17.617262276847743 4.35390625
    endloop
  endfacet
  facet normal -0.595699304492433 0.8032075314806453 0
    outer loop
      vertex -13.44158909527899 16.37862370210235 4.566015625
      vertex -11.77147831201117 17.617262276847743 4.542578125
      vertex -11.77147831201117 17.617262276847743 4.488671875
    endloop
  endfacet
  facet normal -0.5956993044924329 0.8032075314806452 0
    outer loop
      vertex -13.44158909527899 16.37862370210235 4.70078125
      vertex -11.77147831201117 17.617262276847743 4.67734375
      vertex -11.77147831201117 17.617262276847743 4.542578125
    endloop
  endfacet
  facet normal -0.5141027441932227 0.8577286100002715 0
    outer loop
      vertex -11.77147831201117 17.617262276847743 4.35390625
      vertex -11.77147831201117 17.617262276847743 4.488671875
      vertex -9.988001757654073 18.686236985291906 4.33046875
    endloop
  endfacet
  facet normal -0.5141027441932228 0.8577286100002715 0
    outer loop
      vertex -11.77147831201117 17.617262276847743 4.488671875
      vertex -11.77147831201117 17.617262276847743 4.542578125
      vertex -9.988001757654073 18.686236985291906 4.465234375
    endloop
  endfacet
  facet normal -0.5141027441932227 0.8577286100002715 0
    outer loop
      vertex -11.77147831201117 17.617262276847743 4.542578125
      vertex -11.77147831201117 17.617262276847743 4.67734375
      vertex -9.988001757654073 18.686236985291906 4.519140625
    endloop
  endfacet
  facet normal -0.5141027441932228 0.8577286100002716 0
    outer loop
      vertex -11.77147831201117 17.617262276847743 4.67734375
      vertex -11.77147831201117 17.617262276847743 5.453125
      vertex -9.988001757654073 18.686236985291906 4.65390625
    endloop
  endfacet
  facet normal -0.5141027441932227 0.8577286100002715 0
    outer loop
      vertex -11.77147831201117 17.617262276847743 4.488671875
      vertex -9.988001757654073 18.686236985291906 4.465234375
      vertex -9.988001757654073 18.686236985291906 4.33046875
    endloop
  endfacet
  facet normal -0.5141027441932228 0.8577286100002715 0
    outer loop
      vertex -11.77147831201117 17.617262276847743 4.542578125
      vertex -9.988001757654073 18.686236985291906 4.519140625
      vertex -9.988001757654073 18.686236985291906 4.465234375
    endloop
  endfacet
  facet normal -0.5141027441932227 0.8577286100002715 0
    outer loop
      vertex -11.77147831201117 17.617262276847743 4.67734375
      vertex -9.988001757654073 18.686236985291906 4.65390625
      vertex -9.988001757654073 18.686236985291906 4.519140625
    endloop
  endfacet
  facet normal -0.4275550934302808 0.9039892931234439 0
    outer loop
      vertex -9.988001757654073 18.686236985291906 4.33046875
      vertex -8.108335286373608 19.575253016631496 4
      vertex -9.988001757654073 18.686236985291906 4
    endloop
  endfacet
  facet normal -0.42755509343028086 0.9039892931234439 0
    outer loop
      vertex -9.988001757654073 18.686236985291906 4.33046875
      vertex -8.108335286373608 19.575253016631496 4.30703125
      vertex -8.108335286373608 19.575253016631496 4
    endloop
  endfacet
  facet normal -0.4275550934302808 0.903989293123444 0
    outer loop
      vertex -9.988001757654073 18.686236985291906 4.33046875
      vertex -9.988001757654073 18.686236985291906 4.465234375
      vertex -8.108335286373608 19.575253016631496 4.30703125
    endloop
  endfacet
  facet normal -0.33688985339221955 0.941544065183021 0
    outer loop
      vertex -8.108335286373608 19.575253016631496 4.30703125
      vertex -6.150581113818423 20.275748660499122 4
      vertex -8.108335286373608 19.575253016631496 4
    endloop
  endfacet
  facet normal -0.33688985339221955 0.9415440651830209 0
    outer loop
      vertex -8.108335286373608 19.575253016631496 4.30703125
      vertex -8.108335286373608 19.575253016631496 4.441796875
      vertex -6.150581113818423 20.275748660499122 4.28359375
    endloop
  endfacet
  facet normal -0.33688985339221955 0.9415440651830209 0
    outer loop
      vertex -8.108335286373608 19.575253016631496 4.30703125
      vertex -6.150581113818423 20.275748660499122 4.28359375
      vertex -6.150581113818423 20.275748660499122 4
    endloop
  endfacet
  facet normal -0.42755509343028086 0.9039892931234439 0
    outer loop
      vertex -9.988001757654073 18.686236985291906 4.465234375
      vertex -9.988001757654073 18.686236985291906 4.519140625
      vertex -8.108335286373608 19.575253016631496 4.441796875
    endloop
  endfacet
  facet normal -0.4275550934302808 0.903989293123444 0
    outer loop
      vertex -9.988001757654073 18.686236985291906 4.465234375
      vertex -8.108335286373608 19.575253016631496 4.441796875
      vertex -8.108335286373608 19.575253016631496 4.30703125
    endloop
  endfacet
  facet normal -0.42755509343028075 0.9039892931234439 0
    outer loop
      vertex -9.988001757654073 18.686236985291906 4.519140625
      vertex -8.108335286373608 19.575253016631496 4.495703125
      vertex -8.108335286373608 19.575253016631496 4.441796875
    endloop
  endfacet
  facet normal -0.4275550934302808 0.903989293123444 0
    outer loop
      vertex -9.988001757654073 18.686236985291906 4.519140625
      vertex -9.988001757654073 18.686236985291906 4.65390625
      vertex -8.108335286373608 19.575253016631496 4.495703125
    endloop
  endfacet
  facet normal -0.4275550934302808 0.903989293123444 0
    outer loop
      vertex -9.988001757654073 18.686236985291906 4.65390625
      vertex -8.108335286373608 19.575253016631496 4.63046875
      vertex -8.108335286373608 19.575253016631496 4.495703125
    endloop
  endfacet
  facet normal -0.4275550934302808 0.9039892931234439 0
    outer loop
      vertex -9.988001757654073 18.686236985291906 4.65390625
      vertex -9.988001757654073 18.686236985291906 5.4296875
      vertex -8.108335286373608 19.575253016631496 4.63046875
    endloop
  endfacet
  facet normal -0.33688985339221955 0.941544065183021 0
    outer loop
      vertex -8.108335286373608 19.575253016631496 4.441796875
      vertex -8.108335286373608 19.575253016631496 4.495703125
      vertex -6.150581113818423 20.275748660499122 4.418359375
    endloop
  endfacet
  facet normal -0.33688985339221955 0.9415440651830209 0
    outer loop
      vertex -8.108335286373608 19.575253016631496 4.495703125
      vertex -8.108335286373608 19.575253016631496 4.63046875
      vertex -6.150581113818423 20.275748660499122 4.472265625
    endloop
  endfacet
  facet normal -0.33688985339221955 0.9415440651830209 0
    outer loop
      vertex -6.150581113818423 20.275748660499122 4.28359375
      vertex -8.108335286373608 19.575253016631496 4.441796875
      vertex -6.150581113818423 20.275748660499122 4.418359375
    endloop
  endfacet
  facet normal -0.33688985339221955 0.941544065183021 0
    outer loop
      vertex -8.108335286373608 19.575253016631496 4.495703125
      vertex -6.150581113818423 20.275748660499122 4.472265625
      vertex -6.150581113818423 20.275748660499122 4.418359375
    endloop
  endfacet
  facet normal -0.33688985339221944 0.9415440651830209 0
    outer loop
      vertex -8.108335286373608 19.575253016631496 4.63046875
      vertex -6.150581113818423 20.275748660499122 4.60703125
      vertex -6.150581113818423 20.275748660499122 4.472265625
    endloop
  endfacet
  facet normal -0.33688985339221955 0.941544065183021 0
    outer loop
      vertex -8.108335286373608 19.575253016631496 4.63046875
      vertex -8.108335286373608 19.575253016631496 5.40625
      vertex -6.150581113818423 20.275748660499122 4.60703125
    endloop
  endfacet
  facet normal -0.24298017990326437 0.9700312531945439 0
    outer loop
      vertex -6.150581113818423 20.275748660499122 4.28359375
      vertex -4.133593482887521 20.780977760914467 4
      vertex -6.150581113818423 20.275748660499122 4
    endloop
  endfacet
  facet normal -0.2429801799032644 0.970031253194544 0
    outer loop
      vertex -6.150581113818423 20.275748660499122 4.28359375
      vertex -6.150581113818423 20.275748660499122 4.418359375
      vertex -4.133593482887521 20.780977760914467 4.26015625
    endloop
  endfacet
  facet normal -0.2429801799032644 0.970031253194544 0
    outer loop
      vertex -6.150581113818423 20.275748660499122 4.28359375
      vertex -4.133593482887521 20.780977760914467 4.26015625
      vertex -4.133593482887521 20.780977760914467 4
    endloop
  endfacet
  facet normal -0.2429801799032644 0.970031253194544 0
    outer loop
      vertex -6.150581113818423 20.275748660499122 4.418359375
      vertex -4.133593482887521 20.780977760914467 4.394921875
      vertex -4.133593482887521 20.780977760914467 4.26015625
    endloop
  endfacet
  facet normal -0.14673047445536222 0.9891765099647809 0
    outer loop
      vertex -4.133593482887521 20.780977760914467 4.26015625
      vertex -2.076797087064361 21.08607468545421 4
      vertex -4.133593482887521 20.780977760914467 4
    endloop
  endfacet
  facet normal -0.14673047445536225 0.989176509964781 0
    outer loop
      vertex -4.133593482887521 20.780977760914467 4.26015625
      vertex -4.133593482887521 20.780977760914467 4.394921875
      vertex -2.076797087064361 21.08607468545421 4.23671875
    endloop
  endfacet
  facet normal -0.24298017990326437 0.9700312531945439 0
    outer loop
      vertex -6.150581113818423 20.275748660499122 4.418359375
      vertex -6.150581113818423 20.275748660499122 4.472265625
      vertex -4.133593482887521 20.780977760914467 4.394921875
    endloop
  endfacet
  facet normal -0.2429801799032644 0.970031253194544 0
    outer loop
      vertex -6.150581113818423 20.275748660499122 4.472265625
      vertex -6.150581113818423 20.275748660499122 4.60703125
      vertex -4.133593482887521 20.780977760914467 4.448828125
    endloop
  endfacet
  facet normal -0.2429801799032644 0.9700312531945439 0
    outer loop
      vertex -6.150581113818423 20.275748660499122 4.472265625
      vertex -4.133593482887521 20.780977760914467 4.448828125
      vertex -4.133593482887521 20.780977760914467 4.394921875
    endloop
  endfacet
  facet normal -0.2429801799032644 0.970031253194544 0
    outer loop
      vertex -6.150581113818423 20.275748660499122 4.60703125
      vertex -4.133593482887521 20.780977760914467 4.58359375
      vertex -4.133593482887521 20.780977760914467 4.448828125
    endloop
  endfacet
  facet normal -0.24298017990326437 0.9700312531945439 0
    outer loop
      vertex -6.150581113818423 20.275748660499122 4.60703125
      vertex -6.150581113818423 20.275748660499122 5.3828125
      vertex -4.133593482887521 20.780977760914467 4.58359375
    endloop
  endfacet
  facet normal -0.14673047445536222 0.9891765099647809 0
    outer loop
      vertex -4.133593482887521 20.780977760914467 4.394921875
      vertex -4.133593482887521 20.780977760914467 4.448828125
      vertex -2.076797087064361 21.08607468545421 4.371484375
    endloop
  endfacet
  facet normal -0.14673047445536225 0.989176509964781 0
    outer loop
      vertex -4.133593482887521 20.780977760914467 4.448828125
      vertex -4.133593482887521 20.780977760914467 4.58359375
      vertex -2.076797087064361 21.08607468545421 4.425390625
    endloop
  endfacet
  facet normal -0.14673047445536222 0.9891765099647808 0
    outer loop
      vertex -4.133593482887521 20.780977760914467 4.58359375
      vertex -4.133593482887521 20.780977760914467 5.359375
      vertex -2.076797087064361 21.08607468545421 4.56015625
    endloop
  endfacet
  facet normal -0.14673047445536222 0.9891765099647809 0
    outer loop
      vertex -4.133593482887521 20.780977760914467 4.26015625
      vertex -2.076797087064361 21.08607468545421 4.23671875
      vertex -2.076797087064361 21.08607468545421 4
    endloop
  endfacet
  facet normal -0.14673047445536225 0.989176509964781 0
    outer loop
      vertex -4.133593482887521 20.780977760914467 4.394921875
      vertex -2.076797087064361 21.08607468545421 4.371484375
      vertex -2.076797087064361 21.08607468545421 4.23671875
    endloop
  endfacet
  facet normal -0.04906767432741801 0.9987954562051724 0
    outer loop
      vertex -2.076797087064361 21.08607468545421 4.23671875
      vertex 0 21.18810118395209 4
      vertex -2.076797087064361 21.08607468545421 4
    endloop
  endfacet
  facet normal -0.049067674327418 0.9987954562051725 0
    outer loop
      vertex -2.076797087064361 21.08607468545421 4.23671875
      vertex -2.076797087064361 21.08607468545421 4.371484375
      vertex 0 21.18810118395209 4.21328125
    endloop
  endfacet
  facet normal -0.04906767432741801 0.9987954562051724 0
    outer loop
      vertex -2.076797087064361 21.08607468545421 4.23671875
      vertex 0 21.18810118395209 4.21328125
      vertex 0 21.18810118395209 4
    endloop
  endfacet
  facet normal -0.049067674327418 0.9987954562051723 0
    outer loop
      vertex -2.076797087064361 21.08607468545421 4.371484375
      vertex 0 21.18810118395209 4.348046875
      vertex 0 21.18810118395209 4.21328125
    endloop
  endfacet
  facet normal -0.14673047445536222 0.9891765099647809 0
    outer loop
      vertex -4.133593482887521 20.780977760914467 4.448828125
      vertex -2.076797087064361 21.08607468545421 4.425390625
      vertex -2.076797087064361 21.08607468545421 4.371484375
    endloop
  endfacet
  facet normal -0.14673047445536225 0.989176509964781 0
    outer loop
      vertex -4.133593482887521 20.780977760914467 4.58359375
      vertex -2.076797087064361 21.08607468545421 4.56015625
      vertex -2.076797087064361 21.08607468545421 4.425390625
    endloop
  endfacet
  facet normal -0.049067674327418 0.9987954562051724 0
    outer loop
      vertex -2.076797087064361 21.08607468545421 4.371484375
      vertex -2.076797087064361 21.08607468545421 4.425390625
      vertex 0 21.18810118395209 4.348046875
    endloop
  endfacet
  facet normal -0.049067674327418 0.9987954562051725 0
    outer loop
      vertex -2.076797087064361 21.08607468545421 4.425390625
      vertex -2.076797087064361 21.08607468545421 4.56015625
      vertex 0 21.18810118395209 4.401953125
    endloop
  endfacet
  facet normal -0.049067674327418 0.9987954562051724 0
    outer loop
      vertex -2.076797087064361 21.08607468545421 4.425390625
      vertex 0 21.18810118395209 4.401953125
      vertex 0 21.18810118395209 4.348046875
    endloop
  endfacet
  facet normal -0.049067674327418 0.9987954562051723 0
    outer loop
      vertex -2.076797087064361 21.08607468545421 4.56015625
      vertex 0 21.18810118395209 4.53671875
      vertex 0 21.18810118395209 4.401953125
    endloop
  endfacet
  facet normal -0.049067674327417994 0.9987954562051724 0
    outer loop
      vertex -2.076797087064361 21.08607468545421 4.56015625
      vertex -2.076797087064361 21.08607468545421 5.3359375
      vertex 0 21.18810118395209 4.53671875
    endloop
  endfacet
  facet normal -0.9987954562051724 0.04906767432741779 0
    outer loop
      vertex -22 0 6.15625
      vertex -22 0 6.34375
      vertex -21.894063986788332 2.156377087250333 6.1328125
    endloop
  endfacet
  facet normal -0.49898746235885977 0.03428606233076516 0.8659307006559569
    outer loop
      vertex -21.894063986788332 2.156377087250333 4.8203125
      vertex -21.18810118395209 0 5.3125
      vertex -21.08607468545421 2.076797087064361 5.2890625
    endloop
  endfacet
  facet normal -0.9987954562051724 0.049067674327417994 0
    outer loop
      vertex -21.18810118395209 0 5.3125
      vertex -21.18810118395209 0 5.6875
      vertex -21.08607468545421 2.076797087064361 5.2890625
    endloop
  endfacet
  facet normal -0.9987954562051724 0.049067674327417994 0
    outer loop
      vertex -21.08607468545421 2.076797087064361 5.2890625
      vertex -21.18810118395209 0 5.6875
      vertex -21.08607468545421 2.076797087064361 5.6640625
    endloop
  endfacet
  facet normal -0.9891765099647809 0.14673047445536225 0
    outer loop
      vertex -21.08607468545421 2.076797087064361 5.2890625
      vertex -21.08607468545421 2.076797087064361 5.6640625
      vertex -20.780977760914467 4.133593482887521 5.265625
    endloop
  endfacet
  facet normal -0.49994532312327794 0.014788358551411277 -0.8659307006559568
    outer loop
      vertex -21.18810118395209 0 5.6875
      vertex -22 0 6.15625
      vertex -21.08607468545421 2.076797087064361 5.6640625
    endloop
  endfacet
  facet normal -0.5006337344832065 0.015187221697590283 -0.8655259743037793
    outer loop
      vertex -21.08607468545421 2.076797087064361 5.6640625
      vertex -22 0 6.15625
      vertex -21.894063986788332 2.156377087250333 6.1328125
    endloop
  endfacet
  facet normal -0.4960884371281047 0.06372035945659875 -0.8659307006559569
    outer loop
      vertex -21.08607468545421 2.076797087064361 5.6640625
      vertex -21.894063986788332 2.156377087250333 6.1328125
      vertex -20.780977760914467 4.133593482887521 5.640625
    endloop
  endfacet
  facet normal -0.9891765099647809 0.1467304744553622 0
    outer loop
      vertex -21.894063986788332 2.156377087250333 6.1328125
      vertex -21.894063986788332 2.156377087250333 6.3203125
      vertex -21.57727616887107 4.291987084354822 6.109375
    endloop
  endfacet
  facet normal -0.4932240795576322 0.08303028969002836 0.865930700655957
    outer loop
      vertex -21.08607468545421 2.076797087064361 5.2890625
      vertex -20.780977760914467 4.133593482887521 5.265625
      vertex -21.57727616887107 4.291987084354822 4.796875
    endloop
  endfacet
  facet normal -0.9891765099647809 0.14673047445536225 0
    outer loop
      vertex -20.780977760914467 4.133593482887521 5.265625
      vertex -21.08607468545421 2.076797087064361 5.6640625
      vertex -20.780977760914467 4.133593482887521 5.640625
    endloop
  endfacet
  facet normal -0.4827106792465562 0.13097488997060291 0.8659307006559571
    outer loop
      vertex -20.780977760914467 4.133593482887521 5.265625
      vertex -20.275748660499122 6.150581113818423 5.2421875
      vertex -21.052687386108595 6.386262899598171 4.7734375
    endloop
  endfacet
  facet normal -0.9700312531945438 0.24298017990326434 0
    outer loop
      vertex -20.780977760914467 4.133593482887521 5.265625
      vertex -20.780977760914467 4.133593482887521 5.640625
      vertex -20.275748660499122 6.150581113818423 5.2421875
    endloop
  endfacet
  facet normal -0.9700312531945438 0.24298017990326434 0
    outer loop
      vertex -20.275748660499122 6.150581113818423 5.2421875
      vertex -20.780977760914467 4.133593482887521 5.640625
      vertex -20.275748660499122 6.150581113818423 5.6171875
    endloop
  endfacet
  facet normal -0.4967344381742021 0.06418477808057921 -0.8655259743037794
    outer loop
      vertex -21.894063986788332 2.156377087250333 6.1328125
      vertex -21.57727616887107 4.291987084354822 6.109375
      vertex -20.780977760914467 4.133593482887521 5.640625
    endloop
  endfacet
  facet normal -0.9891765099647809 0.1467304744553622 0
    outer loop
      vertex -21.57727616887107 4.291987084354822 6.109375
      vertex -21.894063986788332 2.156377087250333 6.3203125
      vertex -21.57727616887107 4.291987084354822 6.296875
    endloop
  endfacet
  facet normal -0.4874539482938626 0.11203869846712718 -0.8659307006559569
    outer loop
      vertex -20.780977760914467 4.133593482887521 5.640625
      vertex -21.57727616887107 4.291987084354822 6.109375
      vertex -20.275748660499122 6.150581113818423 5.6171875
    endloop
  endfacet
  facet normal -0.970031253194544 0.24298017990326395 0
    outer loop
      vertex -21.57727616887107 4.291987084354822 6.109375
      vertex -21.57727616887107 4.291987084354822 6.296875
      vertex -21.052687386108595 6.386262899598171 6.0859375
    endloop
  endfacet
  facet normal -0.970031253194544 0.24298017990326395 0
    outer loop
      vertex -21.57727616887107 4.291987084354822 6.296875
      vertex -21.052687386108595 6.386262899598171 6.2734375
      vertex -21.052687386108595 6.386262899598171 6.0859375
    endloop
  endfacet
  facet normal -0.48805131768291443 0.11256419996368275 -0.8655259743037798
    outer loop
      vertex -21.57727616887107 4.291987084354822 6.109375
      vertex -21.052687386108595 6.386262899598171 6.0859375
      vertex -20.275748660499122 6.150581113818423 5.6171875
    endloop
  endfacet
  facet normal -0.9987954562051724 0.04906767432741779 0
    outer loop
      vertex -21.894063986788332 2.156377087250333 6.1328125
      vertex -22 0 6.34375
      vertex -21.894063986788332 2.156377087250333 6.3203125
    endloop
  endfacet
  facet normal -0.49971165425490005 0.03395659593252576 0.8655259743037793
    outer loop
      vertex -22 0 6.34375
      vertex -21.18810118395209 0 6.8125
      vertex -21.894063986788332 2.156377087250333 6.3203125
    endloop
  endfacet
  facet normal -0.49898746235885977 0.03428606233076516 0.8659307006559569
    outer loop
      vertex -21.894063986788332 2.156377087250333 6.3203125
      vertex -21.18810118395209 0 6.8125
      vertex -21.08607468545421 2.076797087064361 6.7890625
    endloop
  endfacet
  facet normal -0.4939770776259413 0.08277339298124858 0.8655259743037793
    outer loop
      vertex -21.894063986788332 2.156377087250333 6.3203125
      vertex -21.08607468545421 2.076797087064361 6.7890625
      vertex -21.57727616887107 4.291987084354822 6.296875
    endloop
  endfacet
  facet normal -0.9987954562051724 0.049067674327417994 0
    outer loop
      vertex -21.18810118395209 0 6.8125
      vertex -21.18810118395209 0 7.1875
      vertex -21.08607468545421 2.076797087064361 6.7890625
    endloop
  endfacet
  facet normal -0.9987954562051724 0.049067674327417994 0
    outer loop
      vertex -21.08607468545421 2.076797087064361 6.7890625
      vertex -21.18810118395209 0 7.1875
      vertex -21.08607468545421 2.076797087064361 7.1640625
    endloop
  endfacet
  facet normal -0.49994532312327794 0.014788358551411277 -0.8659307006559568
    outer loop
      vertex -21.18810118395209 0 7.1875
      vertex -22 0 7.65625
      vertex -21.08607468545421 2.076797087064361 7.1640625
    endloop
  endfacet
  facet normal -0.5006337344832065 0.015187221697590283 -0.8655259743037793
    outer loop
      vertex -21.08607468545421 2.076797087064361 7.1640625
      vertex -22 0 7.65625
      vertex -21.894063986788332 2.156377087250333 7.6328125
    endloop
  endfacet
  facet normal -0.9891765099647809 0.14673047445536225 0
    outer loop
      vertex -21.08607468545421 2.076797087064361 6.7890625
      vertex -21.08607468545421 2.076797087064361 7.1640625
      vertex -20.780977760914467 4.133593482887521 6.765625
    endloop
  endfacet
  facet normal -0.4960884371281047 0.06372035945659875 -0.8659307006559569
    outer loop
      vertex -21.08607468545421 2.076797087064361 7.1640625
      vertex -21.894063986788332 2.156377087250333 7.6328125
      vertex -20.780977760914467 4.133593482887521 7.140625
    endloop
  endfacet
  facet normal -0.4932240795576322 0.08303028969002836 0.865930700655957
    outer loop
      vertex -21.08607468545421 2.076797087064361 6.7890625
      vertex -20.780977760914467 4.133593482887521 6.765625
      vertex -21.57727616887107 4.291987084354822 6.296875
    endloop
  endfacet
  facet normal -0.4834852317041061 0.1307930370070222 0.8655259743037795
    outer loop
      vertex -21.57727616887107 4.291987084354822 6.296875
      vertex -20.780977760914467 4.133593482887521 6.765625
      vertex -21.052687386108595 6.386262899598171 6.2734375
    endloop
  endfacet
  facet normal -0.4827106792465562 0.13097488997060291 0.8659307006559571
    outer loop
      vertex -20.780977760914467 4.133593482887521 6.765625
      vertex -20.275748660499122 6.150581113818423 6.7421875
      vertex -21.052687386108595 6.386262899598171 6.2734375
    endloop
  endfacet
  facet normal -0.9891765099647809 0.14673047445536225 0
    outer loop
      vertex -20.780977760914467 4.133593482887521 6.765625
      vertex -21.08607468545421 2.076797087064361 7.1640625
      vertex -20.780977760914467 4.133593482887521 7.140625
    endloop
  endfacet
  facet normal -0.4967344381742021 0.06418477808057921 -0.8655259743037794
    outer loop
      vertex -21.894063986788332 2.156377087250333 7.6328125
      vertex -21.57727616887107 4.291987084354822 7.609375
      vertex -20.780977760914467 4.133593482887521 7.140625
    endloop
  endfacet
  facet normal -0.9700312531945438 0.24298017990326434 0
    outer loop
      vertex -20.780977760914467 4.133593482887521 6.765625
      vertex -20.780977760914467 4.133593482887521 7.140625
      vertex -20.275748660499122 6.150581113818423 6.7421875
    endloop
  endfacet
  facet normal -0.9700312531945438 0.24298017990326434 0
    outer loop
      vertex -20.275748660499122 6.150581113818423 6.7421875
      vertex -20.780977760914467 4.133593482887521 7.140625
      vertex -20.275748660499122 6.150581113818423 7.1171875
    endloop
  endfacet
  facet normal -0.4874539482938626 0.11203869846712718 -0.8659307006559569
    outer loop
      vertex -20.780977760914467 4.133593482887521 7.140625
      vertex -21.57727616887107 4.291987084354822 7.609375
      vertex -20.275748660499122 6.150581113818423 7.1171875
    endloop
  endfacet
  facet normal -0.48805131768291443 0.11256419996368275 -0.8655259743037798
    outer loop
      vertex -21.57727616887107 4.291987084354822 7.609375
      vertex -21.052687386108595 6.386262899598171 7.5859375
      vertex -20.275748660499122 6.150581113818423 7.1171875
    endloop
  endfacet
  facet normal -0.4675485112178378 0.1776581304626024 0.8659307006559568
    outer loop
      vertex -20.275748660499122 6.150581113818423 5.2421875
      vertex -19.575253016631496 8.108335286373608 5.21875
      vertex -20.325349715248308 8.419035512031975 4.75
    endloop
  endfacet
  facet normal -0.9415440651830209 0.3368898533922195 0
    outer loop
      vertex -20.275748660499122 6.150581113818423 5.2421875
      vertex -20.275748660499122 6.150581113818423 5.6171875
      vertex -19.575253016631496 8.108335286373608 5.21875
    endloop
  endfacet
  facet normal -0.9415440651830209 0.3368898533922195 0
    outer loop
      vertex -19.575253016631496 8.108335286373608 5.21875
      vertex -20.275748660499122 6.150581113818423 5.6171875
      vertex -19.575253016631496 8.108335286373608 5.59375
    endloop
  endfacet
  facet normal -0.9039892931234439 0.4275550934302808 0
    outer loop
      vertex -19.575253016631496 8.108335286373608 5.21875
      vertex -19.575253016631496 8.108335286373608 5.59375
      vertex -18.686236985291906 9.988001757654073 5.1953125
    endloop
  endfacet
  facet normal -0.9039892931234439 0.4275550934302808 0
    outer loop
      vertex -18.686236985291906 9.988001757654073 5.1953125
      vertex -19.575253016631496 8.108335286373608 5.59375
      vertex -18.686236985291906 9.988001757654073 5.5703125
    endloop
  endfacet
  facet normal -0.4741250114681169 0.1592780435648339 -0.8659307006559571
    outer loop
      vertex -20.275748660499122 6.150581113818423 5.6171875
      vertex -21.052687386108595 6.386262899598171 6.0859375
      vertex -19.575253016631496 8.108335286373608 5.59375
    endloop
  endfacet
  facet normal -0.4746679962063523 0.15985956706728555 -0.8655259743037794
    outer loop
      vertex -19.575253016631496 8.108335286373608 5.59375
      vertex -21.052687386108595 6.386262899598171 6.0859375
      vertex -20.325349715248308 8.419035512031975 6.0625
    endloop
  endfacet
  facet normal -0.9415440651830208 0.3368898533922201 0
    outer loop
      vertex -21.052687386108595 6.386262899598171 6.0859375
      vertex -21.052687386108595 6.386262899598171 6.2734375
      vertex -20.325349715248308 8.419035512031975 6.0625
    endloop
  endfacet
  facet normal -0.9415440651830208 0.3368898533922201 0
    outer loop
      vertex -20.325349715248308 8.419035512031975 6.0625
      vertex -21.052687386108595 6.386262899598171 6.2734375
      vertex -20.325349715248308 8.419035512031975 6.25
    endloop
  endfacet
  facet normal -0.45622999159883865 0.20498345403277632 -0.8659307006559568
    outer loop
      vertex -19.575253016631496 8.108335286373608 5.59375
      vertex -20.325349715248308 8.419035512031975 6.0625
      vertex -18.686236985291906 9.988001757654073 5.5703125
    endloop
  endfacet
  facet normal -0.9039892931234438 0.4275550934302811 0
    outer loop
      vertex -20.325349715248308 8.419035512031975 6.0625
      vertex -20.325349715248308 8.419035512031975 6.25
      vertex -19.402267815663812 10.370728210171949 6.0390625
    endloop
  endfacet
  facet normal -0.44788359543807665 0.22263042604043418 0.8659307006559567
    outer loop
      vertex -19.402267815663812 10.370728210171949 4.7265625
      vertex -19.575253016631496 8.108335286373608 5.21875
      vertex -18.686236985291906 9.988001757654073 5.1953125
    endloop
  endfacet
  facet normal -0.4567133624464016 0.20561539915190122 -0.8655259743037791
    outer loop
      vertex -20.325349715248308 8.419035512031975 6.0625
      vertex -19.402267815663812 10.370728210171949 6.0390625
      vertex -18.686236985291906 9.988001757654073 5.5703125
    endloop
  endfacet
  facet normal -0.9039892931234438 0.4275550934302811 0
    outer loop
      vertex -19.402267815663812 10.370728210171949 6.0390625
      vertex -20.325349715248308 8.419035512031975 6.25
      vertex -19.402267815663812 10.370728210171949 6.2265625
    endloop
  endfacet
  facet normal -0.8577286100002716 0.5141027441932228 0
    outer loop
      vertex -19.402267815663812 10.370728210171949 6.0390625
      vertex -19.402267815663812 10.370728210171949 6.2265625
      vertex -18.292331470655995 12.222545126431248 6.015625
    endloop
  endfacet
  facet normal -0.46833715870104753 0.17755307258767122 0.8655259743037796
    outer loop
      vertex -21.052687386108595 6.386262899598171 6.2734375
      vertex -20.275748660499122 6.150581113818423 6.7421875
      vertex -20.325349715248308 8.419035512031975 6.25
    endloop
  endfacet
  facet normal -0.9415440651830209 0.3368898533922195 0
    outer loop
      vertex -20.275748660499122 6.150581113818423 6.7421875
      vertex -20.275748660499122 6.150581113818423 7.1171875
      vertex -19.575253016631496 8.108335286373608 6.71875
    endloop
  endfacet
  facet normal -0.4675485112178378 0.1776581304626024 0.8659307006559568
    outer loop
      vertex -20.275748660499122 6.150581113818423 6.7421875
      vertex -19.575253016631496 8.108335286373608 6.71875
      vertex -20.325349715248308 8.419035512031975 6.25
    endloop
  endfacet
  facet normal -0.44867874284056564 0.22260317501891833 0.8655259743037794
    outer loop
      vertex -19.402267815663812 10.370728210171949 6.2265625
      vertex -20.325349715248308 8.419035512031975 6.25
      vertex -19.575253016631496 8.108335286373608 6.71875
    endloop
  endfacet
  facet normal -0.9039892931234439 0.4275550934302808 0
    outer loop
      vertex -19.575253016631496 8.108335286373608 6.71875
      vertex -19.575253016631496 8.108335286373608 7.09375
      vertex -18.686236985291906 9.988001757654073 6.6953125
    endloop
  endfacet
  facet normal -0.4741250114681169 0.1592780435648339 -0.8659307006559571
    outer loop
      vertex -20.275748660499122 6.150581113818423 7.1171875
      vertex -21.052687386108595 6.386262899598171 7.5859375
      vertex -19.575253016631496 8.108335286373608 7.09375
    endloop
  endfacet
  facet normal -0.4746679962063523 0.15985956706728555 -0.8655259743037794
    outer loop
      vertex -19.575253016631496 8.108335286373608 7.09375
      vertex -21.052687386108595 6.386262899598171 7.5859375
      vertex -20.325349715248308 8.419035512031975 7.5625
    endloop
  endfacet
  facet normal -0.9415440651830209 0.3368898533922195 0
    outer loop
      vertex -19.575253016631496 8.108335286373608 6.71875
      vertex -20.275748660499122 6.150581113818423 7.1171875
      vertex -19.575253016631496 8.108335286373608 7.09375
    endloop
  endfacet
  facet normal -0.9039892931234439 0.4275550934302808 0
    outer loop
      vertex -18.686236985291906 9.988001757654073 6.6953125
      vertex -19.575253016631496 8.108335286373608 7.09375
      vertex -18.686236985291906 9.988001757654073 7.0703125
    endloop
  endfacet
  facet normal -0.45622999159883865 0.20498345403277632 -0.8659307006559568
    outer loop
      vertex -19.575253016631496 8.108335286373608 7.09375
      vertex -20.325349715248308 8.419035512031975 7.5625
      vertex -18.686236985291906 9.988001757654073 7.0703125
    endloop
  endfacet
  facet normal -0.44788359543807665 0.22263042604043418 0.8659307006559567
    outer loop
      vertex -19.402267815663812 10.370728210171949 6.2265625
      vertex -19.575253016631496 8.108335286373608 6.71875
      vertex -18.686236985291906 9.988001757654073 6.6953125
    endloop
  endfacet
  facet normal -0.4246993054137779 0.26550948718746115 0.8655259743037793
    outer loop
      vertex -19.402267815663812 10.370728210171949 6.2265625
      vertex -18.686236985291906 9.988001757654073 6.6953125
      vertex -18.292331470655995 12.222545126431248 6.203125
    endloop
  endfacet
  facet normal -0.4567133624464016 0.20561539915190122 -0.8655259743037791
    outer loop
      vertex -20.325349715248308 8.419035512031975 7.5625
      vertex -19.402267815663812 10.370728210171949 7.5390625
      vertex -18.686236985291906 9.988001757654073 7.0703125
    endloop
  endfacet
  facet normal -0.8577286100002715 0.5141027441932228 0
    outer loop
      vertex -18.686236985291906 9.988001757654073 5.1953125
      vertex -18.686236985291906 9.988001757654073 5.5703125
      vertex -17.617262276847743 11.77147831201117 5.171875
    endloop
  endfacet
  facet normal -0.42390531579616736 0.2654586689133275 0.8659307006559567
    outer loop
      vertex -18.686236985291906 9.988001757654073 5.1953125
      vertex -17.617262276847743 11.77147831201117 5.171875
      vertex -18.292331470655995 12.222545126431248 4.703125
    endloop
  endfacet
  facet normal -0.8032075314806452 0.595699304492433 0
    outer loop
      vertex -17.617262276847743 11.77147831201117 5.171875
      vertex -17.617262276847743 11.77147831201117 5.546875
      vertex -16.37862370210235 13.44158909527899 5.1484375
    endloop
  endfacet
  facet normal -0.8577286100002715 0.5141027441932228 0
    outer loop
      vertex -18.686236985291906 9.988001757654073 5.5703125
      vertex -17.617262276847743 11.77147831201117 5.546875
      vertex -17.617262276847743 11.77147831201117 5.171875
    endloop
  endfacet
  facet normal -0.4339412275097799 0.24871476178303026 -0.8659307006559567
    outer loop
      vertex -19.402267815663812 10.370728210171949 6.0390625
      vertex -17.617262276847743 11.77147831201117 5.546875
      vertex -18.686236985291906 9.988001757654073 5.5703125
    endloop
  endfacet
  facet normal -0.4343603293411711 0.24939104254187489 -0.8655259743037792
    outer loop
      vertex -19.402267815663812 10.370728210171949 6.0390625
      vertex -18.292331470655995 12.222545126431248 6.015625
      vertex -17.617262276847743 11.77147831201117 5.546875
    endloop
  endfacet
  facet normal -0.40747337218339785 0.29005081041599273 -0.8659307006559567
    outer loop
      vertex -17.617262276847743 11.77147831201117 5.546875
      vertex -18.292331470655995 12.222545126431248 6.015625
      vertex -16.37862370210235 13.44158909527899 5.5234375
    endloop
  endfacet
  facet normal -0.8577286100002716 0.5141027441932228 0
    outer loop
      vertex -19.402267815663812 10.370728210171949 6.2265625
      vertex -18.292331470655995 12.222545126431248 6.203125
      vertex -18.292331470655995 12.222545126431248 6.015625
    endloop
  endfacet
  facet normal -0.8577286100002715 0.5141027441932228 0
    outer loop
      vertex -18.686236985291906 9.988001757654073 6.6953125
      vertex -18.686236985291906 9.988001757654073 7.0703125
      vertex -17.617262276847743 11.77147831201117 6.671875
    endloop
  endfacet
  facet normal -0.42390531579616736 0.2654586689133275 0.8659307006559567
    outer loop
      vertex -18.686236985291906 9.988001757654073 6.6953125
      vertex -17.617262276847743 11.77147831201117 6.671875
      vertex -18.292331470655995 12.222545126431248 6.203125
    endloop
  endfacet
  facet normal -0.8032075314806452 0.595699304492433 0
    outer loop
      vertex -17.617262276847743 11.77147831201117 6.671875
      vertex -17.617262276847743 11.77147831201117 7.046875
      vertex -16.37862370210235 13.44158909527899 6.6484375
    endloop
  endfacet
  facet normal -0.4339412275097799 0.24871476178303026 -0.8659307006559567
    outer loop
      vertex -19.402267815663812 10.370728210171949 7.5390625
      vertex -17.617262276847743 11.77147831201117 7.046875
      vertex -18.686236985291906 9.988001757654073 7.0703125
    endloop
  endfacet
  facet normal -0.8577286100002715 0.5141027441932228 0
    outer loop
      vertex -17.617262276847743 11.77147831201117 6.671875
      vertex -18.686236985291906 9.988001757654073 7.0703125
      vertex -17.617262276847743 11.77147831201117 7.046875
    endloop
  endfacet
  facet normal -0.4343603293411711 0.24939104254187489 -0.8655259743037792
    outer loop
      vertex -19.402267815663812 10.370728210171949 7.5390625
      vertex -18.292331470655995 12.222545126431248 7.515625
      vertex -17.617262276847743 11.77147831201117 7.046875
    endloop
  endfacet
  facet normal -0.40747337218339785 0.29005081041599273 -0.8659307006559567
    outer loop
      vertex -17.617262276847743 11.77147831201117 7.046875
      vertex -18.292331470655995 12.222545126431248 7.515625
      vertex -16.37862370210235 13.44158909527899 7.0234375
    endloop
  endfacet
  facet normal -0.9987954562051724 0.04906767432741779 0
    outer loop
      vertex -22 0 7.65625
      vertex -22 0 7.84375
      vertex -21.894063986788332 2.156377087250333 7.6328125
    endloop
  endfacet
  facet normal -0.9987954562051724 0.04906767432741779 0
    outer loop
      vertex -21.894063986788332 2.156377087250333 7.6328125
      vertex -22 0 7.84375
      vertex -21.894063986788332 2.156377087250333 7.8203125
    endloop
  endfacet
  facet normal -0.49971165425490005 0.03395659593252576 0.8655259743037793
    outer loop
      vertex -22 0 7.84375
      vertex -21.18810118395209 0 8.3125
      vertex -21.894063986788332 2.156377087250333 7.8203125
    endloop
  endfacet
  facet normal -0.9891765099647809 0.1467304744553622 0
    outer loop
      vertex -21.894063986788332 2.156377087250333 7.6328125
      vertex -21.894063986788332 2.156377087250333 7.8203125
      vertex -21.57727616887107 4.291987084354822 7.609375
    endloop
  endfacet
  facet normal -0.4939770776259413 0.08277339298124858 0.8655259743037793
    outer loop
      vertex -21.894063986788332 2.156377087250333 7.8203125
      vertex -21.08607468545421 2.076797087064361 8.2890625
      vertex -21.57727616887107 4.291987084354822 7.796875
    endloop
  endfacet
  facet normal -0.9987954562051724 0.049067674327417994 0
    outer loop
      vertex -21.18810118395209 0 8.3125
      vertex -21.18810118395209 0 8.6875
      vertex -21.08607468545421 2.076797087064361 8.2890625
    endloop
  endfacet
  facet normal -0.49898746235885977 0.03428606233076516 0.8659307006559569
    outer loop
      vertex -21.894063986788332 2.156377087250333 7.8203125
      vertex -21.18810118395209 0 8.3125
      vertex -21.08607468545421 2.076797087064361 8.2890625
    endloop
  endfacet
  facet normal -0.9987954562051724 0.049067674327417994 0
    outer loop
      vertex -21.08607468545421 2.076797087064361 8.2890625
      vertex -21.18810118395209 0 8.6875
      vertex -21.08607468545421 2.076797087064361 8.6640625
    endloop
  endfacet
  facet normal -0.9891765099647809 0.14673047445536225 0
    outer loop
      vertex -21.08607468545421 2.076797087064361 8.2890625
      vertex -21.08607468545421 2.076797087064361 8.6640625
      vertex -20.780977760914467 4.133593482887521 8.265625
    endloop
  endfacet
  facet normal -0.9891765099647809 0.1467304744553622 0
    outer loop
      vertex -21.57727616887107 4.291987084354822 7.609375
      vertex -21.894063986788332 2.156377087250333 7.8203125
      vertex -21.57727616887107 4.291987084354822 7.796875
    endloop
  endfacet
  facet normal -0.4932240795576322 0.08303028969002836 0.865930700655957
    outer loop
      vertex -21.08607468545421 2.076797087064361 8.2890625
      vertex -20.780977760914467 4.133593482887521 8.265625
      vertex -21.57727616887107 4.291987084354822 7.796875
    endloop
  endfacet
  facet normal -0.970031253194544 0.24298017990326395 0
    outer loop
      vertex -21.57727616887107 4.291987084354822 7.609375
      vertex -21.57727616887107 4.291987084354822 7.796875
      vertex -21.052687386108595 6.386262899598171 7.5859375
    endloop
  endfacet
  facet normal -0.970031253194544 0.24298017990326395 0
    outer loop
      vertex -21.57727616887107 4.291987084354822 7.796875
      vertex -21.052687386108595 6.386262899598171 7.7734375
      vertex -21.052687386108595 6.386262899598171 7.5859375
    endloop
  endfacet
  facet normal -0.4834852317041061 0.1307930370070222 0.8655259743037795
    outer loop
      vertex -21.57727616887107 4.291987084354822 7.796875
      vertex -20.780977760914467 4.133593482887521 8.265625
      vertex -21.052687386108595 6.386262899598171 7.7734375
    endloop
  endfacet
  facet normal -0.4827106792465562 0.13097488997060291 0.8659307006559571
    outer loop
      vertex -20.780977760914467 4.133593482887521 8.265625
      vertex -20.275748660499122 6.150581113818423 8.2421875
      vertex -21.052687386108595 6.386262899598171 7.7734375
    endloop
  endfacet
  facet normal -0.9891765099647809 0.14673047445536225 0
    outer loop
      vertex -20.780977760914467 4.133593482887521 8.265625
      vertex -21.08607468545421 2.076797087064361 8.6640625
      vertex -20.780977760914467 4.133593482887521 8.640625
    endloop
  endfacet
  facet normal -0.9700312531945438 0.24298017990326434 0
    outer loop
      vertex -20.780977760914467 4.133593482887521 8.265625
      vertex -20.780977760914467 4.133593482887521 8.640625
      vertex -20.275748660499122 6.150581113818423 8.2421875
    endloop
  endfacet
  facet normal -0.9700312531945438 0.24298017990326434 0
    outer loop
      vertex -20.275748660499122 6.150581113818423 8.2421875
      vertex -20.780977760914467 4.133593482887521 8.640625
      vertex -20.275748660499122 6.150581113818423 8.6171875
    endloop
  endfacet
  facet normal -0.9987954562051724 0.04906767432741779 0
    outer loop
      vertex -22 0 9.15625
      vertex -22 0 9.34375
      vertex -21.894063986788332 2.156377087250333 9.1328125
    endloop
  endfacet
  facet normal -0.9987954562051724 0.04906767432741779 0
    outer loop
      vertex -21.894063986788332 2.156377087250333 9.1328125
      vertex -22 0 9.34375
      vertex -21.894063986788332 2.156377087250333 9.3203125
    endloop
  endfacet
  facet normal -0.49994532312327794 0.014788358551411277 -0.8659307006559568
    outer loop
      vertex -21.18810118395209 0 8.6875
      vertex -22 0 9.15625
      vertex -21.08607468545421 2.076797087064361 8.6640625
    endloop
  endfacet
  facet normal -0.5006337344832065 0.015187221697590283 -0.8655259743037793
    outer loop
      vertex -21.08607468545421 2.076797087064361 8.6640625
      vertex -22 0 9.15625
      vertex -21.894063986788332 2.156377087250333 9.1328125
    endloop
  endfacet
  facet normal -0.4960884371281047 0.06372035945659875 -0.8659307006559569
    outer loop
      vertex -21.08607468545421 2.076797087064361 8.6640625
      vertex -21.894063986788332 2.156377087250333 9.1328125
      vertex -20.780977760914467 4.133593482887521 8.640625
    endloop
  endfacet
  facet normal -0.9891765099647809 0.1467304744553622 0
    outer loop
      vertex -21.894063986788332 2.156377087250333 9.1328125
      vertex -21.894063986788332 2.156377087250333 9.3203125
      vertex -21.57727616887107 4.291987084354822 9.109375
    endloop
  endfacet
  facet normal -0.49971165425490005 0.03395659593252576 0.8655259743037793
    outer loop
      vertex -22 0 9.34375
      vertex -21.18810118395209 0 9.8125
      vertex -21.894063986788332 2.156377087250333 9.3203125
    endloop
  endfacet
  facet normal -0.49898746235885977 0.03428606233076516 0.8659307006559569
    outer loop
      vertex -21.894063986788332 2.156377087250333 9.3203125
      vertex -21.18810118395209 0 9.8125
      vertex -21.08607468545421 2.076797087064361 9.7890625
    endloop
  endfacet
  facet normal -0.9987954562051724 0.049067674327417994 0
    outer loop
      vertex -21.18810118395209 0 9.8125
      vertex -21.18810118395209 0 10
      vertex -21.08607468545421 2.076797087064361 9.7890625
    endloop
  endfacet
  facet normal -0.9987954562051724 0.049067674327417994 0
    outer loop
      vertex -21.18810118395209 0 10
      vertex -21.08607468545421 2.076797087064361 10
      vertex -21.08607468545421 2.076797087064361 9.7890625
    endloop
  endfacet
  facet normal -0.4939770776259413 0.08277339298124858 0.8655259743037793
    outer loop
      vertex -21.894063986788332 2.156377087250333 9.3203125
      vertex -21.08607468545421 2.076797087064361 9.7890625
      vertex -21.57727616887107 4.291987084354822 9.296875
    endloop
  endfacet
  facet normal -0.9891765099647809 0.14673047445536225 0
    outer loop
      vertex -21.08607468545421 2.076797087064361 9.7890625
      vertex -21.08607468545421 2.076797087064361 10
      vertex -20.780977760914467 4.133593482887521 9.765625
    endloop
  endfacet
  facet normal -0.4967344381742021 0.06418477808057921 -0.8655259743037794
    outer loop
      vertex -21.894063986788332 2.156377087250333 9.1328125
      vertex -21.57727616887107 4.291987084354822 9.109375
      vertex -20.780977760914467 4.133593482887521 8.640625
    endloop
  endfacet
  facet normal -0.9891765099647809 0.1467304744553622 0
    outer loop
      vertex -21.57727616887107 4.291987084354822 9.109375
      vertex -21.894063986788332 2.156377087250333 9.3203125
      vertex -21.57727616887107 4.291987084354822 9.296875
    endloop
  endfacet
  facet normal -0.4874539482938626 0.11203869846712718 -0.8659307006559569
    outer loop
      vertex -20.780977760914467 4.133593482887521 8.640625
      vertex -21.57727616887107 4.291987084354822 9.109375
      vertex -20.275748660499122 6.150581113818423 8.6171875
    endloop
  endfacet
  facet normal -0.48805131768291443 0.11256419996368275 -0.8655259743037798
    outer loop
      vertex -21.57727616887107 4.291987084354822 9.109375
      vertex -21.052687386108595 6.386262899598171 9.0859375
      vertex -20.275748660499122 6.150581113818423 8.6171875
    endloop
  endfacet
  facet normal -0.970031253194544 0.24298017990326395 0
    outer loop
      vertex -21.57727616887107 4.291987084354822 9.109375
      vertex -21.57727616887107 4.291987084354822 9.296875
      vertex -21.052687386108595 6.386262899598171 9.0859375
    endloop
  endfacet
  facet normal -0.970031253194544 0.24298017990326395 0
    outer loop
      vertex -21.57727616887107 4.291987084354822 9.296875
      vertex -21.052687386108595 6.386262899598171 9.2734375
      vertex -21.052687386108595 6.386262899598171 9.0859375
    endloop
  endfacet
  facet normal -0.4932240795576322 0.08303028969002836 0.865930700655957
    outer loop
      vertex -21.08607468545421 2.076797087064361 9.7890625
      vertex -20.780977760914467 4.133593482887521 9.765625
      vertex -21.57727616887107 4.291987084354822 9.296875
    endloop
  endfacet
  facet normal -0.9891765099647809 0.14673047445536225 0
    outer loop
      vertex -21.08607468545421 2.076797087064361 10
      vertex -20.780977760914467 4.133593482887521 10
      vertex -20.780977760914467 4.133593482887521 9.765625
    endloop
  endfacet
  facet normal -0.4834852317041061 0.1307930370070222 0.8655259743037795
    outer loop
      vertex -21.57727616887107 4.291987084354822 9.296875
      vertex -20.780977760914467 4.133593482887521 9.765625
      vertex -21.052687386108595 6.386262899598171 9.2734375
    endloop
  endfacet
  facet normal -0.4827106792465562 0.13097488997060291 0.8659307006559571
    outer loop
      vertex -20.780977760914467 4.133593482887521 9.765625
      vertex -20.275748660499122 6.150581113818423 9.7421875
      vertex -21.052687386108595 6.386262899598171 9.2734375
    endloop
  endfacet
  facet normal -0.970031253194544 0.24298017990326437 0
    outer loop
      vertex -20.780977760914467 4.133593482887521 9.765625
      vertex -20.780977760914467 4.133593482887521 10
      vertex -20.275748660499122 6.150581113818423 9.7421875
    endloop
  endfacet
  facet normal -0.970031253194544 0.2429801799032644 0
    outer loop
      vertex -20.780977760914467 4.133593482887521 10
      vertex -20.275748660499122 6.150581113818423 10
      vertex -20.275748660499122 6.150581113818423 9.7421875
    endloop
  endfacet
  facet normal -0.9415440651830208 0.3368898533922201 0
    outer loop
      vertex -21.052687386108595 6.386262899598171 7.5859375
      vertex -21.052687386108595 6.386262899598171 7.7734375
      vertex -20.325349715248308 8.419035512031975 7.5625
    endloop
  endfacet
  facet normal -0.9415440651830208 0.3368898533922201 0
    outer loop
      vertex -20.325349715248308 8.419035512031975 7.5625
      vertex -21.052687386108595 6.386262899598171 7.7734375
      vertex -20.325349715248308 8.419035512031975 7.75
    endloop
  endfacet
  facet normal -0.46833715870104753 0.17755307258767122 0.8655259743037796
    outer loop
      vertex -21.052687386108595 6.386262899598171 7.7734375
      vertex -20.275748660499122 6.150581113818423 8.2421875
      vertex -20.325349715248308 8.419035512031975 7.75
    endloop
  endfacet
  facet normal -0.4675485112178378 0.1776581304626024 0.8659307006559568
    outer loop
      vertex -20.275748660499122 6.150581113818423 8.2421875
      vertex -19.575253016631496 8.108335286373608 8.21875
      vertex -20.325349715248308 8.419035512031975 7.75
    endloop
  endfacet
  facet normal -0.9039892931234438 0.4275550934302811 0
    outer loop
      vertex -20.325349715248308 8.419035512031975 7.5625
      vertex -20.325349715248308 8.419035512031975 7.75
      vertex -19.402267815663812 10.370728210171949 7.5390625
    endloop
  endfacet
  facet normal -0.44867874284056564 0.22260317501891833 0.8655259743037794
    outer loop
      vertex -19.402267815663812 10.370728210171949 7.7265625
      vertex -20.325349715248308 8.419035512031975 7.75
      vertex -19.575253016631496 8.108335286373608 8.21875
    endloop
  endfacet
  facet normal -0.9415440651830209 0.3368898533922195 0
    outer loop
      vertex -20.275748660499122 6.150581113818423 8.2421875
      vertex -20.275748660499122 6.150581113818423 8.6171875
      vertex -19.575253016631496 8.108335286373608 8.21875
    endloop
  endfacet
  facet normal -0.9415440651830209 0.3368898533922195 0
    outer loop
      vertex -19.575253016631496 8.108335286373608 8.21875
      vertex -20.275748660499122 6.150581113818423 8.6171875
      vertex -19.575253016631496 8.108335286373608 8.59375
    endloop
  endfacet
  facet normal -0.9039892931234439 0.4275550934302808 0
    outer loop
      vertex -19.575253016631496 8.108335286373608 8.21875
      vertex -19.575253016631496 8.108335286373608 8.59375
      vertex -18.686236985291906 9.988001757654073 8.1953125
    endloop
  endfacet
  facet normal -0.45622999159883865 0.20498345403277632 -0.8659307006559568
    outer loop
      vertex -19.575253016631496 8.108335286373608 8.59375
      vertex -20.325349715248308 8.419035512031975 9.0625
      vertex -18.686236985291906 9.988001757654073 8.5703125
    endloop
  endfacet
  facet normal -0.9039892931234439 0.4275550934302808 0
    outer loop
      vertex -18.686236985291906 9.988001757654073 8.1953125
      vertex -19.575253016631496 8.108335286373608 8.59375
      vertex -18.686236985291906 9.988001757654073 8.5703125
    endloop
  endfacet
  facet normal -0.9039892931234438 0.4275550934302811 0
    outer loop
      vertex -19.402267815663812 10.370728210171949 7.5390625
      vertex -20.325349715248308 8.419035512031975 7.75
      vertex -19.402267815663812 10.370728210171949 7.7265625
    endloop
  endfacet
  facet normal -0.44788359543807665 0.22263042604043418 0.8659307006559567
    outer loop
      vertex -19.402267815663812 10.370728210171949 7.7265625
      vertex -19.575253016631496 8.108335286373608 8.21875
      vertex -18.686236985291906 9.988001757654073 8.1953125
    endloop
  endfacet
  facet normal -0.4246993054137779 0.26550948718746115 0.8655259743037793
    outer loop
      vertex -19.402267815663812 10.370728210171949 7.7265625
      vertex -18.686236985291906 9.988001757654073 8.1953125
      vertex -18.292331470655995 12.222545126431248 7.703125
    endloop
  endfacet
  facet normal -0.8577286100002716 0.5141027441932228 0
    outer loop
      vertex -19.402267815663812 10.370728210171949 7.5390625
      vertex -19.402267815663812 10.370728210171949 7.7265625
      vertex -18.292331470655995 12.222545126431248 7.515625
    endloop
  endfacet
  facet normal -0.4741250114681169 0.1592780435648339 -0.8659307006559571
    outer loop
      vertex -20.275748660499122 6.150581113818423 8.6171875
      vertex -21.052687386108595 6.386262899598171 9.0859375
      vertex -19.575253016631496 8.108335286373608 8.59375
    endloop
  endfacet
  facet normal -0.4746679962063523 0.15985956706728555 -0.8655259743037794
    outer loop
      vertex -19.575253016631496 8.108335286373608 8.59375
      vertex -21.052687386108595 6.386262899598171 9.0859375
      vertex -20.325349715248308 8.419035512031975 9.0625
    endloop
  endfacet
  facet normal -0.9415440651830208 0.3368898533922201 0
    outer loop
      vertex -21.052687386108595 6.386262899598171 9.0859375
      vertex -21.052687386108595 6.386262899598171 9.2734375
      vertex -20.325349715248308 8.419035512031975 9.0625
    endloop
  endfacet
  facet normal -0.9415440651830208 0.3368898533922201 0
    outer loop
      vertex -20.325349715248308 8.419035512031975 9.0625
      vertex -21.052687386108595 6.386262899598171 9.2734375
      vertex -20.325349715248308 8.419035512031975 9.25
    endloop
  endfacet
  facet normal -0.9039892931234438 0.4275550934302811 0
    outer loop
      vertex -20.325349715248308 8.419035512031975 9.0625
      vertex -20.325349715248308 8.419035512031975 9.25
      vertex -19.402267815663812 10.370728210171949 9.0390625
    endloop
  endfacet
  facet normal -0.46833715870104753 0.17755307258767122 0.8655259743037796
    outer loop
      vertex -21.052687386108595 6.386262899598171 9.2734375
      vertex -20.275748660499122 6.150581113818423 9.7421875
      vertex -20.325349715248308 8.419035512031975 9.25
    endloop
  endfacet
  facet normal -0.4675485112178378 0.1776581304626024 0.8659307006559568
    outer loop
      vertex -20.275748660499122 6.150581113818423 9.7421875
      vertex -19.575253016631496 8.108335286373608 9.71875
      vertex -20.325349715248308 8.419035512031975 9.25
    endloop
  endfacet
  facet normal -0.941544065183021 0.33688985339221955 0
    outer loop
      vertex -20.275748660499122 6.150581113818423 9.7421875
      vertex -20.275748660499122 6.150581113818423 10
      vertex -19.575253016631496 8.108335286373608 9.71875
    endloop
  endfacet
  facet normal -0.9415440651830209 0.3368898533922195 0
    outer loop
      vertex -20.275748660499122 6.150581113818423 10
      vertex -19.575253016631496 8.108335286373608 10
      vertex -19.575253016631496 8.108335286373608 9.71875
    endloop
  endfacet
  facet normal -0.44867874284056564 0.22260317501891833 0.8655259743037794
    outer loop
      vertex -19.402267815663812 10.370728210171949 9.2265625
      vertex -20.325349715248308 8.419035512031975 9.25
      vertex -19.575253016631496 8.108335286373608 9.71875
    endloop
  endfacet
  facet normal -0.9039892931234441 0.42755509343028086 0
    outer loop
      vertex -19.575253016631496 8.108335286373608 9.71875
      vertex -19.575253016631496 8.108335286373608 10
      vertex -18.686236985291906 9.988001757654073 9.6953125
    endloop
  endfacet
  facet normal -0.9039892931234439 0.4275550934302808 0
    outer loop
      vertex -19.575253016631496 8.108335286373608 10
      vertex -18.686236985291906 9.988001757654073 10
      vertex -18.686236985291906 9.988001757654073 9.6953125
    endloop
  endfacet
  facet normal -0.4567133624464016 0.20561539915190122 -0.8655259743037791
    outer loop
      vertex -20.325349715248308 8.419035512031975 9.0625
      vertex -19.402267815663812 10.370728210171949 9.0390625
      vertex -18.686236985291906 9.988001757654073 8.5703125
    endloop
  endfacet
  facet normal -0.9039892931234438 0.4275550934302811 0
    outer loop
      vertex -19.402267815663812 10.370728210171949 9.0390625
      vertex -20.325349715248308 8.419035512031975 9.25
      vertex -19.402267815663812 10.370728210171949 9.2265625
    endloop
  endfacet
  facet normal -0.8577286100002716 0.5141027441932228 0
    outer loop
      vertex -19.402267815663812 10.370728210171949 9.0390625
      vertex -19.402267815663812 10.370728210171949 9.2265625
      vertex -18.292331470655995 12.222545126431248 9.015625
    endloop
  endfacet
  facet normal -0.44788359543807665 0.22263042604043418 0.8659307006559567
    outer loop
      vertex -19.402267815663812 10.370728210171949 9.2265625
      vertex -19.575253016631496 8.108335286373608 9.71875
      vertex -18.686236985291906 9.988001757654073 9.6953125
    endloop
  endfacet
  facet normal -0.4246993054137779 0.26550948718746115 0.8655259743037793
    outer loop
      vertex -19.402267815663812 10.370728210171949 9.2265625
      vertex -18.686236985291906 9.988001757654073 9.6953125
      vertex -18.292331470655995 12.222545126431248 9.203125
    endloop
  endfacet
  facet normal 0 0 1
    outer loop
      vertex -21.18810118395209 0 10
      vertex -2.4879618166804924 0.24504285082390154 10
      vertex -21.08607468545421 2.076797087064361 10
    endloop
  endfacet
  facet normal 0 0 1
    outer loop
      vertex -21.08607468545421 2.076797087064361 10
      vertex -2.4879618166804924 0.24504285082390154 10
      vertex -20.780977760914467 4.133593482887521 10
    endloop
  endfacet
  facet normal 0 0 1
    outer loop
      vertex -20.780977760914467 4.133593482887521 10
      vertex -2.451963201008076 0.48772580504032065 10
      vertex -20.275748660499122 6.150581113818423 10
    endloop
  endfacet
  facet normal 0 0 1
    outer loop
      vertex -20.275748660499122 6.150581113818423 10
      vertex -2.392350839330522 0.7257116931361558 10
      vertex -19.575253016631496 8.108335286373608 10
    endloop
  endfacet
  facet normal -0.8577286100002716 0.5141027441932228 0
    outer loop
      vertex -19.402267815663812 10.370728210171949 7.7265625
      vertex -18.292331470655995 12.222545126431248 7.703125
      vertex -18.292331470655995 12.222545126431248 7.515625
    endloop
  endfacet
  facet normal -0.42390531579616736 0.2654586689133275 0.8659307006559567
    outer loop
      vertex -18.686236985291906 9.988001757654073 8.1953125
      vertex -17.617262276847743 11.77147831201117 8.171875
      vertex -18.292331470655995 12.222545126431248 7.703125
    endloop
  endfacet
  facet normal -0.8577286100002715 0.5141027441932228 0
    outer loop
      vertex -18.686236985291906 9.988001757654073 8.1953125
      vertex -18.686236985291906 9.988001757654073 8.5703125
      vertex -17.617262276847743 11.77147831201117 8.171875
    endloop
  endfacet
  facet normal -0.4339412275097799 0.24871476178303026 -0.8659307006559567
    outer loop
      vertex -19.402267815663812 10.370728210171949 9.0390625
      vertex -17.617262276847743 11.77147831201117 8.546875
      vertex -18.686236985291906 9.988001757654073 8.5703125
    endloop
  endfacet
  facet normal -0.8577286100002715 0.5141027441932228 0
    outer loop
      vertex -18.686236985291906 9.988001757654073 8.5703125
      vertex -17.617262276847743 11.77147831201117 8.546875
      vertex -17.617262276847743 11.77147831201117 8.171875
    endloop
  endfacet
  facet normal -0.8032075314806452 0.595699304492433 0
    outer loop
      vertex -17.617262276847743 11.77147831201117 8.171875
      vertex -17.617262276847743 11.77147831201117 8.546875
      vertex -16.37862370210235 13.44158909527899 8.1484375
    endloop
  endfacet
  facet normal -0.40747337218339785 0.29005081041599273 -0.8659307006559567
    outer loop
      vertex -17.617262276847743 11.77147831201117 8.546875
      vertex -18.292331470655995 12.222545126431248 9.015625
      vertex -16.37862370210235 13.44158909527899 8.5234375
    endloop
  endfacet
  facet normal -0.4343603293411711 0.24939104254187489 -0.8655259743037792
    outer loop
      vertex -19.402267815663812 10.370728210171949 9.0390625
      vertex -18.292331470655995 12.222545126431248 9.015625
      vertex -17.617262276847743 11.77147831201117 8.546875
    endloop
  endfacet
  facet normal -0.8577286100002716 0.5141027441932228 0
    outer loop
      vertex -19.402267815663812 10.370728210171949 9.2265625
      vertex -18.292331470655995 12.222545126431248 9.203125
      vertex -18.292331470655995 12.222545126431248 9.015625
    endloop
  endfacet
  facet normal -0.8577286100002715 0.5141027441932228 0
    outer loop
      vertex -18.686236985291906 9.988001757654073 9.6953125
      vertex -18.686236985291906 9.988001757654073 10
      vertex -17.617262276847743 11.77147831201117 9.671875
    endloop
  endfacet
  facet normal -0.42390531579616736 0.2654586689133275 0.8659307006559567
    outer loop
      vertex -18.686236985291906 9.988001757654073 9.6953125
      vertex -17.617262276847743 11.77147831201117 9.671875
      vertex -18.292331470655995 12.222545126431248 9.203125
    endloop
  endfacet
  facet normal -0.8577286100002715 0.5141027441932228 0
    outer loop
      vertex -18.686236985291906 9.988001757654073 10
      vertex -17.617262276847743 11.77147831201117 10
      vertex -17.617262276847743 11.77147831201117 9.671875
    endloop
  endfacet
  facet normal -0.803207531480645 0.595699304492433 0
    outer loop
      vertex -17.617262276847743 11.77147831201117 9.671875
      vertex -17.617262276847743 11.77147831201117 10
      vertex -16.37862370210235 13.44158909527899 9.6484375
    endloop
  endfacet
  facet normal 0 0 1
    outer loop
      vertex -19.575253016631496 8.108335286373608 10
      vertex -2.309698831278217 0.9567085809127245 10
      vertex -18.686236985291906 9.988001757654073 10
    endloop
  endfacet
  facet normal 0 0 1
    outer loop
      vertex -18.686236985291906 9.988001757654073 10
      vertex -2.204803160870888 1.1784918420649944 10
      vertex -17.617262276847743 11.77147831201117 10
    endloop
  endfacet
  facet normal -0.39584459623292434 0.30573039969011373 0.8659307006559569
    outer loop
      vertex -17.006229973980215 13.9566522516002 4.6796875
      vertex -17.617262276847743 11.77147831201117 5.171875
      vertex -16.37862370210235 13.44158909527899 5.1484375
    endloop
  endfacet
  facet normal -0.7409511253549593 0.6715589548470181 0
    outer loop
      vertex -14.982250027639239 14.982250027639239 4.72421875
      vertex -16.37862370210235 13.44158909527899 5.1484375
      vertex -16.37862370210235 13.44158909527899 5.5234375
    endloop
  endfacet
  facet normal -0.8032075314806452 0.595699304492433 0
    outer loop
      vertex -16.37862370210235 13.44158909527899 5.1484375
      vertex -17.617262276847743 11.77147831201117 5.546875
      vertex -16.37862370210235 13.44158909527899 5.5234375
    endloop
  endfacet
  facet normal -0.40782416881887656 0.29076491386115655 -0.8655259743037795
    outer loop
      vertex -18.292331470655995 12.222545126431248 6.015625
      vertex -17.006229973980215 13.9566522516002 5.9921875
      vertex -16.37862370210235 13.44158909527899 5.5234375
    endloop
  endfacet
  facet normal -0.8032075314806455 0.5956993044924327 0
    outer loop
      vertex -18.292331470655995 12.222545126431248 6.015625
      vertex -18.292331470655995 12.222545126431248 6.203125
      vertex -17.006229973980215 13.9566522516002 5.9921875
    endloop
  endfacet
  facet normal -0.8032075314806455 0.5956993044924326 0
    outer loop
      vertex -18.292331470655995 12.222545126431248 6.203125
      vertex -17.006229973980215 13.9566522516002 6.1796875
      vertex -17.006229973980215 13.9566522516002 5.9921875
    endloop
  endfacet
  facet normal -0.37708132553528567 0.328593511186748 -0.8659307006559569
    outer loop
      vertex -17.006229973980215 13.9566522516002 5.9921875
      vertex -14.982250027639239 14.982250027639239 5.5
      vertex -16.37862370210235 13.44158909527899 5.5234375
    endloop
  endfacet
  facet normal -0.3773604386114879 0.32933856011168644 -0.8655259743037795
    outer loop
      vertex -17.006229973980215 13.9566522516002 5.9921875
      vertex -15.556349186104047 15.556349186104047 5.96875
      vertex -14.982250027639239 14.982250027639239 5.5
    endloop
  endfacet
  facet normal -0.7409511253549593 0.6715589548470181 0
    outer loop
      vertex -17.006229973980215 13.9566522516002 5.9921875
      vertex -17.006229973980215 13.9566522516002 6.1796875
      vertex -15.556349186104047 15.556349186104047 5.96875
    endloop
  endfacet
  facet normal -0.7409511253549593 0.6715589548470181 0
    outer loop
      vertex -17.006229973980215 13.9566522516002 6.1796875
      vertex -15.556349186104047 15.556349186104047 6.15625
      vertex -15.556349186104047 15.556349186104047 5.96875
    endloop
  endfacet
  facet normal -0.7409511253549593 0.6715589548470181 0
    outer loop
      vertex -14.982250027639239 14.982250027639239 4.72421875
      vertex -16.37862370210235 13.44158909527899 5.5234375
      vertex -14.982250027639239 14.982250027639239 5.5
    endloop
  endfacet
  facet normal -0.6715589548470181 0.7409511253549593 0
    outer loop
      vertex -13.44158909527899 16.37862370210235 4.70078125
      vertex -14.982250027639239 14.982250027639239 5.5
      vertex -13.44158909527899 16.37862370210235 5.4765625
    endloop
  endfacet
  facet normal -0.34305777958864814 0.3639716768172903 -0.8659307006559569
    outer loop
      vertex -13.44158909527899 16.37862370210235 5.4765625
      vertex -14.982250027639239 14.982250027639239 5.5
      vertex -15.556349186104047 15.556349186104047 5.96875
    endloop
  endfacet
  facet normal -0.3432625210940709 0.3647404959935705 -0.8655259743037794
    outer loop
      vertex -13.44158909527899 16.37862370210235 5.4765625
      vertex -15.556349186104047 15.556349186104047 5.96875
      vertex -13.9566522516002 17.006229973980215 5.9453125
    endloop
  endfacet
  facet normal -0.6715589548470181 0.7409511253549593 0
    outer loop
      vertex -15.556349186104047 15.556349186104047 5.96875
      vertex -15.556349186104047 15.556349186104047 6.15625
      vertex -13.9566522516002 17.006229973980215 5.9453125
    endloop
  endfacet
  facet normal -0.6715589548470181 0.7409511253549593 0
    outer loop
      vertex -15.556349186104047 15.556349186104047 6.15625
      vertex -13.9566522516002 17.006229973980215 6.1328125
      vertex -13.9566522516002 17.006229973980215 5.9453125
    endloop
  endfacet
  facet normal -0.30573039969011373 0.3958445962329243 -0.8659307006559569
    outer loop
      vertex -13.44158909527899 16.37862370210235 5.4765625
      vertex -13.9566522516002 17.006229973980215 5.9453125
      vertex -11.77147831201117 17.617262276847743 5.453125
    endloop
  endfacet
  facet normal -0.305858797852137 0.3966297815115999 -0.8655259743037793
    outer loop
      vertex -11.77147831201117 17.617262276847743 5.453125
      vertex -13.9566522516002 17.006229973980215 5.9453125
      vertex -12.222545126431248 18.292331470655995 5.921875
    endloop
  endfacet
  facet normal -0.5956993044924327 0.8032075314806455 0
    outer loop
      vertex -13.9566522516002 17.006229973980215 5.9453125
      vertex -13.9566522516002 17.006229973980215 6.1328125
      vertex -12.222545126431248 18.292331470655995 5.921875
    endloop
  endfacet
  facet normal -0.5956993044924326 0.8032075314806455 0
    outer loop
      vertex -13.9566522516002 17.006229973980215 6.1328125
      vertex -12.222545126431248 18.292331470655995 6.109375
      vertex -12.222545126431248 18.292331470655995 5.921875
    endloop
  endfacet
  facet normal -0.39662978151159983 0.305858797852137 0.8655259743037793
    outer loop
      vertex -18.292331470655995 12.222545126431248 6.203125
      vertex -17.617262276847743 11.77147831201117 6.671875
      vertex -17.006229973980215 13.9566522516002 6.1796875
    endloop
  endfacet
  facet normal -0.39584459623292434 0.30573039969011373 0.8659307006559569
    outer loop
      vertex -17.006229973980215 13.9566522516002 6.1796875
      vertex -17.617262276847743 11.77147831201117 6.671875
      vertex -16.37862370210235 13.44158909527899 6.6484375
    endloop
  endfacet
  facet normal -0.7409511253549594 0.6715589548470181 0
    outer loop
      vertex -16.37862370210235 13.44158909527899 6.6484375
      vertex -16.37862370210235 13.44158909527899 7.0234375
      vertex -14.982250027639239 14.982250027639239 6.625
    endloop
  endfacet
  facet normal -0.3647404959935705 0.3432625210940709 0.8655259743037794
    outer loop
      vertex -17.006229973980215 13.9566522516002 6.1796875
      vertex -16.37862370210235 13.44158909527899 6.6484375
      vertex -15.556349186104047 15.556349186104047 6.15625
    endloop
  endfacet
  facet normal -0.36397167681729026 0.3430577795886481 0.865930700655957
    outer loop
      vertex -15.556349186104047 15.556349186104047 6.15625
      vertex -16.37862370210235 13.44158909527899 6.6484375
      vertex -14.982250027639239 14.982250027639239 6.625
    endloop
  endfacet
  facet normal -0.40782416881887656 0.29076491386115655 -0.8655259743037795
    outer loop
      vertex -18.292331470655995 12.222545126431248 7.515625
      vertex -17.006229973980215 13.9566522516002 7.4921875
      vertex -16.37862370210235 13.44158909527899 7.0234375
    endloop
  endfacet
  facet normal -0.8032075314806452 0.595699304492433 0
    outer loop
      vertex -16.37862370210235 13.44158909527899 6.6484375
      vertex -17.617262276847743 11.77147831201117 7.046875
      vertex -16.37862370210235 13.44158909527899 7.0234375
    endloop
  endfacet
  facet normal -0.37708132553528567 0.328593511186748 -0.8659307006559569
    outer loop
      vertex -17.006229973980215 13.9566522516002 7.4921875
      vertex -14.982250027639239 14.982250027639239 7
      vertex -16.37862370210235 13.44158909527899 7.0234375
    endloop
  endfacet
  facet normal -0.3773604386114879 0.32933856011168644 -0.8655259743037795
    outer loop
      vertex -17.006229973980215 13.9566522516002 7.4921875
      vertex -15.556349186104047 15.556349186104047 7.46875
      vertex -14.982250027639239 14.982250027639239 7
    endloop
  endfacet
  facet normal -0.6715589548470181 0.7409511253549594 0
    outer loop
      vertex -14.982250027639239 14.982250027639239 6.625
      vertex -14.982250027639239 14.982250027639239 7
      vertex -13.44158909527899 16.37862370210235 6.6015625
    endloop
  endfacet
  facet normal -0.7409511253549594 0.6715589548470181 0
    outer loop
      vertex -14.982250027639239 14.982250027639239 6.625
      vertex -16.37862370210235 13.44158909527899 7.0234375
      vertex -14.982250027639239 14.982250027639239 7
    endloop
  endfacet
  facet normal -0.32933856011168644 0.3773604386114879 0.8655259743037795
    outer loop
      vertex -15.556349186104047 15.556349186104047 6.15625
      vertex -14.982250027639239 14.982250027639239 6.625
      vertex -13.9566522516002 17.006229973980215 6.1328125
    endloop
  endfacet
  facet normal -0.32859351118674807 0.3770813255352856 0.8659307006559569
    outer loop
      vertex -14.982250027639239 14.982250027639239 6.625
      vertex -13.44158909527899 16.37862370210235 6.6015625
      vertex -13.9566522516002 17.006229973980215 6.1328125
    endloop
  endfacet
  facet normal -0.6715589548470181 0.7409511253549594 0
    outer loop
      vertex -13.44158909527899 16.37862370210235 6.6015625
      vertex -14.982250027639239 14.982250027639239 7
      vertex -13.44158909527899 16.37862370210235 6.9765625
    endloop
  endfacet
  facet normal -0.595699304492433 0.8032075314806452 0
    outer loop
      vertex -13.44158909527899 16.37862370210235 6.6015625
      vertex -13.44158909527899 16.37862370210235 6.9765625
      vertex -11.77147831201117 17.617262276847743 6.578125
    endloop
  endfacet
  facet normal -0.29076491386115655 0.4078241688188765 0.8655259743037794
    outer loop
      vertex -13.44158909527899 16.37862370210235 6.6015625
      vertex -12.222545126431248 18.292331470655995 6.109375
      vertex -13.9566522516002 17.006229973980215 6.1328125
    endloop
  endfacet
  facet normal -0.34305777958864814 0.3639716768172903 -0.8659307006559569
    outer loop
      vertex -13.44158909527899 16.37862370210235 6.9765625
      vertex -14.982250027639239 14.982250027639239 7
      vertex -15.556349186104047 15.556349186104047 7.46875
    endloop
  endfacet
  facet normal -0.3432625210940709 0.3647404959935705 -0.8655259743037794
    outer loop
      vertex -13.44158909527899 16.37862370210235 6.9765625
      vertex -15.556349186104047 15.556349186104047 7.46875
      vertex -13.9566522516002 17.006229973980215 7.4453125
    endloop
  endfacet
  facet normal -0.30573039969011373 0.3958445962329243 -0.8659307006559569
    outer loop
      vertex -13.44158909527899 16.37862370210235 6.9765625
      vertex -13.9566522516002 17.006229973980215 7.4453125
      vertex -11.77147831201117 17.617262276847743 6.953125
    endloop
  endfacet
  facet normal -0.305858797852137 0.3966297815115999 -0.8655259743037793
    outer loop
      vertex -11.77147831201117 17.617262276847743 6.953125
      vertex -13.9566522516002 17.006229973980215 7.4453125
      vertex -12.222545126431248 18.292331470655995 7.421875
    endloop
  endfacet
  facet normal -0.8032075314806455 0.5956993044924327 0
    outer loop
      vertex -18.292331470655995 12.222545126431248 7.515625
      vertex -18.292331470655995 12.222545126431248 7.703125
      vertex -17.006229973980215 13.9566522516002 7.4921875
    endloop
  endfacet
  facet normal -0.8032075314806455 0.5956993044924326 0
    outer loop
      vertex -18.292331470655995 12.222545126431248 7.703125
      vertex -17.006229973980215 13.9566522516002 7.6796875
      vertex -17.006229973980215 13.9566522516002 7.4921875
    endloop
  endfacet
  facet normal -0.39662978151159983 0.305858797852137 0.8655259743037793
    outer loop
      vertex -18.292331470655995 12.222545126431248 7.703125
      vertex -17.617262276847743 11.77147831201117 8.171875
      vertex -17.006229973980215 13.9566522516002 7.6796875
    endloop
  endfacet
  facet normal -0.39584459623292434 0.30573039969011373 0.8659307006559569
    outer loop
      vertex -17.006229973980215 13.9566522516002 7.6796875
      vertex -17.617262276847743 11.77147831201117 8.171875
      vertex -16.37862370210235 13.44158909527899 8.1484375
    endloop
  endfacet
  facet normal -0.7409511253549593 0.6715589548470181 0
    outer loop
      vertex -17.006229973980215 13.9566522516002 7.4921875
      vertex -17.006229973980215 13.9566522516002 7.6796875
      vertex -15.556349186104047 15.556349186104047 7.46875
    endloop
  endfacet
  facet normal -0.7409511253549593 0.6715589548470181 0
    outer loop
      vertex -17.006229973980215 13.9566522516002 7.6796875
      vertex -15.556349186104047 15.556349186104047 7.65625
      vertex -15.556349186104047 15.556349186104047 7.46875
    endloop
  endfacet
  facet normal -0.3647404959935705 0.3432625210940709 0.8655259743037794
    outer loop
      vertex -17.006229973980215 13.9566522516002 7.6796875
      vertex -16.37862370210235 13.44158909527899 8.1484375
      vertex -15.556349186104047 15.556349186104047 7.65625
    endloop
  endfacet
  facet normal -0.36397167681729026 0.3430577795886481 0.865930700655957
    outer loop
      vertex -15.556349186104047 15.556349186104047 7.65625
      vertex -16.37862370210235 13.44158909527899 8.1484375
      vertex -14.982250027639239 14.982250027639239 8.125
    endloop
  endfacet
  facet normal -0.8032075314806452 0.595699304492433 0
    outer loop
      vertex -16.37862370210235 13.44158909527899 8.1484375
      vertex -17.617262276847743 11.77147831201117 8.546875
      vertex -16.37862370210235 13.44158909527899 8.5234375
    endloop
  endfacet
  facet normal -0.7409511253549594 0.6715589548470181 0
    outer loop
      vertex -16.37862370210235 13.44158909527899 8.1484375
      vertex -16.37862370210235 13.44158909527899 8.5234375
      vertex -14.982250027639239 14.982250027639239 8.125
    endloop
  endfacet
  facet normal -0.37708132553528567 0.328593511186748 -0.8659307006559569
    outer loop
      vertex -17.006229973980215 13.9566522516002 8.9921875
      vertex -14.982250027639239 14.982250027639239 8.5
      vertex -16.37862370210235 13.44158909527899 8.5234375
    endloop
  endfacet
  facet normal -0.7409511253549594 0.6715589548470181 0
    outer loop
      vertex -14.982250027639239 14.982250027639239 8.125
      vertex -16.37862370210235 13.44158909527899 8.5234375
      vertex -14.982250027639239 14.982250027639239 8.5
    endloop
  endfacet
  facet normal -0.6715589548470181 0.7409511253549594 0
    outer loop
      vertex -14.982250027639239 14.982250027639239 8.125
      vertex -14.982250027639239 14.982250027639239 8.5
      vertex -13.44158909527899 16.37862370210235 8.1015625
    endloop
  endfacet
  facet normal -0.6715589548470181 0.7409511253549593 0
    outer loop
      vertex -15.556349186104047 15.556349186104047 7.46875
      vertex -15.556349186104047 15.556349186104047 7.65625
      vertex -13.9566522516002 17.006229973980215 7.4453125
    endloop
  endfacet
  facet normal -0.32933856011168644 0.3773604386114879 0.8655259743037795
    outer loop
      vertex -15.556349186104047 15.556349186104047 7.65625
      vertex -14.982250027639239 14.982250027639239 8.125
      vertex -13.9566522516002 17.006229973980215 7.6328125
    endloop
  endfacet
  facet normal -0.6715589548470181 0.7409511253549593 0
    outer loop
      vertex -15.556349186104047 15.556349186104047 7.65625
      vertex -13.9566522516002 17.006229973980215 7.6328125
      vertex -13.9566522516002 17.006229973980215 7.4453125
    endloop
  endfacet
  facet normal -0.32859351118674807 0.3770813255352856 0.8659307006559569
    outer loop
      vertex -14.982250027639239 14.982250027639239 8.125
      vertex -13.44158909527899 16.37862370210235 8.1015625
      vertex -13.9566522516002 17.006229973980215 7.6328125
    endloop
  endfacet
  facet normal -0.5956993044924327 0.8032075314806455 0
    outer loop
      vertex -13.9566522516002 17.006229973980215 7.4453125
      vertex -13.9566522516002 17.006229973980215 7.6328125
      vertex -12.222545126431248 18.292331470655995 7.421875
    endloop
  endfacet
  facet normal -0.5956993044924326 0.8032075314806455 0
    outer loop
      vertex -13.9566522516002 17.006229973980215 7.6328125
      vertex -12.222545126431248 18.292331470655995 7.609375
      vertex -12.222545126431248 18.292331470655995 7.421875
    endloop
  endfacet
  facet normal -0.29076491386115655 0.4078241688188765 0.8655259743037794
    outer loop
      vertex -13.44158909527899 16.37862370210235 8.1015625
      vertex -12.222545126431248 18.292331470655995 7.609375
      vertex -13.9566522516002 17.006229973980215 7.6328125
    endloop
  endfacet
  facet normal -0.34305777958864814 0.3639716768172903 -0.8659307006559569
    outer loop
      vertex -13.44158909527899 16.37862370210235 8.4765625
      vertex -14.982250027639239 14.982250027639239 8.5
      vertex -15.556349186104047 15.556349186104047 8.96875
    endloop
  endfacet
  facet normal -0.6715589548470181 0.7409511253549594 0
    outer loop
      vertex -13.44158909527899 16.37862370210235 8.1015625
      vertex -14.982250027639239 14.982250027639239 8.5
      vertex -13.44158909527899 16.37862370210235 8.4765625
    endloop
  endfacet
  facet normal -0.595699304492433 0.8032075314806452 0
    outer loop
      vertex -13.44158909527899 16.37862370210235 8.1015625
      vertex -13.44158909527899 16.37862370210235 8.4765625
      vertex -11.77147831201117 17.617262276847743 8.078125
    endloop
  endfacet
  facet normal -0.30573039969011373 0.3958445962329243 -0.8659307006559569
    outer loop
      vertex -13.44158909527899 16.37862370210235 8.4765625
      vertex -13.9566522516002 17.006229973980215 8.9453125
      vertex -11.77147831201117 17.617262276847743 8.453125
    endloop
  endfacet
  facet normal -0.40782416881887656 0.29076491386115655 -0.8655259743037795
    outer loop
      vertex -18.292331470655995 12.222545126431248 9.015625
      vertex -17.006229973980215 13.9566522516002 8.9921875
      vertex -16.37862370210235 13.44158909527899 8.5234375
    endloop
  endfacet
  facet normal -0.8032075314806455 0.5956993044924327 0
    outer loop
      vertex -18.292331470655995 12.222545126431248 9.015625
      vertex -18.292331470655995 12.222545126431248 9.203125
      vertex -17.006229973980215 13.9566522516002 8.9921875
    endloop
  endfacet
  facet normal -0.39662978151159983 0.305858797852137 0.8655259743037793
    outer loop
      vertex -18.292331470655995 12.222545126431248 9.203125
      vertex -17.617262276847743 11.77147831201117 9.671875
      vertex -17.006229973980215 13.9566522516002 9.1796875
    endloop
  endfacet
  facet normal -0.8032075314806455 0.5956993044924326 0
    outer loop
      vertex -18.292331470655995 12.222545126431248 9.203125
      vertex -17.006229973980215 13.9566522516002 9.1796875
      vertex -17.006229973980215 13.9566522516002 8.9921875
    endloop
  endfacet
  facet normal -0.7409511253549593 0.6715589548470181 0
    outer loop
      vertex -17.006229973980215 13.9566522516002 8.9921875
      vertex -17.006229973980215 13.9566522516002 9.1796875
      vertex -15.556349186104047 15.556349186104047 8.96875
    endloop
  endfacet
  facet normal -0.3773604386114879 0.32933856011168644 -0.8655259743037795
    outer loop
      vertex -17.006229973980215 13.9566522516002 8.9921875
      vertex -15.556349186104047 15.556349186104047 8.96875
      vertex -14.982250027639239 14.982250027639239 8.5
    endloop
  endfacet
  facet normal -0.3647404959935705 0.3432625210940709 0.8655259743037794
    outer loop
      vertex -17.006229973980215 13.9566522516002 9.1796875
      vertex -16.37862370210235 13.44158909527899 9.6484375
      vertex -15.556349186104047 15.556349186104047 9.15625
    endloop
  endfacet
  facet normal -0.7409511253549593 0.6715589548470181 0
    outer loop
      vertex -17.006229973980215 13.9566522516002 9.1796875
      vertex -15.556349186104047 15.556349186104047 9.15625
      vertex -15.556349186104047 15.556349186104047 8.96875
    endloop
  endfacet
  facet normal -0.39584459623292434 0.30573039969011373 0.8659307006559569
    outer loop
      vertex -17.006229973980215 13.9566522516002 9.1796875
      vertex -17.617262276847743 11.77147831201117 9.671875
      vertex -16.37862370210235 13.44158909527899 9.6484375
    endloop
  endfacet
  facet normal -0.8032075314806452 0.595699304492433 0
    outer loop
      vertex -17.617262276847743 11.77147831201117 10
      vertex -16.37862370210235 13.44158909527899 10
      vertex -16.37862370210235 13.44158909527899 9.6484375
    endloop
  endfacet
  facet normal -0.7409511253549594 0.6715589548470181 0
    outer loop
      vertex -16.37862370210235 13.44158909527899 9.6484375
      vertex -16.37862370210235 13.44158909527899 10
      vertex -14.982250027639239 14.982250027639239 9.625
    endloop
  endfacet
  facet normal -0.36397167681729026 0.3430577795886481 0.865930700655957
    outer loop
      vertex -15.556349186104047 15.556349186104047 9.15625
      vertex -16.37862370210235 13.44158909527899 9.6484375
      vertex -14.982250027639239 14.982250027639239 9.625
    endloop
  endfacet
  facet normal -0.7409511253549594 0.6715589548470181 0
    outer loop
      vertex -16.37862370210235 13.44158909527899 10
      vertex -14.982250027639239 14.982250027639239 10
      vertex -14.982250027639239 14.982250027639239 9.625
    endloop
  endfacet
  facet normal -0.6715589548470181 0.7409511253549594 0
    outer loop
      vertex -14.982250027639239 14.982250027639239 9.625
      vertex -14.982250027639239 14.982250027639239 10
      vertex -13.44158909527899 16.37862370210235 9.6015625
    endloop
  endfacet
  facet normal -0.6715589548470181 0.7409511253549593 0
    outer loop
      vertex -15.556349186104047 15.556349186104047 8.96875
      vertex -15.556349186104047 15.556349186104047 9.15625
      vertex -13.9566522516002 17.006229973980215 8.9453125
    endloop
  endfacet
  facet normal -0.3432625210940709 0.3647404959935705 -0.8655259743037794
    outer loop
      vertex -13.44158909527899 16.37862370210235 8.4765625
      vertex -15.556349186104047 15.556349186104047 8.96875
      vertex -13.9566522516002 17.006229973980215 8.9453125
    endloop
  endfacet
  facet normal -0.32933856011168644 0.3773604386114879 0.8655259743037795
    outer loop
      vertex -15.556349186104047 15.556349186104047 9.15625
      vertex -14.982250027639239 14.982250027639239 9.625
      vertex -13.9566522516002 17.006229973980215 9.1328125
    endloop
  endfacet
  facet normal -0.6715589548470181 0.7409511253549593 0
    outer loop
      vertex -15.556349186104047 15.556349186104047 9.15625
      vertex -13.9566522516002 17.006229973980215 9.1328125
      vertex -13.9566522516002 17.006229973980215 8.9453125
    endloop
  endfacet
  facet normal -0.5956993044924327 0.8032075314806455 0
    outer loop
      vertex -13.9566522516002 17.006229973980215 8.9453125
      vertex -13.9566522516002 17.006229973980215 9.1328125
      vertex -12.222545126431248 18.292331470655995 8.921875
    endloop
  endfacet
  facet normal -0.305858797852137 0.3966297815115999 -0.8655259743037793
    outer loop
      vertex -11.77147831201117 17.617262276847743 8.453125
      vertex -13.9566522516002 17.006229973980215 8.9453125
      vertex -12.222545126431248 18.292331470655995 8.921875
    endloop
  endfacet
  facet normal -0.5956993044924326 0.8032075314806455 0
    outer loop
      vertex -13.9566522516002 17.006229973980215 9.1328125
      vertex -12.222545126431248 18.292331470655995 9.109375
      vertex -12.222545126431248 18.292331470655995 8.921875
    endloop
  endfacet
  facet normal -0.29076491386115655 0.4078241688188765 0.8655259743037794
    outer loop
      vertex -13.44158909527899 16.37862370210235 9.6015625
      vertex -12.222545126431248 18.292331470655995 9.109375
      vertex -13.9566522516002 17.006229973980215 9.1328125
    endloop
  endfacet
  facet normal -0.32859351118674807 0.3770813255352856 0.8659307006559569
    outer loop
      vertex -14.982250027639239 14.982250027639239 9.625
      vertex -13.44158909527899 16.37862370210235 9.6015625
      vertex -13.9566522516002 17.006229973980215 9.1328125
    endloop
  endfacet
  facet normal -0.6715589548470181 0.7409511253549593 0
    outer loop
      vertex -14.982250027639239 14.982250027639239 10
      vertex -13.44158909527899 16.37862370210235 10
      vertex -13.44158909527899 16.37862370210235 9.6015625
    endloop
  endfacet
  facet normal -0.595699304492433 0.8032075314806453 0
    outer loop
      vertex -13.44158909527899 16.37862370210235 9.6015625
      vertex -13.44158909527899 16.37862370210235 10
      vertex -11.77147831201117 17.617262276847743 9.578125
    endloop
  endfacet
  facet normal 0 0 1
    outer loop
      vertex -21.18810118395209 0 10
      vertex -2.5 0 10
      vertex -2.4879618166804924 0.24504285082390154 10
    endloop
  endfacet
  facet normal 0 0 1
    outer loop
      vertex -20.780977760914467 4.133593482887521 10
      vertex -2.4879618166804924 0.24504285082390154 10
      vertex -2.451963201008076 0.48772580504032065 10
    endloop
  endfacet
  facet normal 0 0 1
    outer loop
      vertex -20.275748660499122 6.150581113818423 10
      vertex -2.451963201008076 0.48772580504032065 10
      vertex -2.392350839330522 0.7257116931361558 10
    endloop
  endfacet
  facet normal 0 0 1
    outer loop
      vertex -19.575253016631496 8.108335286373608 10
      vertex -2.392350839330522 0.7257116931361558 10
      vertex -2.309698831278217 0.9567085809127245 10
    endloop
  endfacet
  facet normal 0 0 1
    outer loop
      vertex -18.686236985291906 9.988001757654073 10
      vertex -2.309698831278217 0.9567085809127245 10
      vertex -2.204803160870888 1.1784918420649944 10
    endloop
  endfacet
  facet normal 0 0 1
    outer loop
      vertex -17.617262276847743 11.77147831201117 10
      vertex -2.204803160870888 1.1784918420649944 10
      vertex -2.078674030756363 1.3889255825490054 10
    endloop
  endfacet
  facet normal 0 0 1
    outer loop
      vertex -16.37862370210235 13.44158909527899 10
      vertex -2.078674030756363 1.3889255825490054 10
      vertex -1.9325261334068424 1.5859832104091138 10
    endloop
  endfacet
  facet normal 0 0 1
    outer loop
      vertex -17.617262276847743 11.77147831201117 10
      vertex -2.078674030756363 1.3889255825490054 10
      vertex -16.37862370210235 13.44158909527899 10
    endloop
  endfacet
  facet normal 0 0 1
    outer loop
      vertex -16.37862370210235 13.44158909527899 10
      vertex -1.9325261334068424 1.5859832104091138 10
      vertex -14.982250027639239 14.982250027639239 10
    endloop
  endfacet
  facet normal 0 0 1
    outer loop
      vertex -14.982250027639239 14.982250027639239 10
      vertex -1.7677669529663689 1.7677669529663689 10
      vertex -13.44158909527899 16.37862370210235 10
    endloop
  endfacet
  facet normal 0 0 1
    outer loop
      vertex -13.44158909527899 16.37862370210235 10
      vertex -1.3889255825490054 2.078674030756363 10
      vertex -11.77147831201117 17.617262276847743 10
    endloop
  endfacet
  facet normal 0 0 1
    outer loop
      vertex -14.982250027639239 14.982250027639239 10
      vertex -1.9325261334068424 1.5859832104091138 10
      vertex -1.7677669529663689 1.7677669529663689 10
    endloop
  endfacet
  facet normal 0 0 1
    outer loop
      vertex -13.44158909527899 16.37862370210235 10
      vertex -1.7677669529663689 1.7677669529663689 10
      vertex -1.5859832104091136 1.9325261334068424 10
    endloop
  endfacet
  facet normal 0 0 1
    outer loop
      vertex -13.44158909527899 16.37862370210235 10
      vertex -1.5859832104091136 1.9325261334068424 10
      vertex -1.3889255825490054 2.078674030756363 10
    endloop
  endfacet
  facet normal 0 0 1
    outer loop
      vertex -11.77147831201117 17.617262276847743 10
      vertex -1.3889255825490054 2.078674030756363 10
      vertex -1.1784918420649941 2.204803160870888 10
    endloop
  endfacet
  facet normal 0 0 1
    outer loop
      vertex -1.1784918420649941 2.204803160870888 10
      vertex -0.9567085809127245 2.309698831278217 10
      vertex -9.988001757654073 18.686236985291906 10
    endloop
  endfacet
  facet normal 0 0 1
    outer loop
      vertex -0.9567085809127245 2.309698831278217 10
      vertex -0.7257116931361558 2.392350839330522 10
      vertex -8.108335286373608 19.575253016631496 10
    endloop
  endfacet
  facet normal 0 0 1
    outer loop
      vertex -0.7257116931361558 2.392350839330522 10
      vertex -0.4877258050403206 2.451963201008076 10
      vertex -6.150581113818423 20.275748660499122 10
    endloop
  endfacet
  facet normal 0 0 1
    outer loop
      vertex -0.4877258050403206 2.451963201008076 10
      vertex -0.2450428508239015 2.4879618166804924 10
      vertex -4.133593482887521 20.780977760914467 10
    endloop
  endfacet
  facet normal 0 0 1
    outer loop
      vertex -0.2450428508239015 2.4879618166804924 10
      vertex 0 2.5 10
      vertex 0 21.18810118395209 10
    endloop
  endfacet
  facet normal -0.595699304492433 0.803207531480645 0
    outer loop
      vertex -13.44158909527899 16.37862370210235 5.4765625
      vertex -11.77147831201117 17.617262276847743 5.453125
      vertex -11.77147831201117 17.617262276847743 4.67734375
    endloop
  endfacet
  facet normal -0.2654586689133275 0.4239053157961674 -0.8659307006559567
    outer loop
      vertex -11.77147831201117 17.617262276847743 5.453125
      vertex -12.222545126431248 18.292331470655995 5.921875
      vertex -9.988001757654073 18.686236985291906 5.4296875
    endloop
  endfacet
  facet normal -0.5141027441932228 0.8577286100002716 0
    outer loop
      vertex -11.77147831201117 17.617262276847743 5.453125
      vertex -9.988001757654073 18.686236985291906 5.4296875
      vertex -9.988001757654073 18.686236985291906 4.65390625
    endloop
  endfacet
  facet normal -0.5141027441932228 0.8577286100002716 0
    outer loop
      vertex -12.222545126431248 18.292331470655995 5.921875
      vertex -12.222545126431248 18.292331470655995 6.109375
      vertex -10.370728210171949 19.402267815663812 5.8984375
    endloop
  endfacet
  facet normal -0.2900508104159928 0.40747337218339785 0.8659307006559566
    outer loop
      vertex -13.44158909527899 16.37862370210235 6.6015625
      vertex -11.77147831201117 17.617262276847743 6.578125
      vertex -12.222545126431248 18.292331470655995 6.109375
    endloop
  endfacet
  facet normal -0.24939104254187483 0.434360329341171 0.8655259743037791
    outer loop
      vertex -12.222545126431248 18.292331470655995 6.109375
      vertex -11.77147831201117 17.617262276847743 6.578125
      vertex -10.370728210171949 19.402267815663812 6.0859375
    endloop
  endfacet
  facet normal -0.595699304492433 0.8032075314806452 0
    outer loop
      vertex -13.44158909527899 16.37862370210235 6.9765625
      vertex -11.77147831201117 17.617262276847743 6.953125
      vertex -11.77147831201117 17.617262276847743 6.578125
    endloop
  endfacet
  facet normal -0.5141027441932228 0.8577286100002715 0
    outer loop
      vertex -11.77147831201117 17.617262276847743 6.578125
      vertex -11.77147831201117 17.617262276847743 6.953125
      vertex -9.988001757654073 18.686236985291906 6.5546875
    endloop
  endfacet
  facet normal -0.24871476178303026 0.4339412275097799 0.8659307006559567
    outer loop
      vertex -11.77147831201117 17.617262276847743 6.578125
      vertex -9.988001757654073 18.686236985291906 6.5546875
      vertex -10.370728210171949 19.402267815663812 6.0859375
    endloop
  endfacet
  facet normal -0.5141027441932228 0.8577286100002715 0
    outer loop
      vertex -11.77147831201117 17.617262276847743 6.953125
      vertex -9.988001757654073 18.686236985291906 6.9296875
      vertex -9.988001757654073 18.686236985291906 6.5546875
    endloop
  endfacet
  facet normal -0.2654586689133275 0.4239053157961674 -0.8659307006559567
    outer loop
      vertex -11.77147831201117 17.617262276847743 6.953125
      vertex -12.222545126431248 18.292331470655995 7.421875
      vertex -9.988001757654073 18.686236985291906 6.9296875
    endloop
  endfacet
  facet normal -0.5141027441932228 0.8577286100002716 0
    outer loop
      vertex -12.222545126431248 18.292331470655995 7.421875
      vertex -12.222545126431248 18.292331470655995 7.609375
      vertex -10.370728210171949 19.402267815663812 7.3984375
    endloop
  endfacet
  facet normal -0.2226304260404342 0.44788359543807676 -0.8659307006559566
    outer loop
      vertex -9.988001757654073 18.686236985291906 5.4296875
      vertex -10.370728210171949 19.402267815663812 5.8984375
      vertex -8.108335286373608 19.575253016631496 5.40625
    endloop
  endfacet
  facet normal -0.5141027441932228 0.8577286100002716 0
    outer loop
      vertex -12.222545126431248 18.292331470655995 6.109375
      vertex -10.370728210171949 19.402267815663812 6.0859375
      vertex -10.370728210171949 19.402267815663812 5.8984375
    endloop
  endfacet
  facet normal -0.26550948718746115 0.4246993054137779 -0.8655259743037791
    outer loop
      vertex -12.222545126431248 18.292331470655995 5.921875
      vertex -10.370728210171949 19.402267815663812 5.8984375
      vertex -9.988001757654073 18.686236985291906 5.4296875
    endloop
  endfacet
  facet normal -0.20561539915190122 0.45671336244640165 0.8655259743037792
    outer loop
      vertex -10.370728210171949 19.402267815663812 6.0859375
      vertex -9.988001757654073 18.686236985291906 6.5546875
      vertex -8.419035512031975 20.325349715248308 6.0625
    endloop
  endfacet
  facet normal -0.4275550934302811 0.9039892931234438 0
    outer loop
      vertex -10.370728210171949 19.402267815663812 5.8984375
      vertex -10.370728210171949 19.402267815663812 6.0859375
      vertex -8.419035512031975 20.325349715248308 5.875
    endloop
  endfacet
  facet normal -0.4275550934302808 0.9039892931234439 0
    outer loop
      vertex -8.108335286373608 19.575253016631496 4.63046875
      vertex -9.988001757654073 18.686236985291906 5.4296875
      vertex -8.108335286373608 19.575253016631496 5.40625
    endloop
  endfacet
  facet normal -0.33688985339221955 0.941544065183021 0
    outer loop
      vertex -6.150581113818423 20.275748660499122 4.60703125
      vertex -8.108335286373608 19.575253016631496 5.40625
      vertex -6.150581113818423 20.275748660499122 5.3828125
    endloop
  endfacet
  facet normal -0.17765813046260243 0.4675485112178379 -0.8659307006559568
    outer loop
      vertex -8.108335286373608 19.575253016631496 5.40625
      vertex -8.419035512031975 20.325349715248308 5.875
      vertex -6.150581113818423 20.275748660499122 5.3828125
    endloop
  endfacet
  facet normal -0.22260317501891833 0.4486787428405656 -0.8655259743037794
    outer loop
      vertex -8.108335286373608 19.575253016631496 5.40625
      vertex -10.370728210171949 19.402267815663812 5.8984375
      vertex -8.419035512031975 20.325349715248308 5.875
    endloop
  endfacet
  facet normal -0.4275550934302811 0.9039892931234438 0
    outer loop
      vertex -10.370728210171949 19.402267815663812 6.0859375
      vertex -8.419035512031975 20.325349715248308 6.0625
      vertex -8.419035512031975 20.325349715248308 5.875
    endloop
  endfacet
  facet normal -0.3368898533922201 0.9415440651830208 0
    outer loop
      vertex -8.419035512031975 20.325349715248308 5.875
      vertex -8.419035512031975 20.325349715248308 6.0625
      vertex -6.386262899598171 21.052687386108595 5.8515625
    endloop
  endfacet
  facet normal -0.17755307258767122 0.46833715870104753 -0.8655259743037798
    outer loop
      vertex -6.150581113818423 20.275748660499122 5.3828125
      vertex -8.419035512031975 20.325349715248308 5.875
      vertex -6.386262899598171 21.052687386108595 5.8515625
    endloop
  endfacet
  facet normal -0.3368898533922201 0.9415440651830208 0
    outer loop
      vertex -8.419035512031975 20.325349715248308 6.0625
      vertex -6.386262899598171 21.052687386108595 6.0390625
      vertex -6.386262899598171 21.052687386108595 5.8515625
    endloop
  endfacet
  facet normal -0.15985956706728555 0.4746679962063523 0.8655259743037794
    outer loop
      vertex -8.419035512031975 20.325349715248308 6.0625
      vertex -8.108335286373608 19.575253016631496 6.53125
      vertex -6.386262899598171 21.052687386108595 6.0390625
    endloop
  endfacet
  facet normal -0.2226304260404342 0.44788359543807676 -0.8659307006559566
    outer loop
      vertex -9.988001757654073 18.686236985291906 6.9296875
      vertex -10.370728210171949 19.402267815663812 7.3984375
      vertex -8.108335286373608 19.575253016631496 6.90625
    endloop
  endfacet
  facet normal -0.26550948718746115 0.4246993054137779 -0.8655259743037793
    outer loop
      vertex -9.988001757654073 18.686236985291906 6.9296875
      vertex -12.222545126431248 18.292331470655995 7.421875
      vertex -10.370728210171949 19.402267815663812 7.3984375
    endloop
  endfacet
  facet normal -0.4275550934302811 0.9039892931234438 0
    outer loop
      vertex -10.370728210171949 19.402267815663812 7.3984375
      vertex -10.370728210171949 19.402267815663812 7.5859375
      vertex -8.419035512031975 20.325349715248308 7.375
    endloop
  endfacet
  facet normal -0.20498345403277632 0.45622999159883865 0.8659307006559568
    outer loop
      vertex -8.419035512031975 20.325349715248308 6.0625
      vertex -9.988001757654073 18.686236985291906 6.5546875
      vertex -8.108335286373608 19.575253016631496 6.53125
    endloop
  endfacet
  facet normal -0.4275550934302808 0.9039892931234439 0
    outer loop
      vertex -9.988001757654073 18.686236985291906 6.5546875
      vertex -9.988001757654073 18.686236985291906 6.9296875
      vertex -8.108335286373608 19.575253016631496 6.53125
    endloop
  endfacet
  facet normal -0.4275550934302808 0.9039892931234439 0
    outer loop
      vertex -9.988001757654073 18.686236985291906 6.9296875
      vertex -8.108335286373608 19.575253016631496 6.90625
      vertex -8.108335286373608 19.575253016631496 6.53125
    endloop
  endfacet
  facet normal -0.3368898533922195 0.9415440651830209 0
    outer loop
      vertex -8.108335286373608 19.575253016631496 6.53125
      vertex -8.108335286373608 19.575253016631496 6.90625
      vertex -6.150581113818423 20.275748660499122 6.5078125
    endloop
  endfacet
  facet normal -0.3368898533922195 0.9415440651830209 0
    outer loop
      vertex -6.150581113818423 20.275748660499122 6.5078125
      vertex -8.108335286373608 19.575253016631496 6.90625
      vertex -6.150581113818423 20.275748660499122 6.8828125
    endloop
  endfacet
  facet normal -0.15927804356483394 0.474125011468117 0.8659307006559571
    outer loop
      vertex -6.386262899598171 21.052687386108595 6.0390625
      vertex -8.108335286373608 19.575253016631496 6.53125
      vertex -6.150581113818423 20.275748660499122 6.5078125
    endloop
  endfacet
  facet normal -0.22260317501891833 0.4486787428405656 -0.8655259743037794
    outer loop
      vertex -8.108335286373608 19.575253016631496 6.90625
      vertex -10.370728210171949 19.402267815663812 7.3984375
      vertex -8.419035512031975 20.325349715248308 7.375
    endloop
  endfacet
  facet normal -0.17765813046260243 0.4675485112178379 -0.8659307006559568
    outer loop
      vertex -8.108335286373608 19.575253016631496 6.90625
      vertex -8.419035512031975 20.325349715248308 7.375
      vertex -6.150581113818423 20.275748660499122 6.8828125
    endloop
  endfacet
  facet normal -0.3368898533922201 0.9415440651830208 0
    outer loop
      vertex -8.419035512031975 20.325349715248308 7.375
      vertex -8.419035512031975 20.325349715248308 7.5625
      vertex -6.386262899598171 21.052687386108595 7.3515625
    endloop
  endfacet
  facet normal -0.3368898533922201 0.9415440651830208 0
    outer loop
      vertex -8.419035512031975 20.325349715248308 7.5625
      vertex -6.386262899598171 21.052687386108595 7.5390625
      vertex -6.386262899598171 21.052687386108595 7.3515625
    endloop
  endfacet
  facet normal -0.17755307258767122 0.46833715870104753 -0.8655259743037798
    outer loop
      vertex -6.150581113818423 20.275748660499122 6.8828125
      vertex -8.419035512031975 20.325349715248308 7.375
      vertex -6.386262899598171 21.052687386108595 7.3515625
    endloop
  endfacet
  facet normal -0.24298017990326434 0.9700312531945439 0
    outer loop
      vertex -6.150581113818423 20.275748660499122 5.3828125
      vertex -4.133593482887521 20.780977760914467 5.359375
      vertex -4.133593482887521 20.780977760914467 4.58359375
    endloop
  endfacet
  facet normal -0.13097488997060291 0.4827106792465562 -0.8659307006559571
    outer loop
      vertex -6.150581113818423 20.275748660499122 5.3828125
      vertex -6.386262899598171 21.052687386108595 5.8515625
      vertex -4.133593482887521 20.780977760914467 5.359375
    endloop
  endfacet
  facet normal -0.08303028969002835 0.4932240795576322 -0.8659307006559569
    outer loop
      vertex -4.133593482887521 20.780977760914467 5.359375
      vertex -4.291987084354822 21.57727616887107 5.828125
      vertex -2.076797087064361 21.08607468545421 5.3359375
    endloop
  endfacet
  facet normal -0.24298017990326395 0.970031253194544 0
    outer loop
      vertex -6.386262899598171 21.052687386108595 5.8515625
      vertex -6.386262899598171 21.052687386108595 6.0390625
      vertex -4.291987084354822 21.57727616887107 5.828125
    endloop
  endfacet
  facet normal -0.1307930370070222 0.48348523170410607 -0.8655259743037795
    outer loop
      vertex -4.133593482887521 20.780977760914467 5.359375
      vertex -6.386262899598171 21.052687386108595 5.8515625
      vertex -4.291987084354822 21.57727616887107 5.828125
    endloop
  endfacet
  facet normal -0.11256419996368276 0.48805131768291443 0.8655259743037798
    outer loop
      vertex -6.386262899598171 21.052687386108595 6.0390625
      vertex -6.150581113818423 20.275748660499122 6.5078125
      vertex -4.291987084354822 21.57727616887107 6.015625
    endloop
  endfacet
  facet normal -0.24298017990326395 0.970031253194544 0
    outer loop
      vertex -6.386262899598171 21.052687386108595 6.0390625
      vertex -4.291987084354822 21.57727616887107 6.015625
      vertex -4.291987084354822 21.57727616887107 5.828125
    endloop
  endfacet
  facet normal -0.1467304744553622 0.9891765099647809 0
    outer loop
      vertex -4.291987084354822 21.57727616887107 5.828125
      vertex -4.291987084354822 21.57727616887107 6.015625
      vertex -2.156377087250333 21.894063986788332 5.8046875
    endloop
  endfacet
  facet normal -0.06418477808057921 0.4967344381742021 0.8655259743037794
    outer loop
      vertex -4.291987084354822 21.57727616887107 6.015625
      vertex -4.133593482887521 20.780977760914467 6.484375
      vertex -2.156377087250333 21.894063986788332 5.9921875
    endloop
  endfacet
  facet normal -0.14673047445536222 0.9891765099647808 0
    outer loop
      vertex -2.076797087064361 21.08607468545421 4.56015625
      vertex -4.133593482887521 20.780977760914467 5.359375
      vertex -2.076797087064361 21.08607468545421 5.3359375
    endloop
  endfacet
  facet normal -0.049067674327417994 0.9987954562051724 0
    outer loop
      vertex -2.076797087064361 21.08607468545421 5.3359375
      vertex 0 21.18810118395209 5.3125
      vertex 0 21.18810118395209 4.53671875
    endloop
  endfacet
  facet normal -0.034286062330765144 0.4989874623588598 -0.8659307006559569
    outer loop
      vertex -2.076797087064361 21.08607468545421 5.3359375
      vertex -2.156377087250333 21.894063986788332 5.8046875
      vertex 0 21.18810118395209 5.3125
    endloop
  endfacet
  facet normal -0.0827733929812486 0.4939770776259413 -0.8655259743037793
    outer loop
      vertex -2.076797087064361 21.08607468545421 5.3359375
      vertex -4.291987084354822 21.57727616887107 5.828125
      vertex -2.156377087250333 21.894063986788332 5.8046875
    endloop
  endfacet
  facet normal -0.1467304744553622 0.9891765099647809 0
    outer loop
      vertex -4.291987084354822 21.57727616887107 6.015625
      vertex -2.156377087250333 21.894063986788332 5.9921875
      vertex -2.156377087250333 21.894063986788332 5.8046875
    endloop
  endfacet
  facet normal -0.03395659593252576 0.49971165425490016 -0.8655259743037794
    outer loop
      vertex -2.156377087250333 21.894063986788332 5.8046875
      vertex 0 22 5.78125
      vertex 0 21.18810118395209 5.3125
    endloop
  endfacet
  facet normal -0.015187221697590297 0.5006337344832065 0.8655259743037793
    outer loop
      vertex -2.156377087250333 21.894063986788332 5.9921875
      vertex -2.076797087064361 21.08607468545421 6.4609375
      vertex 0 22 5.96875
    endloop
  endfacet
  facet normal -0.04906767432741779 0.9987954562051724 0
    outer loop
      vertex -2.156377087250333 21.894063986788332 5.8046875
      vertex -2.156377087250333 21.894063986788332 5.9921875
      vertex 0 22 5.78125
    endloop
  endfacet
  facet normal -0.04906767432741779 0.9987954562051724 0
    outer loop
      vertex -2.156377087250333 21.894063986788332 5.9921875
      vertex 0 22 5.96875
      vertex 0 22 5.78125
    endloop
  endfacet
  facet normal -0.11203869846712718 0.4874539482938626 0.8659307006559569
    outer loop
      vertex -6.150581113818423 20.275748660499122 6.5078125
      vertex -4.133593482887521 20.780977760914467 6.484375
      vertex -4.291987084354822 21.57727616887107 6.015625
    endloop
  endfacet
  facet normal -0.24298017990326434 0.9700312531945438 0
    outer loop
      vertex -6.150581113818423 20.275748660499122 6.5078125
      vertex -6.150581113818423 20.275748660499122 6.8828125
      vertex -4.133593482887521 20.780977760914467 6.484375
    endloop
  endfacet
  facet normal -0.24298017990326434 0.9700312531945438 0
    outer loop
      vertex -6.150581113818423 20.275748660499122 6.8828125
      vertex -4.133593482887521 20.780977760914467 6.859375
      vertex -4.133593482887521 20.780977760914467 6.484375
    endloop
  endfacet
  facet normal -0.14673047445536225 0.9891765099647809 0
    outer loop
      vertex -4.133593482887521 20.780977760914467 6.484375
      vertex -4.133593482887521 20.780977760914467 6.859375
      vertex -2.076797087064361 21.08607468545421 6.4609375
    endloop
  endfacet
  facet normal -0.13097488997060291 0.4827106792465562 -0.8659307006559571
    outer loop
      vertex -6.150581113818423 20.275748660499122 6.8828125
      vertex -6.386262899598171 21.052687386108595 7.3515625
      vertex -4.133593482887521 20.780977760914467 6.859375
    endloop
  endfacet
  facet normal -0.1307930370070222 0.48348523170410607 -0.8655259743037795
    outer loop
      vertex -4.133593482887521 20.780977760914467 6.859375
      vertex -6.386262899598171 21.052687386108595 7.3515625
      vertex -4.291987084354822 21.57727616887107 7.328125
    endloop
  endfacet
  facet normal -0.24298017990326395 0.970031253194544 0
    outer loop
      vertex -6.386262899598171 21.052687386108595 7.3515625
      vertex -6.386262899598171 21.052687386108595 7.5390625
      vertex -4.291987084354822 21.57727616887107 7.328125
    endloop
  endfacet
  facet normal -0.24298017990326395 0.970031253194544 0
    outer loop
      vertex -6.386262899598171 21.052687386108595 7.5390625
      vertex -4.291987084354822 21.57727616887107 7.515625
      vertex -4.291987084354822 21.57727616887107 7.328125
    endloop
  endfacet
  facet normal -0.08303028969002835 0.4932240795576322 -0.8659307006559569
    outer loop
      vertex -4.133593482887521 20.780977760914467 6.859375
      vertex -4.291987084354822 21.57727616887107 7.328125
      vertex -2.076797087064361 21.08607468545421 6.8359375
    endloop
  endfacet
  facet normal -0.1467304744553622 0.9891765099647809 0
    outer loop
      vertex -4.291987084354822 21.57727616887107 7.328125
      vertex -4.291987084354822 21.57727616887107 7.515625
      vertex -2.156377087250333 21.894063986788332 7.3046875
    endloop
  endfacet
  facet normal -0.06372035945659874 0.4960884371281047 0.8659307006559569
    outer loop
      vertex -2.156377087250333 21.894063986788332 5.9921875
      vertex -4.133593482887521 20.780977760914467 6.484375
      vertex -2.076797087064361 21.08607468545421 6.4609375
    endloop
  endfacet
  facet normal -0.14673047445536225 0.9891765099647809 0
    outer loop
      vertex -4.133593482887521 20.780977760914467 6.859375
      vertex -2.076797087064361 21.08607468545421 6.8359375
      vertex -2.076797087064361 21.08607468545421 6.4609375
    endloop
  endfacet
  facet normal -0.014788358551411276 0.4999453231232779 0.8659307006559568
    outer loop
      vertex -2.076797087064361 21.08607468545421 6.4609375
      vertex 0 21.18810118395209 6.4375
      vertex 0 22 5.96875
    endloop
  endfacet
  facet normal -0.049067674327417994 0.9987954562051724 0
    outer loop
      vertex -2.076797087064361 21.08607468545421 6.4609375
      vertex -2.076797087064361 21.08607468545421 6.8359375
      vertex 0 21.18810118395209 6.4375
    endloop
  endfacet
  facet normal -0.049067674327417994 0.9987954562051724 0
    outer loop
      vertex -2.076797087064361 21.08607468545421 6.8359375
      vertex 0 21.18810118395209 6.8125
      vertex 0 21.18810118395209 6.4375
    endloop
  endfacet
  facet normal -0.0827733929812486 0.4939770776259413 -0.8655259743037793
    outer loop
      vertex -2.076797087064361 21.08607468545421 6.8359375
      vertex -4.291987084354822 21.57727616887107 7.328125
      vertex -2.156377087250333 21.894063986788332 7.3046875
    endloop
  endfacet
  facet normal -0.1467304744553622 0.9891765099647809 0
    outer loop
      vertex -4.291987084354822 21.57727616887107 7.515625
      vertex -2.156377087250333 21.894063986788332 7.4921875
      vertex -2.156377087250333 21.894063986788332 7.3046875
    endloop
  endfacet
  facet normal -0.034286062330765144 0.4989874623588598 -0.8659307006559569
    outer loop
      vertex -2.076797087064361 21.08607468545421 6.8359375
      vertex -2.156377087250333 21.894063986788332 7.3046875
      vertex 0 21.18810118395209 6.8125
    endloop
  endfacet
  facet normal -0.03395659593252576 0.49971165425490016 -0.8655259743037794
    outer loop
      vertex -2.156377087250333 21.894063986788332 7.3046875
      vertex 0 22 7.28125
      vertex 0 21.18810118395209 6.8125
    endloop
  endfacet
  facet normal -0.04906767432741779 0.9987954562051724 0
    outer loop
      vertex -2.156377087250333 21.894063986788332 7.3046875
      vertex -2.156377087250333 21.894063986788332 7.4921875
      vertex 0 22 7.28125
    endloop
  endfacet
  facet normal -0.04906767432741779 0.9987954562051724 0
    outer loop
      vertex -2.156377087250333 21.894063986788332 7.4921875
      vertex 0 22 7.46875
      vertex 0 22 7.28125
    endloop
  endfacet
  facet normal -0.24939104254187483 0.434360329341171 0.8655259743037791
    outer loop
      vertex -12.222545126431248 18.292331470655995 7.609375
      vertex -11.77147831201117 17.617262276847743 8.078125
      vertex -10.370728210171949 19.402267815663812 7.5859375
    endloop
  endfacet
  facet normal -0.2900508104159928 0.40747337218339785 0.8659307006559566
    outer loop
      vertex -13.44158909527899 16.37862370210235 8.1015625
      vertex -11.77147831201117 17.617262276847743 8.078125
      vertex -12.222545126431248 18.292331470655995 7.609375
    endloop
  endfacet
  facet normal -0.24871476178303026 0.4339412275097799 0.8659307006559567
    outer loop
      vertex -11.77147831201117 17.617262276847743 8.078125
      vertex -9.988001757654073 18.686236985291906 8.0546875
      vertex -10.370728210171949 19.402267815663812 7.5859375
    endloop
  endfacet
  facet normal -0.595699304492433 0.8032075314806452 0
    outer loop
      vertex -13.44158909527899 16.37862370210235 8.4765625
      vertex -11.77147831201117 17.617262276847743 8.453125
      vertex -11.77147831201117 17.617262276847743 8.078125
    endloop
  endfacet
  facet normal -0.5141027441932228 0.8577286100002715 0
    outer loop
      vertex -11.77147831201117 17.617262276847743 8.078125
      vertex -11.77147831201117 17.617262276847743 8.453125
      vertex -9.988001757654073 18.686236985291906 8.0546875
    endloop
  endfacet
  facet normal -0.2654586689133275 0.4239053157961674 -0.8659307006559567
    outer loop
      vertex -11.77147831201117 17.617262276847743 8.453125
      vertex -12.222545126431248 18.292331470655995 8.921875
      vertex -9.988001757654073 18.686236985291906 8.4296875
    endloop
  endfacet
  facet normal -0.5141027441932228 0.8577286100002715 0
    outer loop
      vertex -11.77147831201117 17.617262276847743 8.453125
      vertex -9.988001757654073 18.686236985291906 8.4296875
      vertex -9.988001757654073 18.686236985291906 8.0546875
    endloop
  endfacet
  facet normal -0.5141027441932228 0.8577286100002716 0
    outer loop
      vertex -12.222545126431248 18.292331470655995 8.921875
      vertex -12.222545126431248 18.292331470655995 9.109375
      vertex -10.370728210171949 19.402267815663812 8.8984375
    endloop
  endfacet
  facet normal -0.24939104254187483 0.434360329341171 0.8655259743037791
    outer loop
      vertex -12.222545126431248 18.292331470655995 9.109375
      vertex -11.77147831201117 17.617262276847743 9.578125
      vertex -10.370728210171949 19.402267815663812 9.0859375
    endloop
  endfacet
  facet normal -0.2900508104159928 0.40747337218339785 0.8659307006559566
    outer loop
      vertex -13.44158909527899 16.37862370210235 9.6015625
      vertex -11.77147831201117 17.617262276847743 9.578125
      vertex -12.222545126431248 18.292331470655995 9.109375
    endloop
  endfacet
  facet normal -0.595699304492433 0.8032075314806452 0
    outer loop
      vertex -13.44158909527899 16.37862370210235 10
      vertex -11.77147831201117 17.617262276847743 10
      vertex -11.77147831201117 17.617262276847743 9.578125
    endloop
  endfacet
  facet normal -0.5141027441932228 0.8577286100002715 0
    outer loop
      vertex -11.77147831201117 17.617262276847743 9.578125
      vertex -11.77147831201117 17.617262276847743 10
      vertex -9.988001757654073 18.686236985291906 9.5546875
    endloop
  endfacet
  facet normal -0.24871476178303026 0.4339412275097799 0.8659307006559567
    outer loop
      vertex -11.77147831201117 17.617262276847743 9.578125
      vertex -9.988001757654073 18.686236985291906 9.5546875
      vertex -10.370728210171949 19.402267815663812 9.0859375
    endloop
  endfacet
  facet normal -0.5141027441932227 0.8577286100002715 0
    outer loop
      vertex -11.77147831201117 17.617262276847743 10
      vertex -9.988001757654073 18.686236985291906 10
      vertex -9.988001757654073 18.686236985291906 9.5546875
    endloop
  endfacet
  facet normal 0 0 1
    outer loop
      vertex -11.77147831201117 17.617262276847743 10
      vertex -1.1784918420649941 2.204803160870888 10
      vertex -9.988001757654073 18.686236985291906 10
    endloop
  endfacet
  facet normal 0 0 1
    outer loop
      vertex -0.9567085809127245 2.309698831278217 10
      vertex -8.108335286373608 19.575253016631496 10
      vertex -9.988001757654073 18.686236985291906 10
    endloop
  endfacet
  facet normal -0.5141027441932228 0.8577286100002716 0
    outer loop
      vertex -12.222545126431248 18.292331470655995 7.609375
      vertex -10.370728210171949 19.402267815663812 7.5859375
      vertex -10.370728210171949 19.402267815663812 7.3984375
    endloop
  endfacet
  facet normal -0.20561539915190122 0.45671336244640165 0.8655259743037792
    outer loop
      vertex -10.370728210171949 19.402267815663812 7.5859375
      vertex -9.988001757654073 18.686236985291906 8.0546875
      vertex -8.419035512031975 20.325349715248308 7.5625
    endloop
  endfacet
  facet normal -0.2226304260404342 0.44788359543807676 -0.8659307006559566
    outer loop
      vertex -9.988001757654073 18.686236985291906 8.4296875
      vertex -10.370728210171949 19.402267815663812 8.8984375
      vertex -8.108335286373608 19.575253016631496 8.40625
    endloop
  endfacet
  facet normal -0.4275550934302811 0.9039892931234438 0
    outer loop
      vertex -10.370728210171949 19.402267815663812 7.5859375
      vertex -8.419035512031975 20.325349715248308 7.5625
      vertex -8.419035512031975 20.325349715248308 7.375
    endloop
  endfacet
  facet normal -0.20498345403277632 0.45622999159883865 0.8659307006559568
    outer loop
      vertex -8.419035512031975 20.325349715248308 7.5625
      vertex -9.988001757654073 18.686236985291906 8.0546875
      vertex -8.108335286373608 19.575253016631496 8.03125
    endloop
  endfacet
  facet normal -0.15985956706728555 0.4746679962063523 0.8655259743037794
    outer loop
      vertex -8.419035512031975 20.325349715248308 7.5625
      vertex -8.108335286373608 19.575253016631496 8.03125
      vertex -6.386262899598171 21.052687386108595 7.5390625
    endloop
  endfacet
  facet normal -0.15927804356483394 0.474125011468117 0.8659307006559571
    outer loop
      vertex -6.386262899598171 21.052687386108595 7.5390625
      vertex -8.108335286373608 19.575253016631496 8.03125
      vertex -6.150581113818423 20.275748660499122 8.0078125
    endloop
  endfacet
  facet normal -0.4275550934302808 0.9039892931234439 0
    outer loop
      vertex -9.988001757654073 18.686236985291906 8.0546875
      vertex -9.988001757654073 18.686236985291906 8.4296875
      vertex -8.108335286373608 19.575253016631496 8.03125
    endloop
  endfacet
  facet normal -0.4275550934302808 0.9039892931234439 0
    outer loop
      vertex -9.988001757654073 18.686236985291906 8.4296875
      vertex -8.108335286373608 19.575253016631496 8.40625
      vertex -8.108335286373608 19.575253016631496 8.03125
    endloop
  endfacet
  facet normal -0.22260317501891833 0.4486787428405656 -0.8655259743037794
    outer loop
      vertex -8.108335286373608 19.575253016631496 8.40625
      vertex -10.370728210171949 19.402267815663812 8.8984375
      vertex -8.419035512031975 20.325349715248308 8.875
    endloop
  endfacet
  facet normal -0.3368898533922195 0.9415440651830209 0
    outer loop
      vertex -8.108335286373608 19.575253016631496 8.03125
      vertex -8.108335286373608 19.575253016631496 8.40625
      vertex -6.150581113818423 20.275748660499122 8.0078125
    endloop
  endfacet
  facet normal -0.3368898533922195 0.9415440651830209 0
    outer loop
      vertex -6.150581113818423 20.275748660499122 8.0078125
      vertex -8.108335286373608 19.575253016631496 8.40625
      vertex -6.150581113818423 20.275748660499122 8.3828125
    endloop
  endfacet
  facet normal -0.17765813046260243 0.4675485112178379 -0.8659307006559568
    outer loop
      vertex -8.108335286373608 19.575253016631496 8.40625
      vertex -8.419035512031975 20.325349715248308 8.875
      vertex -6.150581113818423 20.275748660499122 8.3828125
    endloop
  endfacet
  facet normal -0.17755307258767122 0.46833715870104753 -0.8655259743037798
    outer loop
      vertex -6.150581113818423 20.275748660499122 8.3828125
      vertex -8.419035512031975 20.325349715248308 8.875
      vertex -6.386262899598171 21.052687386108595 8.8515625
    endloop
  endfacet
  facet normal -0.5141027441932228 0.8577286100002716 0
    outer loop
      vertex -12.222545126431248 18.292331470655995 9.109375
      vertex -10.370728210171949 19.402267815663812 9.0859375
      vertex -10.370728210171949 19.402267815663812 8.8984375
    endloop
  endfacet
  facet normal -0.26550948718746115 0.4246993054137779 -0.8655259743037791
    outer loop
      vertex -12.222545126431248 18.292331470655995 8.921875
      vertex -10.370728210171949 19.402267815663812 8.8984375
      vertex -9.988001757654073 18.686236985291906 8.4296875
    endloop
  endfacet
  facet normal -0.4275550934302811 0.9039892931234438 0
    outer loop
      vertex -10.370728210171949 19.402267815663812 8.8984375
      vertex -10.370728210171949 19.402267815663812 9.0859375
      vertex -8.419035512031975 20.325349715248308 8.875
    endloop
  endfacet
  facet normal -0.20561539915190122 0.45671336244640165 0.8655259743037792
    outer loop
      vertex -10.370728210171949 19.402267815663812 9.0859375
      vertex -9.988001757654073 18.686236985291906 9.5546875
      vertex -8.419035512031975 20.325349715248308 9.0625
    endloop
  endfacet
  facet normal -0.4275550934302811 0.9039892931234438 0
    outer loop
      vertex -10.370728210171949 19.402267815663812 9.0859375
      vertex -8.419035512031975 20.325349715248308 9.0625
      vertex -8.419035512031975 20.325349715248308 8.875
    endloop
  endfacet
  facet normal -0.3368898533922201 0.9415440651830208 0
    outer loop
      vertex -8.419035512031975 20.325349715248308 8.875
      vertex -8.419035512031975 20.325349715248308 9.0625
      vertex -6.386262899598171 21.052687386108595 8.8515625
    endloop
  endfacet
  facet normal -0.3368898533922201 0.9415440651830208 0
    outer loop
      vertex -8.419035512031975 20.325349715248308 9.0625
      vertex -6.386262899598171 21.052687386108595 9.0390625
      vertex -6.386262899598171 21.052687386108595 8.8515625
    endloop
  endfacet
  facet normal -0.15985956706728555 0.4746679962063523 0.8655259743037794
    outer loop
      vertex -8.419035512031975 20.325349715248308 9.0625
      vertex -8.108335286373608 19.575253016631496 9.53125
      vertex -6.386262899598171 21.052687386108595 9.0390625
    endloop
  endfacet
  facet normal -0.15927804356483394 0.474125011468117 0.8659307006559571
    outer loop
      vertex -6.386262899598171 21.052687386108595 9.0390625
      vertex -8.108335286373608 19.575253016631496 9.53125
      vertex -6.150581113818423 20.275748660499122 9.5078125
    endloop
  endfacet
  facet normal -0.20498345403277632 0.45622999159883865 0.8659307006559568
    outer loop
      vertex -8.419035512031975 20.325349715248308 9.0625
      vertex -9.988001757654073 18.686236985291906 9.5546875
      vertex -8.108335286373608 19.575253016631496 9.53125
    endloop
  endfacet
  facet normal -0.42755509343028086 0.903989293123444 0
    outer loop
      vertex -9.988001757654073 18.686236985291906 9.5546875
      vertex -9.988001757654073 18.686236985291906 10
      vertex -8.108335286373608 19.575253016631496 9.53125
    endloop
  endfacet
  facet normal -0.4275550934302808 0.9039892931234439 0
    outer loop
      vertex -9.988001757654073 18.686236985291906 10
      vertex -8.108335286373608 19.575253016631496 10
      vertex -8.108335286373608 19.575253016631496 9.53125
    endloop
  endfacet
  facet normal -0.33688985339221955 0.941544065183021 0
    outer loop
      vertex -8.108335286373608 19.575253016631496 9.53125
      vertex -8.108335286373608 19.575253016631496 10
      vertex -6.150581113818423 20.275748660499122 9.5078125
    endloop
  endfacet
  facet normal -0.33688985339221955 0.941544065183021 0
    outer loop
      vertex -6.150581113818423 20.275748660499122 9.5078125
      vertex -8.108335286373608 19.575253016631496 10
      vertex -6.150581113818423 20.275748660499122 10
    endloop
  endfacet
  facet normal 0 0 1
    outer loop
      vertex -0.7257116931361558 2.392350839330522 10
      vertex -6.150581113818423 20.275748660499122 10
      vertex -8.108335286373608 19.575253016631496 10
    endloop
  endfacet
  facet normal 0 0 1
    outer loop
      vertex -0.4877258050403206 2.451963201008076 10
      vertex -4.133593482887521 20.780977760914467 10
      vertex -6.150581113818423 20.275748660499122 10
    endloop
  endfacet
  facet normal 0 0 1
    outer loop
      vertex -0.2450428508239015 2.4879618166804924 10
      vertex -2.076797087064361 21.08607468545421 10
      vertex -4.133593482887521 20.780977760914467 10
    endloop
  endfacet
  facet normal 0 0 1
    outer loop
      vertex -0.2450428508239015 2.4879618166804924 10
      vertex 0 21.18810118395209 10
      vertex -2.076797087064361 21.08607468545421 10
    endloop
  endfacet
  facet normal -0.11256419996368276 0.48805131768291443 0.8655259743037798
    outer loop
      vertex -6.386262899598171 21.052687386108595 7.5390625
      vertex -6.150581113818423 20.275748660499122 8.0078125
      vertex -4.291987084354822 21.57727616887107 7.515625
    endloop
  endfacet
  facet normal -0.11203869846712718 0.4874539482938626 0.8659307006559569
    outer loop
      vertex -6.150581113818423 20.275748660499122 8.0078125
      vertex -4.133593482887521 20.780977760914467 7.984375
      vertex -4.291987084354822 21.57727616887107 7.515625
    endloop
  endfacet
  facet normal -0.06418477808057921 0.4967344381742021 0.8655259743037794
    outer loop
      vertex -4.291987084354822 21.57727616887107 7.515625
      vertex -4.133593482887521 20.780977760914467 7.984375
      vertex -2.156377087250333 21.894063986788332 7.4921875
    endloop
  endfacet
  facet normal -0.14673047445536225 0.9891765099647809 0
    outer loop
      vertex -4.133593482887521 20.780977760914467 7.984375
      vertex -4.133593482887521 20.780977760914467 8.359375
      vertex -2.076797087064361 21.08607468545421 7.9609375
    endloop
  endfacet
  facet normal -0.24298017990326434 0.9700312531945438 0
    outer loop
      vertex -6.150581113818423 20.275748660499122 8.0078125
      vertex -6.150581113818423 20.275748660499122 8.3828125
      vertex -4.133593482887521 20.780977760914467 7.984375
    endloop
  endfacet
  facet normal -0.24298017990326434 0.9700312531945438 0
    outer loop
      vertex -6.150581113818423 20.275748660499122 8.3828125
      vertex -4.133593482887521 20.780977760914467 8.359375
      vertex -4.133593482887521 20.780977760914467 7.984375
    endloop
  endfacet
  facet normal -0.13097488997060291 0.4827106792465562 -0.8659307006559571
    outer loop
      vertex -6.150581113818423 20.275748660499122 8.3828125
      vertex -6.386262899598171 21.052687386108595 8.8515625
      vertex -4.133593482887521 20.780977760914467 8.359375
    endloop
  endfacet
  facet normal -0.1307930370070222 0.48348523170410607 -0.8655259743037795
    outer loop
      vertex -4.133593482887521 20.780977760914467 8.359375
      vertex -6.386262899598171 21.052687386108595 8.8515625
      vertex -4.291987084354822 21.57727616887107 8.828125
    endloop
  endfacet
  facet normal -0.08303028969002835 0.4932240795576322 -0.8659307006559569
    outer loop
      vertex -4.133593482887521 20.780977760914467 8.359375
      vertex -4.291987084354822 21.57727616887107 8.828125
      vertex -2.076797087064361 21.08607468545421 8.3359375
    endloop
  endfacet
  facet normal -0.06372035945659874 0.4960884371281047 0.8659307006559569
    outer loop
      vertex -2.156377087250333 21.894063986788332 7.4921875
      vertex -4.133593482887521 20.780977760914467 7.984375
      vertex -2.076797087064361 21.08607468545421 7.9609375
    endloop
  endfacet
  facet normal -0.015187221697590297 0.5006337344832065 0.8655259743037793
    outer loop
      vertex -2.156377087250333 21.894063986788332 7.4921875
      vertex -2.076797087064361 21.08607468545421 7.9609375
      vertex 0 22 7.46875
    endloop
  endfacet
  facet normal -0.014788358551411276 0.4999453231232779 0.8659307006559568
    outer loop
      vertex -2.076797087064361 21.08607468545421 7.9609375
      vertex 0 21.18810118395209 7.9375
      vertex 0 22 7.46875
    endloop
  endfacet
  facet normal -0.049067674327417994 0.9987954562051724 0
    outer loop
      vertex -2.076797087064361 21.08607468545421 7.9609375
      vertex -2.076797087064361 21.08607468545421 8.3359375
      vertex 0 21.18810118395209 7.9375
    endloop
  endfacet
  facet normal -0.14673047445536225 0.9891765099647809 0
    outer loop
      vertex -4.133593482887521 20.780977760914467 8.359375
      vertex -2.076797087064361 21.08607468545421 8.3359375
      vertex -2.076797087064361 21.08607468545421 7.9609375
    endloop
  endfacet
  facet normal -0.0827733929812486 0.4939770776259413 -0.8655259743037793
    outer loop
      vertex -2.076797087064361 21.08607468545421 8.3359375
      vertex -4.291987084354822 21.57727616887107 8.828125
      vertex -2.156377087250333 21.894063986788332 8.8046875
    endloop
  endfacet
  facet normal -0.049067674327417994 0.9987954562051724 0
    outer loop
      vertex -2.076797087064361 21.08607468545421 8.3359375
      vertex 0 21.18810118395209 8.3125
      vertex 0 21.18810118395209 7.9375
    endloop
  endfacet
  facet normal -0.034286062330765144 0.4989874623588598 -0.8659307006559569
    outer loop
      vertex -2.076797087064361 21.08607468545421 8.3359375
      vertex -2.156377087250333 21.894063986788332 8.8046875
      vertex 0 21.18810118395209 8.3125
    endloop
  endfacet
  facet normal -0.03395659593252576 0.49971165425490016 -0.8655259743037794
    outer loop
      vertex -2.156377087250333 21.894063986788332 8.8046875
      vertex 0 22 8.78125
      vertex 0 21.18810118395209 8.3125
    endloop
  endfacet
  facet normal -0.24298017990326395 0.970031253194544 0
    outer loop
      vertex -6.386262899598171 21.052687386108595 8.8515625
      vertex -6.386262899598171 21.052687386108595 9.0390625
      vertex -4.291987084354822 21.57727616887107 8.828125
    endloop
  endfacet
  facet normal -0.24298017990326395 0.970031253194544 0
    outer loop
      vertex -6.386262899598171 21.052687386108595 9.0390625
      vertex -4.291987084354822 21.57727616887107 9.015625
      vertex -4.291987084354822 21.57727616887107 8.828125
    endloop
  endfacet
  facet normal -0.11256419996368276 0.48805131768291443 0.8655259743037798
    outer loop
      vertex -6.386262899598171 21.052687386108595 9.0390625
      vertex -6.150581113818423 20.275748660499122 9.5078125
      vertex -4.291987084354822 21.57727616887107 9.015625
    endloop
  endfacet
  facet normal -0.11203869846712718 0.4874539482938626 0.8659307006559569
    outer loop
      vertex -6.150581113818423 20.275748660499122 9.5078125
      vertex -4.133593482887521 20.780977760914467 9.484375
      vertex -4.291987084354822 21.57727616887107 9.015625
    endloop
  endfacet
  facet normal -0.1467304744553622 0.9891765099647809 0
    outer loop
      vertex -4.291987084354822 21.57727616887107 8.828125
      vertex -4.291987084354822 21.57727616887107 9.015625
      vertex -2.156377087250333 21.894063986788332 8.8046875
    endloop
  endfacet
  facet normal -0.06418477808057921 0.4967344381742021 0.8655259743037794
    outer loop
      vertex -4.291987084354822 21.57727616887107 9.015625
      vertex -4.133593482887521 20.780977760914467 9.484375
      vertex -2.156377087250333 21.894063986788332 8.9921875
    endloop
  endfacet
  facet normal -0.24298017990326437 0.9700312531945439 0
    outer loop
      vertex -6.150581113818423 20.275748660499122 9.5078125
      vertex -6.150581113818423 20.275748660499122 10
      vertex -4.133593482887521 20.780977760914467 9.484375
    endloop
  endfacet
  facet normal -0.2429801799032644 0.970031253194544 0
    outer loop
      vertex -6.150581113818423 20.275748660499122 10
      vertex -4.133593482887521 20.780977760914467 10
      vertex -4.133593482887521 20.780977760914467 9.484375
    endloop
  endfacet
  facet normal -0.14673047445536222 0.9891765099647808 0
    outer loop
      vertex -4.133593482887521 20.780977760914467 9.484375
      vertex -4.133593482887521 20.780977760914467 10
      vertex -2.076797087064361 21.08607468545421 9.4609375
    endloop
  endfacet
  facet normal -0.1467304744553622 0.9891765099647809 0
    outer loop
      vertex -4.291987084354822 21.57727616887107 9.015625
      vertex -2.156377087250333 21.894063986788332 8.9921875
      vertex -2.156377087250333 21.894063986788332 8.8046875
    endloop
  endfacet
  facet normal -0.06372035945659874 0.4960884371281047 0.8659307006559569
    outer loop
      vertex -2.156377087250333 21.894063986788332 8.9921875
      vertex -4.133593482887521 20.780977760914467 9.484375
      vertex -2.076797087064361 21.08607468545421 9.4609375
    endloop
  endfacet
  facet normal -0.015187221697590297 0.5006337344832065 0.8655259743037793
    outer loop
      vertex -2.156377087250333 21.894063986788332 8.9921875
      vertex -2.076797087064361 21.08607468545421 9.4609375
      vertex 0 22 8.96875
    endloop
  endfacet
  facet normal -0.014788358551411276 0.4999453231232779 0.8659307006559568
    outer loop
      vertex -2.076797087064361 21.08607468545421 9.4609375
      vertex 0 21.18810118395209 9.4375
      vertex 0 22 8.96875
    endloop
  endfacet
  facet normal -0.14673047445536225 0.989176509964781 0
    outer loop
      vertex -4.133593482887521 20.780977760914467 10
      vertex -2.076797087064361 21.08607468545421 10
      vertex -2.076797087064361 21.08607468545421 9.4609375
    endloop
  endfacet
  facet normal -0.049067674327418 0.9987954562051725 0
    outer loop
      vertex -2.076797087064361 21.08607468545421 9.4609375
      vertex -2.076797087064361 21.08607468545421 10
      vertex 0 21.18810118395209 9.4375
    endloop
  endfacet
  facet normal -0.049067674327417994 0.9987954562051723 0
    outer loop
      vertex -2.076797087064361 21.08607468545421 10
      vertex 0 21.18810118395209 10
      vertex 0 21.18810118395209 9.4375
    endloop
  endfacet
  facet normal -0.04906767432741779 0.9987954562051724 0
    outer loop
      vertex -2.156377087250333 21.894063986788332 8.8046875
      vertex -2.156377087250333 21.894063986788332 8.9921875
      vertex 0 22 8.78125
    endloop
  endfacet
  facet normal -0.04906767432741779 0.9987954562051724 0
    outer loop
      vertex -2.156377087250333 21.894063986788332 8.9921875
      vertex 0 22 8.96875
      vertex 0 22 8.78125
    endloop
  endfacet
  facet normal 0.049067674327417994 -0.9987954562051723 0
    outer loop
      vertex 2.076797087064361 -21.08607468545421 4.5859375
      vertex 0 -21.18810118395209 4
      vertex 2.076797087064361 -21.08607468545421 4
    endloop
  endfacet
  facet normal 0.049067674327417994 -0.9987954562051723 0
    outer loop
      vertex 0 -21.18810118395209 4.5625
      vertex 0 -21.18810118395209 4
      vertex 2.076797087064361 -21.08607468545421 4.5859375
    endloop
  endfacet
  facet normal 0.03395659593252574 -0.49971165425490005 -0.8655259743037793
    outer loop
      vertex 0 -21.18810118395209 4.5625
      vertex 2.156377087250333 -21.894063986788332 5.0546875
      vertex 0 -22 5.03125
    endloop
  endfacet
  facet normal 0.034286062330765144 -0.4989874623588597 -0.8659307006559569
    outer loop
      vertex 0 -21.18810118395209 4.5625
      vertex 2.076797087064361 -21.08607468545421 4.5859375
      vertex 2.156377087250333 -21.894063986788332 5.0546875
    endloop
  endfacet
  facet normal 0.14673047445536225 -0.9891765099647809 0
    outer loop
      vertex 2.076797087064361 -21.08607468545421 4.5859375
      vertex 2.076797087064361 -21.08607468545421 4
      vertex 4.133593482887521 -20.780977760914467 4.609375
    endloop
  endfacet
  facet normal 0.0827733929812486 -0.4939770776259413 -0.8655259743037793
    outer loop
      vertex 2.076797087064361 -21.08607468545421 4.5859375
      vertex 4.291987084354822 -21.57727616887107 5.078125
      vertex 2.156377087250333 -21.894063986788332 5.0546875
    endloop
  endfacet
  facet normal 0.14673047445536222 -0.9891765099647808 0
    outer loop
      vertex 4.133593482887521 -20.780977760914467 4.609375
      vertex 2.076797087064361 -21.08607468545421 4
      vertex 4.133593482887521 -20.780977760914467 4
    endloop
  endfacet
  facet normal 0.2429801799032644 -0.9700312531945439 0
    outer loop
      vertex 6.150581113818423 -20.275748660499122 4.6328125
      vertex 4.133593482887521 -20.780977760914467 4
      vertex 6.150581113818423 -20.275748660499122 4
    endloop
  endfacet
  facet normal 0.08303028969002836 -0.4932240795576322 -0.865930700655957
    outer loop
      vertex 2.076797087064361 -21.08607468545421 4.5859375
      vertex 4.133593482887521 -20.780977760914467 4.609375
      vertex 4.291987084354822 -21.57727616887107 5.078125
    endloop
  endfacet
  facet normal 0.24298017990326437 -0.9700312531945439 0
    outer loop
      vertex 4.133593482887521 -20.780977760914467 4.609375
      vertex 4.133593482887521 -20.780977760914467 4
      vertex 6.150581113818423 -20.275748660499122 4.6328125
    endloop
  endfacet
  facet normal 0.1307930370070222 -0.48348523170410607 -0.8655259743037795
    outer loop
      vertex 4.133593482887521 -20.780977760914467 4.609375
      vertex 6.386262899598171 -21.052687386108595 5.1015625
      vertex 4.291987084354822 -21.57727616887107 5.078125
    endloop
  endfacet
  facet normal 0.13097488997060291 -0.4827106792465562 -0.8659307006559571
    outer loop
      vertex 4.133593482887521 -20.780977760914467 4.609375
      vertex 6.150581113818423 -20.275748660499122 4.6328125
      vertex 6.386262899598171 -21.052687386108595 5.1015625
    endloop
  endfacet
  facet normal 0.3368898533922195 -0.9415440651830209 0
    outer loop
      vertex 8.108335286373608 -19.575253016631496 4.65625
      vertex 6.150581113818423 -20.275748660499122 4
      vertex 8.108335286373608 -19.575253016631496 4
    endloop
  endfacet
  facet normal 0.4275550934302808 -0.903989293123444 0
    outer loop
      vertex 9.988001757654073 -18.686236985291906 4.6796875
      vertex 8.108335286373608 -19.575253016631496 4
      vertex 9.988001757654073 -18.686236985291906 4
    endloop
  endfacet
  facet normal 0.17755307258767122 -0.46833715870104753 -0.8655259743037798
    outer loop
      vertex 6.150581113818423 -20.275748660499122 4.6328125
      vertex 8.419035512031975 -20.325349715248308 5.125
      vertex 6.386262899598171 -21.052687386108595 5.1015625
    endloop
  endfacet
  facet normal 0.3368898533922195 -0.9415440651830209 0
    outer loop
      vertex 6.150581113818423 -20.275748660499122 4.6328125
      vertex 6.150581113818423 -20.275748660499122 4
      vertex 8.108335286373608 -19.575253016631496 4.65625
    endloop
  endfacet
  facet normal 0.1776581304626024 -0.4675485112178378 -0.8659307006559568
    outer loop
      vertex 6.150581113818423 -20.275748660499122 4.6328125
      vertex 8.108335286373608 -19.575253016631496 4.65625
      vertex 8.419035512031975 -20.325349715248308 5.125
    endloop
  endfacet
  facet normal 0.4275550934302808 -0.9039892931234439 0
    outer loop
      vertex 8.108335286373608 -19.575253016631496 4.65625
      vertex 8.108335286373608 -19.575253016631496 4
      vertex 9.988001757654073 -18.686236985291906 4.6796875
    endloop
  endfacet
  facet normal 0.22260317501891833 -0.4486787428405656 -0.8655259743037794
    outer loop
      vertex 8.108335286373608 -19.575253016631496 4.65625
      vertex 10.370728210171949 -19.402267815663812 5.1484375
      vertex 8.419035512031975 -20.325349715248308 5.125
    endloop
  endfacet
  facet normal 0.2226304260404342 -0.44788359543807676 -0.8659307006559566
    outer loop
      vertex 8.108335286373608 -19.575253016631496 4.65625
      vertex 9.988001757654073 -18.686236985291906 4.6796875
      vertex 10.370728210171949 -19.402267815663812 5.1484375
    endloop
  endfacet
  facet normal 0.5141027441932228 -0.8577286100002715 0
    outer loop
      vertex 11.77147831201117 -17.617262276847743 4.703125
      vertex 9.988001757654073 -18.686236985291906 4
      vertex 11.77147831201117 -17.617262276847743 4
    endloop
  endfacet
  facet normal 0.5141027441932228 -0.8577286100002716 0
    outer loop
      vertex 9.988001757654073 -18.686236985291906 4.6796875
      vertex 9.988001757654073 -18.686236985291906 4
      vertex 11.77147831201117 -17.617262276847743 4.703125
    endloop
  endfacet
  facet normal 0.595699304492433 -0.8032075314806452 0
    outer loop
      vertex 11.77147831201117 -17.617262276847743 4.703125
      vertex 11.77147831201117 -17.617262276847743 4
      vertex 13.44158909527899 -16.37862370210235 4.7265625
    endloop
  endfacet
  facet normal 0.2654586689133275 -0.42390531579616736 -0.8659307006559567
    outer loop
      vertex 9.988001757654073 -18.686236985291906 4.6796875
      vertex 11.77147831201117 -17.617262276847743 4.703125
      vertex 12.222545126431248 -18.292331470655995 5.171875
    endloop
  endfacet
  facet normal 0.595699304492433 -0.8032075314806452 0
    outer loop
      vertex 13.44158909527899 -16.37862370210235 4.7265625
      vertex 11.77147831201117 -17.617262276847743 4
      vertex 13.44158909527899 -16.37862370210235 4
    endloop
  endfacet
  facet normal 0.671558954847018 -0.7409511253549593 0
    outer loop
      vertex 13.44158909527899 -16.37862370210235 4.7265625
      vertex 13.44158909527899 -16.37862370210235 4
      vertex 14.982250027639239 -14.982250027639239 4.75
    endloop
  endfacet
  facet normal 0.30573039969011373 -0.3958445962329243 -0.8659307006559569
    outer loop
      vertex 11.77147831201117 -17.617262276847743 4.703125
      vertex 13.44158909527899 -16.37862370210235 4.7265625
      vertex 13.9566522516002 -17.006229973980215 5.1953125
    endloop
  endfacet
  facet normal 0.34305777958864814 -0.3639716768172903 -0.8659307006559569
    outer loop
      vertex 13.44158909527899 -16.37862370210235 4.7265625
      vertex 14.982250027639239 -14.982250027639239 4.75
      vertex 15.556349186104047 -15.556349186104047 5.21875
    endloop
  endfacet
  facet normal 0.6715589548470181 -0.7409511253549594 0
    outer loop
      vertex 14.982250027639239 -14.982250027639239 4.75
      vertex 13.44158909527899 -16.37862370210235 4
      vertex 14.982250027639239 -14.982250027639239 4
    endloop
  endfacet
  facet normal 0.7409511253549594 -0.6715589548470181 0
    outer loop
      vertex 14.982250027639239 -14.982250027639239 4.75
      vertex 14.982250027639239 -14.982250027639239 4
      vertex 16.37862370210235 -13.44158909527899 4.7734375
    endloop
  endfacet
  facet normal 0.7409511253549593 -0.6715589548470181 0
    outer loop
      vertex 16.37862370210235 -13.44158909527899 4.7734375
      vertex 14.982250027639239 -14.982250027639239 4
      vertex 16.37862370210235 -13.44158909527899 4
    endloop
  endfacet
  facet normal 0.3770813255352856 -0.32859351118674807 -0.8659307006559569
    outer loop
      vertex 14.982250027639239 -14.982250027639239 4.75
      vertex 16.37862370210235 -13.44158909527899 4.7734375
      vertex 17.006229973980215 -13.9566522516002 5.2421875
    endloop
  endfacet
  facet normal 0.8032075314806452 -0.595699304492433 0
    outer loop
      vertex 16.37862370210235 -13.44158909527899 4.7734375
      vertex 16.37862370210235 -13.44158909527899 4
      vertex 17.617262276847743 -11.77147831201117 4.796875
    endloop
  endfacet
  facet normal 0.8032075314806452 -0.595699304492433 0
    outer loop
      vertex 17.617262276847743 -11.77147831201117 4.02109375
      vertex 16.37862370210235 -13.44158909527899 4
      vertex 17.617262276847743 -11.77147831201117 4
    endloop
  endfacet
  facet normal 0.8577286100002715 -0.5141027441932228 0
    outer loop
      vertex 17.617262276847743 -11.77147831201117 4.02109375
      vertex 17.617262276847743 -11.77147831201117 4
      vertex 18.686236985291906 -9.988001757654073 4.04453125
    endloop
  endfacet
  facet normal 0.803207531480645 -0.595699304492433 0
    outer loop
      vertex 17.617262276847743 -11.77147831201117 4.02109375
      vertex 17.617262276847743 -11.77147831201117 4.796875
      vertex 16.37862370210235 -13.44158909527899 4
    endloop
  endfacet
  facet normal 0.8577286100002715 -0.5141027441932228 0
    outer loop
      vertex 18.686236985291906 -9.988001757654073 4.04453125
      vertex 17.617262276847743 -11.77147831201117 4
      vertex 18.686236985291906 -9.988001757654073 4
    endloop
  endfacet
  facet normal 0.8577286100002716 -0.5141027441932228 0
    outer loop
      vertex 17.617262276847743 -11.77147831201117 4.02109375
      vertex 18.686236985291906 -9.988001757654073 4.04453125
      vertex 18.686236985291906 -9.988001757654073 4.8203125
    endloop
  endfacet
  facet normal 0.8577286100002716 -0.5141027441932228 0
    outer loop
      vertex 17.617262276847743 -11.77147831201117 4.02109375
      vertex 18.686236985291906 -9.988001757654073 4.8203125
      vertex 17.617262276847743 -11.77147831201117 4.796875
    endloop
  endfacet
  facet normal 0.40747337218339785 -0.2900508104159928 -0.8659307006559566
    outer loop
      vertex 16.37862370210235 -13.44158909527899 4.7734375
      vertex 17.617262276847743 -11.77147831201117 4.796875
      vertex 18.292331470655995 -12.222545126431248 5.265625
    endloop
  endfacet
  facet normal 0.4339412275097799 -0.24871476178303026 -0.8659307006559567
    outer loop
      vertex 17.617262276847743 -11.77147831201117 4.796875
      vertex 18.686236985291906 -9.988001757654073 4.8203125
      vertex 19.402267815663812 -10.370728210171949 5.2890625
    endloop
  endfacet
  facet normal 0.9039892931234439 -0.4275550934302808 0
    outer loop
      vertex 18.686236985291906 -9.988001757654073 4.04453125
      vertex 18.686236985291906 -9.988001757654073 4
      vertex 19.575253016631496 -8.108335286373608 4.06796875
    endloop
  endfacet
  facet normal 0.903989293123444 -0.4275550934302808 0
    outer loop
      vertex 19.575253016631496 -8.108335286373608 4.06796875
      vertex 18.686236985291906 -9.988001757654073 4
      vertex 19.575253016631496 -8.108335286373608 4
    endloop
  endfacet
  facet normal 0.9039892931234439 -0.42755509343028075 0
    outer loop
      vertex 18.686236985291906 -9.988001757654073 4.04453125
      vertex 19.575253016631496 -8.108335286373608 4.06796875
      vertex 19.575253016631496 -8.108335286373608 4.84375
    endloop
  endfacet
  facet normal 0.941544065183021 -0.33688985339221955 0
    outer loop
      vertex 19.575253016631496 -8.108335286373608 4.06796875
      vertex 19.575253016631496 -8.108335286373608 4
      vertex 20.275748660499122 -6.150581113818423 4.09140625
    endloop
  endfacet
  facet normal 0.9415440651830209 -0.3368898533922195 0
    outer loop
      vertex 20.275748660499122 -6.150581113818423 4.09140625
      vertex 19.575253016631496 -8.108335286373608 4
      vertex 20.275748660499122 -6.150581113818423 4
    endloop
  endfacet
  facet normal 0.941544065183021 -0.3368898533922195 0
    outer loop
      vertex 19.575253016631496 -8.108335286373608 4.06796875
      vertex 20.275748660499122 -6.150581113818423 4.09140625
      vertex 20.275748660499122 -6.150581113818423 4.8671875
    endloop
  endfacet
  facet normal 0.9039892931234439 -0.4275550934302808 0
    outer loop
      vertex 18.686236985291906 -9.988001757654073 4.04453125
      vertex 19.575253016631496 -8.108335286373608 4.84375
      vertex 18.686236985291906 -9.988001757654073 4.8203125
    endloop
  endfacet
  facet normal 0.45622999159883865 -0.2049834540327763 -0.8659307006559568
    outer loop
      vertex 18.686236985291906 -9.988001757654073 4.8203125
      vertex 19.575253016631496 -8.108335286373608 4.84375
      vertex 20.325349715248308 -8.419035512031975 5.3125
    endloop
  endfacet
  facet normal 0.941544065183021 -0.33688985339221955 0
    outer loop
      vertex 19.575253016631496 -8.108335286373608 4.06796875
      vertex 20.275748660499122 -6.150581113818423 4.8671875
      vertex 19.575253016631496 -8.108335286373608 4.84375
    endloop
  endfacet
  facet normal 0.9700312531945439 -0.24298017990326434 0
    outer loop
      vertex 20.780977760914467 -4.133593482887521 4.11484375
      vertex 20.275748660499122 -6.150581113818423 4
      vertex 20.780977760914467 -4.133593482887521 4
    endloop
  endfacet
  facet normal 0.970031253194544 -0.24298017990326437 0
    outer loop
      vertex 20.275748660499122 -6.150581113818423 4.09140625
      vertex 20.275748660499122 -6.150581113818423 4
      vertex 20.780977760914467 -4.133593482887521 4.11484375
    endloop
  endfacet
  facet normal 0.9700312531945439 -0.24298017990326434 0
    outer loop
      vertex 20.275748660499122 -6.150581113818423 4.09140625
      vertex 20.780977760914467 -4.133593482887521 4.11484375
      vertex 20.780977760914467 -4.133593482887521 4.890625
    endloop
  endfacet
  facet normal 0.9891765099647809 -0.14673047445536222 0
    outer loop
      vertex 20.780977760914467 -4.133593482887521 4.11484375
      vertex 20.780977760914467 -4.133593482887521 4
      vertex 21.08607468545421 -2.076797087064361 4.13828125
    endloop
  endfacet
  facet normal 0.9700312531945439 -0.24298017990326437 0
    outer loop
      vertex 20.275748660499122 -6.150581113818423 4.09140625
      vertex 20.780977760914467 -4.133593482887521 4.890625
      vertex 20.275748660499122 -6.150581113818423 4.8671875
    endloop
  endfacet
  facet normal 0.9891765099647808 -0.14673047445536222 0
    outer loop
      vertex 20.780977760914467 -4.133593482887521 4.11484375
      vertex 21.08607468545421 -2.076797087064361 4.9140625
      vertex 20.780977760914467 -4.133593482887521 4.890625
    endloop
  endfacet
  facet normal 0.9891765099647809 -0.14673047445536222 0
    outer loop
      vertex 21.08607468545421 -2.076797087064361 4.003515625
      vertex 20.780977760914467 -4.133593482887521 4
      vertex 21.08607468545421 -2.076797087064361 4
    endloop
  endfacet
  facet normal 0.989176509964781 -0.14673047445536225 0
    outer loop
      vertex 21.08607468545421 -2.076797087064361 4.003515625
      vertex 21.08607468545421 -2.076797087064361 4.13828125
      vertex 20.780977760914467 -4.133593482887521 4
    endloop
  endfacet
  facet normal 0.9987954562051724 -0.049067674327418 0
    outer loop
      vertex 21.08607468545421 -2.076797087064361 4.003515625
      vertex 21.08607468545421 -2.076797087064361 4
      vertex 21.18810118395209 0 4.026953125
    endloop
  endfacet
  facet normal 0.9987954562051724 -0.049067674327418 0
    outer loop
      vertex 21.18810118395209 0 4.026953125
      vertex 21.08607468545421 -2.076797087064361 4
      vertex 21.18810118395209 0 4
    endloop
  endfacet
  facet normal 0.9987954562051725 -0.049067674327418 0
    outer loop
      vertex 21.08607468545421 -2.076797087064361 4.003515625
      vertex 21.18810118395209 0 4.16171875
      vertex 21.08607468545421 -2.076797087064361 4.13828125
    endloop
  endfacet
  facet normal 0.9987954562051723 -0.049067674327418 0
    outer loop
      vertex 21.08607468545421 -2.076797087064361 4.003515625
      vertex 21.18810118395209 0 4.026953125
      vertex 21.18810118395209 0 4.16171875
    endloop
  endfacet
  facet normal 0.9891765099647808 -0.14673047445536222 0
    outer loop
      vertex 20.780977760914467 -4.133593482887521 4.11484375
      vertex 21.08607468545421 -2.076797087064361 4.13828125
      vertex 21.08607468545421 -2.076797087064361 4.9140625
    endloop
  endfacet
  facet normal 0.9987954562051724 -0.049067674327417994 0
    outer loop
      vertex 21.08607468545421 -2.076797087064361 4.13828125
      vertex 21.18810118395209 0 4.9375
      vertex 21.08607468545421 -2.076797087064361 4.9140625
    endloop
  endfacet
  facet normal 0.9987954562051724 -0.049067674327417994 0
    outer loop
      vertex 21.08607468545421 -2.076797087064361 4.13828125
      vertex 21.18810118395209 0 4.16171875
      vertex 21.18810118395209 0 4.9375
    endloop
  endfacet
  facet normal 0.04906767432741779 -0.9987954562051724 0
    outer loop
      vertex 0 -22 5.03125
      vertex 2.156377087250333 -21.894063986788332 5.2421875
      vertex 0 -22 5.21875
    endloop
  endfacet
  facet normal 0.04906767432741779 -0.9987954562051724 0
    outer loop
      vertex 0 -22 5.03125
      vertex 2.156377087250333 -21.894063986788332 5.0546875
      vertex 2.156377087250333 -21.894063986788332 5.2421875
    endloop
  endfacet
  facet normal 0.014788358551411291 -0.49994532312327794 0.8659307006559568
    outer loop
      vertex 0 -22 5.21875
      vertex 2.076797087064361 -21.08607468545421 5.7109375
      vertex 0 -21.18810118395209 5.6875
    endloop
  endfacet
  facet normal 0.015187221697590297 -0.5006337344832065 0.8655259743037794
    outer loop
      vertex 0 -22 5.21875
      vertex 2.156377087250333 -21.894063986788332 5.2421875
      vertex 2.076797087064361 -21.08607468545421 5.7109375
    endloop
  endfacet
  facet normal 0.1467304744553622 -0.9891765099647809 0
    outer loop
      vertex 2.156377087250333 -21.894063986788332 5.0546875
      vertex 4.291987084354822 -21.57727616887107 5.265625
      vertex 2.156377087250333 -21.894063986788332 5.2421875
    endloop
  endfacet
  facet normal 0.06372035945659874 -0.4960884371281047 0.8659307006559569
    outer loop
      vertex 2.156377087250333 -21.894063986788332 5.2421875
      vertex 4.133593482887521 -20.780977760914467 5.734375
      vertex 2.076797087064361 -21.08607468545421 5.7109375
    endloop
  endfacet
  facet normal 0.049067674327417994 -0.9987954562051724 0
    outer loop
      vertex 0 -21.18810118395209 5.6875
      vertex 2.076797087064361 -21.08607468545421 5.7109375
      vertex 2.076797087064361 -21.08607468545421 6.0859375
    endloop
  endfacet
  facet normal 0.049067674327417994 -0.9987954562051724 0
    outer loop
      vertex 0 -21.18810118395209 5.6875
      vertex 2.076797087064361 -21.08607468545421 6.0859375
      vertex 0 -21.18810118395209 6.0625
    endloop
  endfacet
  facet normal 0.034286062330765144 -0.4989874623588597 -0.8659307006559569
    outer loop
      vertex 0 -21.18810118395209 6.0625
      vertex 2.076797087064361 -21.08607468545421 6.0859375
      vertex 2.156377087250333 -21.894063986788332 6.5546875
    endloop
  endfacet
  facet normal 0.14673047445536225 -0.9891765099647809 0
    outer loop
      vertex 2.076797087064361 -21.08607468545421 5.7109375
      vertex 4.133593482887521 -20.780977760914467 6.109375
      vertex 2.076797087064361 -21.08607468545421 6.0859375
    endloop
  endfacet
  facet normal 0.1467304744553622 -0.9891765099647809 0
    outer loop
      vertex 2.156377087250333 -21.894063986788332 5.0546875
      vertex 4.291987084354822 -21.57727616887107 5.078125
      vertex 4.291987084354822 -21.57727616887107 5.265625
    endloop
  endfacet
  facet normal 0.06418477808057921 -0.4967344381742021 0.8655259743037794
    outer loop
      vertex 2.156377087250333 -21.894063986788332 5.2421875
      vertex 4.291987084354822 -21.57727616887107 5.265625
      vertex 4.133593482887521 -20.780977760914467 5.734375
    endloop
  endfacet
  facet normal 0.24298017990326395 -0.970031253194544 0
    outer loop
      vertex 4.291987084354822 -21.57727616887107 5.078125
      vertex 6.386262899598171 -21.052687386108595 5.2890625
      vertex 4.291987084354822 -21.57727616887107 5.265625
    endloop
  endfacet
  facet normal 0.24298017990326395 -0.970031253194544 0
    outer loop
      vertex 4.291987084354822 -21.57727616887107 5.078125
      vertex 6.386262899598171 -21.052687386108595 5.1015625
      vertex 6.386262899598171 -21.052687386108595 5.2890625
    endloop
  endfacet
  facet normal 0.11203869846712716 -0.4874539482938626 0.8659307006559569
    outer loop
      vertex 4.291987084354822 -21.57727616887107 5.265625
      vertex 6.150581113818423 -20.275748660499122 5.7578125
      vertex 4.133593482887521 -20.780977760914467 5.734375
    endloop
  endfacet
  facet normal 0.11256419996368275 -0.48805131768291443 0.8655259743037798
    outer loop
      vertex 4.291987084354822 -21.57727616887107 5.265625
      vertex 6.386262899598171 -21.052687386108595 5.2890625
      vertex 6.150581113818423 -20.275748660499122 5.7578125
    endloop
  endfacet
  facet normal 0.14673047445536225 -0.9891765099647809 0
    outer loop
      vertex 2.076797087064361 -21.08607468545421 5.7109375
      vertex 4.133593482887521 -20.780977760914467 5.734375
      vertex 4.133593482887521 -20.780977760914467 6.109375
    endloop
  endfacet
  facet normal 0.24298017990326434 -0.9700312531945438 0
    outer loop
      vertex 4.133593482887521 -20.780977760914467 5.734375
      vertex 6.150581113818423 -20.275748660499122 5.7578125
      vertex 6.150581113818423 -20.275748660499122 6.1328125
    endloop
  endfacet
  facet normal 0.24298017990326434 -0.9700312531945438 0
    outer loop
      vertex 4.133593482887521 -20.780977760914467 5.734375
      vertex 6.150581113818423 -20.275748660499122 6.1328125
      vertex 4.133593482887521 -20.780977760914467 6.109375
    endloop
  endfacet
  facet normal 0.04906767432741779 -0.9987954562051724 0
    outer loop
      vertex 0 -22 6.53125
      vertex 2.156377087250333 -21.894063986788332 6.7421875
      vertex 0 -22 6.71875
    endloop
  endfacet
  facet normal 0.04906767432741779 -0.9987954562051724 0
    outer loop
      vertex 0 -22 6.53125
      vertex 2.156377087250333 -21.894063986788332 6.5546875
      vertex 2.156377087250333 -21.894063986788332 6.7421875
    endloop
  endfacet
  facet normal 0.03395659593252574 -0.49971165425490005 -0.8655259743037793
    outer loop
      vertex 0 -21.18810118395209 6.0625
      vertex 2.156377087250333 -21.894063986788332 6.5546875
      vertex 0 -22 6.53125
    endloop
  endfacet
  facet normal 0.0827733929812486 -0.4939770776259413 -0.8655259743037793
    outer loop
      vertex 2.076797087064361 -21.08607468545421 6.0859375
      vertex 4.291987084354822 -21.57727616887107 6.578125
      vertex 2.156377087250333 -21.894063986788332 6.5546875
    endloop
  endfacet
  facet normal 0.1467304744553622 -0.9891765099647809 0
    outer loop
      vertex 2.156377087250333 -21.894063986788332 6.5546875
      vertex 4.291987084354822 -21.57727616887107 6.765625
      vertex 2.156377087250333 -21.894063986788332 6.7421875
    endloop
  endfacet
  facet normal 0.014788358551411291 -0.49994532312327794 0.8659307006559568
    outer loop
      vertex 0 -22 6.71875
      vertex 2.076797087064361 -21.08607468545421 7.2109375
      vertex 0 -21.18810118395209 7.1875
    endloop
  endfacet
  facet normal 0.015187221697590297 -0.5006337344832065 0.8655259743037794
    outer loop
      vertex 0 -22 6.71875
      vertex 2.156377087250333 -21.894063986788332 6.7421875
      vertex 2.076797087064361 -21.08607468545421 7.2109375
    endloop
  endfacet
  facet normal 0.049067674327417994 -0.9987954562051724 0
    outer loop
      vertex 0 -21.18810118395209 7.1875
      vertex 2.076797087064361 -21.08607468545421 7.5859375
      vertex 0 -21.18810118395209 7.5625
    endloop
  endfacet
  facet normal 0.049067674327417994 -0.9987954562051724 0
    outer loop
      vertex 0 -21.18810118395209 7.1875
      vertex 2.076797087064361 -21.08607468545421 7.2109375
      vertex 2.076797087064361 -21.08607468545421 7.5859375
    endloop
  endfacet
  facet normal 0.06372035945659874 -0.4960884371281047 0.8659307006559569
    outer loop
      vertex 2.156377087250333 -21.894063986788332 6.7421875
      vertex 4.133593482887521 -20.780977760914467 7.234375
      vertex 2.076797087064361 -21.08607468545421 7.2109375
    endloop
  endfacet
  facet normal 0.14673047445536225 -0.9891765099647809 0
    outer loop
      vertex 2.076797087064361 -21.08607468545421 7.2109375
      vertex 4.133593482887521 -20.780977760914467 7.609375
      vertex 2.076797087064361 -21.08607468545421 7.5859375
    endloop
  endfacet
  facet normal 0.08303028969002836 -0.4932240795576322 -0.865930700655957
    outer loop
      vertex 2.076797087064361 -21.08607468545421 6.0859375
      vertex 4.133593482887521 -20.780977760914467 6.109375
      vertex 4.291987084354822 -21.57727616887107 6.578125
    endloop
  endfacet
  facet normal 0.1467304744553622 -0.9891765099647809 0
    outer loop
      vertex 2.156377087250333 -21.894063986788332 6.5546875
      vertex 4.291987084354822 -21.57727616887107 6.578125
      vertex 4.291987084354822 -21.57727616887107 6.765625
    endloop
  endfacet
  facet normal 0.1307930370070222 -0.48348523170410607 -0.8655259743037795
    outer loop
      vertex 4.133593482887521 -20.780977760914467 6.109375
      vertex 6.386262899598171 -21.052687386108595 6.6015625
      vertex 4.291987084354822 -21.57727616887107 6.578125
    endloop
  endfacet
  facet normal 0.13097488997060291 -0.4827106792465562 -0.8659307006559571
    outer loop
      vertex 4.133593482887521 -20.780977760914467 6.109375
      vertex 6.150581113818423 -20.275748660499122 6.1328125
      vertex 6.386262899598171 -21.052687386108595 6.6015625
    endloop
  endfacet
  facet normal 0.24298017990326395 -0.970031253194544 0
    outer loop
      vertex 4.291987084354822 -21.57727616887107 6.578125
      vertex 6.386262899598171 -21.052687386108595 6.7890625
      vertex 4.291987084354822 -21.57727616887107 6.765625
    endloop
  endfacet
  facet normal 0.24298017990326395 -0.970031253194544 0
    outer loop
      vertex 4.291987084354822 -21.57727616887107 6.578125
      vertex 6.386262899598171 -21.052687386108595 6.6015625
      vertex 6.386262899598171 -21.052687386108595 6.7890625
    endloop
  endfacet
  facet normal 0.06418477808057921 -0.4967344381742021 0.8655259743037794
    outer loop
      vertex 2.156377087250333 -21.894063986788332 6.7421875
      vertex 4.291987084354822 -21.57727616887107 6.765625
      vertex 4.133593482887521 -20.780977760914467 7.234375
    endloop
  endfacet
  facet normal 0.14673047445536225 -0.9891765099647809 0
    outer loop
      vertex 2.076797087064361 -21.08607468545421 7.2109375
      vertex 4.133593482887521 -20.780977760914467 7.234375
      vertex 4.133593482887521 -20.780977760914467 7.609375
    endloop
  endfacet
  facet normal 0.11203869846712716 -0.4874539482938626 0.8659307006559569
    outer loop
      vertex 4.291987084354822 -21.57727616887107 6.765625
      vertex 6.150581113818423 -20.275748660499122 7.2578125
      vertex 4.133593482887521 -20.780977760914467 7.234375
    endloop
  endfacet
  facet normal 0.11256419996368275 -0.48805131768291443 0.8655259743037798
    outer loop
      vertex 4.291987084354822 -21.57727616887107 6.765625
      vertex 6.386262899598171 -21.052687386108595 6.7890625
      vertex 6.150581113818423 -20.275748660499122 7.2578125
    endloop
  endfacet
  facet normal 0.24298017990326434 -0.9700312531945438 0
    outer loop
      vertex 4.133593482887521 -20.780977760914467 7.234375
      vertex 6.150581113818423 -20.275748660499122 7.6328125
      vertex 4.133593482887521 -20.780977760914467 7.609375
    endloop
  endfacet
  facet normal 0.24298017990326434 -0.9700312531945438 0
    outer loop
      vertex 4.133593482887521 -20.780977760914467 7.234375
      vertex 6.150581113818423 -20.275748660499122 7.2578125
      vertex 6.150581113818423 -20.275748660499122 7.6328125
    endloop
  endfacet
  facet normal 0.3368898533922201 -0.9415440651830208 0
    outer loop
      vertex 6.386262899598171 -21.052687386108595 5.1015625
      vertex 8.419035512031975 -20.325349715248308 5.3125
      vertex 6.386262899598171 -21.052687386108595 5.2890625
    endloop
  endfacet
  facet normal 0.3368898533922201 -0.9415440651830208 0
    outer loop
      vertex 6.386262899598171 -21.052687386108595 5.1015625
      vertex 8.419035512031975 -20.325349715248308 5.125
      vertex 8.419035512031975 -20.325349715248308 5.3125
    endloop
  endfacet
  facet normal 0.15927804356483394 -0.474125011468117 0.8659307006559571
    outer loop
      vertex 6.386262899598171 -21.052687386108595 5.2890625
      vertex 8.108335286373608 -19.575253016631496 5.78125
      vertex 6.150581113818423 -20.275748660499122 5.7578125
    endloop
  endfacet
  facet normal 0.15985956706728555 -0.4746679962063523 0.8655259743037794
    outer loop
      vertex 6.386262899598171 -21.052687386108595 5.2890625
      vertex 8.419035512031975 -20.325349715248308 5.3125
      vertex 8.108335286373608 -19.575253016631496 5.78125
    endloop
  endfacet
  facet normal 0.4275550934302811 -0.9039892931234438 0
    outer loop
      vertex 8.419035512031975 -20.325349715248308 5.125
      vertex 10.370728210171949 -19.402267815663812 5.3359375
      vertex 8.419035512031975 -20.325349715248308 5.3125
    endloop
  endfacet
  facet normal 0.3368898533922195 -0.9415440651830209 0
    outer loop
      vertex 6.150581113818423 -20.275748660499122 5.7578125
      vertex 8.108335286373608 -19.575253016631496 5.78125
      vertex 8.108335286373608 -19.575253016631496 6.15625
    endloop
  endfacet
  facet normal 0.3368898533922195 -0.9415440651830209 0
    outer loop
      vertex 6.150581113818423 -20.275748660499122 5.7578125
      vertex 8.108335286373608 -19.575253016631496 6.15625
      vertex 6.150581113818423 -20.275748660499122 6.1328125
    endloop
  endfacet
  facet normal 0.20498345403277632 -0.45622999159883865 0.8659307006559568
    outer loop
      vertex 8.419035512031975 -20.325349715248308 5.3125
      vertex 9.988001757654073 -18.686236985291906 5.8046875
      vertex 8.108335286373608 -19.575253016631496 5.78125
    endloop
  endfacet
  facet normal 0.4275550934302808 -0.9039892931234439 0
    outer loop
      vertex 8.108335286373608 -19.575253016631496 5.78125
      vertex 9.988001757654073 -18.686236985291906 5.8046875
      vertex 9.988001757654073 -18.686236985291906 6.1796875
    endloop
  endfacet
  facet normal 0.4275550934302808 -0.9039892931234439 0
    outer loop
      vertex 8.108335286373608 -19.575253016631496 5.78125
      vertex 9.988001757654073 -18.686236985291906 6.1796875
      vertex 8.108335286373608 -19.575253016631496 6.15625
    endloop
  endfacet
  facet normal 0.4275550934302811 -0.9039892931234438 0
    outer loop
      vertex 8.419035512031975 -20.325349715248308 5.125
      vertex 10.370728210171949 -19.402267815663812 5.1484375
      vertex 10.370728210171949 -19.402267815663812 5.3359375
    endloop
  endfacet
  facet normal 0.26550948718746115 -0.4246993054137779 -0.8655259743037793
    outer loop
      vertex 9.988001757654073 -18.686236985291906 4.6796875
      vertex 12.222545126431248 -18.292331470655995 5.171875
      vertex 10.370728210171949 -19.402267815663812 5.1484375
    endloop
  endfacet
  facet normal 0.20561539915190122 -0.4567133624464016 0.8655259743037791
    outer loop
      vertex 8.419035512031975 -20.325349715248308 5.3125
      vertex 10.370728210171949 -19.402267815663812 5.3359375
      vertex 9.988001757654073 -18.686236985291906 5.8046875
    endloop
  endfacet
  facet normal 0.5141027441932228 -0.8577286100002716 0
    outer loop
      vertex 10.370728210171949 -19.402267815663812 5.1484375
      vertex 12.222545126431248 -18.292331470655995 5.359375
      vertex 10.370728210171949 -19.402267815663812 5.3359375
    endloop
  endfacet
  facet normal 0.17755307258767122 -0.46833715870104753 -0.8655259743037798
    outer loop
      vertex 6.150581113818423 -20.275748660499122 6.1328125
      vertex 8.419035512031975 -20.325349715248308 6.625
      vertex 6.386262899598171 -21.052687386108595 6.6015625
    endloop
  endfacet
  facet normal 0.3368898533922201 -0.9415440651830208 0
    outer loop
      vertex 6.386262899598171 -21.052687386108595 6.6015625
      vertex 8.419035512031975 -20.325349715248308 6.625
      vertex 8.419035512031975 -20.325349715248308 6.8125
    endloop
  endfacet
  facet normal 0.3368898533922201 -0.9415440651830208 0
    outer loop
      vertex 6.386262899598171 -21.052687386108595 6.6015625
      vertex 8.419035512031975 -20.325349715248308 6.8125
      vertex 6.386262899598171 -21.052687386108595 6.7890625
    endloop
  endfacet
  facet normal 0.1776581304626024 -0.4675485112178378 -0.8659307006559568
    outer loop
      vertex 6.150581113818423 -20.275748660499122 6.1328125
      vertex 8.108335286373608 -19.575253016631496 6.15625
      vertex 8.419035512031975 -20.325349715248308 6.625
    endloop
  endfacet
  facet normal 0.22260317501891833 -0.4486787428405656 -0.8655259743037794
    outer loop
      vertex 8.108335286373608 -19.575253016631496 6.15625
      vertex 10.370728210171949 -19.402267815663812 6.6484375
      vertex 8.419035512031975 -20.325349715248308 6.625
    endloop
  endfacet
  facet normal 0.4275550934302811 -0.9039892931234438 0
    outer loop
      vertex 8.419035512031975 -20.325349715248308 6.625
      vertex 10.370728210171949 -19.402267815663812 6.8359375
      vertex 8.419035512031975 -20.325349715248308 6.8125
    endloop
  endfacet
  facet normal 0.15927804356483394 -0.474125011468117 0.8659307006559571
    outer loop
      vertex 6.386262899598171 -21.052687386108595 6.7890625
      vertex 8.108335286373608 -19.575253016631496 7.28125
      vertex 6.150581113818423 -20.275748660499122 7.2578125
    endloop
  endfacet
  facet normal 0.15985956706728555 -0.4746679962063523 0.8655259743037794
    outer loop
      vertex 6.386262899598171 -21.052687386108595 6.7890625
      vertex 8.419035512031975 -20.325349715248308 6.8125
      vertex 8.108335286373608 -19.575253016631496 7.28125
    endloop
  endfacet
  facet normal 0.3368898533922195 -0.9415440651830209 0
    outer loop
      vertex 6.150581113818423 -20.275748660499122 7.2578125
      vertex 8.108335286373608 -19.575253016631496 7.28125
      vertex 8.108335286373608 -19.575253016631496 7.65625
    endloop
  endfacet
  facet normal 0.20498345403277632 -0.45622999159883865 0.8659307006559568
    outer loop
      vertex 8.419035512031975 -20.325349715248308 6.8125
      vertex 9.988001757654073 -18.686236985291906 7.3046875
      vertex 8.108335286373608 -19.575253016631496 7.28125
    endloop
  endfacet
  facet normal 0.4275550934302808 -0.9039892931234439 0
    outer loop
      vertex 8.108335286373608 -19.575253016631496 7.28125
      vertex 9.988001757654073 -18.686236985291906 7.3046875
      vertex 9.988001757654073 -18.686236985291906 7.6796875
    endloop
  endfacet
  facet normal 0.2226304260404342 -0.44788359543807676 -0.8659307006559566
    outer loop
      vertex 8.108335286373608 -19.575253016631496 6.15625
      vertex 9.988001757654073 -18.686236985291906 6.1796875
      vertex 10.370728210171949 -19.402267815663812 6.6484375
    endloop
  endfacet
  facet normal 0.26550948718746115 -0.4246993054137779 -0.8655259743037793
    outer loop
      vertex 9.988001757654073 -18.686236985291906 6.1796875
      vertex 12.222545126431248 -18.292331470655995 6.671875
      vertex 10.370728210171949 -19.402267815663812 6.6484375
    endloop
  endfacet
  facet normal 0.4275550934302811 -0.9039892931234438 0
    outer loop
      vertex 8.419035512031975 -20.325349715248308 6.625
      vertex 10.370728210171949 -19.402267815663812 6.6484375
      vertex 10.370728210171949 -19.402267815663812 6.8359375
    endloop
  endfacet
  facet normal 0.5141027441932228 -0.8577286100002716 0
    outer loop
      vertex 10.370728210171949 -19.402267815663812 6.6484375
      vertex 12.222545126431248 -18.292331470655995 6.859375
      vertex 10.370728210171949 -19.402267815663812 6.8359375
    endloop
  endfacet
  facet normal 0.20561539915190122 -0.4567133624464016 0.8655259743037791
    outer loop
      vertex 8.419035512031975 -20.325349715248308 6.8125
      vertex 10.370728210171949 -19.402267815663812 6.8359375
      vertex 9.988001757654073 -18.686236985291906 7.3046875
    endloop
  endfacet
  facet normal 0.5141027441932228 -0.8577286100002716 0
    outer loop
      vertex 10.370728210171949 -19.402267815663812 5.1484375
      vertex 12.222545126431248 -18.292331470655995 5.171875
      vertex 12.222545126431248 -18.292331470655995 5.359375
    endloop
  endfacet
  facet normal 0.24939104254187489 -0.4343603293411711 0.8655259743037792
    outer loop
      vertex 10.370728210171949 -19.402267815663812 5.3359375
      vertex 12.222545126431248 -18.292331470655995 5.359375
      vertex 11.77147831201117 -17.617262276847743 5.828125
    endloop
  endfacet
  facet normal 0.24871476178303026 -0.4339412275097799 0.8659307006559567
    outer loop
      vertex 10.370728210171949 -19.402267815663812 5.3359375
      vertex 11.77147831201117 -17.617262276847743 5.828125
      vertex 9.988001757654073 -18.686236985291906 5.8046875
    endloop
  endfacet
  facet normal 0.5141027441932228 -0.8577286100002715 0
    outer loop
      vertex 9.988001757654073 -18.686236985291906 5.8046875
      vertex 11.77147831201117 -17.617262276847743 6.203125
      vertex 9.988001757654073 -18.686236985291906 6.1796875
    endloop
  endfacet
  facet normal 0.29005081041599273 -0.40747337218339785 0.8659307006559567
    outer loop
      vertex 12.222545126431248 -18.292331470655995 5.359375
      vertex 13.44158909527899 -16.37862370210235 5.8515625
      vertex 11.77147831201117 -17.617262276847743 5.828125
    endloop
  endfacet
  facet normal 0.5141027441932228 -0.8577286100002715 0
    outer loop
      vertex 9.988001757654073 -18.686236985291906 5.8046875
      vertex 11.77147831201117 -17.617262276847743 5.828125
      vertex 11.77147831201117 -17.617262276847743 6.203125
    endloop
  endfacet
  facet normal 0.595699304492433 -0.8032075314806452 0
    outer loop
      vertex 11.77147831201117 -17.617262276847743 5.828125
      vertex 13.44158909527899 -16.37862370210235 6.2265625
      vertex 11.77147831201117 -17.617262276847743 6.203125
    endloop
  endfacet
  facet normal 0.2654586689133275 -0.42390531579616736 -0.8659307006559567
    outer loop
      vertex 9.988001757654073 -18.686236985291906 6.1796875
      vertex 11.77147831201117 -17.617262276847743 6.203125
      vertex 12.222545126431248 -18.292331470655995 6.671875
    endloop
  endfacet
  facet normal 0.5141027441932228 -0.8577286100002716 0
    outer loop
      vertex 10.370728210171949 -19.402267815663812 6.6484375
      vertex 12.222545126431248 -18.292331470655995 6.671875
      vertex 12.222545126431248 -18.292331470655995 6.859375
    endloop
  endfacet
  facet normal 0.24871476178303026 -0.4339412275097799 0.8659307006559567
    outer loop
      vertex 10.370728210171949 -19.402267815663812 6.8359375
      vertex 11.77147831201117 -17.617262276847743 7.328125
      vertex 9.988001757654073 -18.686236985291906 7.3046875
    endloop
  endfacet
  facet normal 0.24939104254187489 -0.4343603293411711 0.8655259743037792
    outer loop
      vertex 10.370728210171949 -19.402267815663812 6.8359375
      vertex 12.222545126431248 -18.292331470655995 6.859375
      vertex 11.77147831201117 -17.617262276847743 7.328125
    endloop
  endfacet
  facet normal 0.29005081041599273 -0.40747337218339785 0.8659307006559567
    outer loop
      vertex 12.222545126431248 -18.292331470655995 6.859375
      vertex 13.44158909527899 -16.37862370210235 7.3515625
      vertex 11.77147831201117 -17.617262276847743 7.328125
    endloop
  endfacet
  facet normal 0.5141027441932228 -0.8577286100002715 0
    outer loop
      vertex 9.988001757654073 -18.686236985291906 7.3046875
      vertex 11.77147831201117 -17.617262276847743 7.328125
      vertex 11.77147831201117 -17.617262276847743 7.703125
    endloop
  endfacet
  facet normal 0.04906767432741779 -0.9987954562051724 0
    outer loop
      vertex 0 -22 8.03125
      vertex 2.156377087250333 -21.894063986788332 8.0546875
      vertex 2.156377087250333 -21.894063986788332 8.2421875
    endloop
  endfacet
  facet normal 0.04906767432741779 -0.9987954562051724 0
    outer loop
      vertex 0 -22 8.03125
      vertex 2.156377087250333 -21.894063986788332 8.2421875
      vertex 0 -22 8.21875
    endloop
  endfacet
  facet normal 0.034286062330765144 -0.4989874623588597 -0.8659307006559569
    outer loop
      vertex 0 -21.18810118395209 7.5625
      vertex 2.076797087064361 -21.08607468545421 7.5859375
      vertex 2.156377087250333 -21.894063986788332 8.0546875
    endloop
  endfacet
  facet normal 0.03395659593252574 -0.49971165425490005 -0.8655259743037793
    outer loop
      vertex 0 -21.18810118395209 7.5625
      vertex 2.156377087250333 -21.894063986788332 8.0546875
      vertex 0 -22 8.03125
    endloop
  endfacet
  facet normal 0.0827733929812486 -0.4939770776259413 -0.8655259743037793
    outer loop
      vertex 2.076797087064361 -21.08607468545421 7.5859375
      vertex 4.291987084354822 -21.57727616887107 8.078125
      vertex 2.156377087250333 -21.894063986788332 8.0546875
    endloop
  endfacet
  facet normal 0.015187221697590297 -0.5006337344832065 0.8655259743037794
    outer loop
      vertex 0 -22 8.21875
      vertex 2.156377087250333 -21.894063986788332 8.2421875
      vertex 2.076797087064361 -21.08607468545421 8.7109375
    endloop
  endfacet
  facet normal 0.014788358551411291 -0.49994532312327794 0.8659307006559568
    outer loop
      vertex 0 -22 8.21875
      vertex 2.076797087064361 -21.08607468545421 8.7109375
      vertex 0 -21.18810118395209 8.6875
    endloop
  endfacet
  facet normal 0.1467304744553622 -0.9891765099647809 0
    outer loop
      vertex 2.156377087250333 -21.894063986788332 8.0546875
      vertex 4.291987084354822 -21.57727616887107 8.265625
      vertex 2.156377087250333 -21.894063986788332 8.2421875
    endloop
  endfacet
  facet normal 0.06372035945659874 -0.4960884371281047 0.8659307006559569
    outer loop
      vertex 2.156377087250333 -21.894063986788332 8.2421875
      vertex 4.133593482887521 -20.780977760914467 8.734375
      vertex 2.076797087064361 -21.08607468545421 8.7109375
    endloop
  endfacet
  facet normal 0.08303028969002836 -0.4932240795576322 -0.865930700655957
    outer loop
      vertex 2.076797087064361 -21.08607468545421 7.5859375
      vertex 4.133593482887521 -20.780977760914467 7.609375
      vertex 4.291987084354822 -21.57727616887107 8.078125
    endloop
  endfacet
  facet normal 0.13097488997060291 -0.4827106792465562 -0.8659307006559571
    outer loop
      vertex 4.133593482887521 -20.780977760914467 7.609375
      vertex 6.150581113818423 -20.275748660499122 7.6328125
      vertex 6.386262899598171 -21.052687386108595 8.1015625
    endloop
  endfacet
  facet normal 0.1307930370070222 -0.48348523170410607 -0.8655259743037795
    outer loop
      vertex 4.133593482887521 -20.780977760914467 7.609375
      vertex 6.386262899598171 -21.052687386108595 8.1015625
      vertex 4.291987084354822 -21.57727616887107 8.078125
    endloop
  endfacet
  facet normal 0.1467304744553622 -0.9891765099647809 0
    outer loop
      vertex 2.156377087250333 -21.894063986788332 8.0546875
      vertex 4.291987084354822 -21.57727616887107 8.078125
      vertex 4.291987084354822 -21.57727616887107 8.265625
    endloop
  endfacet
  facet normal 0.06418477808057921 -0.4967344381742021 0.8655259743037794
    outer loop
      vertex 2.156377087250333 -21.894063986788332 8.2421875
      vertex 4.291987084354822 -21.57727616887107 8.265625
      vertex 4.133593482887521 -20.780977760914467 8.734375
    endloop
  endfacet
  facet normal 0.24298017990326395 -0.970031253194544 0
    outer loop
      vertex 4.291987084354822 -21.57727616887107 8.078125
      vertex 6.386262899598171 -21.052687386108595 8.2890625
      vertex 4.291987084354822 -21.57727616887107 8.265625
    endloop
  endfacet
  facet normal 0.24298017990326395 -0.970031253194544 0
    outer loop
      vertex 4.291987084354822 -21.57727616887107 8.078125
      vertex 6.386262899598171 -21.052687386108595 8.1015625
      vertex 6.386262899598171 -21.052687386108595 8.2890625
    endloop
  endfacet
  facet normal 0.11203869846712716 -0.4874539482938626 0.8659307006559569
    outer loop
      vertex 4.291987084354822 -21.57727616887107 8.265625
      vertex 6.150581113818423 -20.275748660499122 8.7578125
      vertex 4.133593482887521 -20.780977760914467 8.734375
    endloop
  endfacet
  facet normal 0.11256419996368275 -0.48805131768291443 0.8655259743037798
    outer loop
      vertex 4.291987084354822 -21.57727616887107 8.265625
      vertex 6.386262899598171 -21.052687386108595 8.2890625
      vertex 6.150581113818423 -20.275748660499122 8.7578125
    endloop
  endfacet
  facet normal 0.049067674327417994 -0.9987954562051724 0
    outer loop
      vertex 0 -21.18810118395209 8.6875
      vertex 2.076797087064361 -21.08607468545421 8.7109375
      vertex 2.076797087064361 -21.08607468545421 9.48671875
    endloop
  endfacet
  facet normal 0.049067674327417994 -0.9987954562051724 0
    outer loop
      vertex 0 -21.18810118395209 8.6875
      vertex 2.076797087064361 -21.08607468545421 9.48671875
      vertex 0 -21.18810118395209 9.46328125
    endloop
  endfacet
  facet normal 0.14673047445536222 -0.9891765099647808 0
    outer loop
      vertex 2.076797087064361 -21.08607468545421 8.7109375
      vertex 4.133593482887521 -20.780977760914467 9.51015625
      vertex 2.076797087064361 -21.08607468545421 9.48671875
    endloop
  endfacet
  facet normal 0.049067674327418 -0.9987954562051725 0
    outer loop
      vertex 0 -21.18810118395209 9.46328125
      vertex 2.076797087064361 -21.08607468545421 9.621484375
      vertex 0 -21.18810118395209 9.598046875
    endloop
  endfacet
  facet normal 0.049067674327418 -0.9987954562051724 0
    outer loop
      vertex 0 -21.18810118395209 9.598046875
      vertex 2.076797087064361 -21.08607468545421 9.675390625
      vertex 0 -21.18810118395209 9.651953125
    endloop
  endfacet
  facet normal 0.049067674327418 -0.9987954562051723 0
    outer loop
      vertex 0 -21.18810118395209 9.46328125
      vertex 2.076797087064361 -21.08607468545421 9.48671875
      vertex 2.076797087064361 -21.08607468545421 9.621484375
    endloop
  endfacet
  facet normal 0.049067674327418 -0.9987954562051724 0
    outer loop
      vertex 0 -21.18810118395209 9.598046875
      vertex 2.076797087064361 -21.08607468545421 9.621484375
      vertex 2.076797087064361 -21.08607468545421 9.675390625
    endloop
  endfacet
  facet normal 0.049067674327418 -0.9987954562051725 0
    outer loop
      vertex 0 -21.18810118395209 9.651953125
      vertex 2.076797087064361 -21.08607468545421 9.81015625
      vertex 0 -21.18810118395209 9.78671875
    endloop
  endfacet
  facet normal 0.04906767432741801 -0.9987954562051724 0
    outer loop
      vertex 0 -21.18810118395209 9.78671875
      vertex 2.076797087064361 -21.08607468545421 10
      vertex 0 -21.18810118395209 10
    endloop
  endfacet
  facet normal 0.049067674327418 -0.9987954562051723 0
    outer loop
      vertex 0 -21.18810118395209 9.651953125
      vertex 2.076797087064361 -21.08607468545421 9.675390625
      vertex 2.076797087064361 -21.08607468545421 9.81015625
    endloop
  endfacet
  facet normal 0.049067674327418 -0.9987954562051723 0
    outer loop
      vertex 0 -21.18810118395209 9.78671875
      vertex 2.076797087064361 -21.08607468545421 9.81015625
      vertex 2.076797087064361 -21.08607468545421 10
    endloop
  endfacet
  facet normal 0.14673047445536225 -0.989176509964781 0
    outer loop
      vertex 2.076797087064361 -21.08607468545421 9.48671875
      vertex 4.133593482887521 -20.780977760914467 9.644921875
      vertex 2.076797087064361 -21.08607468545421 9.621484375
    endloop
  endfacet
  facet normal 0.14673047445536222 -0.9891765099647809 0
    outer loop
      vertex 2.076797087064361 -21.08607468545421 9.621484375
      vertex 4.133593482887521 -20.780977760914467 9.698828125
      vertex 2.076797087064361 -21.08607468545421 9.675390625
    endloop
  endfacet
  facet normal 0.14673047445536225 -0.989176509964781 0
    outer loop
      vertex 2.076797087064361 -21.08607468545421 9.675390625
      vertex 4.133593482887521 -20.780977760914467 9.83359375
      vertex 2.076797087064361 -21.08607468545421 9.81015625
    endloop
  endfacet
  facet normal 0.14673047445536222 -0.9891765099647809 0
    outer loop
      vertex 2.076797087064361 -21.08607468545421 9.81015625
      vertex 4.133593482887521 -20.780977760914467 10
      vertex 2.076797087064361 -21.08607468545421 10
    endloop
  endfacet
  facet normal 0.14673047445536222 -0.9891765099647808 0
    outer loop
      vertex 2.076797087064361 -21.08607468545421 8.7109375
      vertex 4.133593482887521 -20.780977760914467 8.734375
      vertex 4.133593482887521 -20.780977760914467 9.51015625
    endloop
  endfacet
  facet normal 0.24298017990326434 -0.9700312531945439 0
    outer loop
      vertex 4.133593482887521 -20.780977760914467 8.734375
      vertex 6.150581113818423 -20.275748660499122 8.7578125
      vertex 6.150581113818423 -20.275748660499122 9.53359375
    endloop
  endfacet
  facet normal 0.24298017990326437 -0.9700312531945439 0
    outer loop
      vertex 4.133593482887521 -20.780977760914467 8.734375
      vertex 6.150581113818423 -20.275748660499122 9.53359375
      vertex 4.133593482887521 -20.780977760914467 9.51015625
    endloop
  endfacet
  facet normal 0.14673047445536225 -0.989176509964781 0
    outer loop
      vertex 2.076797087064361 -21.08607468545421 9.48671875
      vertex 4.133593482887521 -20.780977760914467 9.51015625
      vertex 4.133593482887521 -20.780977760914467 9.644921875
    endloop
  endfacet
  facet normal 0.14673047445536222 -0.9891765099647809 0
    outer loop
      vertex 2.076797087064361 -21.08607468545421 9.621484375
      vertex 4.133593482887521 -20.780977760914467 9.644921875
      vertex 4.133593482887521 -20.780977760914467 9.698828125
    endloop
  endfacet
  facet normal 0.14673047445536225 -0.989176509964781 0
    outer loop
      vertex 2.076797087064361 -21.08607468545421 9.675390625
      vertex 4.133593482887521 -20.780977760914467 9.698828125
      vertex 4.133593482887521 -20.780977760914467 9.83359375
    endloop
  endfacet
  facet normal 0.14673047445536222 -0.9891765099647809 0
    outer loop
      vertex 2.076797087064361 -21.08607468545421 9.81015625
      vertex 4.133593482887521 -20.780977760914467 9.83359375
      vertex 4.133593482887521 -20.780977760914467 10
    endloop
  endfacet
  facet normal 0.2429801799032644 -0.970031253194544 0
    outer loop
      vertex 4.133593482887521 -20.780977760914467 9.51015625
      vertex 6.150581113818423 -20.275748660499122 9.668359375
      vertex 4.133593482887521 -20.780977760914467 9.644921875
    endloop
  endfacet
  facet normal 0.2429801799032644 -0.970031253194544 0
    outer loop
      vertex 4.133593482887521 -20.780977760914467 9.51015625
      vertex 6.150581113818423 -20.275748660499122 9.53359375
      vertex 6.150581113818423 -20.275748660499122 9.668359375
    endloop
  endfacet
  facet normal 0.2429801799032644 -0.9700312531945439 0
    outer loop
      vertex 4.133593482887521 -20.780977760914467 9.644921875
      vertex 6.150581113818423 -20.275748660499122 9.668359375
      vertex 6.150581113818423 -20.275748660499122 9.722265625
    endloop
  endfacet
  facet normal 0.24298017990326437 -0.9700312531945439 0
    outer loop
      vertex 4.133593482887521 -20.780977760914467 9.644921875
      vertex 6.150581113818423 -20.275748660499122 9.722265625
      vertex 4.133593482887521 -20.780977760914467 9.698828125
    endloop
  endfacet
  facet normal 0.2429801799032644 -0.970031253194544 0
    outer loop
      vertex 4.133593482887521 -20.780977760914467 9.698828125
      vertex 6.150581113818423 -20.275748660499122 9.85703125
      vertex 4.133593482887521 -20.780977760914467 9.83359375
    endloop
  endfacet
  facet normal 0.2429801799032644 -0.970031253194544 0
    outer loop
      vertex 4.133593482887521 -20.780977760914467 9.83359375
      vertex 6.150581113818423 -20.275748660499122 10
      vertex 4.133593482887521 -20.780977760914467 10
    endloop
  endfacet
  facet normal 0.2429801799032644 -0.970031253194544 0
    outer loop
      vertex 4.133593482887521 -20.780977760914467 9.698828125
      vertex 6.150581113818423 -20.275748660499122 9.722265625
      vertex 6.150581113818423 -20.275748660499122 9.85703125
    endloop
  endfacet
  facet normal 0.24298017990326437 -0.9700312531945439 0
    outer loop
      vertex 4.133593482887521 -20.780977760914467 9.83359375
      vertex 6.150581113818423 -20.275748660499122 9.85703125
      vertex 6.150581113818423 -20.275748660499122 10
    endloop
  endfacet
  facet normal 0 0 1
    outer loop
      vertex 0 -21.18810118395209 10
      vertex 2.076797087064361 -21.08607468545421 10
      vertex 0.2450428508239015 -2.4879618166804924 10
    endloop
  endfacet
  facet normal 0 0 1
    outer loop
      vertex 2.076797087064361 -21.08607468545421 10
      vertex 4.133593482887521 -20.780977760914467 10
      vertex 0.2450428508239015 -2.4879618166804924 10
    endloop
  endfacet
  facet normal 0 0 1
    outer loop
      vertex 4.133593482887521 -20.780977760914467 10
      vertex 6.150581113818423 -20.275748660499122 10
      vertex 0.4877258050403206 -2.451963201008076 10
    endloop
  endfacet
  facet normal 0 0 1
    outer loop
      vertex 6.150581113818423 -20.275748660499122 10
      vertex 8.108335286373608 -19.575253016631496 10
      vertex 0.7257116931361558 -2.392350839330522 10
    endloop
  endfacet
  facet normal 0.17755307258767122 -0.46833715870104753 -0.8655259743037798
    outer loop
      vertex 6.150581113818423 -20.275748660499122 7.6328125
      vertex 8.419035512031975 -20.325349715248308 8.125
      vertex 6.386262899598171 -21.052687386108595 8.1015625
    endloop
  endfacet
  facet normal 0.3368898533922195 -0.9415440651830209 0
    outer loop
      vertex 6.150581113818423 -20.275748660499122 7.2578125
      vertex 8.108335286373608 -19.575253016631496 7.65625
      vertex 6.150581113818423 -20.275748660499122 7.6328125
    endloop
  endfacet
  facet normal 0.1776581304626024 -0.4675485112178378 -0.8659307006559568
    outer loop
      vertex 6.150581113818423 -20.275748660499122 7.6328125
      vertex 8.108335286373608 -19.575253016631496 7.65625
      vertex 8.419035512031975 -20.325349715248308 8.125
    endloop
  endfacet
  facet normal 0.4275550934302808 -0.9039892931234439 0
    outer loop
      vertex 8.108335286373608 -19.575253016631496 7.28125
      vertex 9.988001757654073 -18.686236985291906 7.6796875
      vertex 8.108335286373608 -19.575253016631496 7.65625
    endloop
  endfacet
  facet normal 0.22260317501891833 -0.4486787428405656 -0.8655259743037794
    outer loop
      vertex 8.108335286373608 -19.575253016631496 7.65625
      vertex 10.370728210171949 -19.402267815663812 8.1484375
      vertex 8.419035512031975 -20.325349715248308 8.125
    endloop
  endfacet
  facet normal 0.3368898533922201 -0.9415440651830208 0
    outer loop
      vertex 6.386262899598171 -21.052687386108595 8.1015625
      vertex 8.419035512031975 -20.325349715248308 8.3125
      vertex 6.386262899598171 -21.052687386108595 8.2890625
    endloop
  endfacet
  facet normal 0.3368898533922201 -0.9415440651830208 0
    outer loop
      vertex 6.386262899598171 -21.052687386108595 8.1015625
      vertex 8.419035512031975 -20.325349715248308 8.125
      vertex 8.419035512031975 -20.325349715248308 8.3125
    endloop
  endfacet
  facet normal 0.15927804356483394 -0.474125011468117 0.8659307006559571
    outer loop
      vertex 6.386262899598171 -21.052687386108595 8.2890625
      vertex 8.108335286373608 -19.575253016631496 8.78125
      vertex 6.150581113818423 -20.275748660499122 8.7578125
    endloop
  endfacet
  facet normal 0.15985956706728555 -0.4746679962063523 0.8655259743037794
    outer loop
      vertex 6.386262899598171 -21.052687386108595 8.2890625
      vertex 8.419035512031975 -20.325349715248308 8.3125
      vertex 8.108335286373608 -19.575253016631496 8.78125
    endloop
  endfacet
  facet normal 0.4275550934302811 -0.9039892931234438 0
    outer loop
      vertex 8.419035512031975 -20.325349715248308 8.125
      vertex 10.370728210171949 -19.402267815663812 8.3359375
      vertex 8.419035512031975 -20.325349715248308 8.3125
    endloop
  endfacet
  facet normal 0.20498345403277632 -0.45622999159883865 0.8659307006559568
    outer loop
      vertex 8.419035512031975 -20.325349715248308 8.3125
      vertex 9.988001757654073 -18.686236985291906 8.8046875
      vertex 8.108335286373608 -19.575253016631496 8.78125
    endloop
  endfacet
  facet normal 0.2226304260404342 -0.44788359543807676 -0.8659307006559566
    outer loop
      vertex 8.108335286373608 -19.575253016631496 7.65625
      vertex 9.988001757654073 -18.686236985291906 7.6796875
      vertex 10.370728210171949 -19.402267815663812 8.1484375
    endloop
  endfacet
  facet normal 0.26550948718746115 -0.4246993054137779 -0.8655259743037793
    outer loop
      vertex 9.988001757654073 -18.686236985291906 7.6796875
      vertex 12.222545126431248 -18.292331470655995 8.171875
      vertex 10.370728210171949 -19.402267815663812 8.1484375
    endloop
  endfacet
  facet normal 0.4275550934302811 -0.9039892931234438 0
    outer loop
      vertex 8.419035512031975 -20.325349715248308 8.125
      vertex 10.370728210171949 -19.402267815663812 8.1484375
      vertex 10.370728210171949 -19.402267815663812 8.3359375
    endloop
  endfacet
  facet normal 0.20561539915190122 -0.4567133624464016 0.8655259743037791
    outer loop
      vertex 8.419035512031975 -20.325349715248308 8.3125
      vertex 10.370728210171949 -19.402267815663812 8.3359375
      vertex 9.988001757654073 -18.686236985291906 8.8046875
    endloop
  endfacet
  facet normal 0.5141027441932228 -0.8577286100002716 0
    outer loop
      vertex 10.370728210171949 -19.402267815663812 8.1484375
      vertex 12.222545126431248 -18.292331470655995 8.359375
      vertex 10.370728210171949 -19.402267815663812 8.3359375
    endloop
  endfacet
  facet normal 0.3368898533922195 -0.941544065183021 0
    outer loop
      vertex 6.150581113818423 -20.275748660499122 8.7578125
      vertex 8.108335286373608 -19.575253016631496 8.78125
      vertex 8.108335286373608 -19.575253016631496 9.55703125
    endloop
  endfacet
  facet normal 0.33688985339221955 -0.941544065183021 0
    outer loop
      vertex 6.150581113818423 -20.275748660499122 8.7578125
      vertex 8.108335286373608 -19.575253016631496 9.55703125
      vertex 6.150581113818423 -20.275748660499122 9.53359375
    endloop
  endfacet
  facet normal 0.42755509343028075 -0.9039892931234439 0
    outer loop
      vertex 8.108335286373608 -19.575253016631496 8.78125
      vertex 9.988001757654073 -18.686236985291906 8.8046875
      vertex 9.988001757654073 -18.686236985291906 9.58046875
    endloop
  endfacet
  facet normal 0.4275550934302808 -0.9039892931234439 0
    outer loop
      vertex 8.108335286373608 -19.575253016631496 8.78125
      vertex 9.988001757654073 -18.686236985291906 9.58046875
      vertex 8.108335286373608 -19.575253016631496 9.55703125
    endloop
  endfacet
  facet normal 0.33688985339221955 -0.9415440651830209 0
    outer loop
      vertex 6.150581113818423 -20.275748660499122 9.53359375
      vertex 8.108335286373608 -19.575253016631496 9.691796875
      vertex 6.150581113818423 -20.275748660499122 9.668359375
    endloop
  endfacet
  facet normal 0.33688985339221944 -0.9415440651830209 0
    outer loop
      vertex 6.150581113818423 -20.275748660499122 9.53359375
      vertex 8.108335286373608 -19.575253016631496 9.55703125
      vertex 8.108335286373608 -19.575253016631496 9.691796875
    endloop
  endfacet
  facet normal 0.33688985339221955 -0.941544065183021 0
    outer loop
      vertex 6.150581113818423 -20.275748660499122 9.668359375
      vertex 8.108335286373608 -19.575253016631496 9.745703125
      vertex 6.150581113818423 -20.275748660499122 9.722265625
    endloop
  endfacet
  facet normal 0.33688985339221955 -0.9415440651830209 0
    outer loop
      vertex 6.150581113818423 -20.275748660499122 9.722265625
      vertex 8.108335286373608 -19.575253016631496 9.88046875
      vertex 6.150581113818423 -20.275748660499122 9.85703125
    endloop
  endfacet
  facet normal 0.3368898533922195 -0.9415440651830208 0
    outer loop
      vertex 6.150581113818423 -20.275748660499122 9.85703125
      vertex 8.108335286373608 -19.575253016631496 10
      vertex 6.150581113818423 -20.275748660499122 10
    endloop
  endfacet
  facet normal 0.33688985339221955 -0.941544065183021 0
    outer loop
      vertex 6.150581113818423 -20.275748660499122 9.668359375
      vertex 8.108335286373608 -19.575253016631496 9.691796875
      vertex 8.108335286373608 -19.575253016631496 9.745703125
    endloop
  endfacet
  facet normal 0.33688985339221944 -0.9415440651830209 0
    outer loop
      vertex 6.150581113818423 -20.275748660499122 9.722265625
      vertex 8.108335286373608 -19.575253016631496 9.745703125
      vertex 8.108335286373608 -19.575253016631496 9.88046875
    endloop
  endfacet
  facet normal 0.33688985339221955 -0.9415440651830209 0
    outer loop
      vertex 6.150581113818423 -20.275748660499122 9.85703125
      vertex 8.108335286373608 -19.575253016631496 9.88046875
      vertex 8.108335286373608 -19.575253016631496 10
    endloop
  endfacet
  facet normal 0.4275550934302808 -0.903989293123444 0
    outer loop
      vertex 8.108335286373608 -19.575253016631496 9.55703125
      vertex 9.988001757654073 -18.686236985291906 9.715234375
      vertex 8.108335286373608 -19.575253016631496 9.691796875
    endloop
  endfacet
  facet normal 0.4275550934302808 -0.903989293123444 0
    outer loop
      vertex 8.108335286373608 -19.575253016631496 9.55703125
      vertex 9.988001757654073 -18.686236985291906 9.58046875
      vertex 9.988001757654073 -18.686236985291906 9.715234375
    endloop
  endfacet
  facet normal 0.42755509343028086 -0.9039892931234439 0
    outer loop
      vertex 8.108335286373608 -19.575253016631496 9.691796875
      vertex 9.988001757654073 -18.686236985291906 9.769140625
      vertex 8.108335286373608 -19.575253016631496 9.745703125
    endloop
  endfacet
  facet normal 0.4275550934302808 -0.903989293123444 0
    outer loop
      vertex 8.108335286373608 -19.575253016631496 9.745703125
      vertex 9.988001757654073 -18.686236985291906 9.90390625
      vertex 8.108335286373608 -19.575253016631496 9.88046875
    endloop
  endfacet
  facet normal 0.42755509343028075 -0.9039892931234439 0
    outer loop
      vertex 8.108335286373608 -19.575253016631496 9.691796875
      vertex 9.988001757654073 -18.686236985291906 9.715234375
      vertex 9.988001757654073 -18.686236985291906 9.769140625
    endloop
  endfacet
  facet normal 0.4275550934302808 -0.903989293123444 0
    outer loop
      vertex 8.108335286373608 -19.575253016631496 9.745703125
      vertex 9.988001757654073 -18.686236985291906 9.769140625
      vertex 9.988001757654073 -18.686236985291906 9.90390625
    endloop
  endfacet
  facet normal 0.4275550934302808 -0.9039892931234439 0
    outer loop
      vertex 8.108335286373608 -19.575253016631496 9.88046875
      vertex 9.988001757654073 -18.686236985291906 10
      vertex 8.108335286373608 -19.575253016631496 10
    endloop
  endfacet
  facet normal 0.4275550934302808 -0.903989293123444 0
    outer loop
      vertex 8.108335286373608 -19.575253016631496 9.88046875
      vertex 9.988001757654073 -18.686236985291906 9.90390625
      vertex 9.988001757654073 -18.686236985291906 10
    endloop
  endfacet
  facet normal 0.5141027441932228 -0.8577286100002715 0
    outer loop
      vertex 9.988001757654073 -18.686236985291906 7.3046875
      vertex 11.77147831201117 -17.617262276847743 7.703125
      vertex 9.988001757654073 -18.686236985291906 7.6796875
    endloop
  endfacet
  facet normal 0.595699304492433 -0.8032075314806452 0
    outer loop
      vertex 11.77147831201117 -17.617262276847743 7.328125
      vertex 13.44158909527899 -16.37862370210235 7.7265625
      vertex 11.77147831201117 -17.617262276847743 7.703125
    endloop
  endfacet
  facet normal 0.2654586689133275 -0.42390531579616736 -0.8659307006559567
    outer loop
      vertex 9.988001757654073 -18.686236985291906 7.6796875
      vertex 11.77147831201117 -17.617262276847743 7.703125
      vertex 12.222545126431248 -18.292331470655995 8.171875
    endloop
  endfacet
  facet normal 0.24871476178303026 -0.4339412275097799 0.8659307006559567
    outer loop
      vertex 10.370728210171949 -19.402267815663812 8.3359375
      vertex 11.77147831201117 -17.617262276847743 8.828125
      vertex 9.988001757654073 -18.686236985291906 8.8046875
    endloop
  endfacet
  facet normal 0.5141027441932228 -0.8577286100002716 0
    outer loop
      vertex 10.370728210171949 -19.402267815663812 8.1484375
      vertex 12.222545126431248 -18.292331470655995 8.171875
      vertex 12.222545126431248 -18.292331470655995 8.359375
    endloop
  endfacet
  facet normal 0.24939104254187489 -0.4343603293411711 0.8655259743037792
    outer loop
      vertex 10.370728210171949 -19.402267815663812 8.3359375
      vertex 12.222545126431248 -18.292331470655995 8.359375
      vertex 11.77147831201117 -17.617262276847743 8.828125
    endloop
  endfacet
  facet normal 0.29005081041599273 -0.40747337218339785 0.8659307006559567
    outer loop
      vertex 12.222545126431248 -18.292331470655995 8.359375
      vertex 13.44158909527899 -16.37862370210235 8.8515625
      vertex 11.77147831201117 -17.617262276847743 8.828125
    endloop
  endfacet
  facet normal 0 0 1
    outer loop
      vertex 8.108335286373608 -19.575253016631496 10
      vertex 9.988001757654073 -18.686236985291906 10
      vertex 0.9567085809127245 -2.309698831278217 10
    endloop
  endfacet
  facet normal 0 0 1
    outer loop
      vertex 9.988001757654073 -18.686236985291906 10
      vertex 11.77147831201117 -17.617262276847743 10
      vertex 1.1784918420649941 -2.204803160870888 10
    endloop
  endfacet
  facet normal 0.5141027441932228 -0.8577286100002716 0
    outer loop
      vertex 9.988001757654073 -18.686236985291906 8.8046875
      vertex 11.77147831201117 -17.617262276847743 9.60390625
      vertex 9.988001757654073 -18.686236985291906 9.58046875
    endloop
  endfacet
  facet normal 0.5141027441932228 -0.8577286100002716 0
    outer loop
      vertex 9.988001757654073 -18.686236985291906 8.8046875
      vertex 11.77147831201117 -17.617262276847743 8.828125
      vertex 11.77147831201117 -17.617262276847743 9.60390625
    endloop
  endfacet
  facet normal 0.595699304492433 -0.803207531480645 0
    outer loop
      vertex 11.77147831201117 -17.617262276847743 8.828125
      vertex 13.44158909527899 -16.37862370210235 9.62734375
      vertex 11.77147831201117 -17.617262276847743 9.60390625
    endloop
  endfacet
  facet normal 0.5141027441932227 -0.8577286100002715 0
    outer loop
      vertex 9.988001757654073 -18.686236985291906 9.58046875
      vertex 11.77147831201117 -17.617262276847743 9.738671875
      vertex 9.988001757654073 -18.686236985291906 9.715234375
    endloop
  endfacet
  facet normal 0.5141027441932228 -0.8577286100002715 0
    outer loop
      vertex 9.988001757654073 -18.686236985291906 9.715234375
      vertex 11.77147831201117 -17.617262276847743 9.792578125
      vertex 9.988001757654073 -18.686236985291906 9.769140625
    endloop
  endfacet
  facet normal 0.5141027441932227 -0.8577286100002715 0
    outer loop
      vertex 9.988001757654073 -18.686236985291906 9.769140625
      vertex 11.77147831201117 -17.617262276847743 9.92734375
      vertex 9.988001757654073 -18.686236985291906 9.90390625
    endloop
  endfacet
  facet normal 0.5141027441932227 -0.8577286100002715 0
    outer loop
      vertex 9.988001757654073 -18.686236985291906 9.90390625
      vertex 11.77147831201117 -17.617262276847743 10
      vertex 9.988001757654073 -18.686236985291906 10
    endloop
  endfacet
  facet normal 0.5141027441932227 -0.8577286100002715 0
    outer loop
      vertex 9.988001757654073 -18.686236985291906 9.58046875
      vertex 11.77147831201117 -17.617262276847743 9.60390625
      vertex 11.77147831201117 -17.617262276847743 9.738671875
    endloop
  endfacet
  facet normal 0.5141027441932228 -0.8577286100002715 0
    outer loop
      vertex 9.988001757654073 -18.686236985291906 9.715234375
      vertex 11.77147831201117 -17.617262276847743 9.738671875
      vertex 11.77147831201117 -17.617262276847743 9.792578125
    endloop
  endfacet
  facet normal 0.5141027441932227 -0.8577286100002715 0
    outer loop
      vertex 9.988001757654073 -18.686236985291906 9.769140625
      vertex 11.77147831201117 -17.617262276847743 9.792578125
      vertex 11.77147831201117 -17.617262276847743 9.92734375
    endloop
  endfacet
  facet normal 0.5141027441932227 -0.8577286100002715 0
    outer loop
      vertex 9.988001757654073 -18.686236985291906 9.90390625
      vertex 11.77147831201117 -17.617262276847743 9.92734375
      vertex 11.77147831201117 -17.617262276847743 10
    endloop
  endfacet
  facet normal 0.5956993044924329 -0.803207531480645 0
    outer loop
      vertex 11.77147831201117 -17.617262276847743 9.60390625
      vertex 13.44158909527899 -16.37862370210235 9.762109375
      vertex 11.77147831201117 -17.617262276847743 9.738671875
    endloop
  endfacet
  facet normal 0.595699304492433 -0.8032075314806453 0
    outer loop
      vertex 11.77147831201117 -17.617262276847743 9.738671875
      vertex 13.44158909527899 -16.37862370210235 9.816015625
      vertex 11.77147831201117 -17.617262276847743 9.792578125
    endloop
  endfacet
  facet normal 0.5956993044924329 -0.803207531480645 0
    outer loop
      vertex 11.77147831201117 -17.617262276847743 9.792578125
      vertex 13.44158909527899 -16.37862370210235 9.95078125
      vertex 11.77147831201117 -17.617262276847743 9.92734375
    endloop
  endfacet
  facet normal 0.5956993044924329 -0.803207531480645 0
    outer loop
      vertex 11.77147831201117 -17.617262276847743 9.92734375
      vertex 13.44158909527899 -16.37862370210235 10
      vertex 11.77147831201117 -17.617262276847743 10
    endloop
  endfacet
  facet normal 0 0 1
    outer loop
      vertex 0 -21.18810118395209 10
      vertex 0.2450428508239015 -2.4879618166804924 10
      vertex 0 -2.5 10
    endloop
  endfacet
  facet normal 0 0 1
    outer loop
      vertex 4.133593482887521 -20.780977760914467 10
      vertex 0.4877258050403206 -2.451963201008076 10
      vertex 0.2450428508239015 -2.4879618166804924 10
    endloop
  endfacet
  facet normal 0 0 1
    outer loop
      vertex 6.150581113818423 -20.275748660499122 10
      vertex 0.7257116931361558 -2.392350839330522 10
      vertex 0.4877258050403206 -2.451963201008076 10
    endloop
  endfacet
  facet normal 0 0 1
    outer loop
      vertex 8.108335286373608 -19.575253016631496 10
      vertex 0.9567085809127245 -2.309698831278217 10
      vertex 0.7257116931361558 -2.392350839330522 10
    endloop
  endfacet
  facet normal 0 0 1
    outer loop
      vertex 9.988001757654073 -18.686236985291906 10
      vertex 1.1784918420649941 -2.204803160870888 10
      vertex 0.9567085809127245 -2.309698831278217 10
    endloop
  endfacet
  facet normal 0 0 1
    outer loop
      vertex 1.1784918420649941 -2.204803160870888 10
      vertex 11.77147831201117 -17.617262276847743 10
      vertex 1.3889255825490054 -2.078674030756363 10
    endloop
  endfacet
  facet normal 0 0 1
    outer loop
      vertex 1.3889255825490054 -2.078674030756363 10
      vertex 13.44158909527899 -16.37862370210235 10
      vertex 1.5859832104091136 -1.9325261334068424 10
    endloop
  endfacet
  facet normal 0 0 1
    outer loop
      vertex 1.5859832104091136 -1.9325261334068424 10
      vertex 13.44158909527899 -16.37862370210235 10
      vertex 1.7677669529663689 -1.7677669529663689 10
    endloop
  endfacet
  facet normal 0 0 1
    outer loop
      vertex 1.3889255825490054 -2.078674030756363 10
      vertex 11.77147831201117 -17.617262276847743 10
      vertex 13.44158909527899 -16.37862370210235 10
    endloop
  endfacet
  facet normal 0 0 1
    outer loop
      vertex 1.7677669529663689 -1.7677669529663689 10
      vertex 13.44158909527899 -16.37862370210235 10
      vertex 14.982250027639239 -14.982250027639239 10
    endloop
  endfacet
  facet normal 0 0 1
    outer loop
      vertex 1.7677669529663689 -1.7677669529663689 10
      vertex 14.982250027639239 -14.982250027639239 10
      vertex 16.37862370210235 -13.44158909527899 10
    endloop
  endfacet
  facet normal 0 0 1
    outer loop
      vertex 2.078674030756363 -1.3889255825490054 10
      vertex 16.37862370210235 -13.44158909527899 10
      vertex 17.617262276847743 -11.77147831201117 10
    endloop
  endfacet
  facet normal 0 0 1
    outer loop
      vertex 1.7677669529663689 -1.7677669529663689 10
      vertex 16.37862370210235 -13.44158909527899 10
      vertex 1.9325261334068424 -1.5859832104091138 10
    endloop
  endfacet
  facet normal 0 0 1
    outer loop
      vertex 1.9325261334068424 -1.5859832104091138 10
      vertex 16.37862370210235 -13.44158909527899 10
      vertex 2.078674030756363 -1.3889255825490054 10
    endloop
  endfacet
  facet normal 0 0 1
    outer loop
      vertex 2.078674030756363 -1.3889255825490054 10
      vertex 17.617262276847743 -11.77147831201117 10
      vertex 2.204803160870888 -1.1784918420649944 10
    endloop
  endfacet
  facet normal 0 0 1
    outer loop
      vertex 2.204803160870888 -1.1784918420649944 10
      vertex 18.686236985291906 -9.988001757654073 10
      vertex 2.309698831278217 -0.9567085809127245 10
    endloop
  endfacet
  facet normal 0 0 1
    outer loop
      vertex 2.309698831278217 -0.9567085809127245 10
      vertex 19.575253016631496 -8.108335286373608 10
      vertex 2.392350839330522 -0.7257116931361558 10
    endloop
  endfacet
  facet normal 0 0 1
    outer loop
      vertex 2.392350839330522 -0.7257116931361558 10
      vertex 20.275748660499122 -6.150581113818423 10
      vertex 2.451963201008076 -0.48772580504032065 10
    endloop
  endfacet
  facet normal 0 0 1
    outer loop
      vertex 2.451963201008076 -0.48772580504032065 10
      vertex 20.780977760914467 -4.133593482887521 10
      vertex 2.4879618166804924 -0.24504285082390154 10
    endloop
  endfacet
  facet normal 0 0 1
    outer loop
      vertex 2.4879618166804924 -0.24504285082390154 10
      vertex 21.18810118395209 0 10
      vertex 2.5 0 10
    endloop
  endfacet
  facet normal 0.305858797852137 -0.3966297815115999 -0.8655259743037793
    outer loop
      vertex 11.77147831201117 -17.617262276847743 4.703125
      vertex 13.9566522516002 -17.006229973980215 5.1953125
      vertex 12.222545126431248 -18.292331470655995 5.171875
    endloop
  endfacet
  facet normal 0.5956993044924327 -0.8032075314806455 0
    outer loop
      vertex 12.222545126431248 -18.292331470655995 5.171875
      vertex 13.9566522516002 -17.006229973980215 5.3828125
      vertex 12.222545126431248 -18.292331470655995 5.359375
    endloop
  endfacet
  facet normal 0.5956993044924326 -0.8032075314806455 0
    outer loop
      vertex 12.222545126431248 -18.292331470655995 5.171875
      vertex 13.9566522516002 -17.006229973980215 5.1953125
      vertex 13.9566522516002 -17.006229973980215 5.3828125
    endloop
  endfacet
  facet normal 0.29076491386115655 -0.40782416881887656 0.8655259743037795
    outer loop
      vertex 12.222545126431248 -18.292331470655995 5.359375
      vertex 13.9566522516002 -17.006229973980215 5.3828125
      vertex 13.44158909527899 -16.37862370210235 5.8515625
    endloop
  endfacet
  facet normal 0.3432625210940709 -0.3647404959935705 -0.8655259743037794
    outer loop
      vertex 13.9566522516002 -17.006229973980215 5.1953125
      vertex 13.44158909527899 -16.37862370210235 4.7265625
      vertex 15.556349186104047 -15.556349186104047 5.21875
    endloop
  endfacet
  facet normal 0.6715589548470181 -0.7409511253549593 0
    outer loop
      vertex 13.9566522516002 -17.006229973980215 5.1953125
      vertex 15.556349186104047 -15.556349186104047 5.21875
      vertex 15.556349186104047 -15.556349186104047 5.40625
    endloop
  endfacet
  facet normal 0.6715589548470181 -0.7409511253549593 0
    outer loop
      vertex 13.9566522516002 -17.006229973980215 5.1953125
      vertex 15.556349186104047 -15.556349186104047 5.40625
      vertex 13.9566522516002 -17.006229973980215 5.3828125
    endloop
  endfacet
  facet normal 0.32933856011168644 -0.3773604386114879 0.8655259743037795
    outer loop
      vertex 13.9566522516002 -17.006229973980215 5.3828125
      vertex 15.556349186104047 -15.556349186104047 5.40625
      vertex 14.982250027639239 -14.982250027639239 5.875
    endloop
  endfacet
  facet normal 0.595699304492433 -0.8032075314806452 0
    outer loop
      vertex 11.77147831201117 -17.617262276847743 5.828125
      vertex 13.44158909527899 -16.37862370210235 5.8515625
      vertex 13.44158909527899 -16.37862370210235 6.2265625
    endloop
  endfacet
  facet normal 0.6715589548470181 -0.7409511253549594 0
    outer loop
      vertex 13.44158909527899 -16.37862370210235 5.8515625
      vertex 14.982250027639239 -14.982250027639239 6.25
      vertex 13.44158909527899 -16.37862370210235 6.2265625
    endloop
  endfacet
  facet normal 0.328593511186748 -0.37708132553528567 0.8659307006559569
    outer loop
      vertex 13.9566522516002 -17.006229973980215 5.3828125
      vertex 14.982250027639239 -14.982250027639239 5.875
      vertex 13.44158909527899 -16.37862370210235 5.8515625
    endloop
  endfacet
  facet normal 0.6715589548470181 -0.7409511253549594 0
    outer loop
      vertex 13.44158909527899 -16.37862370210235 5.8515625
      vertex 14.982250027639239 -14.982250027639239 5.875
      vertex 14.982250027639239 -14.982250027639239 6.25
    endloop
  endfacet
  facet normal 0.7409511253549594 -0.6715589548470181 0
    outer loop
      vertex 14.982250027639239 -14.982250027639239 5.875
      vertex 16.37862370210235 -13.44158909527899 6.2734375
      vertex 14.982250027639239 -14.982250027639239 6.25
    endloop
  endfacet
  facet normal 0.3773604386114879 -0.32933856011168644 -0.8655259743037795
    outer loop
      vertex 14.982250027639239 -14.982250027639239 4.75
      vertex 17.006229973980215 -13.9566522516002 5.2421875
      vertex 15.556349186104047 -15.556349186104047 5.21875
    endloop
  endfacet
  facet normal 0.7409511253549593 -0.6715589548470181 0
    outer loop
      vertex 15.556349186104047 -15.556349186104047 5.21875
      vertex 17.006229973980215 -13.9566522516002 5.2421875
      vertex 17.006229973980215 -13.9566522516002 5.4296875
    endloop
  endfacet
  facet normal 0.7409511253549593 -0.6715589548470181 0
    outer loop
      vertex 15.556349186104047 -15.556349186104047 5.21875
      vertex 17.006229973980215 -13.9566522516002 5.4296875
      vertex 15.556349186104047 -15.556349186104047 5.40625
    endloop
  endfacet
  facet normal 0.3647404959935705 -0.3432625210940709 0.8655259743037794
    outer loop
      vertex 15.556349186104047 -15.556349186104047 5.40625
      vertex 17.006229973980215 -13.9566522516002 5.4296875
      vertex 16.37862370210235 -13.44158909527899 5.8984375
    endloop
  endfacet
  facet normal 0.4078241688188765 -0.29076491386115655 -0.8655259743037794
    outer loop
      vertex 16.37862370210235 -13.44158909527899 4.7734375
      vertex 18.292331470655995 -12.222545126431248 5.265625
      vertex 17.006229973980215 -13.9566522516002 5.2421875
    endloop
  endfacet
  facet normal 0.8032075314806455 -0.5956993044924327 0
    outer loop
      vertex 17.006229973980215 -13.9566522516002 5.2421875
      vertex 18.292331470655995 -12.222545126431248 5.453125
      vertex 17.006229973980215 -13.9566522516002 5.4296875
    endloop
  endfacet
  facet normal 0.8032075314806455 -0.5956993044924326 0
    outer loop
      vertex 17.006229973980215 -13.9566522516002 5.2421875
      vertex 18.292331470655995 -12.222545126431248 5.265625
      vertex 18.292331470655995 -12.222545126431248 5.453125
    endloop
  endfacet
  facet normal 0.3966297815115999 -0.305858797852137 0.8655259743037793
    outer loop
      vertex 17.006229973980215 -13.9566522516002 5.4296875
      vertex 18.292331470655995 -12.222545126431248 5.453125
      vertex 17.617262276847743 -11.77147831201117 5.921875
    endloop
  endfacet
  facet normal 0.36397167681729026 -0.3430577795886481 0.865930700655957
    outer loop
      vertex 15.556349186104047 -15.556349186104047 5.40625
      vertex 16.37862370210235 -13.44158909527899 5.8984375
      vertex 14.982250027639239 -14.982250027639239 5.875
    endloop
  endfacet
  facet normal 0.39584459623292434 -0.30573039969011373 0.8659307006559569
    outer loop
      vertex 17.006229973980215 -13.9566522516002 5.4296875
      vertex 17.617262276847743 -11.77147831201117 5.921875
      vertex 16.37862370210235 -13.44158909527899 5.8984375
    endloop
  endfacet
  facet normal 0.7409511253549594 -0.6715589548470181 0
    outer loop
      vertex 14.982250027639239 -14.982250027639239 5.875
      vertex 16.37862370210235 -13.44158909527899 5.8984375
      vertex 16.37862370210235 -13.44158909527899 6.2734375
    endloop
  endfacet
  facet normal 0.8032075314806452 -0.595699304492433 0
    outer loop
      vertex 16.37862370210235 -13.44158909527899 5.8984375
      vertex 17.617262276847743 -11.77147831201117 6.296875
      vertex 16.37862370210235 -13.44158909527899 6.2734375
    endloop
  endfacet
  facet normal 0.305858797852137 -0.3966297815115999 -0.8655259743037793
    outer loop
      vertex 11.77147831201117 -17.617262276847743 6.203125
      vertex 13.9566522516002 -17.006229973980215 6.6953125
      vertex 12.222545126431248 -18.292331470655995 6.671875
    endloop
  endfacet
  facet normal 0.5956993044924327 -0.8032075314806455 0
    outer loop
      vertex 12.222545126431248 -18.292331470655995 6.671875
      vertex 13.9566522516002 -17.006229973980215 6.8828125
      vertex 12.222545126431248 -18.292331470655995 6.859375
    endloop
  endfacet
  facet normal 0.5956993044924326 -0.8032075314806455 0
    outer loop
      vertex 12.222545126431248 -18.292331470655995 6.671875
      vertex 13.9566522516002 -17.006229973980215 6.6953125
      vertex 13.9566522516002 -17.006229973980215 6.8828125
    endloop
  endfacet
  facet normal 0.30573039969011373 -0.3958445962329243 -0.8659307006559569
    outer loop
      vertex 11.77147831201117 -17.617262276847743 6.203125
      vertex 13.44158909527899 -16.37862370210235 6.2265625
      vertex 13.9566522516002 -17.006229973980215 6.6953125
    endloop
  endfacet
  facet normal 0.34305777958864814 -0.3639716768172903 -0.8659307006559569
    outer loop
      vertex 13.44158909527899 -16.37862370210235 6.2265625
      vertex 14.982250027639239 -14.982250027639239 6.25
      vertex 15.556349186104047 -15.556349186104047 6.71875
    endloop
  endfacet
  facet normal 0.3432625210940709 -0.3647404959935705 -0.8655259743037794
    outer loop
      vertex 13.9566522516002 -17.006229973980215 6.6953125
      vertex 13.44158909527899 -16.37862370210235 6.2265625
      vertex 15.556349186104047 -15.556349186104047 6.71875
    endloop
  endfacet
  facet normal 0.6715589548470181 -0.7409511253549593 0
    outer loop
      vertex 13.9566522516002 -17.006229973980215 6.6953125
      vertex 15.556349186104047 -15.556349186104047 6.90625
      vertex 13.9566522516002 -17.006229973980215 6.8828125
    endloop
  endfacet
  facet normal 0.6715589548470181 -0.7409511253549593 0
    outer loop
      vertex 13.9566522516002 -17.006229973980215 6.6953125
      vertex 15.556349186104047 -15.556349186104047 6.71875
      vertex 15.556349186104047 -15.556349186104047 6.90625
    endloop
  endfacet
  facet normal 0.29076491386115655 -0.40782416881887656 0.8655259743037795
    outer loop
      vertex 12.222545126431248 -18.292331470655995 6.859375
      vertex 13.9566522516002 -17.006229973980215 6.8828125
      vertex 13.44158909527899 -16.37862370210235 7.3515625
    endloop
  endfacet
  facet normal 0.595699304492433 -0.8032075314806452 0
    outer loop
      vertex 11.77147831201117 -17.617262276847743 7.328125
      vertex 13.44158909527899 -16.37862370210235 7.3515625
      vertex 13.44158909527899 -16.37862370210235 7.7265625
    endloop
  endfacet
  facet normal 0.32933856011168644 -0.3773604386114879 0.8655259743037795
    outer loop
      vertex 13.9566522516002 -17.006229973980215 6.8828125
      vertex 15.556349186104047 -15.556349186104047 6.90625
      vertex 14.982250027639239 -14.982250027639239 7.375
    endloop
  endfacet
  facet normal 0.328593511186748 -0.37708132553528567 0.8659307006559569
    outer loop
      vertex 13.9566522516002 -17.006229973980215 6.8828125
      vertex 14.982250027639239 -14.982250027639239 7.375
      vertex 13.44158909527899 -16.37862370210235 7.3515625
    endloop
  endfacet
  facet normal 0.6715589548470181 -0.7409511253549594 0
    outer loop
      vertex 13.44158909527899 -16.37862370210235 7.3515625
      vertex 14.982250027639239 -14.982250027639239 7.375
      vertex 14.982250027639239 -14.982250027639239 7.75
    endloop
  endfacet
  facet normal 0.3770813255352856 -0.32859351118674807 -0.8659307006559569
    outer loop
      vertex 14.982250027639239 -14.982250027639239 6.25
      vertex 16.37862370210235 -13.44158909527899 6.2734375
      vertex 17.006229973980215 -13.9566522516002 6.7421875
    endloop
  endfacet
  facet normal 0.7409511253549593 -0.6715589548470181 0
    outer loop
      vertex 15.556349186104047 -15.556349186104047 6.71875
      vertex 17.006229973980215 -13.9566522516002 6.9296875
      vertex 15.556349186104047 -15.556349186104047 6.90625
    endloop
  endfacet
  facet normal 0.3773604386114879 -0.32933856011168644 -0.8655259743037795
    outer loop
      vertex 14.982250027639239 -14.982250027639239 6.25
      vertex 17.006229973980215 -13.9566522516002 6.7421875
      vertex 15.556349186104047 -15.556349186104047 6.71875
    endloop
  endfacet
  facet normal 0.7409511253549593 -0.6715589548470181 0
    outer loop
      vertex 15.556349186104047 -15.556349186104047 6.71875
      vertex 17.006229973980215 -13.9566522516002 6.7421875
      vertex 17.006229973980215 -13.9566522516002 6.9296875
    endloop
  endfacet
  facet normal 0.4078241688188765 -0.29076491386115655 -0.8655259743037794
    outer loop
      vertex 16.37862370210235 -13.44158909527899 6.2734375
      vertex 18.292331470655995 -12.222545126431248 6.765625
      vertex 17.006229973980215 -13.9566522516002 6.7421875
    endloop
  endfacet
  facet normal 0.8032075314806455 -0.5956993044924326 0
    outer loop
      vertex 17.006229973980215 -13.9566522516002 6.7421875
      vertex 18.292331470655995 -12.222545126431248 6.765625
      vertex 18.292331470655995 -12.222545126431248 6.953125
    endloop
  endfacet
  facet normal 0.3647404959935705 -0.3432625210940709 0.8655259743037794
    outer loop
      vertex 15.556349186104047 -15.556349186104047 6.90625
      vertex 17.006229973980215 -13.9566522516002 6.9296875
      vertex 16.37862370210235 -13.44158909527899 7.3984375
    endloop
  endfacet
  facet normal 0.36397167681729026 -0.3430577795886481 0.865930700655957
    outer loop
      vertex 15.556349186104047 -15.556349186104047 6.90625
      vertex 16.37862370210235 -13.44158909527899 7.3984375
      vertex 14.982250027639239 -14.982250027639239 7.375
    endloop
  endfacet
  facet normal 0.39584459623292434 -0.30573039969011373 0.8659307006559569
    outer loop
      vertex 17.006229973980215 -13.9566522516002 6.9296875
      vertex 17.617262276847743 -11.77147831201117 7.421875
      vertex 16.37862370210235 -13.44158909527899 7.3984375
    endloop
  endfacet
  facet normal 0.8032075314806455 -0.5956993044924327 0
    outer loop
      vertex 17.006229973980215 -13.9566522516002 6.7421875
      vertex 18.292331470655995 -12.222545126431248 6.953125
      vertex 17.006229973980215 -13.9566522516002 6.9296875
    endloop
  endfacet
  facet normal 0.3966297815115999 -0.305858797852137 0.8655259743037793
    outer loop
      vertex 17.006229973980215 -13.9566522516002 6.9296875
      vertex 18.292331470655995 -12.222545126431248 6.953125
      vertex 17.617262276847743 -11.77147831201117 7.421875
    endloop
  endfacet
  facet normal 0.305858797852137 -0.3966297815115999 -0.8655259743037793
    outer loop
      vertex 11.77147831201117 -17.617262276847743 7.703125
      vertex 13.9566522516002 -17.006229973980215 8.1953125
      vertex 12.222545126431248 -18.292331470655995 8.171875
    endloop
  endfacet
  facet normal 0.6715589548470181 -0.7409511253549594 0
    outer loop
      vertex 13.44158909527899 -16.37862370210235 7.3515625
      vertex 14.982250027639239 -14.982250027639239 7.75
      vertex 13.44158909527899 -16.37862370210235 7.7265625
    endloop
  endfacet
  facet normal 0.30573039969011373 -0.3958445962329243 -0.8659307006559569
    outer loop
      vertex 11.77147831201117 -17.617262276847743 7.703125
      vertex 13.44158909527899 -16.37862370210235 7.7265625
      vertex 13.9566522516002 -17.006229973980215 8.1953125
    endloop
  endfacet
  facet normal 0.34305777958864814 -0.3639716768172903 -0.8659307006559569
    outer loop
      vertex 13.44158909527899 -16.37862370210235 7.7265625
      vertex 14.982250027639239 -14.982250027639239 7.75
      vertex 15.556349186104047 -15.556349186104047 8.21875
    endloop
  endfacet
  facet normal 0.3432625210940709 -0.3647404959935705 -0.8655259743037794
    outer loop
      vertex 13.9566522516002 -17.006229973980215 8.1953125
      vertex 13.44158909527899 -16.37862370210235 7.7265625
      vertex 15.556349186104047 -15.556349186104047 8.21875
    endloop
  endfacet
  facet normal 0.5956993044924327 -0.8032075314806455 0
    outer loop
      vertex 12.222545126431248 -18.292331470655995 8.171875
      vertex 13.9566522516002 -17.006229973980215 8.3828125
      vertex 12.222545126431248 -18.292331470655995 8.359375
    endloop
  endfacet
  facet normal 0.5956993044924326 -0.8032075314806455 0
    outer loop
      vertex 12.222545126431248 -18.292331470655995 8.171875
      vertex 13.9566522516002 -17.006229973980215 8.1953125
      vertex 13.9566522516002 -17.006229973980215 8.3828125
    endloop
  endfacet
  facet normal 0.29076491386115655 -0.40782416881887656 0.8655259743037795
    outer loop
      vertex 12.222545126431248 -18.292331470655995 8.359375
      vertex 13.9566522516002 -17.006229973980215 8.3828125
      vertex 13.44158909527899 -16.37862370210235 8.8515625
    endloop
  endfacet
  facet normal 0.6715589548470181 -0.7409511253549593 0
    outer loop
      vertex 13.9566522516002 -17.006229973980215 8.1953125
      vertex 15.556349186104047 -15.556349186104047 8.40625
      vertex 13.9566522516002 -17.006229973980215 8.3828125
    endloop
  endfacet
  facet normal 0.6715589548470181 -0.7409511253549593 0
    outer loop
      vertex 13.9566522516002 -17.006229973980215 8.1953125
      vertex 15.556349186104047 -15.556349186104047 8.21875
      vertex 15.556349186104047 -15.556349186104047 8.40625
    endloop
  endfacet
  facet normal 0.32933856011168644 -0.3773604386114879 0.8655259743037795
    outer loop
      vertex 13.9566522516002 -17.006229973980215 8.3828125
      vertex 15.556349186104047 -15.556349186104047 8.40625
      vertex 14.982250027639239 -14.982250027639239 8.875
    endloop
  endfacet
  facet normal 0.328593511186748 -0.37708132553528567 0.8659307006559569
    outer loop
      vertex 13.9566522516002 -17.006229973980215 8.3828125
      vertex 14.982250027639239 -14.982250027639239 8.875
      vertex 13.44158909527899 -16.37862370210235 8.8515625
    endloop
  endfacet
  facet normal 0.7409511253549594 -0.6715589548470181 0
    outer loop
      vertex 14.982250027639239 -14.982250027639239 7.375
      vertex 16.37862370210235 -13.44158909527899 7.7734375
      vertex 14.982250027639239 -14.982250027639239 7.75
    endloop
  endfacet
  facet normal 0.3770813255352856 -0.32859351118674807 -0.8659307006559569
    outer loop
      vertex 14.982250027639239 -14.982250027639239 7.75
      vertex 16.37862370210235 -13.44158909527899 7.7734375
      vertex 17.006229973980215 -13.9566522516002 8.2421875
    endloop
  endfacet
  facet normal 0.3773604386114879 -0.32933856011168644 -0.8655259743037795
    outer loop
      vertex 14.982250027639239 -14.982250027639239 7.75
      vertex 17.006229973980215 -13.9566522516002 8.2421875
      vertex 15.556349186104047 -15.556349186104047 8.21875
    endloop
  endfacet
  facet normal 0.7409511253549594 -0.6715589548470181 0
    outer loop
      vertex 14.982250027639239 -14.982250027639239 7.375
      vertex 16.37862370210235 -13.44158909527899 7.3984375
      vertex 16.37862370210235 -13.44158909527899 7.7734375
    endloop
  endfacet
  facet normal 0.8032075314806452 -0.595699304492433 0
    outer loop
      vertex 16.37862370210235 -13.44158909527899 7.3984375
      vertex 17.617262276847743 -11.77147831201117 7.796875
      vertex 16.37862370210235 -13.44158909527899 7.7734375
    endloop
  endfacet
  facet normal 0.4078241688188765 -0.29076491386115655 -0.8655259743037794
    outer loop
      vertex 16.37862370210235 -13.44158909527899 7.7734375
      vertex 18.292331470655995 -12.222545126431248 8.265625
      vertex 17.006229973980215 -13.9566522516002 8.2421875
    endloop
  endfacet
  facet normal 0.7409511253549593 -0.6715589548470181 0
    outer loop
      vertex 15.556349186104047 -15.556349186104047 8.21875
      vertex 17.006229973980215 -13.9566522516002 8.4296875
      vertex 15.556349186104047 -15.556349186104047 8.40625
    endloop
  endfacet
  facet normal 0.7409511253549593 -0.6715589548470181 0
    outer loop
      vertex 15.556349186104047 -15.556349186104047 8.21875
      vertex 17.006229973980215 -13.9566522516002 8.2421875
      vertex 17.006229973980215 -13.9566522516002 8.4296875
    endloop
  endfacet
  facet normal 0.3647404959935705 -0.3432625210940709 0.8655259743037794
    outer loop
      vertex 15.556349186104047 -15.556349186104047 8.40625
      vertex 17.006229973980215 -13.9566522516002 8.4296875
      vertex 16.37862370210235 -13.44158909527899 8.8984375
    endloop
  endfacet
  facet normal 0.36397167681729026 -0.3430577795886481 0.865930700655957
    outer loop
      vertex 15.556349186104047 -15.556349186104047 8.40625
      vertex 16.37862370210235 -13.44158909527899 8.8984375
      vertex 14.982250027639239 -14.982250027639239 8.875
    endloop
  endfacet
  facet normal 0.8032075314806455 -0.5956993044924327 0
    outer loop
      vertex 17.006229973980215 -13.9566522516002 8.2421875
      vertex 18.292331470655995 -12.222545126431248 8.453125
      vertex 17.006229973980215 -13.9566522516002 8.4296875
    endloop
  endfacet
  facet normal 0.8032075314806455 -0.5956993044924326 0
    outer loop
      vertex 17.006229973980215 -13.9566522516002 8.2421875
      vertex 18.292331470655995 -12.222545126431248 8.265625
      vertex 18.292331470655995 -12.222545126431248 8.453125
    endloop
  endfacet
  facet normal 0.3966297815115999 -0.305858797852137 0.8655259743037793
    outer loop
      vertex 17.006229973980215 -13.9566522516002 8.4296875
      vertex 18.292331470655995 -12.222545126431248 8.453125
      vertex 17.617262276847743 -11.77147831201117 8.921875
    endloop
  endfacet
  facet normal 0.595699304492433 -0.803207531480645 0
    outer loop
      vertex 11.77147831201117 -17.617262276847743 8.828125
      vertex 13.44158909527899 -16.37862370210235 8.8515625
      vertex 13.44158909527899 -16.37862370210235 9.62734375
    endloop
  endfacet
  facet normal 0.5956993044924329 -0.8032075314806452 0
    outer loop
      vertex 11.77147831201117 -17.617262276847743 9.60390625
      vertex 13.44158909527899 -16.37862370210235 9.62734375
      vertex 13.44158909527899 -16.37862370210235 9.762109375
    endloop
  endfacet
  facet normal 0.6715589548470181 -0.7409511253549593 0
    outer loop
      vertex 13.44158909527899 -16.37862370210235 8.8515625
      vertex 14.982250027639239 -14.982250027639239 9.65078125
      vertex 13.44158909527899 -16.37862370210235 9.62734375
    endloop
  endfacet
  facet normal 0.595699304492433 -0.8032075314806453 0
    outer loop
      vertex 11.77147831201117 -17.617262276847743 9.738671875
      vertex 13.44158909527899 -16.37862370210235 9.762109375
      vertex 13.44158909527899 -16.37862370210235 9.816015625
    endloop
  endfacet
  facet normal 0.5956993044924329 -0.8032075314806452 0
    outer loop
      vertex 11.77147831201117 -17.617262276847743 9.792578125
      vertex 13.44158909527899 -16.37862370210235 9.816015625
      vertex 13.44158909527899 -16.37862370210235 9.95078125
    endloop
  endfacet
  facet normal 0.595699304492433 -0.8032075314806452 0
    outer loop
      vertex 11.77147831201117 -17.617262276847743 9.92734375
      vertex 13.44158909527899 -16.37862370210235 9.95078125
      vertex 13.44158909527899 -16.37862370210235 10
    endloop
  endfacet
  facet normal 0.6715589548470182 -0.7409511253549594 0
    outer loop
      vertex 13.44158909527899 -16.37862370210235 9.62734375
      vertex 14.982250027639239 -14.982250027639239 9.785546875
      vertex 13.44158909527899 -16.37862370210235 9.762109375
    endloop
  endfacet
  facet normal 0.6715589548470181 -0.7409511253549593 0
    outer loop
      vertex 13.44158909527899 -16.37862370210235 9.762109375
      vertex 14.982250027639239 -14.982250027639239 9.839453125
      vertex 13.44158909527899 -16.37862370210235 9.816015625
    endloop
  endfacet
  facet normal 0.6715589548470182 -0.7409511253549594 0
    outer loop
      vertex 13.44158909527899 -16.37862370210235 9.816015625
      vertex 14.982250027639239 -14.982250027639239 9.97421875
      vertex 13.44158909527899 -16.37862370210235 9.95078125
    endloop
  endfacet
  facet normal 0.6715589548470181 -0.7409511253549594 0
    outer loop
      vertex 13.44158909527899 -16.37862370210235 9.95078125
      vertex 14.982250027639239 -14.982250027639239 10
      vertex 13.44158909527899 -16.37862370210235 10
    endloop
  endfacet
  facet normal 0.671558954847018 -0.7409511253549593 0
    outer loop
      vertex 13.44158909527899 -16.37862370210235 8.8515625
      vertex 14.982250027639239 -14.982250027639239 8.875
      vertex 14.982250027639239 -14.982250027639239 9.65078125
    endloop
  endfacet
  facet normal 0.7409511253549593 -0.6715589548470181 0
    outer loop
      vertex 14.982250027639239 -14.982250027639239 8.875
      vertex 16.37862370210235 -13.44158909527899 9.67421875
      vertex 14.982250027639239 -14.982250027639239 9.65078125
    endloop
  endfacet
  facet normal 0.6715589548470182 -0.7409511253549594 0
    outer loop
      vertex 13.44158909527899 -16.37862370210235 9.62734375
      vertex 14.982250027639239 -14.982250027639239 9.65078125
      vertex 14.982250027639239 -14.982250027639239 9.785546875
    endloop
  endfacet
  facet normal 0.6715589548470181 -0.7409511253549593 0
    outer loop
      vertex 13.44158909527899 -16.37862370210235 9.762109375
      vertex 14.982250027639239 -14.982250027639239 9.785546875
      vertex 14.982250027639239 -14.982250027639239 9.839453125
    endloop
  endfacet
  facet normal 0.6715589548470182 -0.7409511253549594 0
    outer loop
      vertex 13.44158909527899 -16.37862370210235 9.816015625
      vertex 14.982250027639239 -14.982250027639239 9.839453125
      vertex 14.982250027639239 -14.982250027639239 9.97421875
    endloop
  endfacet
  facet normal 0.671558954847018 -0.7409511253549594 0
    outer loop
      vertex 13.44158909527899 -16.37862370210235 9.95078125
      vertex 14.982250027639239 -14.982250027639239 9.97421875
      vertex 14.982250027639239 -14.982250027639239 10
    endloop
  endfacet
  facet normal 0.7409511253549594 -0.6715589548470182 0
    outer loop
      vertex 14.982250027639239 -14.982250027639239 9.65078125
      vertex 16.37862370210235 -13.44158909527899 9.808984375
      vertex 14.982250027639239 -14.982250027639239 9.785546875
    endloop
  endfacet
  facet normal 0.7409511253549593 -0.6715589548470181 0
    outer loop
      vertex 14.982250027639239 -14.982250027639239 9.785546875
      vertex 16.37862370210235 -13.44158909527899 9.862890625
      vertex 14.982250027639239 -14.982250027639239 9.839453125
    endloop
  endfacet
  facet normal 0.7409511253549594 -0.6715589548470182 0
    outer loop
      vertex 14.982250027639239 -14.982250027639239 9.839453125
      vertex 16.37862370210235 -13.44158909527899 9.99765625
      vertex 14.982250027639239 -14.982250027639239 9.97421875
    endloop
  endfacet
  facet normal 0.7409511253549593 -0.6715589548470181 0
    outer loop
      vertex 14.982250027639239 -14.982250027639239 9.97421875
      vertex 16.37862370210235 -13.44158909527899 10
      vertex 14.982250027639239 -14.982250027639239 10
    endloop
  endfacet
  facet normal 0.39584459623292434 -0.30573039969011373 0.8659307006559569
    outer loop
      vertex 17.006229973980215 -13.9566522516002 8.4296875
      vertex 17.617262276847743 -11.77147831201117 8.921875
      vertex 16.37862370210235 -13.44158909527899 8.8984375
    endloop
  endfacet
  facet normal 0.7409511253549593 -0.671558954847018 0
    outer loop
      vertex 14.982250027639239 -14.982250027639239 8.875
      vertex 16.37862370210235 -13.44158909527899 8.8984375
      vertex 16.37862370210235 -13.44158909527899 9.67421875
    endloop
  endfacet
  facet normal 0.803207531480645 -0.595699304492433 0
    outer loop
      vertex 16.37862370210235 -13.44158909527899 8.8984375
      vertex 17.617262276847743 -11.77147831201117 9.69765625
      vertex 16.37862370210235 -13.44158909527899 9.67421875
    endloop
  endfacet
  facet normal 0.7409511253549594 -0.6715589548470182 0
    outer loop
      vertex 14.982250027639239 -14.982250027639239 9.65078125
      vertex 16.37862370210235 -13.44158909527899 9.67421875
      vertex 16.37862370210235 -13.44158909527899 9.808984375
    endloop
  endfacet
  facet normal 0.7409511253549593 -0.6715589548470181 0
    outer loop
      vertex 14.982250027639239 -14.982250027639239 9.785546875
      vertex 16.37862370210235 -13.44158909527899 9.808984375
      vertex 16.37862370210235 -13.44158909527899 9.862890625
    endloop
  endfacet
  facet normal 0.7409511253549594 -0.6715589548470182 0
    outer loop
      vertex 14.982250027639239 -14.982250027639239 9.839453125
      vertex 16.37862370210235 -13.44158909527899 9.862890625
      vertex 16.37862370210235 -13.44158909527899 9.99765625
    endloop
  endfacet
  facet normal 0.740951125354959 -0.6715589548470183 0
    outer loop
      vertex 14.982250027639239 -14.982250027639239 9.97421875
      vertex 16.37862370210235 -13.44158909527899 9.99765625
      vertex 16.37862370210235 -13.44158909527899 10
    endloop
  endfacet
  facet normal 0.803207531480645 -0.5956993044924329 0
    outer loop
      vertex 16.37862370210235 -13.44158909527899 9.67421875
      vertex 17.617262276847743 -11.77147831201117 9.832421875
      vertex 16.37862370210235 -13.44158909527899 9.808984375
    endloop
  endfacet
  facet normal 0.8032075314806453 -0.595699304492433 0
    outer loop
      vertex 16.37862370210235 -13.44158909527899 9.808984375
      vertex 17.617262276847743 -11.77147831201117 9.886328125
      vertex 16.37862370210235 -13.44158909527899 9.862890625
    endloop
  endfacet
  facet normal 0.803207531480645 -0.5956993044924329 0
    outer loop
      vertex 16.37862370210235 -13.44158909527899 9.862890625
      vertex 17.617262276847743 -11.77147831201117 10
      vertex 16.37862370210235 -13.44158909527899 9.99765625
    endloop
  endfacet
  facet normal 0.8032075314806453 -0.595699304492433 0
    outer loop
      vertex 16.37862370210235 -13.44158909527899 9.99765625
      vertex 17.617262276847743 -11.77147831201117 10
      vertex 16.37862370210235 -13.44158909527899 10
    endloop
  endfacet
  facet normal 0.434360329341171 -0.24939104254187483 -0.8655259743037791
    outer loop
      vertex 17.617262276847743 -11.77147831201117 4.796875
      vertex 19.402267815663812 -10.370728210171949 5.2890625
      vertex 18.292331470655995 -12.222545126431248 5.265625
    endloop
  endfacet
  facet normal 0.8577286100002716 -0.5141027441932228 0
    outer loop
      vertex 18.292331470655995 -12.222545126431248 5.265625
      vertex 19.402267815663812 -10.370728210171949 5.4765625
      vertex 18.292331470655995 -12.222545126431248 5.453125
    endloop
  endfacet
  facet normal 0.42390531579616736 -0.2654586689133274 0.8659307006559567
    outer loop
      vertex 18.292331470655995 -12.222545126431248 5.453125
      vertex 18.686236985291906 -9.988001757654073 5.9453125
      vertex 17.617262276847743 -11.77147831201117 5.921875
    endloop
  endfacet
  facet normal 0.8032075314806452 -0.595699304492433 0
    outer loop
      vertex 16.37862370210235 -13.44158909527899 5.8984375
      vertex 17.617262276847743 -11.77147831201117 5.921875
      vertex 17.617262276847743 -11.77147831201117 6.296875
    endloop
  endfacet
  facet normal 0.8577286100002715 -0.5141027441932228 0
    outer loop
      vertex 17.617262276847743 -11.77147831201117 5.921875
      vertex 18.686236985291906 -9.988001757654073 6.3203125
      vertex 17.617262276847743 -11.77147831201117 6.296875
    endloop
  endfacet
  facet normal 0.8577286100002715 -0.5141027441932228 0
    outer loop
      vertex 17.617262276847743 -11.77147831201117 5.921875
      vertex 18.686236985291906 -9.988001757654073 5.9453125
      vertex 18.686236985291906 -9.988001757654073 6.3203125
    endloop
  endfacet
  facet normal 0.40747337218339785 -0.2900508104159928 -0.8659307006559566
    outer loop
      vertex 16.37862370210235 -13.44158909527899 6.2734375
      vertex 17.617262276847743 -11.77147831201117 6.296875
      vertex 18.292331470655995 -12.222545126431248 6.765625
    endloop
  endfacet
  facet normal 0.434360329341171 -0.24939104254187483 -0.8655259743037791
    outer loop
      vertex 17.617262276847743 -11.77147831201117 6.296875
      vertex 19.402267815663812 -10.370728210171949 6.7890625
      vertex 18.292331470655995 -12.222545126431248 6.765625
    endloop
  endfacet
  facet normal 0.4339412275097799 -0.24871476178303026 -0.8659307006559567
    outer loop
      vertex 17.617262276847743 -11.77147831201117 6.296875
      vertex 18.686236985291906 -9.988001757654073 6.3203125
      vertex 19.402267815663812 -10.370728210171949 6.7890625
    endloop
  endfacet
  facet normal 0.8577286100002716 -0.5141027441932228 0
    outer loop
      vertex 18.292331470655995 -12.222545126431248 6.765625
      vertex 19.402267815663812 -10.370728210171949 6.9765625
      vertex 18.292331470655995 -12.222545126431248 6.953125
    endloop
  endfacet
  facet normal 0.42390531579616736 -0.2654586689133274 0.8659307006559567
    outer loop
      vertex 18.292331470655995 -12.222545126431248 6.953125
      vertex 18.686236985291906 -9.988001757654073 7.4453125
      vertex 17.617262276847743 -11.77147831201117 7.421875
    endloop
  endfacet
  facet normal 0.8577286100002716 -0.5141027441932228 0
    outer loop
      vertex 18.292331470655995 -12.222545126431248 5.265625
      vertex 19.402267815663812 -10.370728210171949 5.2890625
      vertex 19.402267815663812 -10.370728210171949 5.4765625
    endloop
  endfacet
  facet normal 0.4567133624464016 -0.20561539915190122 -0.8655259743037791
    outer loop
      vertex 18.686236985291906 -9.988001757654073 4.8203125
      vertex 20.325349715248308 -8.419035512031975 5.3125
      vertex 19.402267815663812 -10.370728210171949 5.2890625
    endloop
  endfacet
  facet normal 0.9039892931234438 -0.4275550934302811 0
    outer loop
      vertex 19.402267815663812 -10.370728210171949 5.2890625
      vertex 20.325349715248308 -8.419035512031975 5.5
      vertex 19.402267815663812 -10.370728210171949 5.4765625
    endloop
  endfacet
  facet normal 0.4246993054137779 -0.26550948718746115 0.8655259743037791
    outer loop
      vertex 18.292331470655995 -12.222545126431248 5.453125
      vertex 19.402267815663812 -10.370728210171949 5.4765625
      vertex 18.686236985291906 -9.988001757654073 5.9453125
    endloop
  endfacet
  facet normal 0.44788359543807665 -0.22263042604043418 0.8659307006559567
    outer loop
      vertex 19.402267815663812 -10.370728210171949 5.4765625
      vertex 19.575253016631496 -8.108335286373608 5.96875
      vertex 18.686236985291906 -9.988001757654073 5.9453125
    endloop
  endfacet
  facet normal 0.9039892931234438 -0.4275550934302811 0
    outer loop
      vertex 19.402267815663812 -10.370728210171949 5.2890625
      vertex 20.325349715248308 -8.419035512031975 5.3125
      vertex 20.325349715248308 -8.419035512031975 5.5
    endloop
  endfacet
  facet normal 0.4746679962063523 -0.15985956706728555 -0.8655259743037794
    outer loop
      vertex 20.325349715248308 -8.419035512031975 5.3125
      vertex 19.575253016631496 -8.108335286373608 4.84375
      vertex 21.052687386108595 -6.386262899598171 5.3359375
    endloop
  endfacet
  facet normal 0.4741250114681169 -0.1592780435648339 -0.8659307006559571
    outer loop
      vertex 19.575253016631496 -8.108335286373608 4.84375
      vertex 20.275748660499122 -6.150581113818423 4.8671875
      vertex 21.052687386108595 -6.386262899598171 5.3359375
    endloop
  endfacet
  facet normal 0.9415440651830208 -0.3368898533922201 0
    outer loop
      vertex 20.325349715248308 -8.419035512031975 5.3125
      vertex 21.052687386108595 -6.386262899598171 5.5234375
      vertex 20.325349715248308 -8.419035512031975 5.5
    endloop
  endfacet
  facet normal 0.9415440651830208 -0.3368898533922201 0
    outer loop
      vertex 20.325349715248308 -8.419035512031975 5.3125
      vertex 21.052687386108595 -6.386262899598171 5.3359375
      vertex 21.052687386108595 -6.386262899598171 5.5234375
    endloop
  endfacet
  facet normal 0.44867874284056564 -0.22260317501891833 0.8655259743037794
    outer loop
      vertex 19.402267815663812 -10.370728210171949 5.4765625
      vertex 20.325349715248308 -8.419035512031975 5.5
      vertex 19.575253016631496 -8.108335286373608 5.96875
    endloop
  endfacet
  facet normal 0.9039892931234439 -0.4275550934302808 0
    outer loop
      vertex 18.686236985291906 -9.988001757654073 5.9453125
      vertex 19.575253016631496 -8.108335286373608 5.96875
      vertex 19.575253016631496 -8.108335286373608 6.34375
    endloop
  endfacet
  facet normal 0.9039892931234439 -0.4275550934302808 0
    outer loop
      vertex 18.686236985291906 -9.988001757654073 5.9453125
      vertex 19.575253016631496 -8.108335286373608 6.34375
      vertex 18.686236985291906 -9.988001757654073 6.3203125
    endloop
  endfacet
  facet normal 0.4675485112178379 -0.17765813046260243 0.8659307006559568
    outer loop
      vertex 20.325349715248308 -8.419035512031975 5.5
      vertex 20.275748660499122 -6.150581113818423 5.9921875
      vertex 19.575253016631496 -8.108335286373608 5.96875
    endloop
  endfacet
  facet normal 0.9415440651830209 -0.3368898533922195 0
    outer loop
      vertex 19.575253016631496 -8.108335286373608 5.96875
      vertex 20.275748660499122 -6.150581113818423 6.3671875
      vertex 19.575253016631496 -8.108335286373608 6.34375
    endloop
  endfacet
  facet normal 0.9415440651830209 -0.3368898533922195 0
    outer loop
      vertex 19.575253016631496 -8.108335286373608 5.96875
      vertex 20.275748660499122 -6.150581113818423 5.9921875
      vertex 20.275748660499122 -6.150581113818423 6.3671875
    endloop
  endfacet
  facet normal 0.4683371587010475 -0.17755307258767122 0.8655259743037796
    outer loop
      vertex 20.325349715248308 -8.419035512031975 5.5
      vertex 21.052687386108595 -6.386262899598171 5.5234375
      vertex 20.275748660499122 -6.150581113818423 5.9921875
    endloop
  endfacet
  facet normal 0.8577286100002716 -0.5141027441932228 0
    outer loop
      vertex 18.292331470655995 -12.222545126431248 6.765625
      vertex 19.402267815663812 -10.370728210171949 6.7890625
      vertex 19.402267815663812 -10.370728210171949 6.9765625
    endloop
  endfacet
  facet normal 0.4567133624464016 -0.20561539915190122 -0.8655259743037791
    outer loop
      vertex 18.686236985291906 -9.988001757654073 6.3203125
      vertex 20.325349715248308 -8.419035512031975 6.8125
      vertex 19.402267815663812 -10.370728210171949 6.7890625
    endloop
  endfacet
  facet normal 0.4246993054137779 -0.26550948718746115 0.8655259743037791
    outer loop
      vertex 18.292331470655995 -12.222545126431248 6.953125
      vertex 19.402267815663812 -10.370728210171949 6.9765625
      vertex 18.686236985291906 -9.988001757654073 7.4453125
    endloop
  endfacet
  facet normal 0.9039892931234438 -0.4275550934302811 0
    outer loop
      vertex 19.402267815663812 -10.370728210171949 6.7890625
      vertex 20.325349715248308 -8.419035512031975 7
      vertex 19.402267815663812 -10.370728210171949 6.9765625
    endloop
  endfacet
  facet normal 0.44788359543807665 -0.22263042604043418 0.8659307006559567
    outer loop
      vertex 19.402267815663812 -10.370728210171949 6.9765625
      vertex 19.575253016631496 -8.108335286373608 7.46875
      vertex 18.686236985291906 -9.988001757654073 7.4453125
    endloop
  endfacet
  facet normal 0.45622999159883865 -0.2049834540327763 -0.8659307006559568
    outer loop
      vertex 18.686236985291906 -9.988001757654073 6.3203125
      vertex 19.575253016631496 -8.108335286373608 6.34375
      vertex 20.325349715248308 -8.419035512031975 6.8125
    endloop
  endfacet
  facet normal 0.9039892931234438 -0.4275550934302811 0
    outer loop
      vertex 19.402267815663812 -10.370728210171949 6.7890625
      vertex 20.325349715248308 -8.419035512031975 6.8125
      vertex 20.325349715248308 -8.419035512031975 7
    endloop
  endfacet
  facet normal 0.4741250114681169 -0.1592780435648339 -0.8659307006559571
    outer loop
      vertex 19.575253016631496 -8.108335286373608 6.34375
      vertex 20.275748660499122 -6.150581113818423 6.3671875
      vertex 21.052687386108595 -6.386262899598171 6.8359375
    endloop
  endfacet
  facet normal 0.4746679962063523 -0.15985956706728555 -0.8655259743037794
    outer loop
      vertex 20.325349715248308 -8.419035512031975 6.8125
      vertex 19.575253016631496 -8.108335286373608 6.34375
      vertex 21.052687386108595 -6.386262899598171 6.8359375
    endloop
  endfacet
  facet normal 0.44867874284056564 -0.22260317501891833 0.8655259743037794
    outer loop
      vertex 19.402267815663812 -10.370728210171949 6.9765625
      vertex 20.325349715248308 -8.419035512031975 7
      vertex 19.575253016631496 -8.108335286373608 7.46875
    endloop
  endfacet
  facet normal 0.4675485112178379 -0.17765813046260243 0.8659307006559568
    outer loop
      vertex 20.325349715248308 -8.419035512031975 7
      vertex 20.275748660499122 -6.150581113818423 7.4921875
      vertex 19.575253016631496 -8.108335286373608 7.46875
    endloop
  endfacet
  facet normal 0.9415440651830208 -0.3368898533922201 0
    outer loop
      vertex 20.325349715248308 -8.419035512031975 6.8125
      vertex 21.052687386108595 -6.386262899598171 7.0234375
      vertex 20.325349715248308 -8.419035512031975 7
    endloop
  endfacet
  facet normal 0.9415440651830208 -0.3368898533922201 0
    outer loop
      vertex 20.325349715248308 -8.419035512031975 6.8125
      vertex 21.052687386108595 -6.386262899598171 6.8359375
      vertex 21.052687386108595 -6.386262899598171 7.0234375
    endloop
  endfacet
  facet normal 0.4683371587010475 -0.17755307258767122 0.8655259743037796
    outer loop
      vertex 20.325349715248308 -8.419035512031975 7
      vertex 21.052687386108595 -6.386262899598171 7.0234375
      vertex 20.275748660499122 -6.150581113818423 7.4921875
    endloop
  endfacet
  facet normal 0.48805131768291443 -0.11256419996368275 -0.8655259743037798
    outer loop
      vertex 20.275748660499122 -6.150581113818423 4.8671875
      vertex 21.57727616887107 -4.291987084354822 5.359375
      vertex 21.052687386108595 -6.386262899598171 5.3359375
    endloop
  endfacet
  facet normal 0.4874539482938626 -0.11203869846712718 -0.8659307006559569
    outer loop
      vertex 20.275748660499122 -6.150581113818423 4.8671875
      vertex 20.780977760914467 -4.133593482887521 4.890625
      vertex 21.57727616887107 -4.291987084354822 5.359375
    endloop
  endfacet
  facet normal 0.970031253194544 -0.24298017990326395 0
    outer loop
      vertex 21.052687386108595 -6.386262899598171 5.3359375
      vertex 21.57727616887107 -4.291987084354822 5.546875
      vertex 21.052687386108595 -6.386262899598171 5.5234375
    endloop
  endfacet
  facet normal 0.970031253194544 -0.24298017990326395 0
    outer loop
      vertex 21.052687386108595 -6.386262899598171 5.3359375
      vertex 21.57727616887107 -4.291987084354822 5.359375
      vertex 21.57727616887107 -4.291987084354822 5.546875
    endloop
  endfacet
  facet normal 0.4967344381742021 -0.0641847780805792 -0.8655259743037794
    outer loop
      vertex 20.780977760914467 -4.133593482887521 4.890625
      vertex 21.894063986788332 -2.156377087250333 5.3828125
      vertex 21.57727616887107 -4.291987084354822 5.359375
    endloop
  endfacet
  facet normal 0.9891765099647809 -0.1467304744553622 0
    outer loop
      vertex 21.57727616887107 -4.291987084354822 5.359375
      vertex 21.894063986788332 -2.156377087250333 5.5703125
      vertex 21.57727616887107 -4.291987084354822 5.546875
    endloop
  endfacet
  facet normal 0.48271067924655614 -0.13097488997060291 0.8659307006559571
    outer loop
      vertex 21.052687386108595 -6.386262899598171 5.5234375
      vertex 20.780977760914467 -4.133593482887521 6.015625
      vertex 20.275748660499122 -6.150581113818423 5.9921875
    endloop
  endfacet
  facet normal 0.4834852317041061 -0.13079303700702216 0.8655259743037795
    outer loop
      vertex 21.052687386108595 -6.386262899598171 5.5234375
      vertex 21.57727616887107 -4.291987084354822 5.546875
      vertex 20.780977760914467 -4.133593482887521 6.015625
    endloop
  endfacet
  facet normal 0.9700312531945438 -0.24298017990326434 0
    outer loop
      vertex 20.275748660499122 -6.150581113818423 5.9921875
      vertex 20.780977760914467 -4.133593482887521 6.015625
      vertex 20.780977760914467 -4.133593482887521 6.390625
    endloop
  endfacet
  facet normal 0.4932240795576322 -0.08303028969002836 0.8659307006559569
    outer loop
      vertex 21.57727616887107 -4.291987084354822 5.546875
      vertex 21.08607468545421 -2.076797087064361 6.0390625
      vertex 20.780977760914467 -4.133593482887521 6.015625
    endloop
  endfacet
  facet normal 0.4960884371281046 -0.06372035945659874 -0.865930700655957
    outer loop
      vertex 20.780977760914467 -4.133593482887521 4.890625
      vertex 21.08607468545421 -2.076797087064361 4.9140625
      vertex 21.894063986788332 -2.156377087250333 5.3828125
    endloop
  endfacet
  facet normal 0.9891765099647809 -0.1467304744553622 0
    outer loop
      vertex 21.57727616887107 -4.291987084354822 5.359375
      vertex 21.894063986788332 -2.156377087250333 5.3828125
      vertex 21.894063986788332 -2.156377087250333 5.5703125
    endloop
  endfacet
  facet normal 0.5006337344832065 -0.015187221697590283 -0.8655259743037793
    outer loop
      vertex 21.08607468545421 -2.076797087064361 4.9140625
      vertex 22 0 5.40625
      vertex 21.894063986788332 -2.156377087250333 5.3828125
    endloop
  endfacet
  facet normal 0.4999453231232779 -0.014788358551411276 -0.8659307006559568
    outer loop
      vertex 21.08607468545421 -2.076797087064361 4.9140625
      vertex 21.18810118395209 0 4.9375
      vertex 22 0 5.40625
    endloop
  endfacet
  facet normal 0.49397707762594134 -0.0827733929812486 0.8655259743037795
    outer loop
      vertex 21.57727616887107 -4.291987084354822 5.546875
      vertex 21.894063986788332 -2.156377087250333 5.5703125
      vertex 21.08607468545421 -2.076797087064361 6.0390625
    endloop
  endfacet
  facet normal 0.9891765099647809 -0.14673047445536225 0
    outer loop
      vertex 20.780977760914467 -4.133593482887521 6.015625
      vertex 21.08607468545421 -2.076797087064361 6.0390625
      vertex 21.08607468545421 -2.076797087064361 6.4140625
    endloop
  endfacet
  facet normal 0.49898746235885977 -0.03428606233076516 0.8659307006559569
    outer loop
      vertex 21.894063986788332 -2.156377087250333 5.5703125
      vertex 21.18810118395209 0 6.0625
      vertex 21.08607468545421 -2.076797087064361 6.0390625
    endloop
  endfacet
  facet normal 0.49971165425490016 -0.03395659593252576 0.8655259743037794
    outer loop
      vertex 21.894063986788332 -2.156377087250333 5.5703125
      vertex 22 0 5.59375
      vertex 21.18810118395209 0 6.0625
    endloop
  endfacet
  facet normal 0.9987954562051724 -0.049067674327417994 0
    outer loop
      vertex 21.08607468545421 -2.076797087064361 6.0390625
      vertex 21.18810118395209 0 6.0625
      vertex 21.18810118395209 0 6.4375
    endloop
  endfacet
  facet normal 0.9987954562051724 -0.04906767432741779 0
    outer loop
      vertex 21.894063986788332 -2.156377087250333 5.3828125
      vertex 22 0 5.59375
      vertex 21.894063986788332 -2.156377087250333 5.5703125
    endloop
  endfacet
  facet normal 0.9987954562051724 -0.04906767432741779 0
    outer loop
      vertex 21.894063986788332 -2.156377087250333 5.3828125
      vertex 22 0 5.40625
      vertex 22 0 5.59375
    endloop
  endfacet
  facet normal 0.9700312531945438 -0.24298017990326434 0
    outer loop
      vertex 20.275748660499122 -6.150581113818423 5.9921875
      vertex 20.780977760914467 -4.133593482887521 6.390625
      vertex 20.275748660499122 -6.150581113818423 6.3671875
    endloop
  endfacet
  facet normal 0.4874539482938626 -0.11203869846712718 -0.8659307006559569
    outer loop
      vertex 20.275748660499122 -6.150581113818423 6.3671875
      vertex 20.780977760914467 -4.133593482887521 6.390625
      vertex 21.57727616887107 -4.291987084354822 6.859375
    endloop
  endfacet
  facet normal 0.48805131768291443 -0.11256419996368275 -0.8655259743037798
    outer loop
      vertex 20.275748660499122 -6.150581113818423 6.3671875
      vertex 21.57727616887107 -4.291987084354822 6.859375
      vertex 21.052687386108595 -6.386262899598171 6.8359375
    endloop
  endfacet
  facet normal 0.9891765099647809 -0.14673047445536225 0
    outer loop
      vertex 20.780977760914467 -4.133593482887521 6.015625
      vertex 21.08607468545421 -2.076797087064361 6.4140625
      vertex 20.780977760914467 -4.133593482887521 6.390625
    endloop
  endfacet
  facet normal 0.4967344381742021 -0.0641847780805792 -0.8655259743037794
    outer loop
      vertex 20.780977760914467 -4.133593482887521 6.390625
      vertex 21.894063986788332 -2.156377087250333 6.8828125
      vertex 21.57727616887107 -4.291987084354822 6.859375
    endloop
  endfacet
  facet normal 0.970031253194544 -0.24298017990326395 0
    outer loop
      vertex 21.052687386108595 -6.386262899598171 6.8359375
      vertex 21.57727616887107 -4.291987084354822 7.046875
      vertex 21.052687386108595 -6.386262899598171 7.0234375
    endloop
  endfacet
  facet normal 0.970031253194544 -0.24298017990326395 0
    outer loop
      vertex 21.052687386108595 -6.386262899598171 6.8359375
      vertex 21.57727616887107 -4.291987084354822 6.859375
      vertex 21.57727616887107 -4.291987084354822 7.046875
    endloop
  endfacet
  facet normal 0.48271067924655614 -0.13097488997060291 0.8659307006559571
    outer loop
      vertex 21.052687386108595 -6.386262899598171 7.0234375
      vertex 20.780977760914467 -4.133593482887521 7.515625
      vertex 20.275748660499122 -6.150581113818423 7.4921875
    endloop
  endfacet
  facet normal 0.4834852317041061 -0.13079303700702216 0.8655259743037795
    outer loop
      vertex 21.052687386108595 -6.386262899598171 7.0234375
      vertex 21.57727616887107 -4.291987084354822 7.046875
      vertex 20.780977760914467 -4.133593482887521 7.515625
    endloop
  endfacet
  facet normal 0.9891765099647809 -0.1467304744553622 0
    outer loop
      vertex 21.57727616887107 -4.291987084354822 6.859375
      vertex 21.894063986788332 -2.156377087250333 7.0703125
      vertex 21.57727616887107 -4.291987084354822 7.046875
    endloop
  endfacet
  facet normal 0.4932240795576322 -0.08303028969002836 0.8659307006559569
    outer loop
      vertex 21.57727616887107 -4.291987084354822 7.046875
      vertex 21.08607468545421 -2.076797087064361 7.5390625
      vertex 20.780977760914467 -4.133593482887521 7.515625
    endloop
  endfacet
  facet normal 0.4960884371281046 -0.06372035945659874 -0.865930700655957
    outer loop
      vertex 20.780977760914467 -4.133593482887521 6.390625
      vertex 21.08607468545421 -2.076797087064361 6.4140625
      vertex 21.894063986788332 -2.156377087250333 6.8828125
    endloop
  endfacet
  facet normal 0.9987954562051724 -0.049067674327417994 0
    outer loop
      vertex 21.08607468545421 -2.076797087064361 6.0390625
      vertex 21.18810118395209 0 6.4375
      vertex 21.08607468545421 -2.076797087064361 6.4140625
    endloop
  endfacet
  facet normal 0.5006337344832065 -0.015187221697590283 -0.8655259743037793
    outer loop
      vertex 21.08607468545421 -2.076797087064361 6.4140625
      vertex 22 0 6.90625
      vertex 21.894063986788332 -2.156377087250333 6.8828125
    endloop
  endfacet
  facet normal 0.4999453231232779 -0.014788358551411276 -0.8659307006559568
    outer loop
      vertex 21.08607468545421 -2.076797087064361 6.4140625
      vertex 21.18810118395209 0 6.4375
      vertex 22 0 6.90625
    endloop
  endfacet
  facet normal 0.9891765099647809 -0.1467304744553622 0
    outer loop
      vertex 21.57727616887107 -4.291987084354822 6.859375
      vertex 21.894063986788332 -2.156377087250333 6.8828125
      vertex 21.894063986788332 -2.156377087250333 7.0703125
    endloop
  endfacet
  facet normal 0.49397707762594134 -0.0827733929812486 0.8655259743037795
    outer loop
      vertex 21.57727616887107 -4.291987084354822 7.046875
      vertex 21.894063986788332 -2.156377087250333 7.0703125
      vertex 21.08607468545421 -2.076797087064361 7.5390625
    endloop
  endfacet
  facet normal 0.49898746235885977 -0.03428606233076516 0.8659307006559569
    outer loop
      vertex 21.894063986788332 -2.156377087250333 7.0703125
      vertex 21.18810118395209 0 7.5625
      vertex 21.08607468545421 -2.076797087064361 7.5390625
    endloop
  endfacet
  facet normal 0.49971165425490016 -0.03395659593252576 0.8655259743037794
    outer loop
      vertex 21.894063986788332 -2.156377087250333 7.0703125
      vertex 22 0 7.09375
      vertex 21.18810118395209 0 7.5625
    endloop
  endfacet
  facet normal 0.9987954562051724 -0.04906767432741779 0
    outer loop
      vertex 21.894063986788332 -2.156377087250333 6.8828125
      vertex 22 0 7.09375
      vertex 21.894063986788332 -2.156377087250333 7.0703125
    endloop
  endfacet
  facet normal 0.9987954562051724 -0.04906767432741779 0
    outer loop
      vertex 21.894063986788332 -2.156377087250333 6.8828125
      vertex 22 0 6.90625
      vertex 22 0 7.09375
    endloop
  endfacet
  facet normal 0.8032075314806452 -0.595699304492433 0
    outer loop
      vertex 16.37862370210235 -13.44158909527899 7.3984375
      vertex 17.617262276847743 -11.77147831201117 7.421875
      vertex 17.617262276847743 -11.77147831201117 7.796875
    endloop
  endfacet
  facet normal 0.8577286100002715 -0.5141027441932228 0
    outer loop
      vertex 17.617262276847743 -11.77147831201117 7.421875
      vertex 18.686236985291906 -9.988001757654073 7.8203125
      vertex 17.617262276847743 -11.77147831201117 7.796875
    endloop
  endfacet
  facet normal 0.40747337218339785 -0.2900508104159928 -0.8659307006559566
    outer loop
      vertex 16.37862370210235 -13.44158909527899 7.7734375
      vertex 17.617262276847743 -11.77147831201117 7.796875
      vertex 18.292331470655995 -12.222545126431248 8.265625
    endloop
  endfacet
  facet normal 0.434360329341171 -0.24939104254187483 -0.8655259743037791
    outer loop
      vertex 17.617262276847743 -11.77147831201117 7.796875
      vertex 19.402267815663812 -10.370728210171949 8.2890625
      vertex 18.292331470655995 -12.222545126431248 8.265625
    endloop
  endfacet
  facet normal 0.8577286100002715 -0.5141027441932228 0
    outer loop
      vertex 17.617262276847743 -11.77147831201117 7.421875
      vertex 18.686236985291906 -9.988001757654073 7.4453125
      vertex 18.686236985291906 -9.988001757654073 7.8203125
    endloop
  endfacet
  facet normal 0.4339412275097799 -0.24871476178303026 -0.8659307006559567
    outer loop
      vertex 17.617262276847743 -11.77147831201117 7.796875
      vertex 18.686236985291906 -9.988001757654073 7.8203125
      vertex 19.402267815663812 -10.370728210171949 8.2890625
    endloop
  endfacet
  facet normal 0.8577286100002716 -0.5141027441932228 0
    outer loop
      vertex 18.292331470655995 -12.222545126431248 8.265625
      vertex 19.402267815663812 -10.370728210171949 8.4765625
      vertex 18.292331470655995 -12.222545126431248 8.453125
    endloop
  endfacet
  facet normal 0 0 1
    outer loop
      vertex 2.204803160870888 -1.1784918420649944 10
      vertex 17.617262276847743 -11.77147831201117 10
      vertex 18.686236985291906 -9.988001757654073 10
    endloop
  endfacet
  facet normal 0 0 1
    outer loop
      vertex 2.309698831278217 -0.9567085809127245 10
      vertex 18.686236985291906 -9.988001757654073 10
      vertex 19.575253016631496 -8.108335286373608 10
    endloop
  endfacet
  facet normal 0.42390531579616736 -0.2654586689133274 0.8659307006559567
    outer loop
      vertex 18.292331470655995 -12.222545126431248 8.453125
      vertex 18.686236985291906 -9.988001757654073 8.9453125
      vertex 17.617262276847743 -11.77147831201117 8.921875
    endloop
  endfacet
  facet normal 0.803207531480645 -0.595699304492433 0
    outer loop
      vertex 16.37862370210235 -13.44158909527899 8.8984375
      vertex 17.617262276847743 -11.77147831201117 8.921875
      vertex 17.617262276847743 -11.77147831201117 9.69765625
    endloop
  endfacet
  facet normal 0.8577286100002716 -0.5141027441932228 0
    outer loop
      vertex 17.617262276847743 -11.77147831201117 8.921875
      vertex 18.686236985291906 -9.988001757654073 8.9453125
      vertex 18.686236985291906 -9.988001757654073 9.72109375
    endloop
  endfacet
  facet normal 0.8577286100002716 -0.5141027441932228 0
    outer loop
      vertex 17.617262276847743 -11.77147831201117 8.921875
      vertex 18.686236985291906 -9.988001757654073 9.72109375
      vertex 17.617262276847743 -11.77147831201117 9.69765625
    endloop
  endfacet
  facet normal 0.8032075314806452 -0.5956993044924329 0
    outer loop
      vertex 16.37862370210235 -13.44158909527899 9.67421875
      vertex 17.617262276847743 -11.77147831201117 9.69765625
      vertex 17.617262276847743 -11.77147831201117 9.832421875
    endloop
  endfacet
  facet normal 0.8032075314806453 -0.595699304492433 0
    outer loop
      vertex 16.37862370210235 -13.44158909527899 9.808984375
      vertex 17.617262276847743 -11.77147831201117 9.832421875
      vertex 17.617262276847743 -11.77147831201117 9.886328125
    endloop
  endfacet
  facet normal 0.803207531480645 -0.595699304492433 0
    outer loop
      vertex 16.37862370210235 -13.44158909527899 9.862890625
      vertex 17.617262276847743 -11.77147831201117 9.886328125
      vertex 17.617262276847743 -11.77147831201117 10
    endloop
  endfacet
  facet normal 0.8577286100002715 -0.5141027441932227 0
    outer loop
      vertex 17.617262276847743 -11.77147831201117 9.69765625
      vertex 18.686236985291906 -9.988001757654073 9.855859375
      vertex 17.617262276847743 -11.77147831201117 9.832421875
    endloop
  endfacet
  facet normal 0.8577286100002715 -0.5141027441932228 0
    outer loop
      vertex 17.617262276847743 -11.77147831201117 9.832421875
      vertex 18.686236985291906 -9.988001757654073 9.909765625
      vertex 17.617262276847743 -11.77147831201117 9.886328125
    endloop
  endfacet
  facet normal 0.8577286100002715 -0.5141027441932228 0
    outer loop
      vertex 17.617262276847743 -11.77147831201117 9.886328125
      vertex 18.686236985291906 -9.988001757654073 10
      vertex 17.617262276847743 -11.77147831201117 10
    endloop
  endfacet
  facet normal 0.8577286100002715 -0.5141027441932227 0
    outer loop
      vertex 17.617262276847743 -11.77147831201117 9.69765625
      vertex 18.686236985291906 -9.988001757654073 9.72109375
      vertex 18.686236985291906 -9.988001757654073 9.855859375
    endloop
  endfacet
  facet normal 0.8577286100002715 -0.5141027441932228 0
    outer loop
      vertex 17.617262276847743 -11.77147831201117 9.832421875
      vertex 18.686236985291906 -9.988001757654073 9.855859375
      vertex 18.686236985291906 -9.988001757654073 9.909765625
    endloop
  endfacet
  facet normal 0.8577286100002716 -0.5141027441932228 0
    outer loop
      vertex 17.617262276847743 -11.77147831201117 9.886328125
      vertex 18.686236985291906 -9.988001757654073 9.909765625
      vertex 18.686236985291906 -9.988001757654073 10
    endloop
  endfacet
  facet normal 0 0 1
    outer loop
      vertex 2.392350839330522 -0.7257116931361558 10
      vertex 19.575253016631496 -8.108335286373608 10
      vertex 20.275748660499122 -6.150581113818423 10
    endloop
  endfacet
  facet normal 0 0 1
    outer loop
      vertex 2.451963201008076 -0.48772580504032065 10
      vertex 20.275748660499122 -6.150581113818423 10
      vertex 20.780977760914467 -4.133593482887521 10
    endloop
  endfacet
  facet normal 0 0 1
    outer loop
      vertex 2.4879618166804924 -0.24504285082390154 10
      vertex 20.780977760914467 -4.133593482887521 10
      vertex 21.08607468545421 -2.076797087064361 10
    endloop
  endfacet
  facet normal 0 0 1
    outer loop
      vertex 2.4879618166804924 -0.24504285082390154 10
      vertex 21.08607468545421 -2.076797087064361 10
      vertex 21.18810118395209 0 10
    endloop
  endfacet
  facet normal 0.8577286100002716 -0.5141027441932228 0
    outer loop
      vertex 18.292331470655995 -12.222545126431248 8.265625
      vertex 19.402267815663812 -10.370728210171949 8.2890625
      vertex 19.402267815663812 -10.370728210171949 8.4765625
    endloop
  endfacet
  facet normal 0.4567133624464016 -0.20561539915190122 -0.8655259743037791
    outer loop
      vertex 18.686236985291906 -9.988001757654073 7.8203125
      vertex 20.325349715248308 -8.419035512031975 8.3125
      vertex 19.402267815663812 -10.370728210171949 8.2890625
    endloop
  endfacet
  facet normal 0.9039892931234438 -0.4275550934302811 0
    outer loop
      vertex 19.402267815663812 -10.370728210171949 8.2890625
      vertex 20.325349715248308 -8.419035512031975 8.5
      vertex 19.402267815663812 -10.370728210171949 8.4765625
    endloop
  endfacet
  facet normal 0.4246993054137779 -0.26550948718746115 0.8655259743037791
    outer loop
      vertex 18.292331470655995 -12.222545126431248 8.453125
      vertex 19.402267815663812 -10.370728210171949 8.4765625
      vertex 18.686236985291906 -9.988001757654073 8.9453125
    endloop
  endfacet
  facet normal 0.9039892931234439 -0.4275550934302808 0
    outer loop
      vertex 18.686236985291906 -9.988001757654073 7.4453125
      vertex 19.575253016631496 -8.108335286373608 7.46875
      vertex 19.575253016631496 -8.108335286373608 7.84375
    endloop
  endfacet
  facet normal 0.9039892931234439 -0.4275550934302808 0
    outer loop
      vertex 18.686236985291906 -9.988001757654073 7.4453125
      vertex 19.575253016631496 -8.108335286373608 7.84375
      vertex 18.686236985291906 -9.988001757654073 7.8203125
    endloop
  endfacet
  facet normal 0.45622999159883865 -0.2049834540327763 -0.8659307006559568
    outer loop
      vertex 18.686236985291906 -9.988001757654073 7.8203125
      vertex 19.575253016631496 -8.108335286373608 7.84375
      vertex 20.325349715248308 -8.419035512031975 8.3125
    endloop
  endfacet
  facet normal 0.9415440651830209 -0.3368898533922195 0
    outer loop
      vertex 19.575253016631496 -8.108335286373608 7.46875
      vertex 20.275748660499122 -6.150581113818423 7.8671875
      vertex 19.575253016631496 -8.108335286373608 7.84375
    endloop
  endfacet
  facet normal 0.9415440651830209 -0.3368898533922195 0
    outer loop
      vertex 19.575253016631496 -8.108335286373608 7.46875
      vertex 20.275748660499122 -6.150581113818423 7.4921875
      vertex 20.275748660499122 -6.150581113818423 7.8671875
    endloop
  endfacet
  facet normal 0.4741250114681169 -0.1592780435648339 -0.8659307006559571
    outer loop
      vertex 19.575253016631496 -8.108335286373608 7.84375
      vertex 20.275748660499122 -6.150581113818423 7.8671875
      vertex 21.052687386108595 -6.386262899598171 8.3359375
    endloop
  endfacet
  facet normal 0.9039892931234438 -0.4275550934302811 0
    outer loop
      vertex 19.402267815663812 -10.370728210171949 8.2890625
      vertex 20.325349715248308 -8.419035512031975 8.3125
      vertex 20.325349715248308 -8.419035512031975 8.5
    endloop
  endfacet
  facet normal 0.44867874284056564 -0.22260317501891833 0.8655259743037794
    outer loop
      vertex 19.402267815663812 -10.370728210171949 8.4765625
      vertex 20.325349715248308 -8.419035512031975 8.5
      vertex 19.575253016631496 -8.108335286373608 8.96875
    endloop
  endfacet
  facet normal 0.4746679962063523 -0.15985956706728555 -0.8655259743037794
    outer loop
      vertex 20.325349715248308 -8.419035512031975 8.3125
      vertex 19.575253016631496 -8.108335286373608 7.84375
      vertex 21.052687386108595 -6.386262899598171 8.3359375
    endloop
  endfacet
  facet normal 0.9415440651830208 -0.3368898533922201 0
    outer loop
      vertex 20.325349715248308 -8.419035512031975 8.3125
      vertex 21.052687386108595 -6.386262899598171 8.3359375
      vertex 21.052687386108595 -6.386262899598171 8.5234375
    endloop
  endfacet
  facet normal 0.9415440651830208 -0.3368898533922201 0
    outer loop
      vertex 20.325349715248308 -8.419035512031975 8.3125
      vertex 21.052687386108595 -6.386262899598171 8.5234375
      vertex 20.325349715248308 -8.419035512031975 8.5
    endloop
  endfacet
  facet normal 0.4683371587010475 -0.17755307258767122 0.8655259743037796
    outer loop
      vertex 20.325349715248308 -8.419035512031975 8.5
      vertex 21.052687386108595 -6.386262899598171 8.5234375
      vertex 20.275748660499122 -6.150581113818423 8.9921875
    endloop
  endfacet
  facet normal 0.44788359543807665 -0.22263042604043418 0.8659307006559567
    outer loop
      vertex 19.402267815663812 -10.370728210171949 8.4765625
      vertex 19.575253016631496 -8.108335286373608 8.96875
      vertex 18.686236985291906 -9.988001757654073 8.9453125
    endloop
  endfacet
  facet normal 0.9039892931234439 -0.42755509343028075 0
    outer loop
      vertex 18.686236985291906 -9.988001757654073 8.9453125
      vertex 19.575253016631496 -8.108335286373608 8.96875
      vertex 19.575253016631496 -8.108335286373608 9.74453125
    endloop
  endfacet
  facet normal 0.4675485112178379 -0.17765813046260243 0.8659307006559568
    outer loop
      vertex 20.325349715248308 -8.419035512031975 8.5
      vertex 20.275748660499122 -6.150581113818423 8.9921875
      vertex 19.575253016631496 -8.108335286373608 8.96875
    endloop
  endfacet
  facet normal 0.941544065183021 -0.3368898533922195 0
    outer loop
      vertex 19.575253016631496 -8.108335286373608 8.96875
      vertex 20.275748660499122 -6.150581113818423 8.9921875
      vertex 20.275748660499122 -6.150581113818423 9.76796875
    endloop
  endfacet
  facet normal 0.9039892931234439 -0.4275550934302808 0
    outer loop
      vertex 18.686236985291906 -9.988001757654073 8.9453125
      vertex 19.575253016631496 -8.108335286373608 9.74453125
      vertex 18.686236985291906 -9.988001757654073 9.72109375
    endloop
  endfacet
  facet normal 0.903989293123444 -0.4275550934302808 0
    outer loop
      vertex 18.686236985291906 -9.988001757654073 9.72109375
      vertex 19.575253016631496 -8.108335286373608 9.879296875
      vertex 18.686236985291906 -9.988001757654073 9.855859375
    endloop
  endfacet
  facet normal 0.903989293123444 -0.4275550934302808 0
    outer loop
      vertex 18.686236985291906 -9.988001757654073 9.72109375
      vertex 19.575253016631496 -8.108335286373608 9.74453125
      vertex 19.575253016631496 -8.108335286373608 9.879296875
    endloop
  endfacet
  facet normal 0.9039892931234439 -0.42755509343028086 0
    outer loop
      vertex 18.686236985291906 -9.988001757654073 9.855859375
      vertex 19.575253016631496 -8.108335286373608 9.933203125
      vertex 18.686236985291906 -9.988001757654073 9.909765625
    endloop
  endfacet
  facet normal 0.903989293123444 -0.4275550934302808 0
    outer loop
      vertex 18.686236985291906 -9.988001757654073 9.909765625
      vertex 19.575253016631496 -8.108335286373608 10
      vertex 18.686236985291906 -9.988001757654073 10
    endloop
  endfacet
  facet normal 0.9039892931234439 -0.42755509343028075 0
    outer loop
      vertex 18.686236985291906 -9.988001757654073 9.855859375
      vertex 19.575253016631496 -8.108335286373608 9.879296875
      vertex 19.575253016631496 -8.108335286373608 9.933203125
    endloop
  endfacet
  facet normal 0.903989293123444 -0.4275550934302808 0
    outer loop
      vertex 18.686236985291906 -9.988001757654073 9.909765625
      vertex 19.575253016631496 -8.108335286373608 9.933203125
      vertex 19.575253016631496 -8.108335286373608 10
    endloop
  endfacet
  facet normal 0.941544065183021 -0.33688985339221955 0
    outer loop
      vertex 19.575253016631496 -8.108335286373608 8.96875
      vertex 20.275748660499122 -6.150581113818423 9.76796875
      vertex 19.575253016631496 -8.108335286373608 9.74453125
    endloop
  endfacet
  facet normal 0.9415440651830209 -0.33688985339221955 0
    outer loop
      vertex 19.575253016631496 -8.108335286373608 9.74453125
      vertex 20.275748660499122 -6.150581113818423 9.902734375
      vertex 19.575253016631496 -8.108335286373608 9.879296875
    endloop
  endfacet
  facet normal 0.941544065183021 -0.33688985339221955 0
    outer loop
      vertex 19.575253016631496 -8.108335286373608 9.879296875
      vertex 20.275748660499122 -6.150581113818423 9.956640625
      vertex 19.575253016631496 -8.108335286373608 9.933203125
    endloop
  endfacet
  facet normal 0.9415440651830209 -0.3368898533922195 0
    outer loop
      vertex 19.575253016631496 -8.108335286373608 9.933203125
      vertex 20.275748660499122 -6.150581113818423 10
      vertex 19.575253016631496 -8.108335286373608 10
    endloop
  endfacet
  facet normal 0.9415440651830209 -0.33688985339221944 0
    outer loop
      vertex 19.575253016631496 -8.108335286373608 9.74453125
      vertex 20.275748660499122 -6.150581113818423 9.76796875
      vertex 20.275748660499122 -6.150581113818423 9.902734375
    endloop
  endfacet
  facet normal 0.941544065183021 -0.33688985339221955 0
    outer loop
      vertex 19.575253016631496 -8.108335286373608 9.879296875
      vertex 20.275748660499122 -6.150581113818423 9.902734375
      vertex 20.275748660499122 -6.150581113818423 9.956640625
    endloop
  endfacet
  facet normal 0.9415440651830209 -0.3368898533922195 0
    outer loop
      vertex 19.575253016631496 -8.108335286373608 9.933203125
      vertex 20.275748660499122 -6.150581113818423 9.956640625
      vertex 20.275748660499122 -6.150581113818423 10
    endloop
  endfacet
  facet normal 0.9700312531945438 -0.24298017990326434 0
    outer loop
      vertex 20.275748660499122 -6.150581113818423 7.4921875
      vertex 20.780977760914467 -4.133593482887521 7.890625
      vertex 20.275748660499122 -6.150581113818423 7.8671875
    endloop
  endfacet
  facet normal 0.9700312531945438 -0.24298017990326434 0
    outer loop
      vertex 20.275748660499122 -6.150581113818423 7.4921875
      vertex 20.780977760914467 -4.133593482887521 7.515625
      vertex 20.780977760914467 -4.133593482887521 7.890625
    endloop
  endfacet
  facet normal 0.4874539482938626 -0.11203869846712718 -0.8659307006559569
    outer loop
      vertex 20.275748660499122 -6.150581113818423 7.8671875
      vertex 20.780977760914467 -4.133593482887521 7.890625
      vertex 21.57727616887107 -4.291987084354822 8.359375
    endloop
  endfacet
  facet normal 0.9891765099647809 -0.14673047445536225 0
    outer loop
      vertex 20.780977760914467 -4.133593482887521 7.515625
      vertex 21.08607468545421 -2.076797087064361 7.9140625
      vertex 20.780977760914467 -4.133593482887521 7.890625
    endloop
  endfacet
  facet normal 0.48805131768291443 -0.11256419996368275 -0.8655259743037798
    outer loop
      vertex 20.275748660499122 -6.150581113818423 7.8671875
      vertex 21.57727616887107 -4.291987084354822 8.359375
      vertex 21.052687386108595 -6.386262899598171 8.3359375
    endloop
  endfacet
  facet normal 0.970031253194544 -0.24298017990326395 0
    outer loop
      vertex 21.052687386108595 -6.386262899598171 8.3359375
      vertex 21.57727616887107 -4.291987084354822 8.359375
      vertex 21.57727616887107 -4.291987084354822 8.546875
    endloop
  endfacet
  facet normal 0.970031253194544 -0.24298017990326395 0
    outer loop
      vertex 21.052687386108595 -6.386262899598171 8.3359375
      vertex 21.57727616887107 -4.291987084354822 8.546875
      vertex 21.052687386108595 -6.386262899598171 8.5234375
    endloop
  endfacet
  facet normal 0.4834852317041061 -0.13079303700702216 0.8655259743037795
    outer loop
      vertex 21.052687386108595 -6.386262899598171 8.5234375
      vertex 21.57727616887107 -4.291987084354822 8.546875
      vertex 20.780977760914467 -4.133593482887521 9.015625
    endloop
  endfacet
  facet normal 0.4967344381742021 -0.0641847780805792 -0.8655259743037794
    outer loop
      vertex 20.780977760914467 -4.133593482887521 7.890625
      vertex 21.894063986788332 -2.156377087250333 8.3828125
      vertex 21.57727616887107 -4.291987084354822 8.359375
    endloop
  endfacet
  facet normal 0.9891765099647809 -0.1467304744553622 0
    outer loop
      vertex 21.57727616887107 -4.291987084354822 8.359375
      vertex 21.894063986788332 -2.156377087250333 8.5703125
      vertex 21.57727616887107 -4.291987084354822 8.546875
    endloop
  endfacet
  facet normal 0.9891765099647809 -0.14673047445536225 0
    outer loop
      vertex 20.780977760914467 -4.133593482887521 7.515625
      vertex 21.08607468545421 -2.076797087064361 7.5390625
      vertex 21.08607468545421 -2.076797087064361 7.9140625
    endloop
  endfacet
  facet normal 0.4960884371281046 -0.06372035945659874 -0.865930700655957
    outer loop
      vertex 20.780977760914467 -4.133593482887521 7.890625
      vertex 21.08607468545421 -2.076797087064361 7.9140625
      vertex 21.894063986788332 -2.156377087250333 8.3828125
    endloop
  endfacet
  facet normal 0.9987954562051724 -0.049067674327417994 0
    outer loop
      vertex 21.08607468545421 -2.076797087064361 7.5390625
      vertex 21.18810118395209 0 7.9375
      vertex 21.08607468545421 -2.076797087064361 7.9140625
    endloop
  endfacet
  facet normal 0.9987954562051724 -0.049067674327417994 0
    outer loop
      vertex 21.08607468545421 -2.076797087064361 7.5390625
      vertex 21.18810118395209 0 7.5625
      vertex 21.18810118395209 0 7.9375
    endloop
  endfacet
  facet normal 0.4999453231232779 -0.014788358551411276 -0.8659307006559568
    outer loop
      vertex 21.08607468545421 -2.076797087064361 7.9140625
      vertex 21.18810118395209 0 7.9375
      vertex 22 0 8.40625
    endloop
  endfacet
  facet normal 0.9891765099647809 -0.1467304744553622 0
    outer loop
      vertex 21.57727616887107 -4.291987084354822 8.359375
      vertex 21.894063986788332 -2.156377087250333 8.3828125
      vertex 21.894063986788332 -2.156377087250333 8.5703125
    endloop
  endfacet
  facet normal 0.49397707762594134 -0.0827733929812486 0.8655259743037795
    outer loop
      vertex 21.57727616887107 -4.291987084354822 8.546875
      vertex 21.894063986788332 -2.156377087250333 8.5703125
      vertex 21.08607468545421 -2.076797087064361 9.0390625
    endloop
  endfacet
  facet normal 0.5006337344832065 -0.015187221697590283 -0.8655259743037793
    outer loop
      vertex 21.08607468545421 -2.076797087064361 7.9140625
      vertex 22 0 8.40625
      vertex 21.894063986788332 -2.156377087250333 8.3828125
    endloop
  endfacet
  facet normal 0.49971165425490016 -0.03395659593252576 0.8655259743037794
    outer loop
      vertex 21.894063986788332 -2.156377087250333 8.5703125
      vertex 22 0 8.59375
      vertex 21.18810118395209 0 9.0625
    endloop
  endfacet
  facet normal 0.9987954562051724 -0.04906767432741779 0
    outer loop
      vertex 21.894063986788332 -2.156377087250333 8.3828125
      vertex 22 0 8.59375
      vertex 21.894063986788332 -2.156377087250333 8.5703125
    endloop
  endfacet
  facet normal 0.9987954562051724 -0.04906767432741779 0
    outer loop
      vertex 21.894063986788332 -2.156377087250333 8.3828125
      vertex 22 0 8.40625
      vertex 22 0 8.59375
    endloop
  endfacet
  facet normal 0.48271067924655614 -0.13097488997060291 0.8659307006559571
    outer loop
      vertex 21.052687386108595 -6.386262899598171 8.5234375
      vertex 20.780977760914467 -4.133593482887521 9.015625
      vertex 20.275748660499122 -6.150581113818423 8.9921875
    endloop
  endfacet
  facet normal 0.9700312531945439 -0.24298017990326434 0
    outer loop
      vertex 20.275748660499122 -6.150581113818423 8.9921875
      vertex 20.780977760914467 -4.133593482887521 9.015625
      vertex 20.780977760914467 -4.133593482887521 9.79140625
    endloop
  endfacet
  facet normal 0.4932240795576322 -0.08303028969002836 0.8659307006559569
    outer loop
      vertex 21.57727616887107 -4.291987084354822 8.546875
      vertex 21.08607468545421 -2.076797087064361 9.0390625
      vertex 20.780977760914467 -4.133593482887521 9.015625
    endloop
  endfacet
  facet normal 0.9700312531945439 -0.24298017990326437 0
    outer loop
      vertex 20.275748660499122 -6.150581113818423 8.9921875
      vertex 20.780977760914467 -4.133593482887521 9.79140625
      vertex 20.275748660499122 -6.150581113818423 9.76796875
    endloop
  endfacet
  facet normal 0.970031253194544 -0.2429801799032644 0
    outer loop
      vertex 20.275748660499122 -6.150581113818423 9.76796875
      vertex 20.780977760914467 -4.133593482887521 9.926171875
      vertex 20.275748660499122 -6.150581113818423 9.902734375
    endloop
  endfacet
  facet normal 0.9700312531945439 -0.24298017990326437 0
    outer loop
      vertex 20.275748660499122 -6.150581113818423 9.902734375
      vertex 20.780977760914467 -4.133593482887521 9.980078125
      vertex 20.275748660499122 -6.150581113818423 9.956640625
    endloop
  endfacet
  facet normal 0.9700312531945439 -0.24298017990326437 0
    outer loop
      vertex 20.275748660499122 -6.150581113818423 9.956640625
      vertex 20.780977760914467 -4.133593482887521 10
      vertex 20.275748660499122 -6.150581113818423 10
    endloop
  endfacet
  facet normal 0.970031253194544 -0.2429801799032644 0
    outer loop
      vertex 20.275748660499122 -6.150581113818423 9.76796875
      vertex 20.780977760914467 -4.133593482887521 9.79140625
      vertex 20.780977760914467 -4.133593482887521 9.926171875
    endloop
  endfacet
  facet normal 0.9700312531945439 -0.2429801799032644 0
    outer loop
      vertex 20.275748660499122 -6.150581113818423 9.902734375
      vertex 20.780977760914467 -4.133593482887521 9.926171875
      vertex 20.780977760914467 -4.133593482887521 9.980078125
    endloop
  endfacet
  facet normal 0.9700312531945439 -0.24298017990326434 0
    outer loop
      vertex 20.275748660499122 -6.150581113818423 9.956640625
      vertex 20.780977760914467 -4.133593482887521 9.980078125
      vertex 20.780977760914467 -4.133593482887521 10
    endloop
  endfacet
  facet normal 0.9891765099647808 -0.14673047445536222 0
    outer loop
      vertex 20.780977760914467 -4.133593482887521 9.015625
      vertex 21.08607468545421 -2.076797087064361 9.81484375
      vertex 20.780977760914467 -4.133593482887521 9.79140625
    endloop
  endfacet
  facet normal 0.989176509964781 -0.14673047445536225 0
    outer loop
      vertex 20.780977760914467 -4.133593482887521 9.79140625
      vertex 21.08607468545421 -2.076797087064361 9.949609375
      vertex 20.780977760914467 -4.133593482887521 9.926171875
    endloop
  endfacet
  facet normal 0.9891765099647809 -0.14673047445536222 0
    outer loop
      vertex 20.780977760914467 -4.133593482887521 9.926171875
      vertex 21.08607468545421 -2.076797087064361 10
      vertex 20.780977760914467 -4.133593482887521 9.980078125
    endloop
  endfacet
  facet normal 0.989176509964781 -0.14673047445536225 0
    outer loop
      vertex 20.780977760914467 -4.133593482887521 9.980078125
      vertex 21.08607468545421 -2.076797087064361 10
      vertex 20.780977760914467 -4.133593482887521 10
    endloop
  endfacet
  facet normal 0.9891765099647808 -0.14673047445536222 0
    outer loop
      vertex 20.780977760914467 -4.133593482887521 9.015625
      vertex 21.08607468545421 -2.076797087064361 9.0390625
      vertex 21.08607468545421 -2.076797087064361 9.81484375
    endloop
  endfacet
  facet normal 0.49898746235885977 -0.03428606233076516 0.8659307006559569
    outer loop
      vertex 21.894063986788332 -2.156377087250333 8.5703125
      vertex 21.18810118395209 0 9.0625
      vertex 21.08607468545421 -2.076797087064361 9.0390625
    endloop
  endfacet
  facet normal 0.9987954562051724 -0.049067674327417994 0
    outer loop
      vertex 21.08607468545421 -2.076797087064361 9.0390625
      vertex 21.18810118395209 0 9.0625
      vertex 21.18810118395209 0 9.83828125
    endloop
  endfacet
  facet normal 0.989176509964781 -0.14673047445536225 0
    outer loop
      vertex 20.780977760914467 -4.133593482887521 9.79140625
      vertex 21.08607468545421 -2.076797087064361 9.81484375
      vertex 21.08607468545421 -2.076797087064361 9.949609375
    endloop
  endfacet
  facet normal 0.9891765099647809 -0.14673047445536222 0
    outer loop
      vertex 20.780977760914467 -4.133593482887521 9.926171875
      vertex 21.08607468545421 -2.076797087064361 9.949609375
      vertex 21.08607468545421 -2.076797087064361 10
    endloop
  endfacet
  facet normal 0.9987954562051724 -0.049067674327417994 0
    outer loop
      vertex 21.08607468545421 -2.076797087064361 9.0390625
      vertex 21.18810118395209 0 9.83828125
      vertex 21.08607468545421 -2.076797087064361 9.81484375
    endloop
  endfacet
  facet normal 0.9987954562051725 -0.049067674327418 0
    outer loop
      vertex 21.08607468545421 -2.076797087064361 9.81484375
      vertex 21.18810118395209 0 9.973046875
      vertex 21.08607468545421 -2.076797087064361 9.949609375
    endloop
  endfacet
  facet normal 0.9987954562051724 -0.04906767432741801 0
    outer loop
      vertex 21.08607468545421 -2.076797087064361 9.949609375
      vertex 21.18810118395209 0 10
      vertex 21.08607468545421 -2.076797087064361 10
    endloop
  endfacet
  facet normal 0.9987954562051723 -0.049067674327418 0
    outer loop
      vertex 21.08607468545421 -2.076797087064361 9.81484375
      vertex 21.18810118395209 0 9.83828125
      vertex 21.18810118395209 0 9.973046875
    endloop
  endfacet
  facet normal 0.9987954562051724 -0.04906767432741801 0
    outer loop
      vertex 21.08607468545421 -2.076797087064361 9.949609375
      vertex 21.18810118395209 0 9.973046875
      vertex 21.18810118395209 0 10
    endloop
  endfacet
  facet normal 0.04906767432741801 0.9987954562051724 0
    outer loop
      vertex 0 21.18810118395209 4.21328125
      vertex 2.076797087064361 21.08607468545421 4
      vertex 0 21.18810118395209 4
    endloop
  endfacet
  facet normal 0.049067674327418 0.9987954562051725 0
    outer loop
      vertex 0 21.18810118395209 4.21328125
      vertex 0 21.18810118395209 4.348046875
      vertex 2.076797087064361 21.08607468545421 4.18984375
    endloop
  endfacet
  facet normal 0.049067674327418 0.9987954562051724 0
    outer loop
      vertex 0 21.18810118395209 4.348046875
      vertex 0 21.18810118395209 4.401953125
      vertex 2.076797087064361 21.08607468545421 4.324609375
    endloop
  endfacet
  facet normal 0.049067674327418 0.9987954562051723 0
    outer loop
      vertex 0 21.18810118395209 4.21328125
      vertex 2.076797087064361 21.08607468545421 4.18984375
      vertex 2.076797087064361 21.08607468545421 4
    endloop
  endfacet
  facet normal 0.049067674327418 0.9987954562051723 0
    outer loop
      vertex 0 21.18810118395209 4.348046875
      vertex 2.076797087064361 21.08607468545421 4.324609375
      vertex 2.076797087064361 21.08607468545421 4.18984375
    endloop
  endfacet
  facet normal 0.049067674327418 0.9987954562051724 0
    outer loop
      vertex 2.076797087064361 21.08607468545421 4.324609375
      vertex 0 21.18810118395209 4.401953125
      vertex 2.076797087064361 21.08607468545421 4.378515625
    endloop
  endfacet
  facet normal 0.14673047445536222 0.9891765099647809 0
    outer loop
      vertex 2.076797087064361 21.08607468545421 4.18984375
      vertex 4.133593482887521 20.780977760914467 4
      vertex 2.076797087064361 21.08607468545421 4
    endloop
  endfacet
  facet normal 0.14673047445536225 0.989176509964781 0
    outer loop
      vertex 2.076797087064361 21.08607468545421 4.18984375
      vertex 2.076797087064361 21.08607468545421 4.324609375
      vertex 4.133593482887521 20.780977760914467 4.16640625
    endloop
  endfacet
  facet normal 0.14673047445536222 0.9891765099647809 0
    outer loop
      vertex 2.076797087064361 21.08607468545421 4.324609375
      vertex 2.076797087064361 21.08607468545421 4.378515625
      vertex 4.133593482887521 20.780977760914467 4.301171875
    endloop
  endfacet
  facet normal 0.049067674327418 0.9987954562051725 0
    outer loop
      vertex 0 21.18810118395209 4.401953125
      vertex 0 21.18810118395209 4.53671875
      vertex 2.076797087064361 21.08607468545421 4.378515625
    endloop
  endfacet
  facet normal 0.049067674327418 0.9987954562051723 0
    outer loop
      vertex 0 21.18810118395209 4.53671875
      vertex 2.076797087064361 21.08607468545421 4.51328125
      vertex 2.076797087064361 21.08607468545421 4.378515625
    endloop
  endfacet
  facet normal 0.049067674327417994 0.9987954562051724 0
    outer loop
      vertex 0 21.18810118395209 4.53671875
      vertex 0 21.18810118395209 5.3125
      vertex 2.076797087064361 21.08607468545421 4.51328125
    endloop
  endfacet
  facet normal 0.14673047445536225 0.989176509964781 0
    outer loop
      vertex 2.076797087064361 21.08607468545421 4.378515625
      vertex 2.076797087064361 21.08607468545421 4.51328125
      vertex 4.133593482887521 20.780977760914467 4.355078125
    endloop
  endfacet
  facet normal 0.14673047445536222 0.9891765099647808 0
    outer loop
      vertex 2.076797087064361 21.08607468545421 4.51328125
      vertex 2.076797087064361 21.08607468545421 5.2890625
      vertex 4.133593482887521 20.780977760914467 4.48984375
    endloop
  endfacet
  facet normal 0.14673047445536222 0.9891765099647809 0
    outer loop
      vertex 2.076797087064361 21.08607468545421 4.18984375
      vertex 4.133593482887521 20.780977760914467 4.16640625
      vertex 4.133593482887521 20.780977760914467 4
    endloop
  endfacet
  facet normal 0.14673047445536225 0.989176509964781 0
    outer loop
      vertex 2.076797087064361 21.08607468545421 4.324609375
      vertex 4.133593482887521 20.780977760914467 4.301171875
      vertex 4.133593482887521 20.780977760914467 4.16640625
    endloop
  endfacet
  facet normal 0.14673047445536222 0.9891765099647809 0
    outer loop
      vertex 2.076797087064361 21.08607468545421 4.378515625
      vertex 4.133593482887521 20.780977760914467 4.355078125
      vertex 4.133593482887521 20.780977760914467 4.301171875
    endloop
  endfacet
  facet normal 0.2429801799032644 0.970031253194544 0
    outer loop
      vertex 4.133593482887521 20.780977760914467 4.16640625
      vertex 6.150581113818423 20.275748660499122 4
      vertex 4.133593482887521 20.780977760914467 4
    endloop
  endfacet
  facet normal 0.2429801799032644 0.970031253194544 0
    outer loop
      vertex 4.133593482887521 20.780977760914467 4.16640625
      vertex 4.133593482887521 20.780977760914467 4.301171875
      vertex 6.150581113818423 20.275748660499122 4.14296875
    endloop
  endfacet
  facet normal 0.24298017990326437 0.9700312531945439 0
    outer loop
      vertex 4.133593482887521 20.780977760914467 4.301171875
      vertex 4.133593482887521 20.780977760914467 4.355078125
      vertex 6.150581113818423 20.275748660499122 4.277734375
    endloop
  endfacet
  facet normal 0.24298017990326437 0.9700312531945439 0
    outer loop
      vertex 4.133593482887521 20.780977760914467 4.16640625
      vertex 6.150581113818423 20.275748660499122 4.14296875
      vertex 6.150581113818423 20.275748660499122 4
    endloop
  endfacet
  facet normal 0.2429801799032644 0.970031253194544 0
    outer loop
      vertex 4.133593482887521 20.780977760914467 4.301171875
      vertex 6.150581113818423 20.275748660499122 4.277734375
      vertex 6.150581113818423 20.275748660499122 4.14296875
    endloop
  endfacet
  facet normal 0.2429801799032644 0.9700312531945439 0
    outer loop
      vertex 4.133593482887521 20.780977760914467 4.355078125
      vertex 6.150581113818423 20.275748660499122 4.331640625
      vertex 6.150581113818423 20.275748660499122 4.277734375
    endloop
  endfacet
  facet normal 0.14673047445536225 0.989176509964781 0
    outer loop
      vertex 2.076797087064361 21.08607468545421 4.51328125
      vertex 4.133593482887521 20.780977760914467 4.48984375
      vertex 4.133593482887521 20.780977760914467 4.355078125
    endloop
  endfacet
  facet normal 0.2429801799032644 0.970031253194544 0
    outer loop
      vertex 4.133593482887521 20.780977760914467 4.355078125
      vertex 4.133593482887521 20.780977760914467 4.48984375
      vertex 6.150581113818423 20.275748660499122 4.331640625
    endloop
  endfacet
  facet normal 0.2429801799032644 0.970031253194544 0
    outer loop
      vertex 4.133593482887521 20.780977760914467 4.48984375
      vertex 6.150581113818423 20.275748660499122 4.46640625
      vertex 6.150581113818423 20.275748660499122 4.331640625
    endloop
  endfacet
  facet normal 0.24298017990326437 0.9700312531945439 0
    outer loop
      vertex 4.133593482887521 20.780977760914467 4.48984375
      vertex 4.133593482887521 20.780977760914467 5.265625
      vertex 6.150581113818423 20.275748660499122 4.46640625
    endloop
  endfacet
  facet normal 0.24298017990326434 0.9700312531945439 0
    outer loop
      vertex 4.133593482887521 20.780977760914467 5.265625
      vertex 6.150581113818423 20.275748660499122 5.2421875
      vertex 6.150581113818423 20.275748660499122 4.46640625
    endloop
  endfacet
  facet normal 0.5141027441932227 0.8577286100002715 0
    outer loop
      vertex 9.988001757654073 18.686236985291906 4.09609375
      vertex 11.77147831201117 17.617262276847743 4
      vertex 9.988001757654073 18.686236985291906 4
    endloop
  endfacet
  facet normal 0.5141027441932227 0.8577286100002715 0
    outer loop
      vertex 9.988001757654073 18.686236985291906 4.09609375
      vertex 9.988001757654073 18.686236985291906 4.230859375
      vertex 11.77147831201117 17.617262276847743 4.07265625
    endloop
  endfacet
  facet normal 0.5141027441932228 0.8577286100002715 0
    outer loop
      vertex 9.988001757654073 18.686236985291906 4.230859375
      vertex 9.988001757654073 18.686236985291906 4.284765625
      vertex 11.77147831201117 17.617262276847743 4.207421875
    endloop
  endfacet
  facet normal 0.5141027441932227 0.8577286100002715 0
    outer loop
      vertex 9.988001757654073 18.686236985291906 4.284765625
      vertex 9.988001757654073 18.686236985291906 4.41953125
      vertex 11.77147831201117 17.617262276847743 4.261328125
    endloop
  endfacet
  facet normal 0.5141027441932227 0.8577286100002715 0
    outer loop
      vertex 9.988001757654073 18.686236985291906 4.09609375
      vertex 11.77147831201117 17.617262276847743 4.07265625
      vertex 11.77147831201117 17.617262276847743 4
    endloop
  endfacet
  facet normal 0.5956993044924329 0.803207531480645 0
    outer loop
      vertex 11.77147831201117 17.617262276847743 4.07265625
      vertex 13.44158909527899 16.37862370210235 4
      vertex 11.77147831201117 17.617262276847743 4
    endloop
  endfacet
  facet normal 0.5141027441932227 0.8577286100002715 0
    outer loop
      vertex 9.988001757654073 18.686236985291906 4.230859375
      vertex 11.77147831201117 17.617262276847743 4.207421875
      vertex 11.77147831201117 17.617262276847743 4.07265625
    endloop
  endfacet
  facet normal 0.5141027441932228 0.8577286100002715 0
    outer loop
      vertex 9.988001757654073 18.686236985291906 4.284765625
      vertex 11.77147831201117 17.617262276847743 4.261328125
      vertex 11.77147831201117 17.617262276847743 4.207421875
    endloop
  endfacet
  facet normal 0.5141027441932227 0.8577286100002715 0
    outer loop
      vertex 9.988001757654073 18.686236985291906 4.41953125
      vertex 11.77147831201117 17.617262276847743 4.39609375
      vertex 11.77147831201117 17.617262276847743 4.261328125
    endloop
  endfacet
  facet normal 0.5956993044924329 0.8032075314806452 0
    outer loop
      vertex 13.44158909527899 16.37862370210235 4.04921875
      vertex 11.77147831201117 17.617262276847743 4.07265625
      vertex 11.77147831201117 17.617262276847743 4.207421875
    endloop
  endfacet
  facet normal 0.595699304492433 0.8032075314806453 0
    outer loop
      vertex 13.44158909527899 16.37862370210235 4.183984375
      vertex 11.77147831201117 17.617262276847743 4.207421875
      vertex 11.77147831201117 17.617262276847743 4.261328125
    endloop
  endfacet
  facet normal 0.5956993044924329 0.8032075314806452 0
    outer loop
      vertex 13.44158909527899 16.37862370210235 4.237890625
      vertex 11.77147831201117 17.617262276847743 4.261328125
      vertex 11.77147831201117 17.617262276847743 4.39609375
    endloop
  endfacet
  facet normal 0.5141027441932228 0.8577286100002716 0
    outer loop
      vertex 9.988001757654073 18.686236985291906 4.41953125
      vertex 9.988001757654073 18.686236985291906 5.1953125
      vertex 11.77147831201117 17.617262276847743 4.39609375
    endloop
  endfacet
  facet normal 0.595699304492433 0.803207531480645 0
    outer loop
      vertex 13.44158909527899 16.37862370210235 4.37265625
      vertex 11.77147831201117 17.617262276847743 4.39609375
      vertex 11.77147831201117 17.617262276847743 5.171875
    endloop
  endfacet
  facet normal 0.5141027441932228 0.8577286100002716 0
    outer loop
      vertex 9.988001757654073 18.686236985291906 5.1953125
      vertex 11.77147831201117 17.617262276847743 5.171875
      vertex 11.77147831201117 17.617262276847743 4.39609375
    endloop
  endfacet
  facet normal 0.3368898533922195 0.9415440651830208 0
    outer loop
      vertex 6.150581113818423 20.275748660499122 4.14296875
      vertex 8.108335286373608 19.575253016631496 4
      vertex 6.150581113818423 20.275748660499122 4
    endloop
  endfacet
  facet normal 0.33688985339221955 0.9415440651830209 0
    outer loop
      vertex 6.150581113818423 20.275748660499122 4.14296875
      vertex 6.150581113818423 20.275748660499122 4.277734375
      vertex 8.108335286373608 19.575253016631496 4.11953125
    endloop
  endfacet
  facet normal 0.33688985339221955 0.941544065183021 0
    outer loop
      vertex 6.150581113818423 20.275748660499122 4.277734375
      vertex 6.150581113818423 20.275748660499122 4.331640625
      vertex 8.108335286373608 19.575253016631496 4.254296875
    endloop
  endfacet
  facet normal 0.33688985339221955 0.9415440651830209 0
    outer loop
      vertex 6.150581113818423 20.275748660499122 4.331640625
      vertex 6.150581113818423 20.275748660499122 4.46640625
      vertex 8.108335286373608 19.575253016631496 4.308203125
    endloop
  endfacet
  facet normal 0.33688985339221955 0.9415440651830209 0
    outer loop
      vertex 6.150581113818423 20.275748660499122 4.14296875
      vertex 8.108335286373608 19.575253016631496 4.11953125
      vertex 8.108335286373608 19.575253016631496 4
    endloop
  endfacet
  facet normal 0.33688985339221944 0.9415440651830209 0
    outer loop
      vertex 6.150581113818423 20.275748660499122 4.277734375
      vertex 8.108335286373608 19.575253016631496 4.254296875
      vertex 8.108335286373608 19.575253016631496 4.11953125
    endloop
  endfacet
  facet normal 0.33688985339221955 0.941544065183021 0
    outer loop
      vertex 6.150581113818423 20.275748660499122 4.331640625
      vertex 8.108335286373608 19.575253016631496 4.308203125
      vertex 8.108335286373608 19.575253016631496 4.254296875
    endloop
  endfacet
  facet normal 0.4275550934302808 0.9039892931234439 0
    outer loop
      vertex 8.108335286373608 19.575253016631496 4.11953125
      vertex 9.988001757654073 18.686236985291906 4
      vertex 8.108335286373608 19.575253016631496 4
    endloop
  endfacet
  facet normal 0.4275550934302808 0.903989293123444 0
    outer loop
      vertex 8.108335286373608 19.575253016631496 4.11953125
      vertex 8.108335286373608 19.575253016631496 4.254296875
      vertex 9.988001757654073 18.686236985291906 4.09609375
    endloop
  endfacet
  facet normal 0.4275550934302808 0.903989293123444 0
    outer loop
      vertex 8.108335286373608 19.575253016631496 4.11953125
      vertex 9.988001757654073 18.686236985291906 4.09609375
      vertex 9.988001757654073 18.686236985291906 4
    endloop
  endfacet
  facet normal 0.4275550934302808 0.903989293123444 0
    outer loop
      vertex 8.108335286373608 19.575253016631496 4.254296875
      vertex 9.988001757654073 18.686236985291906 4.230859375
      vertex 9.988001757654073 18.686236985291906 4.09609375
    endloop
  endfacet
  facet normal 0.42755509343028086 0.9039892931234439 0
    outer loop
      vertex 8.108335286373608 19.575253016631496 4.254296875
      vertex 8.108335286373608 19.575253016631496 4.308203125
      vertex 9.988001757654073 18.686236985291906 4.230859375
    endloop
  endfacet
  facet normal 0.4275550934302808 0.903989293123444 0
    outer loop
      vertex 8.108335286373608 19.575253016631496 4.308203125
      vertex 8.108335286373608 19.575253016631496 4.44296875
      vertex 9.988001757654073 18.686236985291906 4.284765625
    endloop
  endfacet
  facet normal 0.42755509343028075 0.9039892931234439 0
    outer loop
      vertex 8.108335286373608 19.575253016631496 4.308203125
      vertex 9.988001757654073 18.686236985291906 4.284765625
      vertex 9.988001757654073 18.686236985291906 4.230859375
    endloop
  endfacet
  facet normal 0.33688985339221955 0.9415440651830209 0
    outer loop
      vertex 8.108335286373608 19.575253016631496 4.308203125
      vertex 6.150581113818423 20.275748660499122 4.46640625
      vertex 8.108335286373608 19.575253016631496 4.44296875
    endloop
  endfacet
  facet normal 0.33688985339221955 0.941544065183021 0
    outer loop
      vertex 6.150581113818423 20.275748660499122 4.46640625
      vertex 6.150581113818423 20.275748660499122 5.2421875
      vertex 8.108335286373608 19.575253016631496 4.44296875
    endloop
  endfacet
  facet normal 0.33688985339221955 0.941544065183021 0
    outer loop
      vertex 8.108335286373608 19.575253016631496 4.44296875
      vertex 6.150581113818423 20.275748660499122 5.2421875
      vertex 8.108335286373608 19.575253016631496 5.21875
    endloop
  endfacet
  facet normal 0.4275550934302808 0.903989293123444 0
    outer loop
      vertex 8.108335286373608 19.575253016631496 4.44296875
      vertex 9.988001757654073 18.686236985291906 4.41953125
      vertex 9.988001757654073 18.686236985291906 4.284765625
    endloop
  endfacet
  facet normal 0.4275550934302808 0.9039892931234439 0
    outer loop
      vertex 8.108335286373608 19.575253016631496 4.44296875
      vertex 8.108335286373608 19.575253016631496 5.21875
      vertex 9.988001757654073 18.686236985291906 4.41953125
    endloop
  endfacet
  facet normal 0.4275550934302808 0.9039892931234439 0
    outer loop
      vertex 9.988001757654073 18.686236985291906 4.41953125
      vertex 8.108335286373608 19.575253016631496 5.21875
      vertex 9.988001757654073 18.686236985291906 5.1953125
    endloop
  endfacet
  facet normal 0.8577286100002716 0.5141027441932228 0
    outer loop
      vertex 18.686236985291906 9.988001757654073 4.090234375
      vertex 18.686236985291906 9.988001757654073 4
      vertex 17.617262276847743 11.77147831201117 4.113671875
    endloop
  endfacet
  facet normal 0.8577286100002715 0.5141027441932228 0
    outer loop
      vertex 18.686236985291906 9.988001757654073 4.090234375
      vertex 17.617262276847743 11.77147831201117 4.167578125
      vertex 18.686236985291906 9.988001757654073 4.144140625
    endloop
  endfacet
  facet normal 0.8577286100002715 0.5141027441932227 0
    outer loop
      vertex 18.686236985291906 9.988001757654073 4.144140625
      vertex 17.617262276847743 11.77147831201117 4.30234375
      vertex 18.686236985291906 9.988001757654073 4.27890625
    endloop
  endfacet
  facet normal 0.8577286100002715 0.5141027441932228 0
    outer loop
      vertex 17.617262276847743 11.77147831201117 4.113671875
      vertex 18.686236985291906 9.988001757654073 4
      vertex 17.617262276847743 11.77147831201117 4
    endloop
  endfacet
  facet normal 0.803207531480645 0.595699304492433 0
    outer loop
      vertex 16.37862370210235 13.44158909527899 4.137109375
      vertex 17.617262276847743 11.77147831201117 4.113671875
      vertex 17.617262276847743 11.77147831201117 4
    endloop
  endfacet
  facet normal 0.8032075314806453 0.595699304492433 0
    outer loop
      vertex 16.37862370210235 13.44158909527899 4.191015625
      vertex 17.617262276847743 11.77147831201117 4.167578125
      vertex 17.617262276847743 11.77147831201117 4.113671875
    endloop
  endfacet
  facet normal 0.8032075314806452 0.5956993044924329 0
    outer loop
      vertex 16.37862370210235 13.44158909527899 4.32578125
      vertex 17.617262276847743 11.77147831201117 4.30234375
      vertex 17.617262276847743 11.77147831201117 4.167578125
    endloop
  endfacet
  facet normal 0.8577286100002715 0.5141027441932228 0
    outer loop
      vertex 18.686236985291906 9.988001757654073 4.090234375
      vertex 17.617262276847743 11.77147831201117 4.113671875
      vertex 17.617262276847743 11.77147831201117 4.167578125
    endloop
  endfacet
  facet normal 0.8577286100002715 0.5141027441932227 0
    outer loop
      vertex 18.686236985291906 9.988001757654073 4.144140625
      vertex 17.617262276847743 11.77147831201117 4.167578125
      vertex 17.617262276847743 11.77147831201117 4.30234375
    endloop
  endfacet
  facet normal 0.8577286100002716 0.5141027441932228 0
    outer loop
      vertex 18.686236985291906 9.988001757654073 4.27890625
      vertex 17.617262276847743 11.77147831201117 5.078125
      vertex 18.686236985291906 9.988001757654073 5.0546875
    endloop
  endfacet
  facet normal 0.8577286100002716 0.5141027441932228 0
    outer loop
      vertex 18.686236985291906 9.988001757654073 4.27890625
      vertex 17.617262276847743 11.77147831201117 4.30234375
      vertex 17.617262276847743 11.77147831201117 5.078125
    endloop
  endfacet
  facet normal 0.803207531480645 0.595699304492433 0
    outer loop
      vertex 16.37862370210235 13.44158909527899 5.1015625
      vertex 17.617262276847743 11.77147831201117 5.078125
      vertex 17.617262276847743 11.77147831201117 4.30234375
    endloop
  endfacet
  facet normal 0.9987954562051724 0.049067674327418 0
    outer loop
      vertex 21.18810118395209 0 4.026953125
      vertex 21.18810118395209 0 4
      vertex 21.08607468545421 2.076797087064361 4.050390625
    endloop
  endfacet
  facet normal 0.9987954562051724 0.04906767432741801 0
    outer loop
      vertex 21.08607468545421 2.076797087064361 4.050390625
      vertex 21.18810118395209 0 4
      vertex 21.08607468545421 2.076797087064361 4
    endloop
  endfacet
  facet normal 0.9987954562051725 0.049067674327418 0
    outer loop
      vertex 21.18810118395209 0 4.026953125
      vertex 21.08607468545421 2.076797087064361 4.18515625
      vertex 21.18810118395209 0 4.16171875
    endloop
  endfacet
  facet normal 0.9987954562051723 0.049067674327418 0
    outer loop
      vertex 21.18810118395209 0 4.026953125
      vertex 21.08607468545421 2.076797087064361 4.050390625
      vertex 21.08607468545421 2.076797087064361 4.18515625
    endloop
  endfacet
  facet normal 0.9891765099647809 0.14673047445536225 0
    outer loop
      vertex 21.08607468545421 2.076797087064361 4.050390625
      vertex 21.08607468545421 2.076797087064361 4
      vertex 20.780977760914467 4.133593482887521 4.073828125
    endloop
  endfacet
  facet normal 0.989176509964781 0.14673047445536225 0
    outer loop
      vertex 21.08607468545421 2.076797087064361 4.050390625
      vertex 20.780977760914467 4.133593482887521 4.20859375
      vertex 21.08607468545421 2.076797087064361 4.18515625
    endloop
  endfacet
  facet normal 0.9987954562051724 0.049067674327417994 0
    outer loop
      vertex 21.18810118395209 0 4.16171875
      vertex 21.08607468545421 2.076797087064361 4.9609375
      vertex 21.18810118395209 0 4.9375
    endloop
  endfacet
  facet normal 0.9987954562051724 0.049067674327417994 0
    outer loop
      vertex 21.18810118395209 0 4.16171875
      vertex 21.08607468545421 2.076797087064361 4.18515625
      vertex 21.08607468545421 2.076797087064361 4.9609375
    endloop
  endfacet
  facet normal 0.9891765099647808 0.14673047445536222 0
    outer loop
      vertex 21.08607468545421 2.076797087064361 4.18515625
      vertex 20.780977760914467 4.133593482887521 4.984375
      vertex 21.08607468545421 2.076797087064361 4.9609375
    endloop
  endfacet
  facet normal 0.989176509964781 0.14673047445536225 0
    outer loop
      vertex 20.780977760914467 4.133593482887521 4.019921875
      vertex 21.08607468545421 2.076797087064361 4
      vertex 20.780977760914467 4.133593482887521 4
    endloop
  endfacet
  facet normal 0.9891765099647809 0.14673047445536222 0
    outer loop
      vertex 20.780977760914467 4.133593482887521 4.019921875
      vertex 20.780977760914467 4.133593482887521 4.073828125
      vertex 21.08607468545421 2.076797087064361 4
    endloop
  endfacet
  facet normal 0.989176509964781 0.14673047445536225 0
    outer loop
      vertex 21.08607468545421 2.076797087064361 4.050390625
      vertex 20.780977760914467 4.133593482887521 4.073828125
      vertex 20.780977760914467 4.133593482887521 4.20859375
    endloop
  endfacet
  facet normal 0.9700312531945439 0.24298017990326434 0
    outer loop
      vertex 20.780977760914467 4.133593482887521 4.019921875
      vertex 20.780977760914467 4.133593482887521 4
      vertex 20.275748660499122 6.150581113818423 4.043359375
    endloop
  endfacet
  facet normal 0.9700312531945439 0.24298017990326437 0
    outer loop
      vertex 20.275748660499122 6.150581113818423 4.043359375
      vertex 20.780977760914467 4.133593482887521 4
      vertex 20.275748660499122 6.150581113818423 4
    endloop
  endfacet
  facet normal 0.9700312531945439 0.2429801799032644 0
    outer loop
      vertex 20.780977760914467 4.133593482887521 4.019921875
      vertex 20.275748660499122 6.150581113818423 4.043359375
      vertex 20.275748660499122 6.150581113818423 4.097265625
    endloop
  endfacet
  facet normal 0.9700312531945439 0.24298017990326437 0
    outer loop
      vertex 20.780977760914467 4.133593482887521 4.019921875
      vertex 20.275748660499122 6.150581113818423 4.097265625
      vertex 20.780977760914467 4.133593482887521 4.073828125
    endloop
  endfacet
  facet normal 0.970031253194544 0.2429801799032644 0
    outer loop
      vertex 20.780977760914467 4.133593482887521 4.073828125
      vertex 20.275748660499122 6.150581113818423 4.23203125
      vertex 20.780977760914467 4.133593482887521 4.20859375
    endloop
  endfacet
  facet normal 0.970031253194544 0.2429801799032644 0
    outer loop
      vertex 20.780977760914467 4.133593482887521 4.073828125
      vertex 20.275748660499122 6.150581113818423 4.097265625
      vertex 20.275748660499122 6.150581113818423 4.23203125
    endloop
  endfacet
  facet normal 0.9891765099647808 0.14673047445536222 0
    outer loop
      vertex 21.08607468545421 2.076797087064361 4.18515625
      vertex 20.780977760914467 4.133593482887521 4.20859375
      vertex 20.780977760914467 4.133593482887521 4.984375
    endloop
  endfacet
  facet normal 0.9700312531945439 0.24298017990326434 0
    outer loop
      vertex 20.780977760914467 4.133593482887521 4.20859375
      vertex 20.275748660499122 6.150581113818423 4.23203125
      vertex 20.275748660499122 6.150581113818423 5.0078125
    endloop
  endfacet
  facet normal 0.9700312531945439 0.24298017990326437 0
    outer loop
      vertex 20.780977760914467 4.133593482887521 4.20859375
      vertex 20.275748660499122 6.150581113818423 5.0078125
      vertex 20.780977760914467 4.133593482887521 4.984375
    endloop
  endfacet
  facet normal 0.941544065183021 0.33688985339221955 0
    outer loop
      vertex 20.275748660499122 6.150581113818423 4.043359375
      vertex 20.275748660499122 6.150581113818423 4
      vertex 19.575253016631496 8.108335286373608 4.066796875
    endloop
  endfacet
  facet normal 0.9415440651830209 0.3368898533922195 0
    outer loop
      vertex 19.575253016631496 8.108335286373608 4.066796875
      vertex 20.275748660499122 6.150581113818423 4
      vertex 19.575253016631496 8.108335286373608 4
    endloop
  endfacet
  facet normal 0.941544065183021 0.33688985339221955 0
    outer loop
      vertex 20.275748660499122 6.150581113818423 4.043359375
      vertex 19.575253016631496 8.108335286373608 4.120703125
      vertex 20.275748660499122 6.150581113818423 4.097265625
    endloop
  endfacet
  facet normal 0.9415440651830209 0.33688985339221955 0
    outer loop
      vertex 20.275748660499122 6.150581113818423 4.097265625
      vertex 19.575253016631496 8.108335286373608 4.25546875
      vertex 20.275748660499122 6.150581113818423 4.23203125
    endloop
  endfacet
  facet normal 0.941544065183021 0.33688985339221955 0
    outer loop
      vertex 20.275748660499122 6.150581113818423 4.043359375
      vertex 19.575253016631496 8.108335286373608 4.066796875
      vertex 19.575253016631496 8.108335286373608 4.120703125
    endloop
  endfacet
  facet normal 0.9415440651830209 0.33688985339221944 0
    outer loop
      vertex 20.275748660499122 6.150581113818423 4.097265625
      vertex 19.575253016631496 8.108335286373608 4.120703125
      vertex 19.575253016631496 8.108335286373608 4.25546875
    endloop
  endfacet
  facet normal 0.903989293123444 0.4275550934302808 0
    outer loop
      vertex 18.686236985291906 9.988001757654073 4.090234375
      vertex 19.575253016631496 8.108335286373608 4
      vertex 18.686236985291906 9.988001757654073 4
    endloop
  endfacet
  facet normal 0.903989293123444 0.4275550934302808 0
    outer loop
      vertex 18.686236985291906 9.988001757654073 4.090234375
      vertex 19.575253016631496 8.108335286373608 4.066796875
      vertex 19.575253016631496 8.108335286373608 4
    endloop
  endfacet
  facet normal 0.9039892931234439 0.42755509343028086 0
    outer loop
      vertex 18.686236985291906 9.988001757654073 4.090234375
      vertex 18.686236985291906 9.988001757654073 4.144140625
      vertex 19.575253016631496 8.108335286373608 4.066796875
    endloop
  endfacet
  facet normal 0.903989293123444 0.4275550934302808 0
    outer loop
      vertex 18.686236985291906 9.988001757654073 4.144140625
      vertex 18.686236985291906 9.988001757654073 4.27890625
      vertex 19.575253016631496 8.108335286373608 4.120703125
    endloop
  endfacet
  facet normal 0.9039892931234439 0.42755509343028075 0
    outer loop
      vertex 18.686236985291906 9.988001757654073 4.144140625
      vertex 19.575253016631496 8.108335286373608 4.120703125
      vertex 19.575253016631496 8.108335286373608 4.066796875
    endloop
  endfacet
  facet normal 0.903989293123444 0.4275550934302808 0
    outer loop
      vertex 18.686236985291906 9.988001757654073 4.27890625
      vertex 19.575253016631496 8.108335286373608 4.25546875
      vertex 19.575253016631496 8.108335286373608 4.120703125
    endloop
  endfacet
  facet normal 0.941544065183021 0.3368898533922195 0
    outer loop
      vertex 20.275748660499122 6.150581113818423 4.23203125
      vertex 19.575253016631496 8.108335286373608 4.25546875
      vertex 19.575253016631496 8.108335286373608 5.03125
    endloop
  endfacet
  facet normal 0.941544065183021 0.33688985339221955 0
    outer loop
      vertex 20.275748660499122 6.150581113818423 4.23203125
      vertex 19.575253016631496 8.108335286373608 5.03125
      vertex 20.275748660499122 6.150581113818423 5.0078125
    endloop
  endfacet
  facet normal 0.9039892931234439 0.4275550934302808 0
    outer loop
      vertex 18.686236985291906 9.988001757654073 4.27890625
      vertex 18.686236985291906 9.988001757654073 5.0546875
      vertex 19.575253016631496 8.108335286373608 4.25546875
    endloop
  endfacet
  facet normal 0.9039892931234439 0.4275550934302808 0
    outer loop
      vertex 19.575253016631496 8.108335286373608 4.25546875
      vertex 18.686236985291906 9.988001757654073 5.0546875
      vertex 19.575253016631496 8.108335286373608 5.03125
    endloop
  endfacet
  facet normal 0.671558954847018 0.7409511253549594 0
    outer loop
      vertex 13.44158909527899 16.37862370210235 4.04921875
      vertex 14.982250027639239 14.982250027639239 4.02578125
      vertex 14.982250027639239 14.982250027639239 4
    endloop
  endfacet
  facet normal 0.7409511253549593 0.6715589548470181 0
    outer loop
      vertex 14.982250027639239 14.982250027639239 4.02578125
      vertex 16.37862370210235 13.44158909527899 4
      vertex 14.982250027639239 14.982250027639239 4
    endloop
  endfacet
  facet normal 0.6715589548470182 0.7409511253549594 0
    outer loop
      vertex 13.44158909527899 16.37862370210235 4.183984375
      vertex 14.982250027639239 14.982250027639239 4.160546875
      vertex 14.982250027639239 14.982250027639239 4.02578125
    endloop
  endfacet
  facet normal 0.6715589548470181 0.7409511253549593 0
    outer loop
      vertex 13.44158909527899 16.37862370210235 4.237890625
      vertex 14.982250027639239 14.982250027639239 4.214453125
      vertex 14.982250027639239 14.982250027639239 4.160546875
    endloop
  endfacet
  facet normal 0.6715589548470182 0.7409511253549594 0
    outer loop
      vertex 13.44158909527899 16.37862370210235 4.37265625
      vertex 14.982250027639239 14.982250027639239 4.34921875
      vertex 14.982250027639239 14.982250027639239 4.214453125
    endloop
  endfacet
  facet normal 0.7409511253549594 0.6715589548470182 0
    outer loop
      vertex 16.37862370210235 13.44158909527899 4.00234375
      vertex 14.982250027639239 14.982250027639239 4.02578125
      vertex 14.982250027639239 14.982250027639239 4.160546875
    endloop
  endfacet
  facet normal 0.7409511253549593 0.6715589548470181 0
    outer loop
      vertex 16.37862370210235 13.44158909527899 4.137109375
      vertex 14.982250027639239 14.982250027639239 4.160546875
      vertex 14.982250027639239 14.982250027639239 4.214453125
    endloop
  endfacet
  facet normal 0.7409511253549594 0.6715589548470182 0
    outer loop
      vertex 16.37862370210235 13.44158909527899 4.191015625
      vertex 14.982250027639239 14.982250027639239 4.214453125
      vertex 14.982250027639239 14.982250027639239 4.34921875
    endloop
  endfacet
  facet normal 0.7409511253549593 0.671558954847018 0
    outer loop
      vertex 16.37862370210235 13.44158909527899 4.32578125
      vertex 14.982250027639239 14.982250027639239 4.34921875
      vertex 14.982250027639239 14.982250027639239 5.125
    endloop
  endfacet
  facet normal 0.6715589548470181 0.7409511253549593 0
    outer loop
      vertex 14.982250027639239 14.982250027639239 4.34921875
      vertex 13.44158909527899 16.37862370210235 5.1484375
      vertex 14.982250027639239 14.982250027639239 5.125
    endloop
  endfacet
  facet normal 0.595699304492433 0.803207531480645 0
    outer loop
      vertex 13.44158909527899 16.37862370210235 4.04921875
      vertex 13.44158909527899 16.37862370210235 4
      vertex 11.77147831201117 17.617262276847743 4.07265625
    endloop
  endfacet
  facet normal 0.6715589548470181 0.7409511253549594 0
    outer loop
      vertex 13.44158909527899 16.37862370210235 4.04921875
      vertex 14.982250027639239 14.982250027639239 4
      vertex 13.44158909527899 16.37862370210235 4
    endloop
  endfacet
  facet normal 0.5956993044924329 0.803207531480645 0
    outer loop
      vertex 13.44158909527899 16.37862370210235 4.04921875
      vertex 11.77147831201117 17.617262276847743 4.207421875
      vertex 13.44158909527899 16.37862370210235 4.183984375
    endloop
  endfacet
  facet normal 0.595699304492433 0.8032075314806453 0
    outer loop
      vertex 13.44158909527899 16.37862370210235 4.183984375
      vertex 11.77147831201117 17.617262276847743 4.261328125
      vertex 13.44158909527899 16.37862370210235 4.237890625
    endloop
  endfacet
  facet normal 0.5956993044924329 0.803207531480645 0
    outer loop
      vertex 13.44158909527899 16.37862370210235 4.237890625
      vertex 11.77147831201117 17.617262276847743 4.39609375
      vertex 13.44158909527899 16.37862370210235 4.37265625
    endloop
  endfacet
  facet normal 0.6715589548470182 0.7409511253549594 0
    outer loop
      vertex 13.44158909527899 16.37862370210235 4.04921875
      vertex 13.44158909527899 16.37862370210235 4.183984375
      vertex 14.982250027639239 14.982250027639239 4.02578125
    endloop
  endfacet
  facet normal 0.6715589548470181 0.7409511253549593 0
    outer loop
      vertex 13.44158909527899 16.37862370210235 4.183984375
      vertex 13.44158909527899 16.37862370210235 4.237890625
      vertex 14.982250027639239 14.982250027639239 4.160546875
    endloop
  endfacet
  facet normal 0.6715589548470182 0.7409511253549594 0
    outer loop
      vertex 13.44158909527899 16.37862370210235 4.237890625
      vertex 13.44158909527899 16.37862370210235 4.37265625
      vertex 14.982250027639239 14.982250027639239 4.214453125
    endloop
  endfacet
  facet normal 0.6715589548470181 0.7409511253549593 0
    outer loop
      vertex 13.44158909527899 16.37862370210235 4.37265625
      vertex 13.44158909527899 16.37862370210235 5.1484375
      vertex 14.982250027639239 14.982250027639239 4.34921875
    endloop
  endfacet
  facet normal 0.595699304492433 0.803207531480645 0
    outer loop
      vertex 13.44158909527899 16.37862370210235 4.37265625
      vertex 11.77147831201117 17.617262276847743 5.171875
      vertex 13.44158909527899 16.37862370210235 5.1484375
    endloop
  endfacet
  facet normal 0.7409511253549593 0.6715589548470181 0
    outer loop
      vertex 16.37862370210235 13.44158909527899 4.00234375
      vertex 16.37862370210235 13.44158909527899 4
      vertex 14.982250027639239 14.982250027639239 4.02578125
    endloop
  endfacet
  facet normal 0.8032075314806453 0.595699304492433 0
    outer loop
      vertex 16.37862370210235 13.44158909527899 4.00234375
      vertex 17.617262276847743 11.77147831201117 4
      vertex 16.37862370210235 13.44158909527899 4
    endloop
  endfacet
  facet normal 0.803207531480645 0.5956993044924329 0
    outer loop
      vertex 16.37862370210235 13.44158909527899 4.00234375
      vertex 16.37862370210235 13.44158909527899 4.137109375
      vertex 17.617262276847743 11.77147831201117 4
    endloop
  endfacet
  facet normal 0.7409511253549594 0.6715589548470182 0
    outer loop
      vertex 16.37862370210235 13.44158909527899 4.00234375
      vertex 14.982250027639239 14.982250027639239 4.160546875
      vertex 16.37862370210235 13.44158909527899 4.137109375
    endloop
  endfacet
  facet normal 0.7409511253549593 0.6715589548470181 0
    outer loop
      vertex 16.37862370210235 13.44158909527899 4.137109375
      vertex 14.982250027639239 14.982250027639239 4.214453125
      vertex 16.37862370210235 13.44158909527899 4.191015625
    endloop
  endfacet
  facet normal 0.7409511253549594 0.6715589548470182 0
    outer loop
      vertex 16.37862370210235 13.44158909527899 4.191015625
      vertex 14.982250027639239 14.982250027639239 4.34921875
      vertex 16.37862370210235 13.44158909527899 4.32578125
    endloop
  endfacet
  facet normal 0.8032075314806453 0.595699304492433 0
    outer loop
      vertex 16.37862370210235 13.44158909527899 4.137109375
      vertex 16.37862370210235 13.44158909527899 4.191015625
      vertex 17.617262276847743 11.77147831201117 4.113671875
    endloop
  endfacet
  facet normal 0.803207531480645 0.5956993044924329 0
    outer loop
      vertex 16.37862370210235 13.44158909527899 4.191015625
      vertex 16.37862370210235 13.44158909527899 4.32578125
      vertex 17.617262276847743 11.77147831201117 4.167578125
    endloop
  endfacet
  facet normal 0.803207531480645 0.595699304492433 0
    outer loop
      vertex 16.37862370210235 13.44158909527899 4.32578125
      vertex 16.37862370210235 13.44158909527899 5.1015625
      vertex 17.617262276847743 11.77147831201117 4.30234375
    endloop
  endfacet
  facet normal 0.7409511253549593 0.6715589548470181 0
    outer loop
      vertex 16.37862370210235 13.44158909527899 4.32578125
      vertex 14.982250027639239 14.982250027639239 5.125
      vertex 16.37862370210235 13.44158909527899 5.1015625
    endloop
  endfacet
  facet normal 0 0 1
    outer loop
      vertex 1.5859832104091138 1.9325261334068424 10
      vertex 1.7677669529663689 1.7677669529663689 10
      vertex 14.982250027639239 14.982250027639239 10
    endloop
  endfacet
  facet normal 0 0 1
    outer loop
      vertex 0 2.5 10
      vertex 0.24504285082390156 2.4879618166804924 10
      vertex 0 21.18810118395209 10
    endloop
  endfacet
  facet normal 0 0 1
    outer loop
      vertex 0.24504285082390156 2.4879618166804924 10
      vertex 0.4877258050403207 2.451963201008076 10
      vertex 4.133593482887521 20.780977760914467 10
    endloop
  endfacet
  facet normal 0 0 1
    outer loop
      vertex 0.4877258050403207 2.451963201008076 10
      vertex 0.7257116931361558 2.392350839330522 10
      vertex 6.150581113818423 20.275748660499122 10
    endloop
  endfacet
  facet normal 0 0 1
    outer loop
      vertex 0.9567085809127245 2.309698831278217 10
      vertex 1.1784918420649944 2.204803160870888 10
      vertex 9.988001757654073 18.686236985291906 10
    endloop
  endfacet
  facet normal 0 0 1
    outer loop
      vertex 0.7257116931361558 2.392350839330522 10
      vertex 0.9567085809127245 2.309698831278217 10
      vertex 8.108335286373608 19.575253016631496 10
    endloop
  endfacet
  facet normal 0 0 1
    outer loop
      vertex 1.1784918420649944 2.204803160870888 10
      vertex 1.3889255825490054 2.078674030756363 10
      vertex 11.77147831201117 17.617262276847743 10
    endloop
  endfacet
  facet normal 0 0 1
    outer loop
      vertex 1.5859832104091138 1.9325261334068424 10
      vertex 13.44158909527899 16.37862370210235 10
      vertex 1.3889255825490054 2.078674030756363 10
    endloop
  endfacet
  facet normal 0 0 1
    outer loop
      vertex 2.5 0 10
      vertex 21.18810118395209 0 10
      vertex 2.4879618166804924 0.2450428508239015 10
    endloop
  endfacet
  facet normal 0 0 1
    outer loop
      vertex 2.4879618166804924 0.2450428508239015 10
      vertex 20.780977760914467 4.133593482887521 10
      vertex 2.451963201008076 0.4877258050403206 10
    endloop
  endfacet
  facet normal 0 0 1
    outer loop
      vertex 2.451963201008076 0.4877258050403206 10
      vertex 20.275748660499122 6.150581113818423 10
      vertex 2.392350839330522 0.7257116931361558 10
    endloop
  endfacet
  facet normal 0 0 1
    outer loop
      vertex 2.309698831278217 0.9567085809127245 10
      vertex 18.686236985291906 9.988001757654073 10
      vertex 2.204803160870888 1.1784918420649941 10
    endloop
  endfacet
  facet normal 0 0 1
    outer loop
      vertex 1.9325261334068424 1.5859832104091136 10
      vertex 16.37862370210235 13.44158909527899 10
      vertex 1.7677669529663689 1.7677669529663689 10
    endloop
  endfacet
  facet normal 0 0 1
    outer loop
      vertex 1.9325261334068424 1.5859832104091136 10
      vertex 2.078674030756363 1.3889255825490054 10
      vertex 16.37862370210235 13.44158909527899 10
    endloop
  endfacet
  facet normal 0 0 1
    outer loop
      vertex 2.204803160870888 1.1784918420649941 10
      vertex 17.617262276847743 11.77147831201117 10
      vertex 2.078674030756363 1.3889255825490054 10
    endloop
  endfacet
  facet normal 0 0 1
    outer loop
      vertex 2.392350839330522 0.7257116931361558 10
      vertex 19.575253016631496 8.108335286373608 10
      vertex 2.309698831278217 0.9567085809127245 10
    endloop
  endfacet
  facet normal 0 0 1
    outer loop
      vertex 1.3889255825490054 2.078674030756363 10
      vertex 13.44158909527899 16.37862370210235 10
      vertex 11.77147831201117 17.617262276847743 10
    endloop
  endfacet
  facet normal 0 0 1
    outer loop
      vertex 2.078674030756363 1.3889255825490054 10
      vertex 17.617262276847743 11.77147831201117 10
      vertex 16.37862370210235 13.44158909527899 10
    endloop
  endfacet
  facet normal 0 0 1
    outer loop
      vertex 1.5859832104091138 1.9325261334068424 10
      vertex 14.982250027639239 14.982250027639239 10
      vertex 13.44158909527899 16.37862370210235 10
    endloop
  endfacet
  facet normal 0 0 1
    outer loop
      vertex 1.7677669529663689 1.7677669529663689 10
      vertex 16.37862370210235 13.44158909527899 10
      vertex 14.982250027639239 14.982250027639239 10
    endloop
  endfacet
  facet normal 0.049067674327417994 0.9987954562051724 0
    outer loop
      vertex 2.076797087064361 21.08607468545421 4.51328125
      vertex 0 21.18810118395209 5.3125
      vertex 2.076797087064361 21.08607468545421 5.2890625
    endloop
  endfacet
  facet normal 0.014788358551411277 0.49994532312327794 -0.8659307006559568
    outer loop
      vertex 0 21.18810118395209 5.3125
      vertex 0 22 5.78125
      vertex 2.076797087064361 21.08607468545421 5.2890625
    endloop
  endfacet
  facet normal 0.015187221697590283 0.5006337344832065 -0.8655259743037793
    outer loop
      vertex 2.076797087064361 21.08607468545421 5.2890625
      vertex 0 22 5.78125
      vertex 2.156377087250333 21.894063986788332 5.7578125
    endloop
  endfacet
  facet normal 0.06372035945659875 0.4960884371281047 -0.8659307006559569
    outer loop
      vertex 2.076797087064361 21.08607468545421 5.2890625
      vertex 2.156377087250333 21.894063986788332 5.7578125
      vertex 4.133593482887521 20.780977760914467 5.265625
    endloop
  endfacet
  facet normal 0.03395659593252576 0.49971165425490005 0.8655259743037793
    outer loop
      vertex 0 22 5.96875
      vertex 0 21.18810118395209 6.4375
      vertex 2.156377087250333 21.894063986788332 5.9453125
    endloop
  endfacet
  facet normal 0.1467304744553622 0.9891765099647809 0
    outer loop
      vertex 2.156377087250333 21.894063986788332 5.7578125
      vertex 2.156377087250333 21.894063986788332 5.9453125
      vertex 4.291987084354822 21.57727616887107 5.734375
    endloop
  endfacet
  facet normal 0.08277339298124858 0.4939770776259413 0.8655259743037793
    outer loop
      vertex 2.156377087250333 21.894063986788332 5.9453125
      vertex 2.076797087064361 21.08607468545421 6.4140625
      vertex 4.291987084354822 21.57727616887107 5.921875
    endloop
  endfacet
  facet normal 0.04906767432741779 0.9987954562051724 0
    outer loop
      vertex 0 22 5.78125
      vertex 0 22 5.96875
      vertex 2.156377087250333 21.894063986788332 5.7578125
    endloop
  endfacet
  facet normal 0.04906767432741779 0.9987954562051724 0
    outer loop
      vertex 2.156377087250333 21.894063986788332 5.7578125
      vertex 0 22 5.96875
      vertex 2.156377087250333 21.894063986788332 5.9453125
    endloop
  endfacet
  facet normal 0.14673047445536222 0.9891765099647808 0
    outer loop
      vertex 4.133593482887521 20.780977760914467 4.48984375
      vertex 2.076797087064361 21.08607468545421 5.2890625
      vertex 4.133593482887521 20.780977760914467 5.265625
    endloop
  endfacet
  facet normal 0.0641847780805792 0.4967344381742021 -0.8655259743037794
    outer loop
      vertex 4.133593482887521 20.780977760914467 5.265625
      vertex 2.156377087250333 21.894063986788332 5.7578125
      vertex 4.291987084354822 21.57727616887107 5.734375
    endloop
  endfacet
  facet normal 0.11203869846712718 0.4874539482938626 -0.8659307006559569
    outer loop
      vertex 4.133593482887521 20.780977760914467 5.265625
      vertex 4.291987084354822 21.57727616887107 5.734375
      vertex 6.150581113818423 20.275748660499122 5.2421875
    endloop
  endfacet
  facet normal 0.11256419996368275 0.48805131768291443 -0.8655259743037798
    outer loop
      vertex 6.150581113818423 20.275748660499122 5.2421875
      vertex 4.291987084354822 21.57727616887107 5.734375
      vertex 6.386262899598171 21.052687386108595 5.7109375
    endloop
  endfacet
  facet normal 0.1467304744553622 0.9891765099647809 0
    outer loop
      vertex 2.156377087250333 21.894063986788332 5.9453125
      vertex 4.291987084354822 21.57727616887107 5.921875
      vertex 4.291987084354822 21.57727616887107 5.734375
    endloop
  endfacet
  facet normal 0.08303028969002836 0.4932240795576322 0.8659307006559569
    outer loop
      vertex 4.291987084354822 21.57727616887107 5.921875
      vertex 2.076797087064361 21.08607468545421 6.4140625
      vertex 4.133593482887521 20.780977760914467 6.390625
    endloop
  endfacet
  facet normal 0.24298017990326395 0.970031253194544 0
    outer loop
      vertex 4.291987084354822 21.57727616887107 5.734375
      vertex 4.291987084354822 21.57727616887107 5.921875
      vertex 6.386262899598171 21.052687386108595 5.7109375
    endloop
  endfacet
  facet normal 0.24298017990326395 0.970031253194544 0
    outer loop
      vertex 4.291987084354822 21.57727616887107 5.921875
      vertex 6.386262899598171 21.052687386108595 5.8984375
      vertex 6.386262899598171 21.052687386108595 5.7109375
    endloop
  endfacet
  facet normal 0.1307930370070222 0.4834852317041061 0.8655259743037795
    outer loop
      vertex 4.291987084354822 21.57727616887107 5.921875
      vertex 4.133593482887521 20.780977760914467 6.390625
      vertex 6.386262899598171 21.052687386108595 5.8984375
    endloop
  endfacet
  facet normal 0.13097488997060291 0.4827106792465562 0.8659307006559571
    outer loop
      vertex 4.133593482887521 20.780977760914467 6.390625
      vertex 6.150581113818423 20.275748660499122 6.3671875
      vertex 6.386262899598171 21.052687386108595 5.8984375
    endloop
  endfacet
  facet normal 0.049067674327417994 0.9987954562051724 0
    outer loop
      vertex 0 21.18810118395209 6.4375
      vertex 0 21.18810118395209 6.8125
      vertex 2.076797087064361 21.08607468545421 6.4140625
    endloop
  endfacet
  facet normal 0.03428606233076516 0.49898746235885977 0.8659307006559569
    outer loop
      vertex 2.156377087250333 21.894063986788332 5.9453125
      vertex 0 21.18810118395209 6.4375
      vertex 2.076797087064361 21.08607468545421 6.4140625
    endloop
  endfacet
  facet normal 0.049067674327417994 0.9987954562051724 0
    outer loop
      vertex 2.076797087064361 21.08607468545421 6.4140625
      vertex 0 21.18810118395209 6.8125
      vertex 2.076797087064361 21.08607468545421 6.7890625
    endloop
  endfacet
  facet normal 0.14673047445536225 0.9891765099647809 0
    outer loop
      vertex 2.076797087064361 21.08607468545421 6.4140625
      vertex 2.076797087064361 21.08607468545421 6.7890625
      vertex 4.133593482887521 20.780977760914467 6.390625
    endloop
  endfacet
  facet normal 0.014788358551411277 0.49994532312327794 -0.8659307006559568
    outer loop
      vertex 0 21.18810118395209 6.8125
      vertex 0 22 7.28125
      vertex 2.076797087064361 21.08607468545421 6.7890625
    endloop
  endfacet
  facet normal 0.015187221697590283 0.5006337344832065 -0.8655259743037793
    outer loop
      vertex 2.076797087064361 21.08607468545421 6.7890625
      vertex 0 22 7.28125
      vertex 2.156377087250333 21.894063986788332 7.2578125
    endloop
  endfacet
  facet normal 0.06372035945659875 0.4960884371281047 -0.8659307006559569
    outer loop
      vertex 2.076797087064361 21.08607468545421 6.7890625
      vertex 2.156377087250333 21.894063986788332 7.2578125
      vertex 4.133593482887521 20.780977760914467 6.765625
    endloop
  endfacet
  facet normal 0.1467304744553622 0.9891765099647809 0
    outer loop
      vertex 2.156377087250333 21.894063986788332 7.2578125
      vertex 2.156377087250333 21.894063986788332 7.4453125
      vertex 4.291987084354822 21.57727616887107 7.234375
    endloop
  endfacet
  facet normal 0.04906767432741779 0.9987954562051724 0
    outer loop
      vertex 0 22 7.28125
      vertex 0 22 7.46875
      vertex 2.156377087250333 21.894063986788332 7.2578125
    endloop
  endfacet
  facet normal 0.04906767432741779 0.9987954562051724 0
    outer loop
      vertex 2.156377087250333 21.894063986788332 7.2578125
      vertex 0 22 7.46875
      vertex 2.156377087250333 21.894063986788332 7.4453125
    endloop
  endfacet
  facet normal 0.14673047445536225 0.9891765099647809 0
    outer loop
      vertex 2.076797087064361 21.08607468545421 6.7890625
      vertex 4.133593482887521 20.780977760914467 6.765625
      vertex 4.133593482887521 20.780977760914467 6.390625
    endloop
  endfacet
  facet normal 0.24298017990326434 0.9700312531945438 0
    outer loop
      vertex 4.133593482887521 20.780977760914467 6.390625
      vertex 4.133593482887521 20.780977760914467 6.765625
      vertex 6.150581113818423 20.275748660499122 6.3671875
    endloop
  endfacet
  facet normal 0.24298017990326434 0.9700312531945438 0
    outer loop
      vertex 4.133593482887521 20.780977760914467 6.765625
      vertex 6.150581113818423 20.275748660499122 6.7421875
      vertex 6.150581113818423 20.275748660499122 6.3671875
    endloop
  endfacet
  facet normal 0.0641847780805792 0.4967344381742021 -0.8655259743037794
    outer loop
      vertex 4.133593482887521 20.780977760914467 6.765625
      vertex 2.156377087250333 21.894063986788332 7.2578125
      vertex 4.291987084354822 21.57727616887107 7.234375
    endloop
  endfacet
  facet normal 0.1467304744553622 0.9891765099647809 0
    outer loop
      vertex 2.156377087250333 21.894063986788332 7.4453125
      vertex 4.291987084354822 21.57727616887107 7.421875
      vertex 4.291987084354822 21.57727616887107 7.234375
    endloop
  endfacet
  facet normal 0.11203869846712718 0.4874539482938626 -0.8659307006559569
    outer loop
      vertex 4.133593482887521 20.780977760914467 6.765625
      vertex 4.291987084354822 21.57727616887107 7.234375
      vertex 6.150581113818423 20.275748660499122 6.7421875
    endloop
  endfacet
  facet normal 0.11256419996368275 0.48805131768291443 -0.8655259743037798
    outer loop
      vertex 6.150581113818423 20.275748660499122 6.7421875
      vertex 4.291987084354822 21.57727616887107 7.234375
      vertex 6.386262899598171 21.052687386108595 7.2109375
    endloop
  endfacet
  facet normal 0.24298017990326395 0.970031253194544 0
    outer loop
      vertex 4.291987084354822 21.57727616887107 7.234375
      vertex 4.291987084354822 21.57727616887107 7.421875
      vertex 6.386262899598171 21.052687386108595 7.2109375
    endloop
  endfacet
  facet normal 0.24298017990326395 0.970031253194544 0
    outer loop
      vertex 4.291987084354822 21.57727616887107 7.421875
      vertex 6.386262899598171 21.052687386108595 7.3984375
      vertex 6.386262899598171 21.052687386108595 7.2109375
    endloop
  endfacet
  facet normal 0.24871476178303026 0.4339412275097799 -0.8659307006559566
    outer loop
      vertex 9.988001757654073 18.686236985291906 5.1953125
      vertex 10.370728210171949 19.402267815663812 5.6640625
      vertex 11.77147831201117 17.617262276847743 5.171875
    endloop
  endfacet
  facet normal 0.24939104254187489 0.4343603293411711 -0.8655259743037792
    outer loop
      vertex 10.370728210171949 19.402267815663812 5.6640625
      vertex 12.222545126431248 18.292331470655995 5.640625
      vertex 11.77147831201117 17.617262276847743 5.171875
    endloop
  endfacet
  facet normal 0.2900508104159928 0.40747337218339785 -0.8659307006559566
    outer loop
      vertex 13.44158909527899 16.37862370210235 5.1484375
      vertex 11.77147831201117 17.617262276847743 5.171875
      vertex 12.222545126431248 18.292331470655995 5.640625
    endloop
  endfacet
  facet normal 0.5141027441932228 0.8577286100002716 0
    outer loop
      vertex 10.370728210171949 19.402267815663812 5.8515625
      vertex 12.222545126431248 18.292331470655995 5.828125
      vertex 12.222545126431248 18.292331470655995 5.640625
    endloop
  endfacet
  facet normal 0.2654586689133275 0.42390531579616736 0.8659307006559567
    outer loop
      vertex 9.988001757654073 18.686236985291906 6.3203125
      vertex 11.77147831201117 17.617262276847743 6.296875
      vertex 12.222545126431248 18.292331470655995 5.828125
    endloop
  endfacet
  facet normal 0.5141027441932228 0.8577286100002715 0
    outer loop
      vertex 9.988001757654073 18.686236985291906 6.3203125
      vertex 9.988001757654073 18.686236985291906 6.6953125
      vertex 11.77147831201117 17.617262276847743 6.296875
    endloop
  endfacet
  facet normal 0.24871476178303026 0.4339412275097799 -0.8659307006559566
    outer loop
      vertex 9.988001757654073 18.686236985291906 6.6953125
      vertex 10.370728210171949 19.402267815663812 7.1640625
      vertex 11.77147831201117 17.617262276847743 6.671875
    endloop
  endfacet
  facet normal 0.5141027441932228 0.8577286100002715 0
    outer loop
      vertex 9.988001757654073 18.686236985291906 6.6953125
      vertex 11.77147831201117 17.617262276847743 6.671875
      vertex 11.77147831201117 17.617262276847743 6.296875
    endloop
  endfacet
  facet normal 0.595699304492433 0.8032075314806452 0
    outer loop
      vertex 13.44158909527899 16.37862370210235 6.2734375
      vertex 11.77147831201117 17.617262276847743 6.296875
      vertex 11.77147831201117 17.617262276847743 6.671875
    endloop
  endfacet
  facet normal 0.2900508104159928 0.40747337218339785 -0.8659307006559566
    outer loop
      vertex 13.44158909527899 16.37862370210235 6.6484375
      vertex 11.77147831201117 17.617262276847743 6.671875
      vertex 12.222545126431248 18.292331470655995 7.140625
    endloop
  endfacet
  facet normal 0.24939104254187483 0.434360329341171 -0.8655259743037791
    outer loop
      vertex 11.77147831201117 17.617262276847743 6.671875
      vertex 10.370728210171949 19.402267815663812 7.1640625
      vertex 12.222545126431248 18.292331470655995 7.140625
    endloop
  endfacet
  facet normal 0.5141027441932228 0.8577286100002716 0
    outer loop
      vertex 10.370728210171949 19.402267815663812 7.3515625
      vertex 12.222545126431248 18.292331470655995 7.328125
      vertex 12.222545126431248 18.292331470655995 7.140625
    endloop
  endfacet
  facet normal 0.1592780435648339 0.4741250114681169 -0.8659307006559571
    outer loop
      vertex 6.150581113818423 20.275748660499122 5.2421875
      vertex 6.386262899598171 21.052687386108595 5.7109375
      vertex 8.108335286373608 19.575253016631496 5.21875
    endloop
  endfacet
  facet normal 0.15985956706728555 0.4746679962063523 -0.8655259743037794
    outer loop
      vertex 8.108335286373608 19.575253016631496 5.21875
      vertex 6.386262899598171 21.052687386108595 5.7109375
      vertex 8.419035512031975 20.325349715248308 5.6875
    endloop
  endfacet
  facet normal 0.20498345403277632 0.45622999159883865 -0.8659307006559568
    outer loop
      vertex 8.108335286373608 19.575253016631496 5.21875
      vertex 8.419035512031975 20.325349715248308 5.6875
      vertex 9.988001757654073 18.686236985291906 5.1953125
    endloop
  endfacet
  facet normal 0.17765813046260243 0.4675485112178379 0.8659307006559568
    outer loop
      vertex 8.419035512031975 20.325349715248308 5.875
      vertex 6.150581113818423 20.275748660499122 6.3671875
      vertex 8.108335286373608 19.575253016631496 6.34375
    endloop
  endfacet
  facet normal 0.3368898533922201 0.9415440651830208 0
    outer loop
      vertex 6.386262899598171 21.052687386108595 5.7109375
      vertex 6.386262899598171 21.052687386108595 5.8984375
      vertex 8.419035512031975 20.325349715248308 5.6875
    endloop
  endfacet
  facet normal 0.3368898533922201 0.9415440651830208 0
    outer loop
      vertex 6.386262899598171 21.052687386108595 5.8984375
      vertex 8.419035512031975 20.325349715248308 5.875
      vertex 8.419035512031975 20.325349715248308 5.6875
    endloop
  endfacet
  facet normal 0.17755307258767122 0.46833715870104753 0.8655259743037796
    outer loop
      vertex 6.386262899598171 21.052687386108595 5.8984375
      vertex 6.150581113818423 20.275748660499122 6.3671875
      vertex 8.419035512031975 20.325349715248308 5.875
    endloop
  endfacet
  facet normal 0.4275550934302811 0.9039892931234438 0
    outer loop
      vertex 8.419035512031975 20.325349715248308 5.6875
      vertex 8.419035512031975 20.325349715248308 5.875
      vertex 10.370728210171949 19.402267815663812 5.6640625
    endloop
  endfacet
  facet normal 0.22260317501891833 0.44867874284056564 0.8655259743037794
    outer loop
      vertex 10.370728210171949 19.402267815663812 5.8515625
      vertex 8.419035512031975 20.325349715248308 5.875
      vertex 8.108335286373608 19.575253016631496 6.34375
    endloop
  endfacet
  facet normal 0.20561539915190122 0.4567133624464016 -0.8655259743037791
    outer loop
      vertex 9.988001757654073 18.686236985291906 5.1953125
      vertex 8.419035512031975 20.325349715248308 5.6875
      vertex 10.370728210171949 19.402267815663812 5.6640625
    endloop
  endfacet
  facet normal 0.4275550934302811 0.9039892931234438 0
    outer loop
      vertex 10.370728210171949 19.402267815663812 5.6640625
      vertex 8.419035512031975 20.325349715248308 5.875
      vertex 10.370728210171949 19.402267815663812 5.8515625
    endloop
  endfacet
  facet normal 0.22263042604043418 0.44788359543807665 0.8659307006559567
    outer loop
      vertex 10.370728210171949 19.402267815663812 5.8515625
      vertex 8.108335286373608 19.575253016631496 6.34375
      vertex 9.988001757654073 18.686236985291906 6.3203125
    endloop
  endfacet
  facet normal 0.26550948718746115 0.4246993054137779 0.8655259743037793
    outer loop
      vertex 10.370728210171949 19.402267815663812 5.8515625
      vertex 9.988001757654073 18.686236985291906 6.3203125
      vertex 12.222545126431248 18.292331470655995 5.828125
    endloop
  endfacet
  facet normal 0.5141027441932228 0.8577286100002716 0
    outer loop
      vertex 10.370728210171949 19.402267815663812 5.6640625
      vertex 10.370728210171949 19.402267815663812 5.8515625
      vertex 12.222545126431248 18.292331470655995 5.640625
    endloop
  endfacet
  facet normal 0.3368898533922195 0.9415440651830209 0
    outer loop
      vertex 6.150581113818423 20.275748660499122 6.3671875
      vertex 6.150581113818423 20.275748660499122 6.7421875
      vertex 8.108335286373608 19.575253016631496 6.34375
    endloop
  endfacet
  facet normal 0.3368898533922195 0.9415440651830209 0
    outer loop
      vertex 8.108335286373608 19.575253016631496 6.34375
      vertex 6.150581113818423 20.275748660499122 6.7421875
      vertex 8.108335286373608 19.575253016631496 6.71875
    endloop
  endfacet
  facet normal 0.4275550934302808 0.9039892931234439 0
    outer loop
      vertex 8.108335286373608 19.575253016631496 6.34375
      vertex 8.108335286373608 19.575253016631496 6.71875
      vertex 9.988001757654073 18.686236985291906 6.3203125
    endloop
  endfacet
  facet normal 0.4275550934302808 0.9039892931234439 0
    outer loop
      vertex 8.108335286373608 19.575253016631496 6.71875
      vertex 9.988001757654073 18.686236985291906 6.6953125
      vertex 9.988001757654073 18.686236985291906 6.3203125
    endloop
  endfacet
  facet normal 0.20498345403277632 0.45622999159883865 -0.8659307006559568
    outer loop
      vertex 8.108335286373608 19.575253016631496 6.71875
      vertex 8.419035512031975 20.325349715248308 7.1875
      vertex 9.988001757654073 18.686236985291906 6.6953125
    endloop
  endfacet
  facet normal 0.1592780435648339 0.4741250114681169 -0.8659307006559571
    outer loop
      vertex 6.150581113818423 20.275748660499122 6.7421875
      vertex 6.386262899598171 21.052687386108595 7.2109375
      vertex 8.108335286373608 19.575253016631496 6.71875
    endloop
  endfacet
  facet normal 0.15985956706728555 0.4746679962063523 -0.8655259743037794
    outer loop
      vertex 8.108335286373608 19.575253016631496 6.71875
      vertex 6.386262899598171 21.052687386108595 7.2109375
      vertex 8.419035512031975 20.325349715248308 7.1875
    endloop
  endfacet
  facet normal 0.3368898533922201 0.9415440651830208 0
    outer loop
      vertex 6.386262899598171 21.052687386108595 7.2109375
      vertex 6.386262899598171 21.052687386108595 7.3984375
      vertex 8.419035512031975 20.325349715248308 7.1875
    endloop
  endfacet
  facet normal 0.3368898533922201 0.9415440651830208 0
    outer loop
      vertex 6.386262899598171 21.052687386108595 7.3984375
      vertex 8.419035512031975 20.325349715248308 7.375
      vertex 8.419035512031975 20.325349715248308 7.1875
    endloop
  endfacet
  facet normal 0.4275550934302811 0.9039892931234438 0
    outer loop
      vertex 8.419035512031975 20.325349715248308 7.1875
      vertex 8.419035512031975 20.325349715248308 7.375
      vertex 10.370728210171949 19.402267815663812 7.1640625
    endloop
  endfacet
  facet normal 0.20561539915190122 0.4567133624464016 -0.8655259743037791
    outer loop
      vertex 9.988001757654073 18.686236985291906 6.6953125
      vertex 8.419035512031975 20.325349715248308 7.1875
      vertex 10.370728210171949 19.402267815663812 7.1640625
    endloop
  endfacet
  facet normal 0.4275550934302811 0.9039892931234438 0
    outer loop
      vertex 10.370728210171949 19.402267815663812 7.1640625
      vertex 8.419035512031975 20.325349715248308 7.375
      vertex 10.370728210171949 19.402267815663812 7.3515625
    endloop
  endfacet
  facet normal 0.5141027441932228 0.8577286100002716 0
    outer loop
      vertex 10.370728210171949 19.402267815663812 7.1640625
      vertex 10.370728210171949 19.402267815663812 7.3515625
      vertex 12.222545126431248 18.292331470655995 7.140625
    endloop
  endfacet
  facet normal 0 0 1
    outer loop
      vertex 0.24504285082390156 2.4879618166804924 10
      vertex 2.076797087064361 21.08607468545421 10
      vertex 0 21.18810118395209 10
    endloop
  endfacet
  facet normal 0 0 1
    outer loop
      vertex 0.24504285082390156 2.4879618166804924 10
      vertex 4.133593482887521 20.780977760914467 10
      vertex 2.076797087064361 21.08607468545421 10
    endloop
  endfacet
  facet normal 0 0 1
    outer loop
      vertex 0.4877258050403207 2.451963201008076 10
      vertex 6.150581113818423 20.275748660499122 10
      vertex 4.133593482887521 20.780977760914467 10
    endloop
  endfacet
  facet normal 0 0 1
    outer loop
      vertex 0.7257116931361558 2.392350839330522 10
      vertex 8.108335286373608 19.575253016631496 10
      vertex 6.150581113818423 20.275748660499122 10
    endloop
  endfacet
  facet normal 0.03395659593252576 0.49971165425490005 0.8655259743037793
    outer loop
      vertex 0 22 7.46875
      vertex 0 21.18810118395209 7.9375
      vertex 2.156377087250333 21.894063986788332 7.4453125
    endloop
  endfacet
  facet normal 0.03428606233076516 0.49898746235885977 0.8659307006559569
    outer loop
      vertex 2.156377087250333 21.894063986788332 7.4453125
      vertex 0 21.18810118395209 7.9375
      vertex 2.076797087064361 21.08607468545421 7.9140625
    endloop
  endfacet
  facet normal 0.049067674327417994 0.9987954562051724 0
    outer loop
      vertex 0 21.18810118395209 7.9375
      vertex 0 21.18810118395209 8.3125
      vertex 2.076797087064361 21.08607468545421 7.9140625
    endloop
  endfacet
  facet normal 0.08277339298124858 0.4939770776259413 0.8655259743037793
    outer loop
      vertex 2.156377087250333 21.894063986788332 7.4453125
      vertex 2.076797087064361 21.08607468545421 7.9140625
      vertex 4.291987084354822 21.57727616887107 7.421875
    endloop
  endfacet
  facet normal 0.14673047445536225 0.9891765099647809 0
    outer loop
      vertex 2.076797087064361 21.08607468545421 7.9140625
      vertex 2.076797087064361 21.08607468545421 8.2890625
      vertex 4.133593482887521 20.780977760914467 7.890625
    endloop
  endfacet
  facet normal 0.049067674327417994 0.9987954562051724 0
    outer loop
      vertex 2.076797087064361 21.08607468545421 7.9140625
      vertex 0 21.18810118395209 8.3125
      vertex 2.076797087064361 21.08607468545421 8.2890625
    endloop
  endfacet
  facet normal 0.014788358551411277 0.49994532312327794 -0.8659307006559568
    outer loop
      vertex 0 21.18810118395209 8.3125
      vertex 0 22 8.78125
      vertex 2.076797087064361 21.08607468545421 8.2890625
    endloop
  endfacet
  facet normal 0.015187221697590283 0.5006337344832065 -0.8655259743037793
    outer loop
      vertex 2.076797087064361 21.08607468545421 8.2890625
      vertex 0 22 8.78125
      vertex 2.156377087250333 21.894063986788332 8.7578125
    endloop
  endfacet
  facet normal 0.06372035945659875 0.4960884371281047 -0.8659307006559569
    outer loop
      vertex 2.076797087064361 21.08607468545421 8.2890625
      vertex 2.156377087250333 21.894063986788332 8.7578125
      vertex 4.133593482887521 20.780977760914467 8.265625
    endloop
  endfacet
  facet normal 0.08303028969002836 0.4932240795576322 0.8659307006559569
    outer loop
      vertex 4.291987084354822 21.57727616887107 7.421875
      vertex 2.076797087064361 21.08607468545421 7.9140625
      vertex 4.133593482887521 20.780977760914467 7.890625
    endloop
  endfacet
  facet normal 0.1307930370070222 0.4834852317041061 0.8655259743037795
    outer loop
      vertex 4.291987084354822 21.57727616887107 7.421875
      vertex 4.133593482887521 20.780977760914467 7.890625
      vertex 6.386262899598171 21.052687386108595 7.3984375
    endloop
  endfacet
  facet normal 0.13097488997060291 0.4827106792465562 0.8659307006559571
    outer loop
      vertex 4.133593482887521 20.780977760914467 7.890625
      vertex 6.150581113818423 20.275748660499122 7.8671875
      vertex 6.386262899598171 21.052687386108595 7.3984375
    endloop
  endfacet
  facet normal 0.24298017990326434 0.9700312531945438 0
    outer loop
      vertex 4.133593482887521 20.780977760914467 7.890625
      vertex 4.133593482887521 20.780977760914467 8.265625
      vertex 6.150581113818423 20.275748660499122 7.8671875
    endloop
  endfacet
  facet normal 0.14673047445536225 0.9891765099647809 0
    outer loop
      vertex 2.076797087064361 21.08607468545421 8.2890625
      vertex 4.133593482887521 20.780977760914467 8.265625
      vertex 4.133593482887521 20.780977760914467 7.890625
    endloop
  endfacet
  facet normal 0.0641847780805792 0.4967344381742021 -0.8655259743037794
    outer loop
      vertex 4.133593482887521 20.780977760914467 8.265625
      vertex 2.156377087250333 21.894063986788332 8.7578125
      vertex 4.291987084354822 21.57727616887107 8.734375
    endloop
  endfacet
  facet normal 0.11203869846712718 0.4874539482938626 -0.8659307006559569
    outer loop
      vertex 4.133593482887521 20.780977760914467 8.265625
      vertex 4.291987084354822 21.57727616887107 8.734375
      vertex 6.150581113818423 20.275748660499122 8.2421875
    endloop
  endfacet
  facet normal 0.24298017990326434 0.9700312531945438 0
    outer loop
      vertex 4.133593482887521 20.780977760914467 8.265625
      vertex 6.150581113818423 20.275748660499122 8.2421875
      vertex 6.150581113818423 20.275748660499122 7.8671875
    endloop
  endfacet
  facet normal 0.11256419996368275 0.48805131768291443 -0.8655259743037798
    outer loop
      vertex 6.150581113818423 20.275748660499122 8.2421875
      vertex 4.291987084354822 21.57727616887107 8.734375
      vertex 6.386262899598171 21.052687386108595 8.7109375
    endloop
  endfacet
  facet normal 0.03395659593252576 0.49971165425490005 0.8655259743037793
    outer loop
      vertex 0 22 8.96875
      vertex 0 21.18810118395209 9.4375
      vertex 2.156377087250333 21.894063986788332 8.9453125
    endloop
  endfacet
  facet normal 0.03428606233076516 0.49898746235885977 0.8659307006559569
    outer loop
      vertex 2.156377087250333 21.894063986788332 8.9453125
      vertex 0 21.18810118395209 9.4375
      vertex 2.076797087064361 21.08607468545421 9.4140625
    endloop
  endfacet
  facet normal 0.1467304744553622 0.9891765099647809 0
    outer loop
      vertex 2.156377087250333 21.894063986788332 8.7578125
      vertex 2.156377087250333 21.894063986788332 8.9453125
      vertex 4.291987084354822 21.57727616887107 8.734375
    endloop
  endfacet
  facet normal 0.08277339298124858 0.4939770776259413 0.8655259743037793
    outer loop
      vertex 2.156377087250333 21.894063986788332 8.9453125
      vertex 2.076797087064361 21.08607468545421 9.4140625
      vertex 4.291987084354822 21.57727616887107 8.921875
    endloop
  endfacet
  facet normal 0.049067674327417994 0.9987954562051723 0
    outer loop
      vertex 0 21.18810118395209 9.4375
      vertex 0 21.18810118395209 10
      vertex 2.076797087064361 21.08607468545421 9.4140625
    endloop
  endfacet
  facet normal 0.049067674327417994 0.9987954562051723 0
    outer loop
      vertex 2.076797087064361 21.08607468545421 9.4140625
      vertex 0 21.18810118395209 10
      vertex 2.076797087064361 21.08607468545421 10
    endloop
  endfacet
  facet normal 0.14673047445536225 0.9891765099647809 0
    outer loop
      vertex 2.076797087064361 21.08607468545421 9.4140625
      vertex 2.076797087064361 21.08607468545421 10
      vertex 4.133593482887521 20.780977760914467 9.390625
    endloop
  endfacet
  facet normal 0.04906767432741779 0.9987954562051724 0
    outer loop
      vertex 0 22 8.78125
      vertex 0 22 8.96875
      vertex 2.156377087250333 21.894063986788332 8.7578125
    endloop
  endfacet
  facet normal 0.04906767432741779 0.9987954562051724 0
    outer loop
      vertex 2.156377087250333 21.894063986788332 8.7578125
      vertex 0 22 8.96875
      vertex 2.156377087250333 21.894063986788332 8.9453125
    endloop
  endfacet
  facet normal 0.1467304744553622 0.9891765099647809 0
    outer loop
      vertex 2.156377087250333 21.894063986788332 8.9453125
      vertex 4.291987084354822 21.57727616887107 8.921875
      vertex 4.291987084354822 21.57727616887107 8.734375
    endloop
  endfacet
  facet normal 0.08303028969002836 0.4932240795576322 0.8659307006559569
    outer loop
      vertex 4.291987084354822 21.57727616887107 8.921875
      vertex 2.076797087064361 21.08607468545421 9.4140625
      vertex 4.133593482887521 20.780977760914467 9.390625
    endloop
  endfacet
  facet normal 0.24298017990326395 0.970031253194544 0
    outer loop
      vertex 4.291987084354822 21.57727616887107 8.734375
      vertex 4.291987084354822 21.57727616887107 8.921875
      vertex 6.386262899598171 21.052687386108595 8.7109375
    endloop
  endfacet
  facet normal 0.24298017990326395 0.970031253194544 0
    outer loop
      vertex 4.291987084354822 21.57727616887107 8.921875
      vertex 6.386262899598171 21.052687386108595 8.8984375
      vertex 6.386262899598171 21.052687386108595 8.7109375
    endloop
  endfacet
  facet normal 0.1307930370070222 0.4834852317041061 0.8655259743037795
    outer loop
      vertex 4.291987084354822 21.57727616887107 8.921875
      vertex 4.133593482887521 20.780977760914467 9.390625
      vertex 6.386262899598171 21.052687386108595 8.8984375
    endloop
  endfacet
  facet normal 0.13097488997060291 0.4827106792465562 0.8659307006559571
    outer loop
      vertex 4.133593482887521 20.780977760914467 9.390625
      vertex 6.150581113818423 20.275748660499122 9.3671875
      vertex 6.386262899598171 21.052687386108595 8.8984375
    endloop
  endfacet
  facet normal 0.14673047445536222 0.9891765099647808 0
    outer loop
      vertex 2.076797087064361 21.08607468545421 10
      vertex 4.133593482887521 20.780977760914467 10
      vertex 4.133593482887521 20.780977760914467 9.390625
    endloop
  endfacet
  facet normal 0.24298017990326437 0.9700312531945439 0
    outer loop
      vertex 4.133593482887521 20.780977760914467 9.390625
      vertex 4.133593482887521 20.780977760914467 10
      vertex 6.150581113818423 20.275748660499122 9.3671875
    endloop
  endfacet
  facet normal 0.2429801799032644 0.9700312531945439 0
    outer loop
      vertex 4.133593482887521 20.780977760914467 10
      vertex 6.150581113818423 20.275748660499122 10
      vertex 6.150581113818423 20.275748660499122 9.3671875
    endloop
  endfacet
  facet normal 0.5141027441932228 0.8577286100002715 0
    outer loop
      vertex 9.988001757654073 18.686236985291906 7.8203125
      vertex 9.988001757654073 18.686236985291906 8.1953125
      vertex 11.77147831201117 17.617262276847743 7.796875
    endloop
  endfacet
  facet normal 0.2654586689133275 0.42390531579616736 0.8659307006559567
    outer loop
      vertex 9.988001757654073 18.686236985291906 7.8203125
      vertex 11.77147831201117 17.617262276847743 7.796875
      vertex 12.222545126431248 18.292331470655995 7.328125
    endloop
  endfacet
  facet normal 0.5141027441932228 0.8577286100002715 0
    outer loop
      vertex 9.988001757654073 18.686236985291906 8.1953125
      vertex 11.77147831201117 17.617262276847743 8.171875
      vertex 11.77147831201117 17.617262276847743 7.796875
    endloop
  endfacet
  facet normal 0.595699304492433 0.8032075314806452 0
    outer loop
      vertex 13.44158909527899 16.37862370210235 7.7734375
      vertex 11.77147831201117 17.617262276847743 7.796875
      vertex 11.77147831201117 17.617262276847743 8.171875
    endloop
  endfacet
  facet normal 0.24871476178303026 0.4339412275097799 -0.8659307006559566
    outer loop
      vertex 9.988001757654073 18.686236985291906 8.1953125
      vertex 10.370728210171949 19.402267815663812 8.6640625
      vertex 11.77147831201117 17.617262276847743 8.171875
    endloop
  endfacet
  facet normal 0.2900508104159928 0.40747337218339785 -0.8659307006559566
    outer loop
      vertex 13.44158909527899 16.37862370210235 8.1484375
      vertex 11.77147831201117 17.617262276847743 8.171875
      vertex 12.222545126431248 18.292331470655995 8.640625
    endloop
  endfacet
  facet normal 0.24939104254187489 0.4343603293411711 -0.8655259743037792
    outer loop
      vertex 10.370728210171949 19.402267815663812 8.6640625
      vertex 12.222545126431248 18.292331470655995 8.640625
      vertex 11.77147831201117 17.617262276847743 8.171875
    endloop
  endfacet
  facet normal 0 0 1
    outer loop
      vertex 0.9567085809127245 2.309698831278217 10
      vertex 9.988001757654073 18.686236985291906 10
      vertex 8.108335286373608 19.575253016631496 10
    endloop
  endfacet
  facet normal 0 0 1
    outer loop
      vertex 1.1784918420649944 2.204803160870888 10
      vertex 11.77147831201117 17.617262276847743 10
      vertex 9.988001757654073 18.686236985291906 10
    endloop
  endfacet
  facet normal 0.5141027441932228 0.8577286100002716 0
    outer loop
      vertex 10.370728210171949 19.402267815663812 8.8515625
      vertex 12.222545126431248 18.292331470655995 8.828125
      vertex 12.222545126431248 18.292331470655995 8.640625
    endloop
  endfacet
  facet normal 0.2654586689133275 0.42390531579616736 0.8659307006559567
    outer loop
      vertex 9.988001757654073 18.686236985291906 9.3203125
      vertex 11.77147831201117 17.617262276847743 9.296875
      vertex 12.222545126431248 18.292331470655995 8.828125
    endloop
  endfacet
  facet normal 0.5141027441932228 0.8577286100002716 0
    outer loop
      vertex 9.988001757654073 18.686236985291906 9.3203125
      vertex 9.988001757654073 18.686236985291906 10
      vertex 11.77147831201117 17.617262276847743 9.296875
    endloop
  endfacet
  facet normal 0.595699304492433 0.8032075314806452 0
    outer loop
      vertex 13.44158909527899 16.37862370210235 9.2734375
      vertex 11.77147831201117 17.617262276847743 9.296875
      vertex 11.77147831201117 17.617262276847743 10
    endloop
  endfacet
  facet normal 0.5141027441932228 0.8577286100002715 0
    outer loop
      vertex 9.988001757654073 18.686236985291906 10
      vertex 11.77147831201117 17.617262276847743 10
      vertex 11.77147831201117 17.617262276847743 9.296875
    endloop
  endfacet
  facet normal 0.17765813046260243 0.4675485112178379 0.8659307006559568
    outer loop
      vertex 8.419035512031975 20.325349715248308 7.375
      vertex 6.150581113818423 20.275748660499122 7.8671875
      vertex 8.108335286373608 19.575253016631496 7.84375
    endloop
  endfacet
  facet normal 0.3368898533922195 0.9415440651830209 0
    outer loop
      vertex 6.150581113818423 20.275748660499122 7.8671875
      vertex 6.150581113818423 20.275748660499122 8.2421875
      vertex 8.108335286373608 19.575253016631496 7.84375
    endloop
  endfacet
  facet normal 0.3368898533922195 0.9415440651830209 0
    outer loop
      vertex 8.108335286373608 19.575253016631496 7.84375
      vertex 6.150581113818423 20.275748660499122 8.2421875
      vertex 8.108335286373608 19.575253016631496 8.21875
    endloop
  endfacet
  facet normal 0.17755307258767122 0.46833715870104753 0.8655259743037796
    outer loop
      vertex 6.386262899598171 21.052687386108595 7.3984375
      vertex 6.150581113818423 20.275748660499122 7.8671875
      vertex 8.419035512031975 20.325349715248308 7.375
    endloop
  endfacet
  facet normal 0.22260317501891833 0.44867874284056564 0.8655259743037794
    outer loop
      vertex 10.370728210171949 19.402267815663812 7.3515625
      vertex 8.419035512031975 20.325349715248308 7.375
      vertex 8.108335286373608 19.575253016631496 7.84375
    endloop
  endfacet
  facet normal 0.4275550934302808 0.9039892931234439 0
    outer loop
      vertex 8.108335286373608 19.575253016631496 7.84375
      vertex 8.108335286373608 19.575253016631496 8.21875
      vertex 9.988001757654073 18.686236985291906 7.8203125
    endloop
  endfacet
  facet normal 0.4275550934302808 0.9039892931234439 0
    outer loop
      vertex 8.108335286373608 19.575253016631496 8.21875
      vertex 9.988001757654073 18.686236985291906 8.1953125
      vertex 9.988001757654073 18.686236985291906 7.8203125
    endloop
  endfacet
  facet normal 0.1592780435648339 0.4741250114681169 -0.8659307006559571
    outer loop
      vertex 6.150581113818423 20.275748660499122 8.2421875
      vertex 6.386262899598171 21.052687386108595 8.7109375
      vertex 8.108335286373608 19.575253016631496 8.21875
    endloop
  endfacet
  facet normal 0.15985956706728555 0.4746679962063523 -0.8655259743037794
    outer loop
      vertex 8.108335286373608 19.575253016631496 8.21875
      vertex 6.386262899598171 21.052687386108595 8.7109375
      vertex 8.419035512031975 20.325349715248308 8.6875
    endloop
  endfacet
  facet normal 0.20498345403277632 0.45622999159883865 -0.8659307006559568
    outer loop
      vertex 8.108335286373608 19.575253016631496 8.21875
      vertex 8.419035512031975 20.325349715248308 8.6875
      vertex 9.988001757654073 18.686236985291906 8.1953125
    endloop
  endfacet
  facet normal 0.4275550934302811 0.9039892931234438 0
    outer loop
      vertex 8.419035512031975 20.325349715248308 8.6875
      vertex 8.419035512031975 20.325349715248308 8.875
      vertex 10.370728210171949 19.402267815663812 8.6640625
    endloop
  endfacet
  facet normal 0.22263042604043418 0.44788359543807665 0.8659307006559567
    outer loop
      vertex 10.370728210171949 19.402267815663812 7.3515625
      vertex 8.108335286373608 19.575253016631496 7.84375
      vertex 9.988001757654073 18.686236985291906 7.8203125
    endloop
  endfacet
  facet normal 0.26550948718746115 0.4246993054137779 0.8655259743037793
    outer loop
      vertex 10.370728210171949 19.402267815663812 7.3515625
      vertex 9.988001757654073 18.686236985291906 7.8203125
      vertex 12.222545126431248 18.292331470655995 7.328125
    endloop
  endfacet
  facet normal 0.20561539915190122 0.4567133624464016 -0.8655259743037791
    outer loop
      vertex 9.988001757654073 18.686236985291906 8.1953125
      vertex 8.419035512031975 20.325349715248308 8.6875
      vertex 10.370728210171949 19.402267815663812 8.6640625
    endloop
  endfacet
  facet normal 0.5141027441932228 0.8577286100002716 0
    outer loop
      vertex 10.370728210171949 19.402267815663812 8.6640625
      vertex 10.370728210171949 19.402267815663812 8.8515625
      vertex 12.222545126431248 18.292331470655995 8.640625
    endloop
  endfacet
  facet normal 0.17765813046260243 0.4675485112178379 0.8659307006559568
    outer loop
      vertex 8.419035512031975 20.325349715248308 8.875
      vertex 6.150581113818423 20.275748660499122 9.3671875
      vertex 8.108335286373608 19.575253016631496 9.34375
    endloop
  endfacet
  facet normal 0.17755307258767122 0.46833715870104753 0.8655259743037796
    outer loop
      vertex 6.386262899598171 21.052687386108595 8.8984375
      vertex 6.150581113818423 20.275748660499122 9.3671875
      vertex 8.419035512031975 20.325349715248308 8.875
    endloop
  endfacet
  facet normal 0.3368898533922201 0.9415440651830208 0
    outer loop
      vertex 6.386262899598171 21.052687386108595 8.7109375
      vertex 6.386262899598171 21.052687386108595 8.8984375
      vertex 8.419035512031975 20.325349715248308 8.6875
    endloop
  endfacet
  facet normal 0.3368898533922201 0.9415440651830208 0
    outer loop
      vertex 6.386262899598171 21.052687386108595 8.8984375
      vertex 8.419035512031975 20.325349715248308 8.875
      vertex 8.419035512031975 20.325349715248308 8.6875
    endloop
  endfacet
  facet normal 0.22260317501891833 0.44867874284056564 0.8655259743037794
    outer loop
      vertex 10.370728210171949 19.402267815663812 8.8515625
      vertex 8.419035512031975 20.325349715248308 8.875
      vertex 8.108335286373608 19.575253016631496 9.34375
    endloop
  endfacet
  facet normal 0.3368898533922195 0.9415440651830209 0
    outer loop
      vertex 6.150581113818423 20.275748660499122 9.3671875
      vertex 6.150581113818423 20.275748660499122 10
      vertex 8.108335286373608 19.575253016631496 9.34375
    endloop
  endfacet
  facet normal 0.3368898533922195 0.9415440651830209 0
    outer loop
      vertex 8.108335286373608 19.575253016631496 9.34375
      vertex 6.150581113818423 20.275748660499122 10
      vertex 8.108335286373608 19.575253016631496 10
    endloop
  endfacet
  facet normal 0.4275550934302808 0.9039892931234439 0
    outer loop
      vertex 8.108335286373608 19.575253016631496 9.34375
      vertex 8.108335286373608 19.575253016631496 10
      vertex 9.988001757654073 18.686236985291906 9.3203125
    endloop
  endfacet
  facet normal 0.4275550934302808 0.903989293123444 0
    outer loop
      vertex 8.108335286373608 19.575253016631496 10
      vertex 9.988001757654073 18.686236985291906 10
      vertex 9.988001757654073 18.686236985291906 9.3203125
    endloop
  endfacet
  facet normal 0.4275550934302811 0.9039892931234438 0
    outer loop
      vertex 10.370728210171949 19.402267815663812 8.6640625
      vertex 8.419035512031975 20.325349715248308 8.875
      vertex 10.370728210171949 19.402267815663812 8.8515625
    endloop
  endfacet
  facet normal 0.26550948718746115 0.4246993054137779 0.8655259743037793
    outer loop
      vertex 10.370728210171949 19.402267815663812 8.8515625
      vertex 9.988001757654073 18.686236985291906 9.3203125
      vertex 12.222545126431248 18.292331470655995 8.828125
    endloop
  endfacet
  facet normal 0.22263042604043418 0.44788359543807665 0.8659307006559567
    outer loop
      vertex 10.370728210171949 19.402267815663812 8.8515625
      vertex 8.108335286373608 19.575253016631496 9.34375
      vertex 9.988001757654073 18.686236985291906 9.3203125
    endloop
  endfacet
  facet normal 0.42390531579616736 0.2654586689133275 -0.8659307006559567
    outer loop
      vertex 18.686236985291906 9.988001757654073 5.0546875
      vertex 17.617262276847743 11.77147831201117 5.078125
      vertex 18.292331470655995 12.222545126431248 5.546875
    endloop
  endfacet
  facet normal 0.8577286100002716 0.5141027441932228 0
    outer loop
      vertex 19.402267815663812 10.370728210171949 5.5234375
      vertex 18.292331470655995 12.222545126431248 5.546875
      vertex 18.292331470655995 12.222545126431248 5.734375
    endloop
  endfacet
  facet normal 0.4339412275097799 0.24871476178303026 0.8659307006559566
    outer loop
      vertex 18.686236985291906 9.988001757654073 6.1796875
      vertex 19.402267815663812 10.370728210171949 5.7109375
      vertex 17.617262276847743 11.77147831201117 6.203125
    endloop
  endfacet
  facet normal 0.4343603293411711 0.24939104254187489 0.8655259743037792
    outer loop
      vertex 19.402267815663812 10.370728210171949 5.7109375
      vertex 18.292331470655995 12.222545126431248 5.734375
      vertex 17.617262276847743 11.77147831201117 6.203125
    endloop
  endfacet
  facet normal 0.40747337218339785 0.2900508104159928 0.8659307006559566
    outer loop
      vertex 16.37862370210235 13.44158909527899 6.2265625
      vertex 17.617262276847743 11.77147831201117 6.203125
      vertex 18.292331470655995 12.222545126431248 5.734375
    endloop
  endfacet
  facet normal 0.8577286100002715 0.5141027441932228 0
    outer loop
      vertex 18.686236985291906 9.988001757654073 6.1796875
      vertex 17.617262276847743 11.77147831201117 6.578125
      vertex 18.686236985291906 9.988001757654073 6.5546875
    endloop
  endfacet
  facet normal 0.8032075314806452 0.595699304492433 0
    outer loop
      vertex 16.37862370210235 13.44158909527899 6.6015625
      vertex 17.617262276847743 11.77147831201117 6.578125
      vertex 17.617262276847743 11.77147831201117 6.203125
    endloop
  endfacet
  facet normal 0.8577286100002715 0.5141027441932228 0
    outer loop
      vertex 18.686236985291906 9.988001757654073 6.1796875
      vertex 17.617262276847743 11.77147831201117 6.203125
      vertex 17.617262276847743 11.77147831201117 6.578125
    endloop
  endfacet
  facet normal 0.42390531579616736 0.2654586689133275 -0.8659307006559567
    outer loop
      vertex 18.686236985291906 9.988001757654073 6.5546875
      vertex 17.617262276847743 11.77147831201117 6.578125
      vertex 18.292331470655995 12.222545126431248 7.046875
    endloop
  endfacet
  facet normal 0.8577286100002716 0.5141027441932228 0
    outer loop
      vertex 19.402267815663812 10.370728210171949 7.0234375
      vertex 18.292331470655995 12.222545126431248 7.046875
      vertex 18.292331470655995 12.222545126431248 7.234375
    endloop
  endfacet
  facet normal 0.4343603293411711 0.24939104254187489 0.8655259743037792
    outer loop
      vertex 19.402267815663812 10.370728210171949 7.2109375
      vertex 18.292331470655995 12.222545126431248 7.234375
      vertex 17.617262276847743 11.77147831201117 7.703125
    endloop
  endfacet
  facet normal 0.49971165425490005 0.03395659593252574 -0.8655259743037793
    outer loop
      vertex 21.18810118395209 0 4.9375
      vertex 21.894063986788332 2.156377087250333 5.4296875
      vertex 22 0 5.40625
    endloop
  endfacet
  facet normal 0.4989874623588597 0.034286062330765144 -0.8659307006559569
    outer loop
      vertex 21.18810118395209 0 4.9375
      vertex 21.08607468545421 2.076797087064361 4.9609375
      vertex 21.894063986788332 2.156377087250333 5.4296875
    endloop
  endfacet
  facet normal 0.4939770776259413 0.0827733929812486 -0.8655259743037793
    outer loop
      vertex 21.08607468545421 2.076797087064361 4.9609375
      vertex 21.57727616887107 4.291987084354822 5.453125
      vertex 21.894063986788332 2.156377087250333 5.4296875
    endloop
  endfacet
  facet normal 0.9891765099647809 0.1467304744553622 0
    outer loop
      vertex 21.894063986788332 2.156377087250333 5.4296875
      vertex 21.57727616887107 4.291987084354822 5.640625
      vertex 21.894063986788332 2.156377087250333 5.6171875
    endloop
  endfacet
  facet normal 0.49994532312327794 0.014788358551411291 0.8659307006559568
    outer loop
      vertex 22 0 5.59375
      vertex 21.08607468545421 2.076797087064361 6.0859375
      vertex 21.18810118395209 0 6.0625
    endloop
  endfacet
  facet normal 0.5006337344832065 0.015187221697590297 0.8655259743037794
    outer loop
      vertex 22 0 5.59375
      vertex 21.894063986788332 2.156377087250333 5.6171875
      vertex 21.08607468545421 2.076797087064361 6.0859375
    endloop
  endfacet
  facet normal 0.9987954562051724 0.049067674327417994 0
    outer loop
      vertex 21.18810118395209 0 6.0625
      vertex 21.08607468545421 2.076797087064361 6.0859375
      vertex 21.08607468545421 2.076797087064361 6.4609375
    endloop
  endfacet
  facet normal 0.4960884371281047 0.06372035945659874 0.8659307006559569
    outer loop
      vertex 21.894063986788332 2.156377087250333 5.6171875
      vertex 20.780977760914467 4.133593482887521 6.109375
      vertex 21.08607468545421 2.076797087064361 6.0859375
    endloop
  endfacet
  facet normal 0.4932240795576322 0.08303028969002836 -0.865930700655957
    outer loop
      vertex 21.08607468545421 2.076797087064361 4.9609375
      vertex 20.780977760914467 4.133593482887521 4.984375
      vertex 21.57727616887107 4.291987084354822 5.453125
    endloop
  endfacet
  facet normal 0.9891765099647809 0.1467304744553622 0
    outer loop
      vertex 21.894063986788332 2.156377087250333 5.4296875
      vertex 21.57727616887107 4.291987084354822 5.453125
      vertex 21.57727616887107 4.291987084354822 5.640625
    endloop
  endfacet
  facet normal 0.4827106792465562 0.13097488997060291 -0.8659307006559571
    outer loop
      vertex 20.780977760914467 4.133593482887521 4.984375
      vertex 20.275748660499122 6.150581113818423 5.0078125
      vertex 21.052687386108595 6.386262899598171 5.4765625
    endloop
  endfacet
  facet normal 0.48348523170410607 0.1307930370070222 -0.8655259743037795
    outer loop
      vertex 20.780977760914467 4.133593482887521 4.984375
      vertex 21.052687386108595 6.386262899598171 5.4765625
      vertex 21.57727616887107 4.291987084354822 5.453125
    endloop
  endfacet
  facet normal 0.970031253194544 0.24298017990326395 0
    outer loop
      vertex 21.57727616887107 4.291987084354822 5.453125
      vertex 21.052687386108595 6.386262899598171 5.6640625
      vertex 21.57727616887107 4.291987084354822 5.640625
    endloop
  endfacet
  facet normal 0.970031253194544 0.24298017990326395 0
    outer loop
      vertex 21.57727616887107 4.291987084354822 5.453125
      vertex 21.052687386108595 6.386262899598171 5.4765625
      vertex 21.052687386108595 6.386262899598171 5.6640625
    endloop
  endfacet
  facet normal 0.4967344381742021 0.06418477808057921 0.8655259743037794
    outer loop
      vertex 21.894063986788332 2.156377087250333 5.6171875
      vertex 21.57727616887107 4.291987084354822 5.640625
      vertex 20.780977760914467 4.133593482887521 6.109375
    endloop
  endfacet
  facet normal 0.9891765099647809 0.14673047445536225 0
    outer loop
      vertex 21.08607468545421 2.076797087064361 6.0859375
      vertex 20.780977760914467 4.133593482887521 6.109375
      vertex 20.780977760914467 4.133593482887521 6.484375
    endloop
  endfacet
  facet normal 0.48805131768291443 0.11256419996368275 0.8655259743037798
    outer loop
      vertex 21.57727616887107 4.291987084354822 5.640625
      vertex 21.052687386108595 6.386262899598171 5.6640625
      vertex 20.275748660499122 6.150581113818423 6.1328125
    endloop
  endfacet
  facet normal 0.4874539482938626 0.11203869846712716 0.8659307006559569
    outer loop
      vertex 21.57727616887107 4.291987084354822 5.640625
      vertex 20.275748660499122 6.150581113818423 6.1328125
      vertex 20.780977760914467 4.133593482887521 6.109375
    endloop
  endfacet
  facet normal 0.9987954562051724 0.04906767432741779 0
    outer loop
      vertex 22 0 5.40625
      vertex 21.894063986788332 2.156377087250333 5.6171875
      vertex 22 0 5.59375
    endloop
  endfacet
  facet normal 0.9987954562051724 0.04906767432741779 0
    outer loop
      vertex 22 0 5.40625
      vertex 21.894063986788332 2.156377087250333 5.4296875
      vertex 21.894063986788332 2.156377087250333 5.6171875
    endloop
  endfacet
  facet normal 0.9987954562051724 0.049067674327417994 0
    outer loop
      vertex 21.18810118395209 0 6.0625
      vertex 21.08607468545421 2.076797087064361 6.4609375
      vertex 21.18810118395209 0 6.4375
    endloop
  endfacet
  facet normal 0.49971165425490005 0.03395659593252574 -0.8655259743037793
    outer loop
      vertex 21.18810118395209 0 6.4375
      vertex 21.894063986788332 2.156377087250333 6.9296875
      vertex 22 0 6.90625
    endloop
  endfacet
  facet normal 0.4989874623588597 0.034286062330765144 -0.8659307006559569
    outer loop
      vertex 21.18810118395209 0 6.4375
      vertex 21.08607468545421 2.076797087064361 6.4609375
      vertex 21.894063986788332 2.156377087250333 6.9296875
    endloop
  endfacet
  facet normal 0.9891765099647809 0.14673047445536225 0
    outer loop
      vertex 21.08607468545421 2.076797087064361 6.0859375
      vertex 20.780977760914467 4.133593482887521 6.484375
      vertex 21.08607468545421 2.076797087064361 6.4609375
    endloop
  endfacet
  facet normal 0.4939770776259413 0.0827733929812486 -0.8655259743037793
    outer loop
      vertex 21.08607468545421 2.076797087064361 6.4609375
      vertex 21.57727616887107 4.291987084354822 6.953125
      vertex 21.894063986788332 2.156377087250333 6.9296875
    endloop
  endfacet
  facet normal 0.49994532312327794 0.014788358551411291 0.8659307006559568
    outer loop
      vertex 22 0 7.09375
      vertex 21.08607468545421 2.076797087064361 7.5859375
      vertex 21.18810118395209 0 7.5625
    endloop
  endfacet
  facet normal 0.5006337344832065 0.015187221697590297 0.8655259743037794
    outer loop
      vertex 22 0 7.09375
      vertex 21.894063986788332 2.156377087250333 7.1171875
      vertex 21.08607468545421 2.076797087064361 7.5859375
    endloop
  endfacet
  facet normal 0.9891765099647809 0.1467304744553622 0
    outer loop
      vertex 21.894063986788332 2.156377087250333 6.9296875
      vertex 21.57727616887107 4.291987084354822 7.140625
      vertex 21.894063986788332 2.156377087250333 7.1171875
    endloop
  endfacet
  facet normal 0.4960884371281047 0.06372035945659874 0.8659307006559569
    outer loop
      vertex 21.894063986788332 2.156377087250333 7.1171875
      vertex 20.780977760914467 4.133593482887521 7.609375
      vertex 21.08607468545421 2.076797087064361 7.5859375
    endloop
  endfacet
  facet normal 0.4932240795576322 0.08303028969002836 -0.865930700655957
    outer loop
      vertex 21.08607468545421 2.076797087064361 6.4609375
      vertex 20.780977760914467 4.133593482887521 6.484375
      vertex 21.57727616887107 4.291987084354822 6.953125
    endloop
  endfacet
  facet normal 0.9700312531945438 0.24298017990326434 0
    outer loop
      vertex 20.780977760914467 4.133593482887521 6.109375
      vertex 20.275748660499122 6.150581113818423 6.5078125
      vertex 20.780977760914467 4.133593482887521 6.484375
    endloop
  endfacet
  facet normal 0.9700312531945438 0.24298017990326434 0
    outer loop
      vertex 20.780977760914467 4.133593482887521 6.109375
      vertex 20.275748660499122 6.150581113818423 6.1328125
      vertex 20.275748660499122 6.150581113818423 6.5078125
    endloop
  endfacet
  facet normal 0.4827106792465562 0.13097488997060291 -0.8659307006559571
    outer loop
      vertex 20.780977760914467 4.133593482887521 6.484375
      vertex 20.275748660499122 6.150581113818423 6.5078125
      vertex 21.052687386108595 6.386262899598171 6.9765625
    endloop
  endfacet
  facet normal 0.48348523170410607 0.1307930370070222 -0.8655259743037795
    outer loop
      vertex 20.780977760914467 4.133593482887521 6.484375
      vertex 21.052687386108595 6.386262899598171 6.9765625
      vertex 21.57727616887107 4.291987084354822 6.953125
    endloop
  endfacet
  facet normal 0.9891765099647809 0.1467304744553622 0
    outer loop
      vertex 21.894063986788332 2.156377087250333 6.9296875
      vertex 21.57727616887107 4.291987084354822 6.953125
      vertex 21.57727616887107 4.291987084354822 7.140625
    endloop
  endfacet
  facet normal 0.4967344381742021 0.06418477808057921 0.8655259743037794
    outer loop
      vertex 21.894063986788332 2.156377087250333 7.1171875
      vertex 21.57727616887107 4.291987084354822 7.140625
      vertex 20.780977760914467 4.133593482887521 7.609375
    endloop
  endfacet
  facet normal 0.970031253194544 0.24298017990326395 0
    outer loop
      vertex 21.57727616887107 4.291987084354822 6.953125
      vertex 21.052687386108595 6.386262899598171 7.1640625
      vertex 21.57727616887107 4.291987084354822 7.140625
    endloop
  endfacet
  facet normal 0.970031253194544 0.24298017990326395 0
    outer loop
      vertex 21.57727616887107 4.291987084354822 6.953125
      vertex 21.052687386108595 6.386262899598171 6.9765625
      vertex 21.052687386108595 6.386262899598171 7.1640625
    endloop
  endfacet
  facet normal 0.4874539482938626 0.11203869846712716 0.8659307006559569
    outer loop
      vertex 21.57727616887107 4.291987084354822 7.140625
      vertex 20.275748660499122 6.150581113818423 7.6328125
      vertex 20.780977760914467 4.133593482887521 7.609375
    endloop
  endfacet
  facet normal 0.48805131768291443 0.11256419996368275 0.8655259743037798
    outer loop
      vertex 21.57727616887107 4.291987084354822 7.140625
      vertex 21.052687386108595 6.386262899598171 7.1640625
      vertex 20.275748660499122 6.150581113818423 7.6328125
    endloop
  endfacet
  facet normal 0.9987954562051724 0.04906767432741779 0
    outer loop
      vertex 22 0 6.90625
      vertex 21.894063986788332 2.156377087250333 7.1171875
      vertex 22 0 7.09375
    endloop
  endfacet
  facet normal 0.9987954562051724 0.04906767432741779 0
    outer loop
      vertex 22 0 6.90625
      vertex 21.894063986788332 2.156377087250333 6.9296875
      vertex 21.894063986788332 2.156377087250333 7.1171875
    endloop
  endfacet
  facet normal 0.4675485112178378 0.1776581304626024 -0.8659307006559568
    outer loop
      vertex 20.275748660499122 6.150581113818423 5.0078125
      vertex 19.575253016631496 8.108335286373608 5.03125
      vertex 20.325349715248308 8.419035512031975 5.5
    endloop
  endfacet
  facet normal 0.4486787428405656 0.22260317501891833 -0.8655259743037794
    outer loop
      vertex 19.575253016631496 8.108335286373608 5.03125
      vertex 19.402267815663812 10.370728210171949 5.5234375
      vertex 20.325349715248308 8.419035512031975 5.5
    endloop
  endfacet
  facet normal 0.46833715870104753 0.17755307258767122 -0.8655259743037798
    outer loop
      vertex 20.275748660499122 6.150581113818423 5.0078125
      vertex 20.325349715248308 8.419035512031975 5.5
      vertex 21.052687386108595 6.386262899598171 5.4765625
    endloop
  endfacet
  facet normal 0.9415440651830208 0.3368898533922201 0
    outer loop
      vertex 21.052687386108595 6.386262899598171 5.4765625
      vertex 20.325349715248308 8.419035512031975 5.5
      vertex 20.325349715248308 8.419035512031975 5.6875
    endloop
  endfacet
  facet normal 0.9415440651830208 0.3368898533922201 0
    outer loop
      vertex 21.052687386108595 6.386262899598171 5.4765625
      vertex 20.325349715248308 8.419035512031975 5.6875
      vertex 21.052687386108595 6.386262899598171 5.6640625
    endloop
  endfacet
  facet normal 0.9039892931234438 0.4275550934302811 0
    outer loop
      vertex 20.325349715248308 8.419035512031975 5.5
      vertex 19.402267815663812 10.370728210171949 5.7109375
      vertex 20.325349715248308 8.419035512031975 5.6875
    endloop
  endfacet
  facet normal 0.45622999159883865 0.2049834540327763 0.8659307006559568
    outer loop
      vertex 18.686236985291906 9.988001757654073 6.1796875
      vertex 19.575253016631496 8.108335286373608 6.15625
      vertex 20.325349715248308 8.419035512031975 5.6875
    endloop
  endfacet
  facet normal 0.4746679962063523 0.15985956706728555 0.8655259743037794
    outer loop
      vertex 21.052687386108595 6.386262899598171 5.6640625
      vertex 20.325349715248308 8.419035512031975 5.6875
      vertex 19.575253016631496 8.108335286373608 6.15625
    endloop
  endfacet
  facet normal 0.474125011468117 0.15927804356483394 0.8659307006559571
    outer loop
      vertex 21.052687386108595 6.386262899598171 5.6640625
      vertex 19.575253016631496 8.108335286373608 6.15625
      vertex 20.275748660499122 6.150581113818423 6.1328125
    endloop
  endfacet
  facet normal 0.44788359543807676 0.2226304260404342 -0.8659307006559566
    outer loop
      vertex 18.686236985291906 9.988001757654073 5.0546875
      vertex 19.402267815663812 10.370728210171949 5.5234375
      vertex 19.575253016631496 8.108335286373608 5.03125
    endloop
  endfacet
  facet normal 0.4246993054137779 0.26550948718746115 -0.8655259743037793
    outer loop
      vertex 18.686236985291906 9.988001757654073 5.0546875
      vertex 18.292331470655995 12.222545126431248 5.546875
      vertex 19.402267815663812 10.370728210171949 5.5234375
    endloop
  endfacet
  facet normal 0.9039892931234438 0.4275550934302811 0
    outer loop
      vertex 20.325349715248308 8.419035512031975 5.5
      vertex 19.402267815663812 10.370728210171949 5.5234375
      vertex 19.402267815663812 10.370728210171949 5.7109375
    endloop
  endfacet
  facet normal 0.4567133624464016 0.20561539915190122 0.8655259743037791
    outer loop
      vertex 18.686236985291906 9.988001757654073 6.1796875
      vertex 20.325349715248308 8.419035512031975 5.6875
      vertex 19.402267815663812 10.370728210171949 5.7109375
    endloop
  endfacet
  facet normal 0.8577286100002716 0.5141027441932228 0
    outer loop
      vertex 19.402267815663812 10.370728210171949 5.5234375
      vertex 18.292331470655995 12.222545126431248 5.734375
      vertex 19.402267815663812 10.370728210171949 5.7109375
    endloop
  endfacet
  facet normal 0.9415440651830209 0.3368898533922195 0
    outer loop
      vertex 20.275748660499122 6.150581113818423 6.1328125
      vertex 19.575253016631496 8.108335286373608 6.53125
      vertex 20.275748660499122 6.150581113818423 6.5078125
    endloop
  endfacet
  facet normal 0.9415440651830209 0.3368898533922195 0
    outer loop
      vertex 20.275748660499122 6.150581113818423 6.1328125
      vertex 19.575253016631496 8.108335286373608 6.15625
      vertex 19.575253016631496 8.108335286373608 6.53125
    endloop
  endfacet
  facet normal 0.4675485112178378 0.1776581304626024 -0.8659307006559568
    outer loop
      vertex 20.275748660499122 6.150581113818423 6.5078125
      vertex 19.575253016631496 8.108335286373608 6.53125
      vertex 20.325349715248308 8.419035512031975 7
    endloop
  endfacet
  facet normal 0.9039892931234439 0.4275550934302808 0
    outer loop
      vertex 18.686236985291906 9.988001757654073 6.1796875
      vertex 18.686236985291906 9.988001757654073 6.5546875
      vertex 19.575253016631496 8.108335286373608 6.15625
    endloop
  endfacet
  facet normal 0.9039892931234439 0.4275550934302808 0
    outer loop
      vertex 19.575253016631496 8.108335286373608 6.15625
      vertex 18.686236985291906 9.988001757654073 6.5546875
      vertex 19.575253016631496 8.108335286373608 6.53125
    endloop
  endfacet
  facet normal 0.4486787428405656 0.22260317501891833 -0.8655259743037794
    outer loop
      vertex 19.575253016631496 8.108335286373608 6.53125
      vertex 19.402267815663812 10.370728210171949 7.0234375
      vertex 20.325349715248308 8.419035512031975 7
    endloop
  endfacet
  facet normal 0.46833715870104753 0.17755307258767122 -0.8655259743037798
    outer loop
      vertex 20.275748660499122 6.150581113818423 6.5078125
      vertex 20.325349715248308 8.419035512031975 7
      vertex 21.052687386108595 6.386262899598171 6.9765625
    endloop
  endfacet
  facet normal 0.9039892931234438 0.4275550934302811 0
    outer loop
      vertex 20.325349715248308 8.419035512031975 7
      vertex 19.402267815663812 10.370728210171949 7.2109375
      vertex 20.325349715248308 8.419035512031975 7.1875
    endloop
  endfacet
  facet normal 0.9415440651830208 0.3368898533922201 0
    outer loop
      vertex 21.052687386108595 6.386262899598171 6.9765625
      vertex 20.325349715248308 8.419035512031975 7
      vertex 20.325349715248308 8.419035512031975 7.1875
    endloop
  endfacet
  facet normal 0.9415440651830208 0.3368898533922201 0
    outer loop
      vertex 21.052687386108595 6.386262899598171 6.9765625
      vertex 20.325349715248308 8.419035512031975 7.1875
      vertex 21.052687386108595 6.386262899598171 7.1640625
    endloop
  endfacet
  facet normal 0.474125011468117 0.15927804356483394 0.8659307006559571
    outer loop
      vertex 21.052687386108595 6.386262899598171 7.1640625
      vertex 19.575253016631496 8.108335286373608 7.65625
      vertex 20.275748660499122 6.150581113818423 7.6328125
    endloop
  endfacet
  facet normal 0.4746679962063523 0.15985956706728555 0.8655259743037794
    outer loop
      vertex 21.052687386108595 6.386262899598171 7.1640625
      vertex 20.325349715248308 8.419035512031975 7.1875
      vertex 19.575253016631496 8.108335286373608 7.65625
    endloop
  endfacet
  facet normal 0.44788359543807676 0.2226304260404342 -0.8659307006559566
    outer loop
      vertex 18.686236985291906 9.988001757654073 6.5546875
      vertex 19.402267815663812 10.370728210171949 7.0234375
      vertex 19.575253016631496 8.108335286373608 6.53125
    endloop
  endfacet
  facet normal 0.4246993054137779 0.26550948718746115 -0.8655259743037793
    outer loop
      vertex 18.686236985291906 9.988001757654073 6.5546875
      vertex 18.292331470655995 12.222545126431248 7.046875
      vertex 19.402267815663812 10.370728210171949 7.0234375
    endloop
  endfacet
  facet normal 0.9039892931234438 0.4275550934302811 0
    outer loop
      vertex 20.325349715248308 8.419035512031975 7
      vertex 19.402267815663812 10.370728210171949 7.0234375
      vertex 19.402267815663812 10.370728210171949 7.2109375
    endloop
  endfacet
  facet normal 0.4567133624464016 0.20561539915190122 0.8655259743037791
    outer loop
      vertex 18.686236985291906 9.988001757654073 7.6796875
      vertex 20.325349715248308 8.419035512031975 7.1875
      vertex 19.402267815663812 10.370728210171949 7.2109375
    endloop
  endfacet
  facet normal 0.8577286100002716 0.5141027441932228 0
    outer loop
      vertex 19.402267815663812 10.370728210171949 7.0234375
      vertex 18.292331470655995 12.222545126431248 7.234375
      vertex 19.402267815663812 10.370728210171949 7.2109375
    endloop
  endfacet
  facet normal 0 0 1
    outer loop
      vertex 2.4879618166804924 0.2450428508239015 10
      vertex 21.18810118395209 0 10
      vertex 21.08607468545421 2.076797087064361 10
    endloop
  endfacet
  facet normal 0 0 1
    outer loop
      vertex 2.4879618166804924 0.2450428508239015 10
      vertex 21.08607468545421 2.076797087064361 10
      vertex 20.780977760914467 4.133593482887521 10
    endloop
  endfacet
  facet normal 0 0 1
    outer loop
      vertex 2.451963201008076 0.4877258050403206 10
      vertex 20.780977760914467 4.133593482887521 10
      vertex 20.275748660499122 6.150581113818423 10
    endloop
  endfacet
  facet normal 0 0 1
    outer loop
      vertex 2.392350839330522 0.7257116931361558 10
      vertex 20.275748660499122 6.150581113818423 10
      vertex 19.575253016631496 8.108335286373608 10
    endloop
  endfacet
  facet normal 0.4339412275097799 0.24871476178303026 0.8659307006559566
    outer loop
      vertex 18.686236985291906 9.988001757654073 7.6796875
      vertex 19.402267815663812 10.370728210171949 7.2109375
      vertex 17.617262276847743 11.77147831201117 7.703125
    endloop
  endfacet
  facet normal 0.8577286100002715 0.5141027441932228 0
    outer loop
      vertex 18.686236985291906 9.988001757654073 7.6796875
      vertex 17.617262276847743 11.77147831201117 8.078125
      vertex 18.686236985291906 9.988001757654073 8.0546875
    endloop
  endfacet
  facet normal 0.40747337218339785 0.2900508104159928 0.8659307006559566
    outer loop
      vertex 16.37862370210235 13.44158909527899 7.7265625
      vertex 17.617262276847743 11.77147831201117 7.703125
      vertex 18.292331470655995 12.222545126431248 7.234375
    endloop
  endfacet
  facet normal 0.8032075314806452 0.595699304492433 0
    outer loop
      vertex 16.37862370210235 13.44158909527899 8.1015625
      vertex 17.617262276847743 11.77147831201117 8.078125
      vertex 17.617262276847743 11.77147831201117 7.703125
    endloop
  endfacet
  facet normal 0.8577286100002715 0.5141027441932228 0
    outer loop
      vertex 18.686236985291906 9.988001757654073 7.6796875
      vertex 17.617262276847743 11.77147831201117 7.703125
      vertex 17.617262276847743 11.77147831201117 8.078125
    endloop
  endfacet
  facet normal 0.42390531579616736 0.2654586689133275 -0.8659307006559567
    outer loop
      vertex 18.686236985291906 9.988001757654073 8.0546875
      vertex 17.617262276847743 11.77147831201117 8.078125
      vertex 18.292331470655995 12.222545126431248 8.546875
    endloop
  endfacet
  facet normal 0.8577286100002716 0.5141027441932228 0
    outer loop
      vertex 19.402267815663812 10.370728210171949 8.5234375
      vertex 18.292331470655995 12.222545126431248 8.546875
      vertex 18.292331470655995 12.222545126431248 8.734375
    endloop
  endfacet
  facet normal 0 0 1
    outer loop
      vertex 2.204803160870888 1.1784918420649941 10
      vertex 18.686236985291906 9.988001757654073 10
      vertex 17.617262276847743 11.77147831201117 10
    endloop
  endfacet
  facet normal 0 0 1
    outer loop
      vertex 2.309698831278217 0.9567085809127245 10
      vertex 19.575253016631496 8.108335286373608 10
      vertex 18.686236985291906 9.988001757654073 10
    endloop
  endfacet
  facet normal 0.4339412275097799 0.24871476178303026 0.8659307006559566
    outer loop
      vertex 18.686236985291906 9.988001757654073 9.1796875
      vertex 19.402267815663812 10.370728210171949 8.7109375
      vertex 17.617262276847743 11.77147831201117 9.203125
    endloop
  endfacet
  facet normal 0.40747337218339785 0.2900508104159928 0.8659307006559566
    outer loop
      vertex 16.37862370210235 13.44158909527899 9.2265625
      vertex 17.617262276847743 11.77147831201117 9.203125
      vertex 18.292331470655995 12.222545126431248 8.734375
    endloop
  endfacet
  facet normal 0.4343603293411711 0.24939104254187489 0.8655259743037792
    outer loop
      vertex 19.402267815663812 10.370728210171949 8.7109375
      vertex 18.292331470655995 12.222545126431248 8.734375
      vertex 17.617262276847743 11.77147831201117 9.203125
    endloop
  endfacet
  facet normal 0.8577286100002716 0.5141027441932228 0
    outer loop
      vertex 18.686236985291906 9.988001757654073 9.1796875
      vertex 17.617262276847743 11.77147831201117 9.97890625
      vertex 18.686236985291906 9.988001757654073 9.95546875
    endloop
  endfacet
  facet normal 0.8577286100002715 0.5141027441932228 0
    outer loop
      vertex 18.686236985291906 9.988001757654073 9.95546875
      vertex 17.617262276847743 11.77147831201117 10
      vertex 18.686236985291906 9.988001757654073 10
    endloop
  endfacet
  facet normal 0.8577286100002716 0.5141027441932228 0
    outer loop
      vertex 18.686236985291906 9.988001757654073 9.1796875
      vertex 17.617262276847743 11.77147831201117 9.203125
      vertex 17.617262276847743 11.77147831201117 9.97890625
    endloop
  endfacet
  facet normal 0.803207531480645 0.595699304492433 0
    outer loop
      vertex 16.37862370210235 13.44158909527899 10
      vertex 17.617262276847743 11.77147831201117 9.97890625
      vertex 17.617262276847743 11.77147831201117 9.203125
    endloop
  endfacet
  facet normal 0.8032075314806452 0.595699304492433 0
    outer loop
      vertex 16.37862370210235 13.44158909527899 10
      vertex 17.617262276847743 11.77147831201117 10
      vertex 17.617262276847743 11.77147831201117 9.97890625
    endloop
  endfacet
  facet normal 0.8577286100002715 0.5141027441932228 0
    outer loop
      vertex 18.686236985291906 9.988001757654073 9.95546875
      vertex 17.617262276847743 11.77147831201117 9.97890625
      vertex 17.617262276847743 11.77147831201117 10
    endloop
  endfacet
  facet normal 0.9987954562051724 0.049067674327417994 0
    outer loop
      vertex 21.18810118395209 0 7.5625
      vertex 21.08607468545421 2.076797087064361 7.5859375
      vertex 21.08607468545421 2.076797087064361 7.9609375
    endloop
  endfacet
  facet normal 0.9987954562051724 0.049067674327417994 0
    outer loop
      vertex 21.18810118395209 0 7.5625
      vertex 21.08607468545421 2.076797087064361 7.9609375
      vertex 21.18810118395209 0 7.9375
    endloop
  endfacet
  facet normal 0.4989874623588597 0.034286062330765144 -0.8659307006559569
    outer loop
      vertex 21.18810118395209 0 7.9375
      vertex 21.08607468545421 2.076797087064361 7.9609375
      vertex 21.894063986788332 2.156377087250333 8.4296875
    endloop
  endfacet
  facet normal 0.9891765099647809 0.14673047445536225 0
    outer loop
      vertex 21.08607468545421 2.076797087064361 7.5859375
      vertex 20.780977760914467 4.133593482887521 7.984375
      vertex 21.08607468545421 2.076797087064361 7.9609375
    endloop
  endfacet
  facet normal 0.49971165425490005 0.03395659593252574 -0.8655259743037793
    outer loop
      vertex 21.18810118395209 0 7.9375
      vertex 21.894063986788332 2.156377087250333 8.4296875
      vertex 22 0 8.40625
    endloop
  endfacet
  facet normal 0.4939770776259413 0.0827733929812486 -0.8655259743037793
    outer loop
      vertex 21.08607468545421 2.076797087064361 7.9609375
      vertex 21.57727616887107 4.291987084354822 8.453125
      vertex 21.894063986788332 2.156377087250333 8.4296875
    endloop
  endfacet
  facet normal 0.9891765099647809 0.1467304744553622 0
    outer loop
      vertex 21.894063986788332 2.156377087250333 8.4296875
      vertex 21.57727616887107 4.291987084354822 8.640625
      vertex 21.894063986788332 2.156377087250333 8.6171875
    endloop
  endfacet
  facet normal 0.9891765099647809 0.14673047445536225 0
    outer loop
      vertex 21.08607468545421 2.076797087064361 7.5859375
      vertex 20.780977760914467 4.133593482887521 7.609375
      vertex 20.780977760914467 4.133593482887521 7.984375
    endloop
  endfacet
  facet normal 0.9700312531945438 0.24298017990326434 0
    outer loop
      vertex 20.780977760914467 4.133593482887521 7.609375
      vertex 20.275748660499122 6.150581113818423 7.6328125
      vertex 20.275748660499122 6.150581113818423 8.0078125
    endloop
  endfacet
  facet normal 0.9700312531945438 0.24298017990326434 0
    outer loop
      vertex 20.780977760914467 4.133593482887521 7.609375
      vertex 20.275748660499122 6.150581113818423 8.0078125
      vertex 20.780977760914467 4.133593482887521 7.984375
    endloop
  endfacet
  facet normal 0.4932240795576322 0.08303028969002836 -0.865930700655957
    outer loop
      vertex 21.08607468545421 2.076797087064361 7.9609375
      vertex 20.780977760914467 4.133593482887521 7.984375
      vertex 21.57727616887107 4.291987084354822 8.453125
    endloop
  endfacet
  facet normal 0.9891765099647809 0.1467304744553622 0
    outer loop
      vertex 21.894063986788332 2.156377087250333 8.4296875
      vertex 21.57727616887107 4.291987084354822 8.453125
      vertex 21.57727616887107 4.291987084354822 8.640625
    endloop
  endfacet
  facet normal 0.4827106792465562 0.13097488997060291 -0.8659307006559571
    outer loop
      vertex 20.780977760914467 4.133593482887521 7.984375
      vertex 20.275748660499122 6.150581113818423 8.0078125
      vertex 21.052687386108595 6.386262899598171 8.4765625
    endloop
  endfacet
  facet normal 0.48348523170410607 0.1307930370070222 -0.8655259743037795
    outer loop
      vertex 20.780977760914467 4.133593482887521 7.984375
      vertex 21.052687386108595 6.386262899598171 8.4765625
      vertex 21.57727616887107 4.291987084354822 8.453125
    endloop
  endfacet
  facet normal 0.970031253194544 0.24298017990326395 0
    outer loop
      vertex 21.57727616887107 4.291987084354822 8.453125
      vertex 21.052687386108595 6.386262899598171 8.6640625
      vertex 21.57727616887107 4.291987084354822 8.640625
    endloop
  endfacet
  facet normal 0.970031253194544 0.24298017990326395 0
    outer loop
      vertex 21.57727616887107 4.291987084354822 8.453125
      vertex 21.052687386108595 6.386262899598171 8.4765625
      vertex 21.052687386108595 6.386262899598171 8.6640625
    endloop
  endfacet
  facet normal 0.9987954562051724 0.04906767432741779 0
    outer loop
      vertex 22 0 8.40625
      vertex 21.894063986788332 2.156377087250333 8.6171875
      vertex 22 0 8.59375
    endloop
  endfacet
  facet normal 0.9987954562051724 0.04906767432741779 0
    outer loop
      vertex 22 0 8.40625
      vertex 21.894063986788332 2.156377087250333 8.4296875
      vertex 21.894063986788332 2.156377087250333 8.6171875
    endloop
  endfacet
  facet normal 0.49994532312327794 0.014788358551411291 0.8659307006559568
    outer loop
      vertex 22 0 8.59375
      vertex 21.08607468545421 2.076797087064361 9.0859375
      vertex 21.18810118395209 0 9.0625
    endloop
  endfacet
  facet normal 0.5006337344832065 0.015187221697590297 0.8655259743037794
    outer loop
      vertex 22 0 8.59375
      vertex 21.894063986788332 2.156377087250333 8.6171875
      vertex 21.08607468545421 2.076797087064361 9.0859375
    endloop
  endfacet
  facet normal 0.9987954562051724 0.049067674327417994 0
    outer loop
      vertex 21.18810118395209 0 9.0625
      vertex 21.08607468545421 2.076797087064361 9.0859375
      vertex 21.08607468545421 2.076797087064361 9.86171875
    endloop
  endfacet
  facet normal 0.4960884371281047 0.06372035945659874 0.8659307006559569
    outer loop
      vertex 21.894063986788332 2.156377087250333 8.6171875
      vertex 20.780977760914467 4.133593482887521 9.109375
      vertex 21.08607468545421 2.076797087064361 9.0859375
    endloop
  endfacet
  facet normal 0.9987954562051724 0.049067674327417994 0
    outer loop
      vertex 21.18810118395209 0 9.0625
      vertex 21.08607468545421 2.076797087064361 9.86171875
      vertex 21.18810118395209 0 9.83828125
    endloop
  endfacet
  facet normal 0.9987954562051725 0.049067674327418 0
    outer loop
      vertex 21.18810118395209 0 9.83828125
      vertex 21.08607468545421 2.076797087064361 9.996484375
      vertex 21.18810118395209 0 9.973046875
    endloop
  endfacet
  facet normal 0.9987954562051724 0.049067674327418 0
    outer loop
      vertex 21.18810118395209 0 9.973046875
      vertex 21.08607468545421 2.076797087064361 10
      vertex 21.18810118395209 0 10
    endloop
  endfacet
  facet normal 0.9987954562051723 0.049067674327418 0
    outer loop
      vertex 21.18810118395209 0 9.83828125
      vertex 21.08607468545421 2.076797087064361 9.86171875
      vertex 21.08607468545421 2.076797087064361 9.996484375
    endloop
  endfacet
  facet normal 0.9987954562051724 0.04906767432741802 0
    outer loop
      vertex 21.18810118395209 0 9.973046875
      vertex 21.08607468545421 2.076797087064361 9.996484375
      vertex 21.08607468545421 2.076797087064361 10
    endloop
  endfacet
  facet normal 0.9891765099647808 0.14673047445536222 0
    outer loop
      vertex 21.08607468545421 2.076797087064361 9.0859375
      vertex 20.780977760914467 4.133593482887521 9.88515625
      vertex 21.08607468545421 2.076797087064361 9.86171875
    endloop
  endfacet
  facet normal 0.989176509964781 0.14673047445536225 0
    outer loop
      vertex 21.08607468545421 2.076797087064361 9.86171875
      vertex 20.780977760914467 4.133593482887521 10
      vertex 21.08607468545421 2.076797087064361 9.996484375
    endloop
  endfacet
  facet normal 0.9891765099647809 0.14673047445536222 0
    outer loop
      vertex 21.08607468545421 2.076797087064361 9.996484375
      vertex 20.780977760914467 4.133593482887521 10
      vertex 21.08607468545421 2.076797087064361 10
    endloop
  endfacet
  facet normal 0.4967344381742021 0.06418477808057921 0.8655259743037794
    outer loop
      vertex 21.894063986788332 2.156377087250333 8.6171875
      vertex 21.57727616887107 4.291987084354822 8.640625
      vertex 20.780977760914467 4.133593482887521 9.109375
    endloop
  endfacet
  facet normal 0.9891765099647808 0.14673047445536222 0
    outer loop
      vertex 21.08607468545421 2.076797087064361 9.0859375
      vertex 20.780977760914467 4.133593482887521 9.109375
      vertex 20.780977760914467 4.133593482887521 9.88515625
    endloop
  endfacet
  facet normal 0.4874539482938626 0.11203869846712716 0.8659307006559569
    outer loop
      vertex 21.57727616887107 4.291987084354822 8.640625
      vertex 20.275748660499122 6.150581113818423 9.1328125
      vertex 20.780977760914467 4.133593482887521 9.109375
    endloop
  endfacet
  facet normal 0.48805131768291443 0.11256419996368275 0.8655259743037798
    outer loop
      vertex 21.57727616887107 4.291987084354822 8.640625
      vertex 21.052687386108595 6.386262899598171 8.6640625
      vertex 20.275748660499122 6.150581113818423 9.1328125
    endloop
  endfacet
  facet normal 0.9891765099647809 0.14673047445536222 0
    outer loop
      vertex 21.08607468545421 2.076797087064361 9.86171875
      vertex 20.780977760914467 4.133593482887521 9.88515625
      vertex 20.780977760914467 4.133593482887521 10
    endloop
  endfacet
  facet normal 0.9700312531945439 0.24298017990326437 0
    outer loop
      vertex 20.780977760914467 4.133593482887521 9.109375
      vertex 20.275748660499122 6.150581113818423 9.90859375
      vertex 20.780977760914467 4.133593482887521 9.88515625
    endloop
  endfacet
  facet normal 0.9700312531945439 0.24298017990326434 0
    outer loop
      vertex 20.780977760914467 4.133593482887521 9.109375
      vertex 20.275748660499122 6.150581113818423 9.1328125
      vertex 20.275748660499122 6.150581113818423 9.90859375
    endloop
  endfacet
  facet normal 0.9700312531945439 0.24298017990326434 0
    outer loop
      vertex 20.780977760914467 4.133593482887521 9.88515625
      vertex 20.275748660499122 6.150581113818423 10
      vertex 20.780977760914467 4.133593482887521 10
    endloop
  endfacet
  facet normal 0.970031253194544 0.24298017990326437 0
    outer loop
      vertex 20.780977760914467 4.133593482887521 9.88515625
      vertex 20.275748660499122 6.150581113818423 9.90859375
      vertex 20.275748660499122 6.150581113818423 10
    endloop
  endfacet
  facet normal 0.9415440651830209 0.3368898533922195 0
    outer loop
      vertex 20.275748660499122 6.150581113818423 7.6328125
      vertex 19.575253016631496 8.108335286373608 7.65625
      vertex 19.575253016631496 8.108335286373608 8.03125
    endloop
  endfacet
  facet normal 0.9415440651830209 0.3368898533922195 0
    outer loop
      vertex 20.275748660499122 6.150581113818423 7.6328125
      vertex 19.575253016631496 8.108335286373608 8.03125
      vertex 20.275748660499122 6.150581113818423 8.0078125
    endloop
  endfacet
  facet normal 0.9039892931234439 0.4275550934302808 0
    outer loop
      vertex 18.686236985291906 9.988001757654073 7.6796875
      vertex 18.686236985291906 9.988001757654073 8.0546875
      vertex 19.575253016631496 8.108335286373608 7.65625
    endloop
  endfacet
  facet normal 0.45622999159883865 0.2049834540327763 0.8659307006559568
    outer loop
      vertex 18.686236985291906 9.988001757654073 7.6796875
      vertex 19.575253016631496 8.108335286373608 7.65625
      vertex 20.325349715248308 8.419035512031975 7.1875
    endloop
  endfacet
  facet normal 0.9039892931234439 0.4275550934302808 0
    outer loop
      vertex 19.575253016631496 8.108335286373608 7.65625
      vertex 18.686236985291906 9.988001757654073 8.0546875
      vertex 19.575253016631496 8.108335286373608 8.03125
    endloop
  endfacet
  facet normal 0.4675485112178378 0.1776581304626024 -0.8659307006559568
    outer loop
      vertex 20.275748660499122 6.150581113818423 8.0078125
      vertex 19.575253016631496 8.108335286373608 8.03125
      vertex 20.325349715248308 8.419035512031975 8.5
    endloop
  endfacet
  facet normal 0.4486787428405656 0.22260317501891833 -0.8655259743037794
    outer loop
      vertex 19.575253016631496 8.108335286373608 8.03125
      vertex 19.402267815663812 10.370728210171949 8.5234375
      vertex 20.325349715248308 8.419035512031975 8.5
    endloop
  endfacet
  facet normal 0.9039892931234438 0.4275550934302811 0
    outer loop
      vertex 20.325349715248308 8.419035512031975 8.5
      vertex 19.402267815663812 10.370728210171949 8.7109375
      vertex 20.325349715248308 8.419035512031975 8.6875
    endloop
  endfacet
  facet normal 0.46833715870104753 0.17755307258767122 -0.8655259743037798
    outer loop
      vertex 20.275748660499122 6.150581113818423 8.0078125
      vertex 20.325349715248308 8.419035512031975 8.5
      vertex 21.052687386108595 6.386262899598171 8.4765625
    endloop
  endfacet
  facet normal 0.9415440651830208 0.3368898533922201 0
    outer loop
      vertex 21.052687386108595 6.386262899598171 8.4765625
      vertex 20.325349715248308 8.419035512031975 8.5
      vertex 20.325349715248308 8.419035512031975 8.6875
    endloop
  endfacet
  facet normal 0.9415440651830208 0.3368898533922201 0
    outer loop
      vertex 21.052687386108595 6.386262899598171 8.4765625
      vertex 20.325349715248308 8.419035512031975 8.6875
      vertex 21.052687386108595 6.386262899598171 8.6640625
    endloop
  endfacet
  facet normal 0.44788359543807676 0.2226304260404342 -0.8659307006559566
    outer loop
      vertex 18.686236985291906 9.988001757654073 8.0546875
      vertex 19.402267815663812 10.370728210171949 8.5234375
      vertex 19.575253016631496 8.108335286373608 8.03125
    endloop
  endfacet
  facet normal 0.4246993054137779 0.26550948718746115 -0.8655259743037793
    outer loop
      vertex 18.686236985291906 9.988001757654073 8.0546875
      vertex 18.292331470655995 12.222545126431248 8.546875
      vertex 19.402267815663812 10.370728210171949 8.5234375
    endloop
  endfacet
  facet normal 0.9039892931234438 0.4275550934302811 0
    outer loop
      vertex 20.325349715248308 8.419035512031975 8.5
      vertex 19.402267815663812 10.370728210171949 8.5234375
      vertex 19.402267815663812 10.370728210171949 8.7109375
    endloop
  endfacet
  facet normal 0.8577286100002716 0.5141027441932228 0
    outer loop
      vertex 19.402267815663812 10.370728210171949 8.5234375
      vertex 18.292331470655995 12.222545126431248 8.734375
      vertex 19.402267815663812 10.370728210171949 8.7109375
    endloop
  endfacet
  facet normal 0.45622999159883865 0.2049834540327763 0.8659307006559568
    outer loop
      vertex 18.686236985291906 9.988001757654073 9.1796875
      vertex 19.575253016631496 8.108335286373608 9.15625
      vertex 20.325349715248308 8.419035512031975 8.6875
    endloop
  endfacet
  facet normal 0.474125011468117 0.15927804356483394 0.8659307006559571
    outer loop
      vertex 21.052687386108595 6.386262899598171 8.6640625
      vertex 19.575253016631496 8.108335286373608 9.15625
      vertex 20.275748660499122 6.150581113818423 9.1328125
    endloop
  endfacet
  facet normal 0.4746679962063523 0.15985956706728555 0.8655259743037794
    outer loop
      vertex 21.052687386108595 6.386262899598171 8.6640625
      vertex 20.325349715248308 8.419035512031975 8.6875
      vertex 19.575253016631496 8.108335286373608 9.15625
    endloop
  endfacet
  facet normal 0.941544065183021 0.33688985339221955 0
    outer loop
      vertex 20.275748660499122 6.150581113818423 9.1328125
      vertex 19.575253016631496 8.108335286373608 9.93203125
      vertex 20.275748660499122 6.150581113818423 9.90859375
    endloop
  endfacet
  facet normal 0.941544065183021 0.3368898533922195 0
    outer loop
      vertex 20.275748660499122 6.150581113818423 9.1328125
      vertex 19.575253016631496 8.108335286373608 9.15625
      vertex 19.575253016631496 8.108335286373608 9.93203125
    endloop
  endfacet
  facet normal 0.9415440651830209 0.3368898533922195 0
    outer loop
      vertex 20.275748660499122 6.150581113818423 9.90859375
      vertex 19.575253016631496 8.108335286373608 10
      vertex 20.275748660499122 6.150581113818423 10
    endloop
  endfacet
  facet normal 0.941544065183021 0.33688985339221955 0
    outer loop
      vertex 20.275748660499122 6.150581113818423 9.90859375
      vertex 19.575253016631496 8.108335286373608 9.93203125
      vertex 19.575253016631496 8.108335286373608 10
    endloop
  endfacet
  facet normal 0.9039892931234439 0.4275550934302808 0
    outer loop
      vertex 18.686236985291906 9.988001757654073 9.1796875
      vertex 18.686236985291906 9.988001757654073 9.95546875
      vertex 19.575253016631496 8.108335286373608 9.15625
    endloop
  endfacet
  facet normal 0.9039892931234439 0.4275550934302808 0
    outer loop
      vertex 19.575253016631496 8.108335286373608 9.15625
      vertex 18.686236985291906 9.988001757654073 9.95546875
      vertex 19.575253016631496 8.108335286373608 9.93203125
    endloop
  endfacet
  facet normal 0.9039892931234439 0.4275550934302808 0
    outer loop
      vertex 18.686236985291906 9.988001757654073 9.95546875
      vertex 18.686236985291906 9.988001757654073 10
      vertex 19.575253016631496 8.108335286373608 9.93203125
    endloop
  endfacet
  facet normal 0.903989293123444 0.4275550934302808 0
    outer loop
      vertex 18.686236985291906 9.988001757654073 10
      vertex 19.575253016631496 8.108335286373608 10
      vertex 19.575253016631496 8.108335286373608 9.93203125
    endloop
  endfacet
  facet normal 0.4567133624464016 0.20561539915190122 0.8655259743037791
    outer loop
      vertex 18.686236985291906 9.988001757654073 9.1796875
      vertex 20.325349715248308 8.419035512031975 8.6875
      vertex 19.402267815663812 10.370728210171949 8.7109375
    endloop
  endfacet
  facet normal 0.29076491386115655 0.4078241688188765 -0.8655259743037794
    outer loop
      vertex 13.44158909527899 16.37862370210235 5.1484375
      vertex 12.222545126431248 18.292331470655995 5.640625
      vertex 13.9566522516002 17.006229973980215 5.6171875
    endloop
  endfacet
  facet normal 0.328593511186748 0.37708132553528567 -0.8659307006559568
    outer loop
      vertex 13.44158909527899 16.37862370210235 5.1484375
      vertex 13.9566522516002 17.006229973980215 5.6171875
      vertex 14.982250027639239 14.982250027639239 5.125
    endloop
  endfacet
  facet normal 0.32933856011168644 0.3773604386114879 -0.8655259743037795
    outer loop
      vertex 14.982250027639239 14.982250027639239 5.125
      vertex 13.9566522516002 17.006229973980215 5.6171875
      vertex 15.556349186104047 15.556349186104047 5.59375
    endloop
  endfacet
  facet normal 0.30573039969011373 0.3958445962329243 0.8659307006559569
    outer loop
      vertex 13.44158909527899 16.37862370210235 6.2734375
      vertex 13.9566522516002 17.006229973980215 5.8046875
      vertex 11.77147831201117 17.617262276847743 6.296875
    endloop
  endfacet
  facet normal 0.5956993044924327 0.8032075314806455 0
    outer loop
      vertex 12.222545126431248 18.292331470655995 5.640625
      vertex 12.222545126431248 18.292331470655995 5.828125
      vertex 13.9566522516002 17.006229973980215 5.6171875
    endloop
  endfacet
  facet normal 0.5956993044924326 0.8032075314806455 0
    outer loop
      vertex 12.222545126431248 18.292331470655995 5.828125
      vertex 13.9566522516002 17.006229973980215 5.8046875
      vertex 13.9566522516002 17.006229973980215 5.6171875
    endloop
  endfacet
  facet normal 0.305858797852137 0.39662978151159983 0.8655259743037793
    outer loop
      vertex 12.222545126431248 18.292331470655995 5.828125
      vertex 11.77147831201117 17.617262276847743 6.296875
      vertex 13.9566522516002 17.006229973980215 5.8046875
    endloop
  endfacet
  facet normal 0.6715589548470181 0.7409511253549593 0
    outer loop
      vertex 15.556349186104047 15.556349186104047 5.59375
      vertex 13.9566522516002 17.006229973980215 5.6171875
      vertex 13.9566522516002 17.006229973980215 5.8046875
    endloop
  endfacet
  facet normal 0.6715589548470181 0.7409511253549593 0
    outer loop
      vertex 15.556349186104047 15.556349186104047 5.59375
      vertex 13.9566522516002 17.006229973980215 5.8046875
      vertex 15.556349186104047 15.556349186104047 5.78125
    endloop
  endfacet
  facet normal 0.3432625210940709 0.3647404959935705 0.8655259743037794
    outer loop
      vertex 15.556349186104047 15.556349186104047 5.78125
      vertex 13.9566522516002 17.006229973980215 5.8046875
      vertex 13.44158909527899 16.37862370210235 6.2734375
    endloop
  endfacet
  facet normal 0.3430577795886481 0.36397167681729026 0.865930700655957
    outer loop
      vertex 15.556349186104047 15.556349186104047 5.78125
      vertex 13.44158909527899 16.37862370210235 6.2734375
      vertex 14.982250027639239 14.982250027639239 6.25
    endloop
  endfacet
  facet normal 0.3958445962329243 0.30573039969011373 -0.8659307006559569
    outer loop
      vertex 16.37862370210235 13.44158909527899 5.1015625
      vertex 17.006229973980215 13.9566522516002 5.5703125
      vertex 17.617262276847743 11.77147831201117 5.078125
    endloop
  endfacet
  facet normal 0.3639716768172903 0.34305777958864814 -0.8659307006559569
    outer loop
      vertex 16.37862370210235 13.44158909527899 5.1015625
      vertex 14.982250027639239 14.982250027639239 5.125
      vertex 15.556349186104047 15.556349186104047 5.59375
    endloop
  endfacet
  facet normal 0.3647404959935705 0.3432625210940709 -0.8655259743037794
    outer loop
      vertex 16.37862370210235 13.44158909527899 5.1015625
      vertex 15.556349186104047 15.556349186104047 5.59375
      vertex 17.006229973980215 13.9566522516002 5.5703125
    endloop
  endfacet
  facet normal 0.3966297815115999 0.305858797852137 -0.8655259743037793
    outer loop
      vertex 17.617262276847743 11.77147831201117 5.078125
      vertex 17.006229973980215 13.9566522516002 5.5703125
      vertex 18.292331470655995 12.222545126431248 5.546875
    endloop
  endfacet
  facet normal 0.3773604386114879 0.32933856011168644 0.8655259743037795
    outer loop
      vertex 15.556349186104047 15.556349186104047 5.78125
      vertex 14.982250027639239 14.982250027639239 6.25
      vertex 17.006229973980215 13.9566522516002 5.7578125
    endloop
  endfacet
  facet normal 0.7409511253549593 0.6715589548470181 0
    outer loop
      vertex 15.556349186104047 15.556349186104047 5.59375
      vertex 15.556349186104047 15.556349186104047 5.78125
      vertex 17.006229973980215 13.9566522516002 5.5703125
    endloop
  endfacet
  facet normal 0.7409511253549593 0.6715589548470181 0
    outer loop
      vertex 15.556349186104047 15.556349186104047 5.78125
      vertex 17.006229973980215 13.9566522516002 5.7578125
      vertex 17.006229973980215 13.9566522516002 5.5703125
    endloop
  endfacet
  facet normal 0.37708132553528567 0.328593511186748 0.8659307006559568
    outer loop
      vertex 16.37862370210235 13.44158909527899 6.2265625
      vertex 17.006229973980215 13.9566522516002 5.7578125
      vertex 14.982250027639239 14.982250027639239 6.25
    endloop
  endfacet
  facet normal 0.8032075314806455 0.5956993044924327 0
    outer loop
      vertex 18.292331470655995 12.222545126431248 5.546875
      vertex 17.006229973980215 13.9566522516002 5.7578125
      vertex 18.292331470655995 12.222545126431248 5.734375
    endloop
  endfacet
  facet normal 0.4078241688188765 0.29076491386115655 0.8655259743037794
    outer loop
      vertex 16.37862370210235 13.44158909527899 6.2265625
      vertex 18.292331470655995 12.222545126431248 5.734375
      vertex 17.006229973980215 13.9566522516002 5.7578125
    endloop
  endfacet
  facet normal 0.8032075314806455 0.5956993044924326 0
    outer loop
      vertex 18.292331470655995 12.222545126431248 5.546875
      vertex 17.006229973980215 13.9566522516002 5.5703125
      vertex 17.006229973980215 13.9566522516002 5.7578125
    endloop
  endfacet
  facet normal 0.6715589548470181 0.7409511253549594 0
    outer loop
      vertex 13.44158909527899 16.37862370210235 6.6484375
      vertex 14.982250027639239 14.982250027639239 6.625
      vertex 14.982250027639239 14.982250027639239 6.25
    endloop
  endfacet
  facet normal 0.7409511253549594 0.6715589548470181 0
    outer loop
      vertex 16.37862370210235 13.44158909527899 6.2265625
      vertex 14.982250027639239 14.982250027639239 6.25
      vertex 14.982250027639239 14.982250027639239 6.625
    endloop
  endfacet
  facet normal 0.595699304492433 0.8032075314806452 0
    outer loop
      vertex 13.44158909527899 16.37862370210235 6.2734375
      vertex 11.77147831201117 17.617262276847743 6.671875
      vertex 13.44158909527899 16.37862370210235 6.6484375
    endloop
  endfacet
  facet normal 0.6715589548470181 0.7409511253549594 0
    outer loop
      vertex 13.44158909527899 16.37862370210235 6.2734375
      vertex 13.44158909527899 16.37862370210235 6.6484375
      vertex 14.982250027639239 14.982250027639239 6.25
    endloop
  endfacet
  facet normal 0.328593511186748 0.37708132553528567 -0.8659307006559568
    outer loop
      vertex 13.44158909527899 16.37862370210235 6.6484375
      vertex 13.9566522516002 17.006229973980215 7.1171875
      vertex 14.982250027639239 14.982250027639239 6.625
    endloop
  endfacet
  facet normal 0.29076491386115655 0.4078241688188765 -0.8655259743037794
    outer loop
      vertex 13.44158909527899 16.37862370210235 6.6484375
      vertex 12.222545126431248 18.292331470655995 7.140625
      vertex 13.9566522516002 17.006229973980215 7.1171875
    endloop
  endfacet
  facet normal 0.5956993044924327 0.8032075314806455 0
    outer loop
      vertex 12.222545126431248 18.292331470655995 7.140625
      vertex 12.222545126431248 18.292331470655995 7.328125
      vertex 13.9566522516002 17.006229973980215 7.1171875
    endloop
  endfacet
  facet normal 0.305858797852137 0.39662978151159983 0.8655259743037793
    outer loop
      vertex 12.222545126431248 18.292331470655995 7.328125
      vertex 11.77147831201117 17.617262276847743 7.796875
      vertex 13.9566522516002 17.006229973980215 7.3046875
    endloop
  endfacet
  facet normal 0.5956993044924326 0.8032075314806455 0
    outer loop
      vertex 12.222545126431248 18.292331470655995 7.328125
      vertex 13.9566522516002 17.006229973980215 7.3046875
      vertex 13.9566522516002 17.006229973980215 7.1171875
    endloop
  endfacet
  facet normal 0.32933856011168644 0.3773604386114879 -0.8655259743037795
    outer loop
      vertex 14.982250027639239 14.982250027639239 6.625
      vertex 13.9566522516002 17.006229973980215 7.1171875
      vertex 15.556349186104047 15.556349186104047 7.09375
    endloop
  endfacet
  facet normal 0.6715589548470181 0.7409511253549593 0
    outer loop
      vertex 15.556349186104047 15.556349186104047 7.09375
      vertex 13.9566522516002 17.006229973980215 7.1171875
      vertex 13.9566522516002 17.006229973980215 7.3046875
    endloop
  endfacet
  facet normal 0.3432625210940709 0.3647404959935705 0.8655259743037794
    outer loop
      vertex 15.556349186104047 15.556349186104047 7.28125
      vertex 13.9566522516002 17.006229973980215 7.3046875
      vertex 13.44158909527899 16.37862370210235 7.7734375
    endloop
  endfacet
  facet normal 0.6715589548470181 0.7409511253549593 0
    outer loop
      vertex 15.556349186104047 15.556349186104047 7.09375
      vertex 13.9566522516002 17.006229973980215 7.3046875
      vertex 15.556349186104047 15.556349186104047 7.28125
    endloop
  endfacet
  facet normal 0.7409511253549594 0.6715589548470181 0
    outer loop
      vertex 16.37862370210235 13.44158909527899 6.2265625
      vertex 14.982250027639239 14.982250027639239 6.625
      vertex 16.37862370210235 13.44158909527899 6.6015625
    endloop
  endfacet
  facet normal 0.8032075314806452 0.595699304492433 0
    outer loop
      vertex 16.37862370210235 13.44158909527899 6.2265625
      vertex 16.37862370210235 13.44158909527899 6.6015625
      vertex 17.617262276847743 11.77147831201117 6.203125
    endloop
  endfacet
  facet normal 0.3958445962329243 0.30573039969011373 -0.8659307006559569
    outer loop
      vertex 16.37862370210235 13.44158909527899 6.6015625
      vertex 17.006229973980215 13.9566522516002 7.0703125
      vertex 17.617262276847743 11.77147831201117 6.578125
    endloop
  endfacet
  facet normal 0.3639716768172903 0.34305777958864814 -0.8659307006559569
    outer loop
      vertex 16.37862370210235 13.44158909527899 6.6015625
      vertex 14.982250027639239 14.982250027639239 6.625
      vertex 15.556349186104047 15.556349186104047 7.09375
    endloop
  endfacet
  facet normal 0.3647404959935705 0.3432625210940709 -0.8655259743037794
    outer loop
      vertex 16.37862370210235 13.44158909527899 6.6015625
      vertex 15.556349186104047 15.556349186104047 7.09375
      vertex 17.006229973980215 13.9566522516002 7.0703125
    endloop
  endfacet
  facet normal 0.7409511253549593 0.6715589548470181 0
    outer loop
      vertex 15.556349186104047 15.556349186104047 7.09375
      vertex 15.556349186104047 15.556349186104047 7.28125
      vertex 17.006229973980215 13.9566522516002 7.0703125
    endloop
  endfacet
  facet normal 0.3773604386114879 0.32933856011168644 0.8655259743037795
    outer loop
      vertex 15.556349186104047 15.556349186104047 7.28125
      vertex 14.982250027639239 14.982250027639239 7.75
      vertex 17.006229973980215 13.9566522516002 7.2578125
    endloop
  endfacet
  facet normal 0.7409511253549593 0.6715589548470181 0
    outer loop
      vertex 15.556349186104047 15.556349186104047 7.28125
      vertex 17.006229973980215 13.9566522516002 7.2578125
      vertex 17.006229973980215 13.9566522516002 7.0703125
    endloop
  endfacet
  facet normal 0.3966297815115999 0.305858797852137 -0.8655259743037793
    outer loop
      vertex 17.617262276847743 11.77147831201117 6.578125
      vertex 17.006229973980215 13.9566522516002 7.0703125
      vertex 18.292331470655995 12.222545126431248 7.046875
    endloop
  endfacet
  facet normal 0.8032075314806455 0.5956993044924327 0
    outer loop
      vertex 18.292331470655995 12.222545126431248 7.046875
      vertex 17.006229973980215 13.9566522516002 7.2578125
      vertex 18.292331470655995 12.222545126431248 7.234375
    endloop
  endfacet
  facet normal 0.8032075314806455 0.5956993044924326 0
    outer loop
      vertex 18.292331470655995 12.222545126431248 7.046875
      vertex 17.006229973980215 13.9566522516002 7.0703125
      vertex 17.006229973980215 13.9566522516002 7.2578125
    endloop
  endfacet
  facet normal 0.4078241688188765 0.29076491386115655 0.8655259743037794
    outer loop
      vertex 16.37862370210235 13.44158909527899 7.7265625
      vertex 18.292331470655995 12.222545126431248 7.234375
      vertex 17.006229973980215 13.9566522516002 7.2578125
    endloop
  endfacet
  facet normal 0.6715589548470181 0.7409511253549594 0
    outer loop
      vertex 13.44158909527899 16.37862370210235 8.1484375
      vertex 14.982250027639239 14.982250027639239 8.125
      vertex 14.982250027639239 14.982250027639239 7.75
    endloop
  endfacet
  facet normal 0.7409511253549594 0.6715589548470181 0
    outer loop
      vertex 16.37862370210235 13.44158909527899 7.7265625
      vertex 14.982250027639239 14.982250027639239 7.75
      vertex 14.982250027639239 14.982250027639239 8.125
    endloop
  endfacet
  facet normal 0.30573039969011373 0.3958445962329243 0.8659307006559569
    outer loop
      vertex 13.44158909527899 16.37862370210235 7.7734375
      vertex 13.9566522516002 17.006229973980215 7.3046875
      vertex 11.77147831201117 17.617262276847743 7.796875
    endloop
  endfacet
  facet normal 0.595699304492433 0.8032075314806452 0
    outer loop
      vertex 13.44158909527899 16.37862370210235 7.7734375
      vertex 11.77147831201117 17.617262276847743 8.171875
      vertex 13.44158909527899 16.37862370210235 8.1484375
    endloop
  endfacet
  facet normal 0.6715589548470181 0.7409511253549594 0
    outer loop
      vertex 13.44158909527899 16.37862370210235 7.7734375
      vertex 13.44158909527899 16.37862370210235 8.1484375
      vertex 14.982250027639239 14.982250027639239 7.75
    endloop
  endfacet
  facet normal 0.3430577795886481 0.36397167681729026 0.865930700655957
    outer loop
      vertex 15.556349186104047 15.556349186104047 7.28125
      vertex 13.44158909527899 16.37862370210235 7.7734375
      vertex 14.982250027639239 14.982250027639239 7.75
    endloop
  endfacet
  facet normal 0.29076491386115655 0.4078241688188765 -0.8655259743037794
    outer loop
      vertex 13.44158909527899 16.37862370210235 8.1484375
      vertex 12.222545126431248 18.292331470655995 8.640625
      vertex 13.9566522516002 17.006229973980215 8.6171875
    endloop
  endfacet
  facet normal 0.5956993044924327 0.8032075314806455 0
    outer loop
      vertex 12.222545126431248 18.292331470655995 8.640625
      vertex 12.222545126431248 18.292331470655995 8.828125
      vertex 13.9566522516002 17.006229973980215 8.6171875
    endloop
  endfacet
  facet normal 0.328593511186748 0.37708132553528567 -0.8659307006559568
    outer loop
      vertex 13.44158909527899 16.37862370210235 8.1484375
      vertex 13.9566522516002 17.006229973980215 8.6171875
      vertex 14.982250027639239 14.982250027639239 8.125
    endloop
  endfacet
  facet normal 0.32933856011168644 0.3773604386114879 -0.8655259743037795
    outer loop
      vertex 14.982250027639239 14.982250027639239 8.125
      vertex 13.9566522516002 17.006229973980215 8.6171875
      vertex 15.556349186104047 15.556349186104047 8.59375
    endloop
  endfacet
  facet normal 0.6715589548470181 0.7409511253549593 0
    outer loop
      vertex 15.556349186104047 15.556349186104047 8.59375
      vertex 13.9566522516002 17.006229973980215 8.6171875
      vertex 13.9566522516002 17.006229973980215 8.8046875
    endloop
  endfacet
  facet normal 0.6715589548470181 0.7409511253549593 0
    outer loop
      vertex 15.556349186104047 15.556349186104047 8.59375
      vertex 13.9566522516002 17.006229973980215 8.8046875
      vertex 15.556349186104047 15.556349186104047 8.78125
    endloop
  endfacet
  facet normal 0.7409511253549594 0.6715589548470181 0
    outer loop
      vertex 16.37862370210235 13.44158909527899 7.7265625
      vertex 14.982250027639239 14.982250027639239 8.125
      vertex 16.37862370210235 13.44158909527899 8.1015625
    endloop
  endfacet
  facet normal 0.8032075314806452 0.595699304492433 0
    outer loop
      vertex 16.37862370210235 13.44158909527899 7.7265625
      vertex 16.37862370210235 13.44158909527899 8.1015625
      vertex 17.617262276847743 11.77147831201117 7.703125
    endloop
  endfacet
  facet normal 0.37708132553528567 0.328593511186748 0.8659307006559568
    outer loop
      vertex 16.37862370210235 13.44158909527899 7.7265625
      vertex 17.006229973980215 13.9566522516002 7.2578125
      vertex 14.982250027639239 14.982250027639239 7.75
    endloop
  endfacet
  facet normal 0.3958445962329243 0.30573039969011373 -0.8659307006559569
    outer loop
      vertex 16.37862370210235 13.44158909527899 8.1015625
      vertex 17.006229973980215 13.9566522516002 8.5703125
      vertex 17.617262276847743 11.77147831201117 8.078125
    endloop
  endfacet
  facet normal 0.3639716768172903 0.34305777958864814 -0.8659307006559569
    outer loop
      vertex 16.37862370210235 13.44158909527899 8.1015625
      vertex 14.982250027639239 14.982250027639239 8.125
      vertex 15.556349186104047 15.556349186104047 8.59375
    endloop
  endfacet
  facet normal 0.3647404959935705 0.3432625210940709 -0.8655259743037794
    outer loop
      vertex 16.37862370210235 13.44158909527899 8.1015625
      vertex 15.556349186104047 15.556349186104047 8.59375
      vertex 17.006229973980215 13.9566522516002 8.5703125
    endloop
  endfacet
  facet normal 0.7409511253549593 0.6715589548470181 0
    outer loop
      vertex 15.556349186104047 15.556349186104047 8.59375
      vertex 15.556349186104047 15.556349186104047 8.78125
      vertex 17.006229973980215 13.9566522516002 8.5703125
    endloop
  endfacet
  facet normal 0.7409511253549593 0.6715589548470181 0
    outer loop
      vertex 15.556349186104047 15.556349186104047 8.78125
      vertex 17.006229973980215 13.9566522516002 8.7578125
      vertex 17.006229973980215 13.9566522516002 8.5703125
    endloop
  endfacet
  facet normal 0.3966297815115999 0.305858797852137 -0.8655259743037793
    outer loop
      vertex 17.617262276847743 11.77147831201117 8.078125
      vertex 17.006229973980215 13.9566522516002 8.5703125
      vertex 18.292331470655995 12.222545126431248 8.546875
    endloop
  endfacet
  facet normal 0.8032075314806455 0.5956993044924327 0
    outer loop
      vertex 18.292331470655995 12.222545126431248 8.546875
      vertex 17.006229973980215 13.9566522516002 8.7578125
      vertex 18.292331470655995 12.222545126431248 8.734375
    endloop
  endfacet
  facet normal 0.8032075314806455 0.5956993044924326 0
    outer loop
      vertex 18.292331470655995 12.222545126431248 8.546875
      vertex 17.006229973980215 13.9566522516002 8.5703125
      vertex 17.006229973980215 13.9566522516002 8.7578125
    endloop
  endfacet
  facet normal 0.7409511253549594 0.6715589548470181 0
    outer loop
      vertex 16.37862370210235 13.44158909527899 9.2265625
      vertex 14.982250027639239 14.982250027639239 9.25
      vertex 14.982250027639239 14.982250027639239 10
    endloop
  endfacet
  facet normal 0.6715589548470181 0.7409511253549594 0
    outer loop
      vertex 13.44158909527899 16.37862370210235 10
      vertex 14.982250027639239 14.982250027639239 10
      vertex 14.982250027639239 14.982250027639239 9.25
    endloop
  endfacet
  facet normal 0.30573039969011373 0.3958445962329243 0.8659307006559569
    outer loop
      vertex 13.44158909527899 16.37862370210235 9.2734375
      vertex 13.9566522516002 17.006229973980215 8.8046875
      vertex 11.77147831201117 17.617262276847743 9.296875
    endloop
  endfacet
  facet normal 0.305858797852137 0.39662978151159983 0.8655259743037793
    outer loop
      vertex 12.222545126431248 18.292331470655995 8.828125
      vertex 11.77147831201117 17.617262276847743 9.296875
      vertex 13.9566522516002 17.006229973980215 8.8046875
    endloop
  endfacet
  facet normal 0.5956993044924326 0.8032075314806455 0
    outer loop
      vertex 12.222545126431248 18.292331470655995 8.828125
      vertex 13.9566522516002 17.006229973980215 8.8046875
      vertex 13.9566522516002 17.006229973980215 8.6171875
    endloop
  endfacet
  facet normal 0.3432625210940709 0.3647404959935705 0.8655259743037794
    outer loop
      vertex 15.556349186104047 15.556349186104047 8.78125
      vertex 13.9566522516002 17.006229973980215 8.8046875
      vertex 13.44158909527899 16.37862370210235 9.2734375
    endloop
  endfacet
  facet normal 0.3430577795886481 0.36397167681729026 0.865930700655957
    outer loop
      vertex 15.556349186104047 15.556349186104047 8.78125
      vertex 13.44158909527899 16.37862370210235 9.2734375
      vertex 14.982250027639239 14.982250027639239 9.25
    endloop
  endfacet
  facet normal 0.671558954847018 0.7409511253549593 0
    outer loop
      vertex 13.44158909527899 16.37862370210235 9.2734375
      vertex 13.44158909527899 16.37862370210235 10
      vertex 14.982250027639239 14.982250027639239 9.25
    endloop
  endfacet
  facet normal 0.595699304492433 0.8032075314806452 0
    outer loop
      vertex 13.44158909527899 16.37862370210235 9.2734375
      vertex 11.77147831201117 17.617262276847743 10
      vertex 13.44158909527899 16.37862370210235 10
    endloop
  endfacet
  facet normal 0.3773604386114879 0.32933856011168644 0.8655259743037795
    outer loop
      vertex 15.556349186104047 15.556349186104047 8.78125
      vertex 14.982250027639239 14.982250027639239 9.25
      vertex 17.006229973980215 13.9566522516002 8.7578125
    endloop
  endfacet
  facet normal 0.37708132553528567 0.328593511186748 0.8659307006559568
    outer loop
      vertex 16.37862370210235 13.44158909527899 9.2265625
      vertex 17.006229973980215 13.9566522516002 8.7578125
      vertex 14.982250027639239 14.982250027639239 9.25
    endloop
  endfacet
  facet normal 0.4078241688188765 0.29076491386115655 0.8655259743037794
    outer loop
      vertex 16.37862370210235 13.44158909527899 9.2265625
      vertex 18.292331470655995 12.222545126431248 8.734375
      vertex 17.006229973980215 13.9566522516002 8.7578125
    endloop
  endfacet
  facet normal 0.8032075314806452 0.595699304492433 0
    outer loop
      vertex 16.37862370210235 13.44158909527899 9.2265625
      vertex 16.37862370210235 13.44158909527899 10
      vertex 17.617262276847743 11.77147831201117 9.203125
    endloop
  endfacet
  facet normal 0.7409511253549593 0.6715589548470181 0
    outer loop
      vertex 16.37862370210235 13.44158909527899 9.2265625
      vertex 14.982250027639239 14.982250027639239 10
      vertex 16.37862370210235 13.44158909527899 10
    endloop
  endfacet
  facet normal 0 0 1
    outer loop
      vertex -2.451963201008076 -0.4877258050403206 7
      vertex -2.451963201008076 0.4877258050403206 7
      vertex -2.4879618166804924 -0.2450428508239015 7
    endloop
  endfacet
  facet normal 0 0 1
    outer loop
      vertex -2.392350839330522 -0.7257116931361558 7
      vertex -2.392350839330522 0.7257116931361558 7
      vertex -2.451963201008076 -0.4877258050403206 7
    endloop
  endfacet
  facet normal 0 0 1
    outer loop
      vertex -2.078674030756363 -1.3889255825490054 7
      vertex -2.078674030756363 1.3889255825490054 7
      vertex -2.204803160870888 -1.1784918420649941 7
    endloop
  endfacet
  facet normal 0 0 1
    outer loop
      vertex -2.078674030756363 -1.3889255825490054 7
      vertex -1.9325261334068424 -1.5859832104091138 7
      vertex -1.9325261334068424 1.5859832104091138 7
    endloop
  endfacet
  facet normal 0 0 1
    outer loop
      vertex -2.309698831278217 -0.9567085809127245 7
      vertex -2.309698831278217 0.9567085809127245 7
      vertex -2.392350839330522 -0.7257116931361558 7
    endloop
  endfacet
  facet normal 0 0 1
    outer loop
      vertex -2.204803160870888 -1.1784918420649941 7
      vertex -2.204803160870888 1.1784918420649941 7
      vertex -2.309698831278217 -0.9567085809127245 7
    endloop
  endfacet
  facet normal 0 0 1
    outer loop
      vertex -1.7677669529663689 -1.7677669529663689 7
      vertex -1.7677669529663689 1.7677669529663689 7
      vertex -1.9325261334068424 -1.5859832104091138 7
    endloop
  endfacet
  facet normal 0 0 1
    outer loop
      vertex -1.7677669529663689 -1.7677669529663689 7
      vertex -1.5859832104091138 -1.9325261334068424 7
      vertex -1.5859832104091138 1.9325261334068424 7
    endloop
  endfacet
  facet normal 0 0 1
    outer loop
      vertex -0.7257116931361558 -2.392350839330522 7
      vertex -0.4877258050403206 -2.451963201008076 7
      vertex -0.4903926402016152 -0.09754516100806412 7
    endloop
  endfacet
  facet normal 0 0 1
    outer loop
      vertex -0.4877258050403206 -2.451963201008076 7
      vertex -0.2450428508239015 -2.4879618166804924 7
      vertex -0.2777851165098011 -0.4157348061512726 7
    endloop
  endfacet
  facet normal 0 0 1
    outer loop
      vertex -0.2450428508239015 -2.4879618166804924 7
      vertex 0 -2.5 7
      vertex 0 -0.5 7
    endloop
  endfacet
  facet normal 0 0 1
    outer loop
      vertex -1.3889255825490054 -2.078674030756363 7
      vertex -1.3889255825490054 2.078674030756363 7
      vertex -1.5859832104091138 -1.9325261334068424 7
    endloop
  endfacet
  facet normal 0 0 1
    outer loop
      vertex -1.3889255825490054 -2.078674030756363 7
      vertex -1.1784918420649941 -2.204803160870888 7
      vertex -1.1784918420649941 2.204803160870888 7
    endloop
  endfacet
  facet normal 0 0 1
    outer loop
      vertex -1.1784918420649941 -2.204803160870888 7
      vertex -0.9567085809127245 -2.309698831278217 7
      vertex -0.9567085809127245 2.309698831278217 7
    endloop
  endfacet
  facet normal 0 0 1
    outer loop
      vertex -0.9567085809127245 -2.309698831278217 7
      vertex -0.7257116931361558 -2.392350839330522 7
      vertex -0.7257116931361558 2.392350839330522 7
    endloop
  endfacet
  facet normal 0 0 1
    outer loop
      vertex -0.4877258050403206 -2.451963201008076 7
      vertex -0.4157348061512726 -0.2777851165098011 7
      vertex -0.4409606321741775 -0.23569836841299882 7
    endloop
  endfacet
  facet normal 0 0 1
    outer loop
      vertex -0.4877258050403206 -2.451963201008076 7
      vertex -0.3535533905932738 -0.3535533905932738 7
      vertex -0.3865052266813685 -0.31719664208182274 7
    endloop
  endfacet
  facet normal 0 0 1
    outer loop
      vertex -0.4877258050403206 -2.451963201008076 7
      vertex -0.3865052266813685 -0.31719664208182274 7
      vertex -0.4157348061512726 -0.2777851165098011 7
    endloop
  endfacet
  facet normal 0 0 1
    outer loop
      vertex -0.7257116931361558 -2.392350839330522 7
      vertex -0.4903926402016152 -0.09754516100806412 7
      vertex -0.49759236333609846 -0.0490085701647803 7
    endloop
  endfacet
  facet normal 0 0 1
    outer loop
      vertex -0.7257116931361558 -2.392350839330522 7
      vertex -0.49759236333609846 -0.0490085701647803 7
      vertex -0.5 0 7
    endloop
  endfacet
  facet normal 0 0 1
    outer loop
      vertex -0.7257116931361558 -2.392350839330522 7
      vertex -0.5 0 7
      vertex -0.49759236333609846 0.0490085701647803 7
    endloop
  endfacet
  facet normal 0 0 1
    outer loop
      vertex -0.4877258050403206 -2.451963201008076 7
      vertex -0.4409606321741775 -0.23569836841299882 7
      vertex -0.46193976625564337 -0.1913417161825449 7
    endloop
  endfacet
  facet normal 0 0 1
    outer loop
      vertex -0.4877258050403206 -2.451963201008076 7
      vertex -0.46193976625564337 -0.1913417161825449 7
      vertex -0.4784701678661044 -0.14514233862723117 7
    endloop
  endfacet
  facet normal 0 0 1
    outer loop
      vertex -0.4877258050403206 -2.451963201008076 7
      vertex -0.4784701678661044 -0.14514233862723117 7
      vertex -0.4903926402016152 -0.09754516100806412 7
    endloop
  endfacet
  facet normal 0 0 1
    outer loop
      vertex -0.4877258050403206 -2.451963201008076 7
      vertex -0.2777851165098011 -0.4157348061512726 7
      vertex -0.31719664208182274 -0.3865052266813685 7
    endloop
  endfacet
  facet normal 0 0 1
    outer loop
      vertex -0.4877258050403206 -2.451963201008076 7
      vertex -0.31719664208182274 -0.3865052266813685 7
      vertex -0.3535533905932738 -0.3535533905932738 7
    endloop
  endfacet
  facet normal 0 0 1
    outer loop
      vertex -0.2450428508239015 -2.4879618166804924 7
      vertex -0.23569836841299882 -0.4409606321741775 7
      vertex -0.2777851165098011 -0.4157348061512726 7
    endloop
  endfacet
  facet normal 0 0 1
    outer loop
      vertex -0.2450428508239015 -2.4879618166804924 7
      vertex -0.1913417161825449 -0.46193976625564337 7
      vertex -0.23569836841299882 -0.4409606321741775 7
    endloop
  endfacet
  facet normal 0 0 1
    outer loop
      vertex -0.2450428508239015 -2.4879618166804924 7
      vertex -0.14514233862723117 -0.4784701678661044 7
      vertex -0.1913417161825449 -0.46193976625564337 7
    endloop
  endfacet
  facet normal 0 0 1
    outer loop
      vertex -0.2450428508239015 -2.4879618166804924 7
      vertex -0.09754516100806412 -0.4903926402016152 7
      vertex -0.14514233862723117 -0.4784701678661044 7
    endloop
  endfacet
  facet normal 0 0 1
    outer loop
      vertex -0.2450428508239015 -2.4879618166804924 7
      vertex -0.0490085701647803 -0.49759236333609846 7
      vertex -0.09754516100806412 -0.4903926402016152 7
    endloop
  endfacet
  facet normal 0 0 1
    outer loop
      vertex -0.2450428508239015 -2.4879618166804924 7
      vertex 0 -0.5 7
      vertex -0.0490085701647803 -0.49759236333609846 7
    endloop
  endfacet
  facet normal 0.7409511253549592 0.6715589548470184 -4.7138256832835175e-17
    outer loop
      vertex -1.7677669529663689 -1.7677669529663689 7
      vertex -1.9325261334068424 -1.5859832104091138 7
      vertex -1.9325261334068424 -1.5859832104091136 10
    endloop
  endfacet
  facet normal 0.6715589548470184 0.7409511253549592 0
    outer loop
      vertex -1.7677669529663689 -1.7677669529663689 7
      vertex -1.7677669529663689 -1.7677669529663689 10
      vertex -1.5859832104091138 -1.9325261334068424 7
    endloop
  endfacet
  facet normal 0.9415440651830211 0.3368898533922188 0
    outer loop
      vertex -2.309698831278217 -0.9567085809127245 7
      vertex -2.392350839330522 -0.7257116931361558 7
      vertex -2.392350839330522 -0.7257116931361558 10
    endloop
  endfacet
  facet normal 0.9700312531945438 0.24298017990326456 0
    outer loop
      vertex -2.392350839330522 -0.7257116931361558 7
      vertex -2.451963201008076 -0.4877258050403206 7
      vertex -2.451963201008076 -0.4877258050403206 10
    endloop
  endfacet
  facet normal 0.9891765099647809 0.14673047445536286 0
    outer loop
      vertex -2.451963201008076 -0.4877258050403206 7
      vertex -2.4879618166804924 -0.2450428508239015 7
      vertex -2.4879618166804924 -0.2450428508239015 10
    endloop
  endfacet
  facet normal 0.9987954562051725 0.049067674327417134 0
    outer loop
      vertex -2.4879618166804924 -0.2450428508239015 7
      vertex -2.5 0 7
      vertex -2.5 0 10
    endloop
  endfacet
  facet normal 0.8577286100002717 0.5141027441932224 0
    outer loop
      vertex -2.078674030756363 -1.3889255825490054 7
      vertex -2.204803160870888 -1.1784918420649941 7
      vertex -2.204803160870888 -1.1784918420649941 10
    endloop
  endfacet
  facet normal 0.8032075314806452 0.595699304492433 0
    outer loop
      vertex -2.078674030756363 -1.3889255825490054 7
      vertex -2.078674030756363 -1.3889255825490054 10
      vertex -1.9325261334068424 -1.5859832104091138 7
    endloop
  endfacet
  facet normal 0.9039892931234436 0.42755509343028164 0
    outer loop
      vertex -2.204803160870888 -1.1784918420649941 7
      vertex -2.309698831278217 -0.9567085809127245 7
      vertex -2.309698831278217 -0.9567085809127245 10
    endloop
  endfacet
  facet normal 0.595699304492433 0.8032075314806452 0
    outer loop
      vertex -1.3889255825490054 -2.078674030756363 7
      vertex -1.5859832104091138 -1.9325261334068424 7
      vertex -1.5859832104091138 -1.9325261334068424 10
    endloop
  endfacet
  facet normal 0.5141027441932224 0.8577286100002717 0
    outer loop
      vertex -1.3889255825490054 -2.078674030756363 7
      vertex -1.3889255825490054 -2.078674030756363 10
      vertex -1.1784918420649941 -2.204803160870888 7
    endloop
  endfacet
  facet normal 0.42755509343028164 0.9039892931234436 3.1645433934803914e-17
    outer loop
      vertex -1.1784918420649941 -2.204803160870888 7
      vertex -1.1784918420649944 -2.204803160870888 10
      vertex -0.9567085809127245 -2.309698831278217 7
    endloop
  endfacet
  facet normal 0.3368898533922188 0.9415440651830211 0
    outer loop
      vertex -0.9567085809127245 -2.309698831278217 7
      vertex -0.9567085809127245 -2.309698831278217 10
      vertex -0.7257116931361558 -2.392350839330522 7
    endloop
  endfacet
  facet normal 0.24298017990326456 0.9700312531945438 0
    outer loop
      vertex -0.7257116931361558 -2.392350839330522 7
      vertex -0.7257116931361558 -2.392350839330522 10
      vertex -0.4877258050403206 -2.451963201008076 7
    endloop
  endfacet
  facet normal 0.14673047445536286 0.9891765099647809 5.430118371817241e-18
    outer loop
      vertex -0.4877258050403206 -2.451963201008076 7
      vertex -0.4877258050403207 -2.451963201008076 10
      vertex -0.2450428508239015 -2.4879618166804924 7
    endloop
  endfacet
  facet normal 0.049067674327417134 0.9987954562051725 9.0793436338512e-19
    outer loop
      vertex -0.2450428508239015 -2.4879618166804924 7
      vertex -0.24504285082390156 -2.4879618166804924 10
      vertex 0 -2.5 7
    endloop
  endfacet
  facet normal 0.7409511253549595 0.6715589548470179 0
    outer loop
      vertex -1.7677669529663689 -1.7677669529663689 7
      vertex -1.9325261334068424 -1.5859832104091136 10
      vertex -1.7677669529663689 -1.7677669529663689 10
    endloop
  endfacet
  facet normal 0.6715589548470184 0.7409511253549592 0
    outer loop
      vertex -1.5859832104091138 -1.9325261334068424 7
      vertex -1.7677669529663689 -1.7677669529663689 10
      vertex -1.5859832104091138 -1.9325261334068424 10
    endloop
  endfacet
  facet normal 0.9700312531945438 0.24298017990326456 0
    outer loop
      vertex -2.392350839330522 -0.7257116931361558 7
      vertex -2.451963201008076 -0.4877258050403206 10
      vertex -2.392350839330522 -0.7257116931361558 10
    endloop
  endfacet
  facet normal 0.9891765099647809 0.14673047445536286 0
    outer loop
      vertex -2.451963201008076 -0.4877258050403206 7
      vertex -2.4879618166804924 -0.2450428508239015 10
      vertex -2.451963201008076 -0.4877258050403206 10
    endloop
  endfacet
  facet normal 0.9987954562051725 0.049067674327417134 0
    outer loop
      vertex -2.4879618166804924 -0.2450428508239015 7
      vertex -2.5 0 10
      vertex -2.4879618166804924 -0.2450428508239015 10
    endloop
  endfacet
  facet normal 0.8032075314806448 0.5956993044924335 -4.409060557337943e-17
    outer loop
      vertex -1.9325261334068424 -1.5859832104091138 7
      vertex -2.078674030756363 -1.3889255825490054 10
      vertex -1.9325261334068424 -1.5859832104091136 10
    endloop
  endfacet
  facet normal 0.8577286100002717 0.5141027441932224 0
    outer loop
      vertex -2.078674030756363 -1.3889255825490054 7
      vertex -2.204803160870888 -1.1784918420649941 10
      vertex -2.078674030756363 -1.3889255825490054 10
    endloop
  endfacet
  facet normal 0.9039892931234436 0.42755509343028164 0
    outer loop
      vertex -2.204803160870888 -1.1784918420649941 7
      vertex -2.309698831278217 -0.9567085809127245 10
      vertex -2.204803160870888 -1.1784918420649941 10
    endloop
  endfacet
  facet normal 0.9415440651830211 0.3368898533922188 0
    outer loop
      vertex -2.309698831278217 -0.9567085809127245 7
      vertex -2.392350839330522 -0.7257116931361558 10
      vertex -2.309698831278217 -0.9567085809127245 10
    endloop
  endfacet
  facet normal 0.3368898533922188 0.9415440651830211 0
    outer loop
      vertex -0.7257116931361558 -2.392350839330522 7
      vertex -0.9567085809127245 -2.309698831278217 10
      vertex -0.7257116931361558 -2.392350839330522 10
    endloop
  endfacet
  facet normal 0.595699304492433 0.8032075314806452 0
    outer loop
      vertex -1.3889255825490054 -2.078674030756363 7
      vertex -1.5859832104091138 -1.9325261334068424 10
      vertex -1.3889255825490054 -2.078674030756363 10
    endloop
  endfacet
  facet normal 0.5141027441932229 0.8577286100002713 3.805124690841953e-17
    outer loop
      vertex -1.1784918420649941 -2.204803160870888 7
      vertex -1.3889255825490054 -2.078674030756363 10
      vertex -1.1784918420649944 -2.204803160870888 10
    endloop
  endfacet
  facet normal 0.4275550934302813 0.9039892931234438 0
    outer loop
      vertex -0.9567085809127245 -2.309698831278217 7
      vertex -1.1784918420649944 -2.204803160870888 10
      vertex -0.9567085809127245 -2.309698831278217 10
    endloop
  endfacet
  facet normal 0.2429801799032647 0.9700312531945439 8.992073008538907e-18
    outer loop
      vertex -0.4877258050403206 -2.451963201008076 7
      vertex -0.7257116931361558 -2.392350839330522 10
      vertex -0.4877258050403207 -2.451963201008076 10
    endloop
  endfacet
  facet normal 0.14673047445536283 0.9891765099647808 2.7150591859086196e-18
    outer loop
      vertex -0.2450428508239015 -2.4879618166804924 7
      vertex -0.4877258050403207 -2.451963201008076 10
      vertex -0.24504285082390156 -2.4879618166804924 10
    endloop
  endfacet
  facet normal 0.04906767432741712 0.9987954562051725 0
    outer loop
      vertex -0.24504285082390156 -2.4879618166804924 10
      vertex 0 -2.5 10
      vertex 0 -2.5 7
    endloop
  endfacet
  facet normal 0 0 1
    outer loop
      vertex -2.4879618166804924 -0.2450428508239015 7
      vertex -2.4879618166804924 0.2450428508239015 7
      vertex -2.5 0 7
    endloop
  endfacet
  facet normal 0 0 1
    outer loop
      vertex -2.4879618166804924 -0.2450428508239015 7
      vertex -2.451963201008076 0.4877258050403206 7
      vertex -2.4879618166804924 0.2450428508239015 7
    endloop
  endfacet
  facet normal 0 0 1
    outer loop
      vertex -2.451963201008076 -0.4877258050403206 7
      vertex -2.392350839330522 0.7257116931361558 7
      vertex -2.451963201008076 0.4877258050403206 7
    endloop
  endfacet
  facet normal 0 0 1
    outer loop
      vertex -2.392350839330522 -0.7257116931361558 7
      vertex -2.309698831278217 0.9567085809127245 7
      vertex -2.392350839330522 0.7257116931361558 7
    endloop
  endfacet
  facet normal 0 0 1
    outer loop
      vertex -2.309698831278217 -0.9567085809127245 7
      vertex -2.204803160870888 1.1784918420649941 7
      vertex -2.309698831278217 0.9567085809127245 7
    endloop
  endfacet
  facet normal 0 0 1
    outer loop
      vertex -2.204803160870888 -1.1784918420649941 7
      vertex -2.078674030756363 1.3889255825490054 7
      vertex -2.204803160870888 1.1784918420649941 7
    endloop
  endfacet
  facet normal 0 0 1
    outer loop
      vertex -2.078674030756363 -1.3889255825490054 7
      vertex -1.9325261334068424 1.5859832104091138 7
      vertex -2.078674030756363 1.3889255825490054 7
    endloop
  endfacet
  facet normal 0 0 1
    outer loop
      vertex -1.9325261334068424 -1.5859832104091138 7
      vertex -1.7677669529663689 1.7677669529663689 7
      vertex -1.9325261334068424 1.5859832104091138 7
    endloop
  endfacet
  facet normal 0 0 1
    outer loop
      vertex -1.7677669529663689 -1.7677669529663689 7
      vertex -1.5859832104091138 1.9325261334068424 7
      vertex -1.7677669529663689 1.7677669529663689 7
    endloop
  endfacet
  facet normal 0 0 1
    outer loop
      vertex -1.5859832104091138 -1.9325261334068424 7
      vertex -1.3889255825490054 2.078674030756363 7
      vertex -1.5859832104091138 1.9325261334068424 7
    endloop
  endfacet
  facet normal 0 0 1
    outer loop
      vertex -1.3889255825490054 -2.078674030756363 7
      vertex -1.1784918420649941 2.204803160870888 7
      vertex -1.3889255825490054 2.078674030756363 7
    endloop
  endfacet
  facet normal 0 0 1
    outer loop
      vertex -1.1784918420649941 -2.204803160870888 7
      vertex -0.9567085809127245 2.309698831278217 7
      vertex -1.1784918420649941 2.204803160870888 7
    endloop
  endfacet
  facet normal 0 0 1
    outer loop
      vertex -0.9567085809127245 -2.309698831278217 7
      vertex -0.7257116931361558 2.392350839330522 7
      vertex -0.9567085809127245 2.309698831278217 7
    endloop
  endfacet
  facet normal 0 0 1
    outer loop
      vertex -0.7257116931361558 -2.392350839330522 7
      vertex -0.49759236333609846 0.0490085701647803 7
      vertex -0.4877258050403206 2.451963201008076 7
    endloop
  endfacet
  facet normal 0 0 1
    outer loop
      vertex -0.7257116931361558 -2.392350839330522 7
      vertex -0.4877258050403206 2.451963201008076 7
      vertex -0.7257116931361558 2.392350839330522 7
    endloop
  endfacet
  facet normal 0 0 1
    outer loop
      vertex -0.49759236333609846 0.0490085701647803 7
      vertex -0.4903926402016152 0.09754516100806412 7
      vertex -0.4877258050403206 2.451963201008076 7
    endloop
  endfacet
  facet normal 0 0 1
    outer loop
      vertex -0.4903926402016152 0.09754516100806412 7
      vertex -0.4784701678661044 0.14514233862723117 7
      vertex -0.4877258050403206 2.451963201008076 7
    endloop
  endfacet
  facet normal 0 0 1
    outer loop
      vertex -0.4784701678661044 0.14514233862723117 7
      vertex -0.46193976625564337 0.1913417161825449 7
      vertex -0.4877258050403206 2.451963201008076 7
    endloop
  endfacet
  facet normal 0 0 1
    outer loop
      vertex -0.46193976625564337 0.1913417161825449 7
      vertex -0.4409606321741775 0.23569836841299882 7
      vertex -0.4877258050403206 2.451963201008076 7
    endloop
  endfacet
  facet normal 0 0 1
    outer loop
      vertex -0.4409606321741775 0.23569836841299882 7
      vertex -0.4157348061512726 0.2777851165098011 7
      vertex -0.4877258050403206 2.451963201008076 7
    endloop
  endfacet
  facet normal 0 0 1
    outer loop
      vertex -0.4157348061512726 0.2777851165098011 7
      vertex -0.3865052266813685 0.31719664208182274 7
      vertex -0.4877258050403206 2.451963201008076 7
    endloop
  endfacet
  facet normal 0 0 1
    outer loop
      vertex -0.3865052266813685 0.31719664208182274 7
      vertex -0.3535533905932738 0.3535533905932738 7
      vertex -0.4877258050403206 2.451963201008076 7
    endloop
  endfacet
  facet normal 0 0 1
    outer loop
      vertex -0.3535533905932738 0.3535533905932738 7
      vertex -0.31719664208182274 0.3865052266813685 7
      vertex -0.4877258050403206 2.451963201008076 7
    endloop
  endfacet
  facet normal 0 0 1
    outer loop
      vertex -0.31719664208182274 0.3865052266813685 7
      vertex -0.2777851165098011 0.4157348061512726 7
      vertex -0.2450428508239015 2.4879618166804924 7
    endloop
  endfacet
  facet normal 0 0 1
    outer loop
      vertex -0.2777851165098011 0.4157348061512726 7
      vertex -0.23569836841299882 0.4409606321741775 7
      vertex -0.2450428508239015 2.4879618166804924 7
    endloop
  endfacet
  facet normal 0 0 1
    outer loop
      vertex -0.23569836841299882 0.4409606321741775 7
      vertex -0.1913417161825449 0.46193976625564337 7
      vertex -0.2450428508239015 2.4879618166804924 7
    endloop
  endfacet
  facet normal 0 0 1
    outer loop
      vertex -0.1913417161825449 0.46193976625564337 7
      vertex -0.14514233862723117 0.4784701678661044 7
      vertex -0.2450428508239015 2.4879618166804924 7
    endloop
  endfacet
  facet normal 0 0 1
    outer loop
      vertex -0.14514233862723117 0.4784701678661044 7
      vertex -0.09754516100806412 0.4903926402016152 7
      vertex -0.2450428508239015 2.4879618166804924 7
    endloop
  endfacet
  facet normal 0 0 1
    outer loop
      vertex -0.09754516100806412 0.4903926402016152 7
      vertex -0.0490085701647803 0.49759236333609846 7
      vertex 0 2.5 7
    endloop
  endfacet
  facet normal 0 0 1
    outer loop
      vertex -0.0490085701647803 0.49759236333609846 7
      vertex 0 0.5 7
      vertex 0 2.5 7
    endloop
  endfacet
  facet normal 0 0 1
    outer loop
      vertex -0.31719664208182274 0.3865052266813685 7
      vertex -0.2450428508239015 2.4879618166804924 7
      vertex -0.4877258050403206 2.451963201008076 7
    endloop
  endfacet
  facet normal 0 0 1
    outer loop
      vertex -0.09754516100806412 0.4903926402016152 7
      vertex 0 2.5 7
      vertex -0.2450428508239015 2.4879618166804924 7
    endloop
  endfacet
  facet normal 0.9987954562051725 -0.049067674327417134 5.892282104104396e-19
    outer loop
      vertex -2.5 0 7
      vertex -2.4879618166804924 0.2450428508239015 7
      vertex -2.4879618166804924 0.24504285082390154 10
    endloop
  endfacet
  facet normal 0.9891765099647809 -0.14673047445536286 4.713825683283518e-18
    outer loop
      vertex -2.4879618166804924 0.2450428508239015 7
      vertex -2.451963201008076 0.4877258050403206 7
      vertex -2.451963201008076 0.48772580504032065 10
    endloop
  endfacet
  facet normal 0.9700312531945438 -0.24298017990326456 0
    outer loop
      vertex -2.451963201008076 0.4877258050403206 7
      vertex -2.392350839330522 0.7257116931361558 7
      vertex -2.392350839330522 0.7257116931361558 10
    endloop
  endfacet
  facet normal 0.9415440651830211 -0.3368898533922188 0
    outer loop
      vertex -2.392350839330522 0.7257116931361558 7
      vertex -2.309698831278217 0.9567085809127245 7
      vertex -2.309698831278217 0.9567085809127245 10
    endloop
  endfacet
  facet normal 0.9039892931234436 -0.42755509343028164 3.299677978298463e-17
    outer loop
      vertex -2.309698831278217 0.9567085809127245 7
      vertex -2.204803160870888 1.1784918420649941 7
      vertex -2.204803160870888 1.1784918420649944 10
    endloop
  endfacet
  facet normal 0.8577286100002717 -0.5141027441932224 0
    outer loop
      vertex -2.204803160870888 1.1784918420649941 7
      vertex -2.078674030756363 1.3889255825490054 7
      vertex -2.078674030756363 1.3889255825490054 10
    endloop
  endfacet
  facet normal 0.8032075314806452 -0.595699304492433 0
    outer loop
      vertex -2.078674030756363 1.3889255825490054 7
      vertex -1.9325261334068424 1.5859832104091138 7
      vertex -1.9325261334068424 1.5859832104091138 10
    endloop
  endfacet
  facet normal 0.7409511253549592 -0.6715589548470184 0
    outer loop
      vertex -1.9325261334068424 1.5859832104091138 7
      vertex -1.7677669529663689 1.7677669529663689 7
      vertex -1.7677669529663689 1.7677669529663689 10
    endloop
  endfacet
  facet normal 0.6715589548470184 -0.7409511253549592 -4.7138256832835175e-17
    outer loop
      vertex -1.7677669529663689 1.7677669529663689 7
      vertex -1.5859832104091138 1.9325261334068424 7
      vertex -1.5859832104091136 1.9325261334068424 10
    endloop
  endfacet
  facet normal 0.595699304492433 -0.8032075314806452 0
    outer loop
      vertex -1.5859832104091138 1.9325261334068424 7
      vertex -1.3889255825490054 2.078674030756363 7
      vertex -1.3889255825490054 2.078674030756363 10
    endloop
  endfacet
  facet normal 0.5141027441932224 -0.8577286100002717 0
    outer loop
      vertex -1.3889255825490054 2.078674030756363 7
      vertex -1.1784918420649941 2.204803160870888 7
      vertex -1.1784918420649941 2.204803160870888 10
    endloop
  endfacet
  facet normal 0.42755509343028164 -0.9039892931234436 0
    outer loop
      vertex -1.1784918420649941 2.204803160870888 7
      vertex -0.9567085809127245 2.309698831278217 7
      vertex -0.9567085809127245 2.309698831278217 10
    endloop
  endfacet
  facet normal 0.3368898533922188 -0.9415440651830211 0
    outer loop
      vertex -0.9567085809127245 2.309698831278217 7
      vertex -0.7257116931361558 2.392350839330522 7
      vertex -0.7257116931361558 2.392350839330522 10
    endloop
  endfacet
  facet normal 0.24298017990326456 -0.9700312531945438 0
    outer loop
      vertex -0.7257116931361558 2.392350839330522 7
      vertex -0.4877258050403206 2.451963201008076 7
      vertex -0.4877258050403206 2.451963201008076 10
    endloop
  endfacet
  facet normal 0.14673047445536286 -0.9891765099647809 0
    outer loop
      vertex -0.4877258050403206 2.451963201008076 7
      vertex -0.2450428508239015 2.4879618166804924 7
      vertex -0.2450428508239015 2.4879618166804924 10
    endloop
  endfacet
  facet normal 0.049067674327417134 -0.9987954562051725 0
    outer loop
      vertex -0.2450428508239015 2.4879618166804924 7
      vertex 0 2.5 7
      vertex 0 2.5 10
    endloop
  endfacet
  facet normal 0.9987954562051725 -0.04906767432741713 0
    outer loop
      vertex -2.5 0 7
      vertex -2.4879618166804924 0.24504285082390154 10
      vertex -2.5 0 10
    endloop
  endfacet
  facet normal 0.9891765099647809 -0.14673047445536286 1.3575295929543102e-18
    outer loop
      vertex -2.4879618166804924 0.2450428508239015 7
      vertex -2.451963201008076 0.48772580504032065 10
      vertex -2.4879618166804924 0.24504285082390154 10
    endloop
  endfacet
  facet normal 0.9700312531945438 -0.24298017990326462 4.496036504269452e-18
    outer loop
      vertex -2.451963201008076 0.4877258050403206 7
      vertex -2.392350839330522 0.7257116931361558 10
      vertex -2.451963201008076 0.48772580504032065 10
    endloop
  endfacet
  facet normal 0.9415440651830211 -0.3368898533922188 0
    outer loop
      vertex -2.392350839330522 0.7257116931361558 7
      vertex -2.309698831278217 0.9567085809127245 10
      vertex -2.392350839330522 0.7257116931361558 10
    endloop
  endfacet
  facet normal 0.9039892931234438 -0.4275550934302813 0
    outer loop
      vertex -2.309698831278217 0.9567085809127245 7
      vertex -2.204803160870888 1.1784918420649944 10
      vertex -2.309698831278217 0.9567085809127245 10
    endloop
  endfacet
  facet normal 0.8577286100002713 -0.5141027441932229 3.805124690841953e-17
    outer loop
      vertex -2.204803160870888 1.1784918420649941 7
      vertex -2.078674030756363 1.3889255825490054 10
      vertex -2.204803160870888 1.1784918420649944 10
    endloop
  endfacet
  facet normal 0.8032075314806452 -0.595699304492433 0
    outer loop
      vertex -2.078674030756363 1.3889255825490054 7
      vertex -1.9325261334068424 1.5859832104091138 10
      vertex -2.078674030756363 1.3889255825490054 10
    endloop
  endfacet
  facet normal 0.7409511253549592 -0.6715589548470184 0
    outer loop
      vertex -1.9325261334068424 1.5859832104091138 7
      vertex -1.7677669529663689 1.7677669529663689 10
      vertex -1.9325261334068424 1.5859832104091138 10
    endloop
  endfacet
  facet normal 0.6715589548470179 -0.7409511253549595 0
    outer loop
      vertex -1.7677669529663689 1.7677669529663689 7
      vertex -1.5859832104091136 1.9325261334068424 10
      vertex -1.7677669529663689 1.7677669529663689 10
    endloop
  endfacet
  facet normal 0.5956993044924335 -0.8032075314806448 -4.409060557337943e-17
    outer loop
      vertex -1.5859832104091138 1.9325261334068424 7
      vertex -1.3889255825490054 2.078674030756363 10
      vertex -1.5859832104091136 1.9325261334068424 10
    endloop
  endfacet
  facet normal 0.5141027441932224 -0.8577286100002717 0
    outer loop
      vertex -1.3889255825490054 2.078674030756363 7
      vertex -1.1784918420649941 2.204803160870888 10
      vertex -1.3889255825490054 2.078674030756363 10
    endloop
  endfacet
  facet normal 0.42755509343028164 -0.9039892931234436 0
    outer loop
      vertex -1.1784918420649941 2.204803160870888 7
      vertex -0.9567085809127245 2.309698831278217 10
      vertex -1.1784918420649941 2.204803160870888 10
    endloop
  endfacet
  facet normal 0.3368898533922188 -0.9415440651830211 0
    outer loop
      vertex -0.9567085809127245 2.309698831278217 7
      vertex -0.7257116931361558 2.392350839330522 10
      vertex -0.9567085809127245 2.309698831278217 10
    endloop
  endfacet
  facet normal 0.24298017990326456 -0.9700312531945438 0
    outer loop
      vertex -0.7257116931361558 2.392350839330522 7
      vertex -0.4877258050403206 2.451963201008076 10
      vertex -0.7257116931361558 2.392350839330522 10
    endloop
  endfacet
  facet normal 0.14673047445536286 -0.9891765099647809 0
    outer loop
      vertex -0.4877258050403206 2.451963201008076 7
      vertex -0.2450428508239015 2.4879618166804924 10
      vertex -0.4877258050403206 2.451963201008076 10
    endloop
  endfacet
  facet normal 0.049067674327417134 -0.9987954562051725 0
    outer loop
      vertex -0.2450428508239015 2.4879618166804924 7
      vertex 0 2.5 10
      vertex -0.2450428508239015 2.4879618166804924 10
    endloop
  endfacet
  facet normal 0 0 1
    outer loop
      vertex 0 -2.5 7
      vertex 0.2450428508239015 -2.4879618166804924 7
      vertex 0.09754516100806412 -0.4903926402016152 7
    endloop
  endfacet
  facet normal 0 0 1
    outer loop
      vertex 0.2450428508239015 -2.4879618166804924 7
      vertex 0.4877258050403206 -2.451963201008076 7
      vertex 0.31719664208182274 -0.3865052266813685 7
    endloop
  endfacet
  facet normal 0 0 1
    outer loop
      vertex 0 -2.5 7
      vertex 0.0490085701647803 -0.49759236333609846 7
      vertex 0 -0.5 7
    endloop
  endfacet
  facet normal 0 0 1
    outer loop
      vertex 0 -2.5 7
      vertex 0.09754516100806412 -0.4903926402016152 7
      vertex 0.0490085701647803 -0.49759236333609846 7
    endloop
  endfacet
  facet normal 0 0 1
    outer loop
      vertex 0.2450428508239015 -2.4879618166804924 7
      vertex 0.14514233862723117 -0.4784701678661044 7
      vertex 0.09754516100806412 -0.4903926402016152 7
    endloop
  endfacet
  facet normal 0 0 1
    outer loop
      vertex 0.2450428508239015 -2.4879618166804924 7
      vertex 0.1913417161825449 -0.46193976625564337 7
      vertex 0.14514233862723117 -0.4784701678661044 7
    endloop
  endfacet
  facet normal 0 0 1
    outer loop
      vertex 0.2450428508239015 -2.4879618166804924 7
      vertex 0.23569836841299882 -0.4409606321741775 7
      vertex 0.1913417161825449 -0.46193976625564337 7
    endloop
  endfacet
  facet normal 0 0 1
    outer loop
      vertex 0.2450428508239015 -2.4879618166804924 7
      vertex 0.2777851165098011 -0.4157348061512726 7
      vertex 0.23569836841299882 -0.4409606321741775 7
    endloop
  endfacet
  facet normal 0 0 1
    outer loop
      vertex 0.2450428508239015 -2.4879618166804924 7
      vertex 0.31719664208182274 -0.3865052266813685 7
      vertex 0.2777851165098011 -0.4157348061512726 7
    endloop
  endfacet
  facet normal 0 0 1
    outer loop
      vertex 0.4877258050403206 -2.451963201008076 7
      vertex 0.3535533905932738 -0.3535533905932738 7
      vertex 0.31719664208182274 -0.3865052266813685 7
    endloop
  endfacet
  facet normal 0 0 1
    outer loop
      vertex 0.4877258050403206 -2.451963201008076 7
      vertex 0.3865052266813685 -0.31719664208182274 7
      vertex 0.3535533905932738 -0.3535533905932738 7
    endloop
  endfacet
  facet normal 0 0 1
    outer loop
      vertex 0.4877258050403206 -2.451963201008076 7
      vertex 0.4157348061512726 -0.2777851165098011 7
      vertex 0.3865052266813685 -0.31719664208182274 7
    endloop
  endfacet
  facet normal 0 0 1
    outer loop
      vertex 0.4877258050403206 -2.451963201008076 7
      vertex 0.4409606321741775 -0.23569836841299882 7
      vertex 0.4157348061512726 -0.2777851165098011 7
    endloop
  endfacet
  facet normal 0 0 1
    outer loop
      vertex 0.4877258050403206 -2.451963201008076 7
      vertex 0.46193976625564337 -0.1913417161825449 7
      vertex 0.4409606321741775 -0.23569836841299882 7
    endloop
  endfacet
  facet normal 0 0 1
    outer loop
      vertex 0.4877258050403206 -2.451963201008076 7
      vertex 0.4784701678661044 -0.14514233862723117 7
      vertex 0.46193976625564337 -0.1913417161825449 7
    endloop
  endfacet
  facet normal 0 0 1
    outer loop
      vertex 0.4877258050403206 -2.451963201008076 7
      vertex 0.4903926402016152 -0.09754516100806412 7
      vertex 0.4784701678661044 -0.14514233862723117 7
    endloop
  endfacet
  facet normal 0 0 1
    outer loop
      vertex 0.4877258050403206 -2.451963201008076 7
      vertex 0.49759236333609846 -0.0490085701647803 7
      vertex 0.4903926402016152 -0.09754516100806412 7
    endloop
  endfacet
  facet normal 0 0 1
    outer loop
      vertex 0.4877258050403206 -2.451963201008076 7
      vertex 0.7257116931361558 -2.392350839330522 7
      vertex 0.7257116931361558 2.392350839330522 7
    endloop
  endfacet
  facet normal 0 0 1
    outer loop
      vertex 0.4877258050403206 -2.451963201008076 7
      vertex 0.7257116931361558 2.392350839330522 7
      vertex 0.49759236333609846 -0.0490085701647803 7
    endloop
  endfacet
  facet normal 0 0 1
    outer loop
      vertex 0.7257116931361558 -2.392350839330522 7
      vertex 0.9567085809127245 -2.309698831278217 7
      vertex 0.9567085809127245 2.309698831278217 7
    endloop
  endfacet
  facet normal 0 0 1
    outer loop
      vertex 0.9567085809127245 -2.309698831278217 7
      vertex 1.1784918420649941 -2.204803160870888 7
      vertex 1.1784918420649941 2.204803160870888 7
    endloop
  endfacet
  facet normal 0 0 1
    outer loop
      vertex 1.1784918420649941 -2.204803160870888 7
      vertex 1.3889255825490054 -2.078674030756363 7
      vertex 1.3889255825490054 2.078674030756363 7
    endloop
  endfacet
  facet normal 0 0 1
    outer loop
      vertex 1.3889255825490054 -2.078674030756363 7
      vertex 1.5859832104091138 -1.9325261334068424 7
      vertex 1.5859832104091138 1.9325261334068424 7
    endloop
  endfacet
  facet normal 0 0 1
    outer loop
      vertex 1.5859832104091138 -1.9325261334068424 7
      vertex 1.7677669529663689 -1.7677669529663689 7
      vertex 1.7677669529663689 1.7677669529663689 7
    endloop
  endfacet
  facet normal 0 0 1
    outer loop
      vertex 1.7677669529663689 -1.7677669529663689 7
      vertex 1.9325261334068424 -1.5859832104091138 7
      vertex 1.9325261334068424 1.5859832104091138 7
    endloop
  endfacet
  facet normal 0 0 1
    outer loop
      vertex 1.9325261334068424 -1.5859832104091138 7
      vertex 2.078674030756363 -1.3889255825490054 7
      vertex 2.078674030756363 1.3889255825490054 7
    endloop
  endfacet
  facet normal 0 0 1
    outer loop
      vertex 2.078674030756363 -1.3889255825490054 7
      vertex 2.204803160870888 -1.1784918420649941 7
      vertex 2.204803160870888 1.1784918420649941 7
    endloop
  endfacet
  facet normal 0 0 1
    outer loop
      vertex 2.204803160870888 -1.1784918420649941 7
      vertex 2.309698831278217 -0.9567085809127245 7
      vertex 2.309698831278217 0.9567085809127245 7
    endloop
  endfacet
  facet normal 0 0 1
    outer loop
      vertex 2.309698831278217 -0.9567085809127245 7
      vertex 2.392350839330522 -0.7257116931361558 7
      vertex 2.392350839330522 0.7257116931361558 7
    endloop
  endfacet
  facet normal 0 0 1
    outer loop
      vertex 2.392350839330522 -0.7257116931361558 7
      vertex 2.451963201008076 -0.4877258050403206 7
      vertex 2.451963201008076 0.4877258050403206 7
    endloop
  endfacet
  facet normal 0 0 1
    outer loop
      vertex 2.451963201008076 -0.4877258050403206 7
      vertex 2.4879618166804924 -0.2450428508239015 7
      vertex 2.4879618166804924 0.2450428508239015 7
    endloop
  endfacet
  facet normal -0.049067674327417134 0.9987954562051725 0
    outer loop
      vertex 0 -2.5 7
      vertex 0 -2.5 10
      vertex 0.2450428508239015 -2.4879618166804924 7
    endloop
  endfacet
  facet normal -0.14673047445536286 0.9891765099647809 0
    outer loop
      vertex 0.2450428508239015 -2.4879618166804924 7
      vertex 0.2450428508239015 -2.4879618166804924 10
      vertex 0.4877258050403206 -2.451963201008076 7
    endloop
  endfacet
  facet normal -0.24298017990326456 0.9700312531945438 0
    outer loop
      vertex 0.4877258050403206 -2.451963201008076 7
      vertex 0.4877258050403206 -2.451963201008076 10
      vertex 0.7257116931361558 -2.392350839330522 7
    endloop
  endfacet
  facet normal -0.3368898533922188 0.9415440651830211 0
    outer loop
      vertex 0.7257116931361558 -2.392350839330522 7
      vertex 0.7257116931361558 -2.392350839330522 10
      vertex 0.9567085809127245 -2.309698831278217 7
    endloop
  endfacet
  facet normal -0.42755509343028164 0.9039892931234436 0
    outer loop
      vertex 0.9567085809127245 -2.309698831278217 7
      vertex 0.9567085809127245 -2.309698831278217 10
      vertex 1.1784918420649941 -2.204803160870888 7
    endloop
  endfacet
  facet normal -0.5141027441932224 0.8577286100002717 0
    outer loop
      vertex 1.1784918420649941 -2.204803160870888 7
      vertex 1.1784918420649941 -2.204803160870888 10
      vertex 1.3889255825490054 -2.078674030756363 7
    endloop
  endfacet
  facet normal -0.595699304492433 0.8032075314806452 0
    outer loop
      vertex 1.3889255825490054 -2.078674030756363 7
      vertex 1.3889255825490054 -2.078674030756363 10
      vertex 1.5859832104091138 -1.9325261334068424 7
    endloop
  endfacet
  facet normal -0.6715589548470184 0.7409511253549592 -4.9705347604291045e-17
    outer loop
      vertex 1.5859832104091138 -1.9325261334068424 7
      vertex 1.5859832104091136 -1.9325261334068424 10
      vertex 1.7677669529663689 -1.7677669529663689 7
    endloop
  endfacet
  facet normal -0.7409511253549592 0.6715589548470184 0
    outer loop
      vertex 1.7677669529663689 -1.7677669529663689 7
      vertex 1.7677669529663689 -1.7677669529663689 10
      vertex 1.9325261334068424 -1.5859832104091138 7
    endloop
  endfacet
  facet normal -0.8032075314806452 0.595699304492433 0
    outer loop
      vertex 1.9325261334068424 -1.5859832104091138 7
      vertex 1.9325261334068424 -1.5859832104091138 10
      vertex 2.078674030756363 -1.3889255825490054 7
    endloop
  endfacet
  facet normal -0.8577286100002717 0.5141027441932224 0
    outer loop
      vertex 2.078674030756363 -1.3889255825490054 7
      vertex 2.078674030756363 -1.3889255825490054 10
      vertex 2.204803160870888 -1.1784918420649941 7
    endloop
  endfacet
  facet normal -0.9039892931234436 0.42755509343028164 3.1645433934803914e-17
    outer loop
      vertex 2.204803160870888 -1.1784918420649941 7
      vertex 2.204803160870888 -1.1784918420649944 10
      vertex 2.309698831278217 -0.9567085809127245 7
    endloop
  endfacet
  facet normal -0.9415440651830211 0.3368898533922188 0
    outer loop
      vertex 2.309698831278217 -0.9567085809127245 7
      vertex 2.309698831278217 -0.9567085809127245 10
      vertex 2.392350839330522 -0.7257116931361558 7
    endloop
  endfacet
  facet normal -0.9700312531945438 0.24298017990326456 0
    outer loop
      vertex 2.392350839330522 -0.7257116931361558 7
      vertex 2.392350839330522 -0.7257116931361558 10
      vertex 2.451963201008076 -0.4877258050403206 7
    endloop
  endfacet
  facet normal -0.9891765099647809 0.14673047445536286 2.7150591859086204e-18
    outer loop
      vertex 2.451963201008076 -0.4877258050403206 7
      vertex 2.451963201008076 -0.48772580504032065 10
      vertex 2.4879618166804924 -0.2450428508239015 7
    endloop
  endfacet
  facet normal -0.9987954562051725 0.049067674327417134 4.5396718169256e-19
    outer loop
      vertex 2.4879618166804924 -0.2450428508239015 7
      vertex 2.4879618166804924 -0.24504285082390154 10
      vertex 2.5 0 7
    endloop
  endfacet
  facet normal -0.049067674327417134 0.9987954562051725 0
    outer loop
      vertex 0.2450428508239015 -2.4879618166804924 7
      vertex 0 -2.5 10
      vertex 0.2450428508239015 -2.4879618166804924 10
    endloop
  endfacet
  facet normal -0.14673047445536286 0.9891765099647809 0
    outer loop
      vertex 0.4877258050403206 -2.451963201008076 7
      vertex 0.2450428508239015 -2.4879618166804924 10
      vertex 0.4877258050403206 -2.451963201008076 10
    endloop
  endfacet
  facet normal -0.24298017990326456 0.9700312531945438 0
    outer loop
      vertex 0.7257116931361558 -2.392350839330522 7
      vertex 0.4877258050403206 -2.451963201008076 10
      vertex 0.7257116931361558 -2.392350839330522 10
    endloop
  endfacet
  facet normal -0.3368898533922188 0.9415440651830211 0
    outer loop
      vertex 0.9567085809127245 -2.309698831278217 7
      vertex 0.7257116931361558 -2.392350839330522 10
      vertex 0.9567085809127245 -2.309698831278217 10
    endloop
  endfacet
  facet normal -0.42755509343028164 0.9039892931234436 0
    outer loop
      vertex 1.1784918420649941 -2.204803160870888 7
      vertex 0.9567085809127245 -2.309698831278217 10
      vertex 1.1784918420649941 -2.204803160870888 10
    endloop
  endfacet
  facet normal -0.5141027441932224 0.8577286100002717 0
    outer loop
      vertex 1.3889255825490054 -2.078674030756363 7
      vertex 1.1784918420649941 -2.204803160870888 10
      vertex 1.3889255825490054 -2.078674030756363 10
    endloop
  endfacet
  facet normal -0.5956993044924335 0.8032075314806448 -4.409060557337943e-17
    outer loop
      vertex 1.5859832104091138 -1.9325261334068424 7
      vertex 1.3889255825490054 -2.078674030756363 10
      vertex 1.5859832104091136 -1.9325261334068424 10
    endloop
  endfacet
  facet normal -0.6715589548470179 0.7409511253549595 0
    outer loop
      vertex 1.7677669529663689 -1.7677669529663689 7
      vertex 1.5859832104091136 -1.9325261334068424 10
      vertex 1.7677669529663689 -1.7677669529663689 10
    endloop
  endfacet
  facet normal -0.7409511253549592 0.6715589548470184 0
    outer loop
      vertex 1.9325261334068424 -1.5859832104091138 7
      vertex 1.7677669529663689 -1.7677669529663689 10
      vertex 1.9325261334068424 -1.5859832104091138 10
    endloop
  endfacet
  facet normal -0.8032075314806452 0.595699304492433 0
    outer loop
      vertex 2.078674030756363 -1.3889255825490054 7
      vertex 1.9325261334068424 -1.5859832104091138 10
      vertex 2.078674030756363 -1.3889255825490054 10
    endloop
  endfacet
  facet normal -0.8577286100002713 0.5141027441932229 3.805124690841953e-17
    outer loop
      vertex 2.204803160870888 -1.1784918420649941 7
      vertex 2.078674030756363 -1.3889255825490054 10
      vertex 2.204803160870888 -1.1784918420649944 10
    endloop
  endfacet
  facet normal -0.9039892931234438 0.4275550934302813 0
    outer loop
      vertex 2.309698831278217 -0.9567085809127245 7
      vertex 2.204803160870888 -1.1784918420649944 10
      vertex 2.309698831278217 -0.9567085809127245 10
    endloop
  endfacet
  facet normal -0.9415440651830211 0.3368898533922188 0
    outer loop
      vertex 2.392350839330522 -0.7257116931361558 7
      vertex 2.309698831278217 -0.9567085809127245 10
      vertex 2.392350839330522 -0.7257116931361558 10
    endloop
  endfacet
  facet normal -0.9700312531945438 0.24298017990326462 4.496036504269452e-18
    outer loop
      vertex 2.451963201008076 -0.4877258050403206 7
      vertex 2.392350839330522 -0.7257116931361558 10
      vertex 2.451963201008076 -0.48772580504032065 10
    endloop
  endfacet
  facet normal -0.9891765099647809 0.14673047445536286 1.3575295929543102e-18
    outer loop
      vertex 2.4879618166804924 -0.2450428508239015 7
      vertex 2.451963201008076 -0.48772580504032065 10
      vertex 2.4879618166804924 -0.24504285082390154 10
    endloop
  endfacet
  facet normal -0.9987954562051725 0.04906767432741713 0
    outer loop
      vertex 2.4879618166804924 -0.24504285082390154 10
      vertex 2.5 0 10
      vertex 2.5 0 7
    endloop
  endfacet
  facet normal 0 0 1
    outer loop
      vertex 0 0.5 7
      vertex 0.0490085701647803 0.49759236333609846 7
      vertex 0.2450428508239015 2.4879618166804924 7
    endloop
  endfacet
  facet normal 0 0 1
    outer loop
      vertex 0.0490085701647803 0.49759236333609846 7
      vertex 0.09754516100806412 0.4903926402016152 7
      vertex 0.2450428508239015 2.4879618166804924 7
    endloop
  endfacet
  facet normal 0 0 1
    outer loop
      vertex 0.09754516100806412 0.4903926402016152 7
      vertex 0.14514233862723117 0.4784701678661044 7
      vertex 0.2450428508239015 2.4879618166804924 7
    endloop
  endfacet
  facet normal 0 0 1
    outer loop
      vertex 0.14514233862723117 0.4784701678661044 7
      vertex 0.1913417161825449 0.46193976625564337 7
      vertex 0.2450428508239015 2.4879618166804924 7
    endloop
  endfacet
  facet normal 0 0 1
    outer loop
      vertex 0.1913417161825449 0.46193976625564337 7
      vertex 0.23569836841299882 0.4409606321741775 7
      vertex 0.2450428508239015 2.4879618166804924 7
    endloop
  endfacet
  facet normal 0 0 1
    outer loop
      vertex 0.23569836841299882 0.4409606321741775 7
      vertex 0.2777851165098011 0.4157348061512726 7
      vertex 0.2450428508239015 2.4879618166804924 7
    endloop
  endfacet
  facet normal 0 0 1
    outer loop
      vertex 0.31719664208182274 0.3865052266813685 7
      vertex 0.3535533905932738 0.3535533905932738 7
      vertex 0.4877258050403206 2.451963201008076 7
    endloop
  endfacet
  facet normal 0 0 1
    outer loop
      vertex 0.2777851165098011 0.4157348061512726 7
      vertex 0.31719664208182274 0.3865052266813685 7
      vertex 0.4877258050403206 2.451963201008076 7
    endloop
  endfacet
  facet normal 0 0 1
    outer loop
      vertex 0.4903926402016152 0.09754516100806412 7
      vertex 0.4877258050403206 2.451963201008076 7
      vertex 0.4784701678661044 0.14514233862723117 7
    endloop
  endfacet
  facet normal 0 0 1
    outer loop
      vertex 0.4784701678661044 0.14514233862723117 7
      vertex 0.4877258050403206 2.451963201008076 7
      vertex 0.46193976625564337 0.1913417161825449 7
    endloop
  endfacet
  facet normal 0 0 1
    outer loop
      vertex 0.46193976625564337 0.1913417161825449 7
      vertex 0.4877258050403206 2.451963201008076 7
      vertex 0.4409606321741775 0.23569836841299882 7
    endloop
  endfacet
  facet normal 0 0 1
    outer loop
      vertex 0.49759236333609846 -0.0490085701647803 7
      vertex 0.7257116931361558 2.392350839330522 7
      vertex 0.5 0 7
    endloop
  endfacet
  facet normal 0 0 1
    outer loop
      vertex 0.5 0 7
      vertex 0.7257116931361558 2.392350839330522 7
      vertex 0.49759236333609846 0.0490085701647803 7
    endloop
  endfacet
  facet normal 0 0 1
    outer loop
      vertex 0.49759236333609846 0.0490085701647803 7
      vertex 0.7257116931361558 2.392350839330522 7
      vertex 0.4903926402016152 0.09754516100806412 7
    endloop
  endfacet
  facet normal 0 0 1
    outer loop
      vertex 0.3865052266813685 0.31719664208182274 7
      vertex 0.4157348061512726 0.2777851165098011 7
      vertex 0.4877258050403206 2.451963201008076 7
    endloop
  endfacet
  facet normal 0 0 1
    outer loop
      vertex 0.3865052266813685 0.31719664208182274 7
      vertex 0.4877258050403206 2.451963201008076 7
      vertex 0.3535533905932738 0.3535533905932738 7
    endloop
  endfacet
  facet normal 0 0 1
    outer loop
      vertex 0.4157348061512726 0.2777851165098011 7
      vertex 0.4409606321741775 0.23569836841299882 7
      vertex 0.4877258050403206 2.451963201008076 7
    endloop
  endfacet
  facet normal 0 0 1
    outer loop
      vertex 0.7257116931361558 -2.392350839330522 7
      vertex 0.9567085809127245 2.309698831278217 7
      vertex 0.7257116931361558 2.392350839330522 7
    endloop
  endfacet
  facet normal 0 0 1
    outer loop
      vertex 0.9567085809127245 -2.309698831278217 7
      vertex 1.1784918420649941 2.204803160870888 7
      vertex 0.9567085809127245 2.309698831278217 7
    endloop
  endfacet
  facet normal 0 0 1
    outer loop
      vertex 1.1784918420649941 -2.204803160870888 7
      vertex 1.3889255825490054 2.078674030756363 7
      vertex 1.1784918420649941 2.204803160870888 7
    endloop
  endfacet
  facet normal 0 0 1
    outer loop
      vertex 1.3889255825490054 -2.078674030756363 7
      vertex 1.5859832104091138 1.9325261334068424 7
      vertex 1.3889255825490054 2.078674030756363 7
    endloop
  endfacet
  facet normal 0 0 1
    outer loop
      vertex 0 0.5 7
      vertex 0.2450428508239015 2.4879618166804924 7
      vertex 0 2.5 7
    endloop
  endfacet
  facet normal 0 0 1
    outer loop
      vertex 0.2777851165098011 0.4157348061512726 7
      vertex 0.4877258050403206 2.451963201008076 7
      vertex 0.2450428508239015 2.4879618166804924 7
    endloop
  endfacet
  facet normal 0 0 1
    outer loop
      vertex 0.4903926402016152 0.09754516100806412 7
      vertex 0.7257116931361558 2.392350839330522 7
      vertex 0.4877258050403206 2.451963201008076 7
    endloop
  endfacet
  facet normal 0 0 1
    outer loop
      vertex 1.5859832104091138 -1.9325261334068424 7
      vertex 1.7677669529663689 1.7677669529663689 7
      vertex 1.5859832104091138 1.9325261334068424 7
    endloop
  endfacet
  facet normal 0 0 1
    outer loop
      vertex 1.7677669529663689 -1.7677669529663689 7
      vertex 1.9325261334068424 1.5859832104091138 7
      vertex 1.7677669529663689 1.7677669529663689 7
    endloop
  endfacet
  facet normal 0 0 1
    outer loop
      vertex 2.204803160870888 -1.1784918420649941 7
      vertex 2.309698831278217 0.9567085809127245 7
      vertex 2.204803160870888 1.1784918420649941 7
    endloop
  endfacet
  facet normal 0 0 1
    outer loop
      vertex 2.309698831278217 -0.9567085809127245 7
      vertex 2.392350839330522 0.7257116931361558 7
      vertex 2.309698831278217 0.9567085809127245 7
    endloop
  endfacet
  facet normal 0 0 1
    outer loop
      vertex 1.9325261334068424 -1.5859832104091138 7
      vertex 2.078674030756363 1.3889255825490054 7
      vertex 1.9325261334068424 1.5859832104091138 7
    endloop
  endfacet
  facet normal 0 0 1
    outer loop
      vertex 2.078674030756363 -1.3889255825490054 7
      vertex 2.204803160870888 1.1784918420649941 7
      vertex 2.078674030756363 1.3889255825490054 7
    endloop
  endfacet
  facet normal 0 0 1
    outer loop
      vertex 2.392350839330522 -0.7257116931361558 7
      vertex 2.451963201008076 0.4877258050403206 7
      vertex 2.392350839330522 0.7257116931361558 7
    endloop
  endfacet
  facet normal 0 0 1
    outer loop
      vertex 2.451963201008076 -0.4877258050403206 7
      vertex 2.4879618166804924 0.2450428508239015 7
      vertex 2.451963201008076 0.4877258050403206 7
    endloop
  endfacet
  facet normal 0 0 1
    outer loop
      vertex 2.4879618166804924 -0.2450428508239015 7
      vertex 2.5 0 7
      vertex 2.4879618166804924 0.2450428508239015 7
    endloop
  endfacet
  facet normal -0.049067674327417134 -0.9987954562051725 1.1784564208208792e-18
    outer loop
      vertex 0 2.5 7
      vertex 0.2450428508239015 2.4879618166804924 7
      vertex 0.24504285082390156 2.4879618166804924 10
    endloop
  endfacet
  facet normal -0.14673047445536286 -0.9891765099647809 7.070738524925277e-18
    outer loop
      vertex 0.2450428508239015 2.4879618166804924 7
      vertex 0.4877258050403206 2.451963201008076 7
      vertex 0.4877258050403207 2.451963201008076 10
    endloop
  endfacet
  facet normal -0.24298017990326456 -0.9700312531945438 0
    outer loop
      vertex 0.4877258050403206 2.451963201008076 7
      vertex 0.7257116931361558 2.392350839330522 7
      vertex 0.7257116931361558 2.392350839330522 10
    endloop
  endfacet
  facet normal -0.3368898533922188 -0.9415440651830211 0
    outer loop
      vertex 0.7257116931361558 2.392350839330522 7
      vertex 0.9567085809127245 2.309698831278217 7
      vertex 0.9567085809127245 2.309698831278217 10
    endloop
  endfacet
  facet normal -0.42755509343028164 -0.9039892931234436 3.299677978298463e-17
    outer loop
      vertex 0.9567085809127245 2.309698831278217 7
      vertex 1.1784918420649941 2.204803160870888 7
      vertex 1.1784918420649944 2.204803160870888 10
    endloop
  endfacet
  facet normal -0.5141027441932224 -0.8577286100002717 0
    outer loop
      vertex 1.1784918420649941 2.204803160870888 7
      vertex 1.3889255825490054 2.078674030756363 7
      vertex 1.3889255825490054 2.078674030756363 10
    endloop
  endfacet
  facet normal -0.595699304492433 -0.8032075314806452 0
    outer loop
      vertex 1.5859832104091138 1.9325261334068424 7
      vertex 1.5859832104091138 1.9325261334068424 10
      vertex 1.3889255825490054 2.078674030756363 7
    endloop
  endfacet
  facet normal -0.9039892931234436 -0.42755509343028164 0
    outer loop
      vertex 2.309698831278217 0.9567085809127245 7
      vertex 2.309698831278217 0.9567085809127245 10
      vertex 2.204803160870888 1.1784918420649941 7
    endloop
  endfacet
  facet normal -0.8032075314806452 -0.595699304492433 0
    outer loop
      vertex 1.9325261334068424 1.5859832104091138 7
      vertex 2.078674030756363 1.3889255825490054 7
      vertex 2.078674030756363 1.3889255825490054 10
    endloop
  endfacet
  facet normal -0.8577286100002717 -0.5141027441932224 0
    outer loop
      vertex 2.204803160870888 1.1784918420649941 7
      vertex 2.204803160870888 1.1784918420649941 10
      vertex 2.078674030756363 1.3889255825490054 7
    endloop
  endfacet
  facet normal -0.9987954562051725 -0.049067674327417134 0
    outer loop
      vertex 2.5 0 7
      vertex 2.5 0 10
      vertex 2.4879618166804924 0.2450428508239015 7
    endloop
  endfacet
  facet normal -0.9891765099647809 -0.14673047445536286 0
    outer loop
      vertex 2.4879618166804924 0.2450428508239015 7
      vertex 2.4879618166804924 0.2450428508239015 10
      vertex 2.451963201008076 0.4877258050403206 7
    endloop
  endfacet
  facet normal -0.9700312531945438 -0.24298017990326456 0
    outer loop
      vertex 2.451963201008076 0.4877258050403206 7
      vertex 2.451963201008076 0.4877258050403206 10
      vertex 2.392350839330522 0.7257116931361558 7
    endloop
  endfacet
  facet normal -0.9415440651830211 -0.3368898533922188 0
    outer loop
      vertex 2.392350839330522 0.7257116931361558 7
      vertex 2.392350839330522 0.7257116931361558 10
      vertex 2.309698831278217 0.9567085809127245 7
    endloop
  endfacet
  facet normal -0.6715589548470184 -0.7409511253549592 0
    outer loop
      vertex 1.5859832104091138 1.9325261334068424 7
      vertex 1.7677669529663689 1.7677669529663689 7
      vertex 1.7677669529663689 1.7677669529663689 10
    endloop
  endfacet
  facet normal -0.7409511253549592 -0.6715589548470184 -4.9705347604291045e-17
    outer loop
      vertex 1.9325261334068424 1.5859832104091138 7
      vertex 1.9325261334068424 1.5859832104091136 10
      vertex 1.7677669529663689 1.7677669529663689 7
    endloop
  endfacet
  facet normal -0.04906767432741712 -0.9987954562051725 0
    outer loop
      vertex 0 2.5 7
      vertex 0.24504285082390156 2.4879618166804924 10
      vertex 0 2.5 10
    endloop
  endfacet
  facet normal -0.14673047445536283 -0.9891765099647808 2.7150591859086196e-18
    outer loop
      vertex 0.2450428508239015 2.4879618166804924 7
      vertex 0.4877258050403207 2.451963201008076 10
      vertex 0.24504285082390156 2.4879618166804924 10
    endloop
  endfacet
  facet normal -0.2429801799032647 -0.9700312531945439 8.992073008538907e-18
    outer loop
      vertex 0.4877258050403206 2.451963201008076 7
      vertex 0.7257116931361558 2.392350839330522 10
      vertex 0.4877258050403207 2.451963201008076 10
    endloop
  endfacet
  facet normal -0.4275550934302813 -0.9039892931234438 0
    outer loop
      vertex 0.9567085809127245 2.309698831278217 7
      vertex 1.1784918420649944 2.204803160870888 10
      vertex 0.9567085809127245 2.309698831278217 10
    endloop
  endfacet
  facet normal -0.5141027441932229 -0.8577286100002713 3.805124690841953e-17
    outer loop
      vertex 1.1784918420649941 2.204803160870888 7
      vertex 1.3889255825490054 2.078674030756363 10
      vertex 1.1784918420649944 2.204803160870888 10
    endloop
  endfacet
  facet normal -0.595699304492433 -0.8032075314806452 0
    outer loop
      vertex 1.3889255825490054 2.078674030756363 7
      vertex 1.5859832104091138 1.9325261334068424 10
      vertex 1.3889255825490054 2.078674030756363 10
    endloop
  endfacet
  facet normal -0.3368898533922188 -0.9415440651830211 0
    outer loop
      vertex 0.7257116931361558 2.392350839330522 7
      vertex 0.9567085809127245 2.309698831278217 10
      vertex 0.7257116931361558 2.392350839330522 10
    endloop
  endfacet
  facet normal -0.9415440651830211 -0.3368898533922188 0
    outer loop
      vertex 2.309698831278217 0.9567085809127245 7
      vertex 2.392350839330522 0.7257116931361558 10
      vertex 2.309698831278217 0.9567085809127245 10
    endloop
  endfacet
  facet normal -0.9039892931234436 -0.42755509343028164 0
    outer loop
      vertex 2.204803160870888 1.1784918420649941 7
      vertex 2.309698831278217 0.9567085809127245 10
      vertex 2.204803160870888 1.1784918420649941 10
    endloop
  endfacet
  facet normal -0.8577286100002717 -0.5141027441932224 0
    outer loop
      vertex 2.078674030756363 1.3889255825490054 7
      vertex 2.204803160870888 1.1784918420649941 10
      vertex 2.078674030756363 1.3889255825490054 10
    endloop
  endfacet
  facet normal -0.8032075314806448 -0.5956993044924335 -4.409060557337943e-17
    outer loop
      vertex 1.9325261334068424 1.5859832104091138 7
      vertex 2.078674030756363 1.3889255825490054 10
      vertex 1.9325261334068424 1.5859832104091136 10
    endloop
  endfacet
  facet normal -0.9987954562051725 -0.049067674327417134 0
    outer loop
      vertex 2.4879618166804924 0.2450428508239015 7
      vertex 2.5 0 10
      vertex 2.4879618166804924 0.2450428508239015 10
    endloop
  endfacet
  facet normal -0.9891765099647809 -0.14673047445536286 0
    outer loop
      vertex 2.451963201008076 0.4877258050403206 7
      vertex 2.4879618166804924 0.2450428508239015 10
      vertex 2.451963201008076 0.4877258050403206 10
    endloop
  endfacet
  facet normal -0.9700312531945438 -0.24298017990326456 0
    outer loop
      vertex 2.392350839330522 0.7257116931361558 7
      vertex 2.451963201008076 0.4877258050403206 10
      vertex 2.392350839330522 0.7257116931361558 10
    endloop
  endfacet
  facet normal -0.6715589548470184 -0.7409511253549592 0
    outer loop
      vertex 1.5859832104091138 1.9325261334068424 7
      vertex 1.7677669529663689 1.7677669529663689 10
      vertex 1.5859832104091138 1.9325261334068424 10
    endloop
  endfacet
  facet normal -0.7409511253549595 -0.6715589548470179 0
    outer loop
      vertex 1.7677669529663689 1.7677669529663689 7
      vertex 1.9325261334068424 1.5859832104091136 10
      vertex 1.7677669529663689 1.7677669529663689 10
    endloop
  endfacet
  facet normal 0 0 1
    outer loop
      vertex -0.4903926402016152 -0.09754516100806412 5.9
      vertex -0.4903926402016152 0.09754516100806412 5.9
      vertex -0.49759236333609846 -0.0490085701647803 5.9
    endloop
  endfacet
  facet normal 0 0 1
    outer loop
      vertex -0.4409606321741775 -0.23569836841299882 5.9
      vertex -0.4409606321741775 0.23569836841299882 5.9
      vertex -0.46193976625564337 -0.1913417161825449 5.9
    endloop
  endfacet
  facet normal 0 0 1
    outer loop
      vertex -0.4784701678661044 -0.14514233862723117 5.9
      vertex -0.4784701678661044 0.14514233862723117 5.9
      vertex -0.4903926402016152 -0.09754516100806412 5.9
    endloop
  endfacet
  facet normal 0 0 1
    outer loop
      vertex -0.46193976625564337 -0.1913417161825449 5.9
      vertex -0.46193976625564337 0.1913417161825449 5.9
      vertex -0.4784701678661044 -0.14514233862723117 5.9
    endloop
  endfacet
  facet normal 0 0 1
    outer loop
      vertex -0.4157348061512726 -0.2777851165098011 5.9
      vertex -0.3865052266813685 -0.31719664208182274 5.9
      vertex -0.3865052266813685 0.31719664208182274 5.9
    endloop
  endfacet
  facet normal 0 0 1
    outer loop
      vertex -0.4409606321741775 -0.23569836841299882 5.9
      vertex -0.4157348061512726 -0.2777851165098011 5.9
      vertex -0.4157348061512726 0.2777851165098011 5.9
    endloop
  endfacet
  facet normal 0 0 1
    outer loop
      vertex -0.3535533905932738 -0.3535533905932738 5.9
      vertex -0.3535533905932738 0.3535533905932738 5.9
      vertex -0.3865052266813685 -0.31719664208182274 5.9
    endloop
  endfacet
  facet normal 0 0 1
    outer loop
      vertex -0.3535533905932738 -0.3535533905932738 5.9
      vertex -0.31719664208182274 -0.3865052266813685 5.9
      vertex -0.31719664208182274 0.3865052266813685 5.9
    endloop
  endfacet
  facet normal 0 0 1
    outer loop
      vertex -0.31719664208182274 -0.3865052266813685 5.9
      vertex -0.2777851165098011 -0.4157348061512726 5.9
      vertex -0.2777851165098011 0.4157348061512726 5.9
    endloop
  endfacet
  facet normal 0 0 1
    outer loop
      vertex -0.2777851165098011 -0.4157348061512726 5.9
      vertex -0.23569836841299882 -0.4409606321741775 5.9
      vertex -0.23569836841299882 0.4409606321741775 5.9
    endloop
  endfacet
  facet normal 0 0 1
    outer loop
      vertex -0.23569836841299882 -0.4409606321741775 5.9
      vertex -0.1913417161825449 -0.46193976625564337 5.9
      vertex -0.1913417161825449 0.46193976625564337 5.9
    endloop
  endfacet
  facet normal 0 0 1
    outer loop
      vertex -0.1913417161825449 -0.46193976625564337 5.9
      vertex -0.14514233862723117 -0.4784701678661044 5.9
      vertex -0.14514233862723117 0.4784701678661044 5.9
    endloop
  endfacet
  facet normal 0 0 1
    outer loop
      vertex -0.14514233862723117 -0.4784701678661044 5.9
      vertex -0.09754516100806412 -0.4903926402016152 5.9
      vertex -0.09754516100806412 0.4903926402016152 5.9
    endloop
  endfacet
  facet normal 0 0 1
    outer loop
      vertex -0.09754516100806412 -0.4903926402016152 5.9
      vertex -0.0490085701647803 -0.49759236333609846 5.9
      vertex -0.0490085701647803 0.49759236333609846 5.9
    endloop
  endfacet
  facet normal 0 0 1
    outer loop
      vertex -0.0490085701647803 -0.49759236333609846 5.9
      vertex 0 -0.5 5.9
      vertex 0 0.5 5.9
    endloop
  endfacet
  facet normal 0.9039892931234434 0.4275550934302818 0
    outer loop
      vertex -0.4409606321741775 -0.23569836841299882 5.9
      vertex -0.46193976625564337 -0.1913417161825449 5.9
      vertex -0.46193976625564337 -0.1913417161825449 7
    endloop
  endfacet
  facet normal 0.8577286100002719 0.514102744193222 0
    outer loop
      vertex -0.4409606321741775 -0.23569836841299882 5.9
      vertex -0.4409606321741775 -0.23569836841299882 7
      vertex -0.4157348061512726 -0.2777851165098011 5.9
    endloop
  endfacet
  facet normal 0.8032075314806452 0.5956993044924329 0
    outer loop
      vertex -0.4157348061512726 -0.2777851165098011 5.9
      vertex -0.4157348061512726 -0.2777851165098011 7
      vertex -0.3865052266813685 -0.31719664208182274 5.9
    endloop
  endfacet
  facet normal 0.9891765099647809 0.1467304744553624 0
    outer loop
      vertex -0.4903926402016152 -0.09754516100806412 5.9
      vertex -0.49759236333609846 -0.0490085701647803 5.9
      vertex -0.49759236333609846 -0.0490085701647803 7
    endloop
  endfacet
  facet normal 0.9987954562051724 0.049067674327417585 0
    outer loop
      vertex -0.49759236333609846 -0.0490085701647803 5.9
      vertex -0.5 0 5.9
      vertex -0.5 0 7
    endloop
  endfacet
  facet normal 0.941544065183021 0.3368898533922197 0
    outer loop
      vertex -0.46193976625564337 -0.1913417161825449 5.9
      vertex -0.4784701678661044 -0.14514233862723117 5.9
      vertex -0.4784701678661044 -0.14514233862723117 7
    endloop
  endfacet
  facet normal 0.9700312531945439 0.24298017990326415 0
    outer loop
      vertex -0.4784701678661044 -0.14514233862723117 5.9
      vertex -0.4903926402016152 -0.09754516100806412 5.9
      vertex -0.4903926402016152 -0.09754516100806412 7
    endloop
  endfacet
  facet normal 0.5956993044924329 0.8032075314806452 0
    outer loop
      vertex -0.31719664208182274 -0.3865052266813685 5.9
      vertex -0.2777851165098011 -0.4157348061512726 7
      vertex -0.2777851165098011 -0.4157348061512726 5.9
    endloop
  endfacet
  facet normal 0.514102744193222 0.8577286100002719 0
    outer loop
      vertex -0.2777851165098011 -0.4157348061512726 5.9
      vertex -0.23569836841299882 -0.4409606321741775 7
      vertex -0.23569836841299882 -0.4409606321741775 5.9
    endloop
  endfacet
  facet normal 0.4275550934302818 0.9039892931234434 0
    outer loop
      vertex -0.23569836841299882 -0.4409606321741775 5.9
      vertex -0.1913417161825449 -0.46193976625564337 7
      vertex -0.1913417161825449 -0.46193976625564337 5.9
    endloop
  endfacet
  facet normal 0.3368898533922197 0.941544065183021 0
    outer loop
      vertex -0.1913417161825449 -0.46193976625564337 5.9
      vertex -0.14514233862723117 -0.4784701678661044 7
      vertex -0.14514233862723117 -0.4784701678661044 5.9
    endloop
  endfacet
  facet normal 0.24298017990326415 0.9700312531945439 0
    outer loop
      vertex -0.14514233862723117 -0.4784701678661044 5.9
      vertex -0.09754516100806412 -0.4903926402016152 7
      vertex -0.09754516100806412 -0.4903926402016152 5.9
    endloop
  endfacet
  facet normal 0.1467304744553624 0.9891765099647809 0
    outer loop
      vertex -0.09754516100806412 -0.4903926402016152 5.9
      vertex -0.0490085701647803 -0.49759236333609846 7
      vertex -0.0490085701647803 -0.49759236333609846 5.9
    endloop
  endfacet
  facet normal 0.049067674327417585 0.9987954562051724 0
    outer loop
      vertex -0.0490085701647803 -0.49759236333609846 5.9
      vertex 0 -0.5 7
      vertex 0 -0.5 5.9
    endloop
  endfacet
  facet normal 0.7409511253549594 0.6715589548470181 0
    outer loop
      vertex -0.3535533905932738 -0.3535533905932738 5.9
      vertex -0.3865052266813685 -0.31719664208182274 5.9
      vertex -0.3865052266813685 -0.31719664208182274 7
    endloop
  endfacet
  facet normal 0.6715589548470181 0.7409511253549594 0
    outer loop
      vertex -0.3535533905932738 -0.3535533905932738 5.9
      vertex -0.31719664208182274 -0.3865052266813685 7
      vertex -0.31719664208182274 -0.3865052266813685 5.9
    endloop
  endfacet
  facet normal 0.8032075314806452 0.5956993044924329 0
    outer loop
      vertex -0.3865052266813685 -0.31719664208182274 5.9
      vertex -0.4157348061512726 -0.2777851165098011 7
      vertex -0.3865052266813685 -0.31719664208182274 7
    endloop
  endfacet
  facet normal 0.9039892931234434 0.4275550934302818 0
    outer loop
      vertex -0.4409606321741775 -0.23569836841299882 5.9
      vertex -0.46193976625564337 -0.1913417161825449 7
      vertex -0.4409606321741775 -0.23569836841299882 7
    endloop
  endfacet
  facet normal 0.8577286100002719 0.514102744193222 0
    outer loop
      vertex -0.4157348061512726 -0.2777851165098011 5.9
      vertex -0.4409606321741775 -0.23569836841299882 7
      vertex -0.4157348061512726 -0.2777851165098011 7
    endloop
  endfacet
  facet normal 0.9891765099647809 0.1467304744553624 0
    outer loop
      vertex -0.4903926402016152 -0.09754516100806412 5.9
      vertex -0.49759236333609846 -0.0490085701647803 7
      vertex -0.4903926402016152 -0.09754516100806412 7
    endloop
  endfacet
  facet normal 0.9987954562051724 0.049067674327417585 0
    outer loop
      vertex -0.49759236333609846 -0.0490085701647803 5.9
      vertex -0.5 0 7
      vertex -0.49759236333609846 -0.0490085701647803 7
    endloop
  endfacet
  facet normal 0.941544065183021 0.3368898533922197 0
    outer loop
      vertex -0.46193976625564337 -0.1913417161825449 5.9
      vertex -0.4784701678661044 -0.14514233862723117 7
      vertex -0.46193976625564337 -0.1913417161825449 7
    endloop
  endfacet
  facet normal 0.9700312531945439 0.24298017990326415 0
    outer loop
      vertex -0.4784701678661044 -0.14514233862723117 5.9
      vertex -0.4903926402016152 -0.09754516100806412 7
      vertex -0.4784701678661044 -0.14514233862723117 7
    endloop
  endfacet
  facet normal 0.5956993044924329 0.8032075314806452 0
    outer loop
      vertex -0.31719664208182274 -0.3865052266813685 5.9
      vertex -0.31719664208182274 -0.3865052266813685 7
      vertex -0.2777851165098011 -0.4157348061512726 7
    endloop
  endfacet
  facet normal 0.514102744193222 0.8577286100002719 0
    outer loop
      vertex -0.2777851165098011 -0.4157348061512726 5.9
      vertex -0.2777851165098011 -0.4157348061512726 7
      vertex -0.23569836841299882 -0.4409606321741775 7
    endloop
  endfacet
  facet normal 0.4275550934302818 0.9039892931234434 0
    outer loop
      vertex -0.23569836841299882 -0.4409606321741775 5.9
      vertex -0.23569836841299882 -0.4409606321741775 7
      vertex -0.1913417161825449 -0.46193976625564337 7
    endloop
  endfacet
  facet normal 0.3368898533922197 0.941544065183021 0
    outer loop
      vertex -0.1913417161825449 -0.46193976625564337 5.9
      vertex -0.1913417161825449 -0.46193976625564337 7
      vertex -0.14514233862723117 -0.4784701678661044 7
    endloop
  endfacet
  facet normal 0.24298017990326415 0.9700312531945439 0
    outer loop
      vertex -0.14514233862723117 -0.4784701678661044 5.9
      vertex -0.14514233862723117 -0.4784701678661044 7
      vertex -0.09754516100806412 -0.4903926402016152 7
    endloop
  endfacet
  facet normal 0.1467304744553624 0.9891765099647809 0
    outer loop
      vertex -0.09754516100806412 -0.4903926402016152 5.9
      vertex -0.09754516100806412 -0.4903926402016152 7
      vertex -0.0490085701647803 -0.49759236333609846 7
    endloop
  endfacet
  facet normal 0.049067674327417585 0.9987954562051724 0
    outer loop
      vertex -0.0490085701647803 -0.49759236333609846 5.9
      vertex -0.0490085701647803 -0.49759236333609846 7
      vertex 0 -0.5 7
    endloop
  endfacet
  facet normal 0.7409511253549594 0.6715589548470181 0
    outer loop
      vertex -0.3535533905932738 -0.3535533905932738 5.9
      vertex -0.3865052266813685 -0.31719664208182274 7
      vertex -0.3535533905932738 -0.3535533905932738 7
    endloop
  endfacet
  facet normal 0.6715589548470181 0.7409511253549594 0
    outer loop
      vertex -0.3535533905932738 -0.3535533905932738 5.9
      vertex -0.3535533905932738 -0.3535533905932738 7
      vertex -0.31719664208182274 -0.3865052266813685 7
    endloop
  endfacet
  facet normal 0 0 1
    outer loop
      vertex -0.49759236333609846 -0.0490085701647803 5.9
      vertex -0.49759236333609846 0.0490085701647803 5.9
      vertex -0.5 0 5.9
    endloop
  endfacet
  facet normal 0 0 1
    outer loop
      vertex -0.49759236333609846 -0.0490085701647803 5.9
      vertex -0.4903926402016152 0.09754516100806412 5.9
      vertex -0.49759236333609846 0.0490085701647803 5.9
    endloop
  endfacet
  facet normal 0 0 1
    outer loop
      vertex -0.4903926402016152 -0.09754516100806412 5.9
      vertex -0.4784701678661044 0.14514233862723117 5.9
      vertex -0.4903926402016152 0.09754516100806412 5.9
    endloop
  endfacet
  facet normal 0 0 1
    outer loop
      vertex -0.4784701678661044 -0.14514233862723117 5.9
      vertex -0.46193976625564337 0.1913417161825449 5.9
      vertex -0.4784701678661044 0.14514233862723117 5.9
    endloop
  endfacet
  facet normal 0 0 1
    outer loop
      vertex -0.46193976625564337 -0.1913417161825449 5.9
      vertex -0.4409606321741775 0.23569836841299882 5.9
      vertex -0.46193976625564337 0.1913417161825449 5.9
    endloop
  endfacet
  facet normal 0 0 1
    outer loop
      vertex -0.4409606321741775 -0.23569836841299882 5.9
      vertex -0.4157348061512726 0.2777851165098011 5.9
      vertex -0.4409606321741775 0.23569836841299882 5.9
    endloop
  endfacet
  facet normal 0 0 1
    outer loop
      vertex -0.4157348061512726 -0.2777851165098011 5.9
      vertex -0.3865052266813685 0.31719664208182274 5.9
      vertex -0.4157348061512726 0.2777851165098011 5.9
    endloop
  endfacet
  facet normal 0 0 1
    outer loop
      vertex -0.3865052266813685 -0.31719664208182274 5.9
      vertex -0.3535533905932738 0.3535533905932738 5.9
      vertex -0.3865052266813685 0.31719664208182274 5.9
    endloop
  endfacet
  facet normal 0 0 1
    outer loop
      vertex -0.3535533905932738 -0.3535533905932738 5.9
      vertex -0.31719664208182274 0.3865052266813685 5.9
      vertex -0.3535533905932738 0.3535533905932738 5.9
    endloop
  endfacet
  facet normal 0 0 1
    outer loop
      vertex -0.31719664208182274 -0.3865052266813685 5.9
      vertex -0.2777851165098011 0.4157348061512726 5.9
      vertex -0.31719664208182274 0.3865052266813685 5.9
    endloop
  endfacet
  facet normal 0 0 1
    outer loop
      vertex -0.2777851165098011 -0.4157348061512726 5.9
      vertex -0.23569836841299882 0.4409606321741775 5.9
      vertex -0.2777851165098011 0.4157348061512726 5.9
    endloop
  endfacet
  facet normal 0 0 1
    outer loop
      vertex -0.23569836841299882 -0.4409606321741775 5.9
      vertex -0.1913417161825449 0.46193976625564337 5.9
      vertex -0.23569836841299882 0.4409606321741775 5.9
    endloop
  endfacet
  facet normal 0 0 1
    outer loop
      vertex -0.1913417161825449 -0.46193976625564337 5.9
      vertex -0.14514233862723117 0.4784701678661044 5.9
      vertex -0.1913417161825449 0.46193976625564337 5.9
    endloop
  endfacet
  facet normal 0 0 1
    outer loop
      vertex -0.14514233862723117 -0.4784701678661044 5.9
      vertex -0.09754516100806412 0.4903926402016152 5.9
      vertex -0.14514233862723117 0.4784701678661044 5.9
    endloop
  endfacet
  facet normal 0 0 1
    outer loop
      vertex -0.09754516100806412 -0.4903926402016152 5.9
      vertex -0.0490085701647803 0.49759236333609846 5.9
      vertex -0.09754516100806412 0.4903926402016152 5.9
    endloop
  endfacet
  facet normal 0 0 1
    outer loop
      vertex -0.0490085701647803 -0.49759236333609846 5.9
      vertex 0 0.5 5.9
      vertex -0.0490085701647803 0.49759236333609846 5.9
    endloop
  endfacet
  facet normal 0.9987954562051724 -0.049067674327417585 0
    outer loop
      vertex -0.5 0 5.9
      vertex -0.49759236333609846 0.0490085701647803 5.9
      vertex -0.49759236333609846 0.0490085701647803 7
    endloop
  endfacet
  facet normal 0.9891765099647809 -0.1467304744553624 0
    outer loop
      vertex -0.49759236333609846 0.0490085701647803 5.9
      vertex -0.4903926402016152 0.09754516100806412 5.9
      vertex -0.4903926402016152 0.09754516100806412 7
    endloop
  endfacet
  facet normal 0.9700312531945439 -0.24298017990326415 0
    outer loop
      vertex -0.4903926402016152 0.09754516100806412 5.9
      vertex -0.4784701678661044 0.14514233862723117 5.9
      vertex -0.4784701678661044 0.14514233862723117 7
    endloop
  endfacet
  facet normal 0.941544065183021 -0.3368898533922197 0
    outer loop
      vertex -0.4784701678661044 0.14514233862723117 5.9
      vertex -0.46193976625564337 0.1913417161825449 5.9
      vertex -0.46193976625564337 0.1913417161825449 7
    endloop
  endfacet
  facet normal 0.9039892931234434 -0.4275550934302818 0
    outer loop
      vertex -0.46193976625564337 0.1913417161825449 5.9
      vertex -0.4409606321741775 0.23569836841299882 5.9
      vertex -0.4409606321741775 0.23569836841299882 7
    endloop
  endfacet
  facet normal 0.8577286100002719 -0.514102744193222 0
    outer loop
      vertex -0.4409606321741775 0.23569836841299882 5.9
      vertex -0.4157348061512726 0.2777851165098011 5.9
      vertex -0.4157348061512726 0.2777851165098011 7
    endloop
  endfacet
  facet normal 0.8032075314806452 -0.5956993044924329 0
    outer loop
      vertex -0.4157348061512726 0.2777851165098011 5.9
      vertex -0.3865052266813685 0.31719664208182274 5.9
      vertex -0.3865052266813685 0.31719664208182274 7
    endloop
  endfacet
  facet normal 0.7409511253549594 -0.6715589548470181 0
    outer loop
      vertex -0.3865052266813685 0.31719664208182274 5.9
      vertex -0.3535533905932738 0.3535533905932738 5.9
      vertex -0.3535533905932738 0.3535533905932738 7
    endloop
  endfacet
  facet normal 0.6715589548470181 -0.7409511253549594 0
    outer loop
      vertex -0.3535533905932738 0.3535533905932738 5.9
      vertex -0.31719664208182274 0.3865052266813685 5.9
      vertex -0.3535533905932738 0.3535533905932738 7
    endloop
  endfacet
  facet normal 0.5956993044924329 -0.8032075314806452 0
    outer loop
      vertex -0.31719664208182274 0.3865052266813685 5.9
      vertex -0.2777851165098011 0.4157348061512726 5.9
      vertex -0.31719664208182274 0.3865052266813685 7
    endloop
  endfacet
  facet normal 0.514102744193222 -0.8577286100002719 0
    outer loop
      vertex -0.2777851165098011 0.4157348061512726 5.9
      vertex -0.23569836841299882 0.4409606321741775 5.9
      vertex -0.2777851165098011 0.4157348061512726 7
    endloop
  endfacet
  facet normal 0.4275550934302818 -0.9039892931234434 0
    outer loop
      vertex -0.23569836841299882 0.4409606321741775 5.9
      vertex -0.1913417161825449 0.46193976625564337 5.9
      vertex -0.23569836841299882 0.4409606321741775 7
    endloop
  endfacet
  facet normal 0.3368898533922197 -0.941544065183021 0
    outer loop
      vertex -0.1913417161825449 0.46193976625564337 5.9
      vertex -0.14514233862723117 0.4784701678661044 5.9
      vertex -0.1913417161825449 0.46193976625564337 7
    endloop
  endfacet
  facet normal 0.24298017990326415 -0.9700312531945439 0
    outer loop
      vertex -0.14514233862723117 0.4784701678661044 5.9
      vertex -0.09754516100806412 0.4903926402016152 5.9
      vertex -0.14514233862723117 0.4784701678661044 7
    endloop
  endfacet
  facet normal 0.1467304744553624 -0.9891765099647809 0
    outer loop
      vertex -0.09754516100806412 0.4903926402016152 5.9
      vertex -0.0490085701647803 0.49759236333609846 5.9
      vertex -0.09754516100806412 0.4903926402016152 7
    endloop
  endfacet
  facet normal 0.049067674327417585 -0.9987954562051724 0
    outer loop
      vertex -0.0490085701647803 0.49759236333609846 5.9
      vertex 0 0.5 5.9
      vertex -0.0490085701647803 0.49759236333609846 7
    endloop
  endfacet
  facet normal 0.9987954562051724 -0.049067674327417585 0
    outer loop
      vertex -0.5 0 5.9
      vertex -0.49759236333609846 0.0490085701647803 7
      vertex -0.5 0 7
    endloop
  endfacet
  facet normal 0.9891765099647809 -0.1467304744553624 0
    outer loop
      vertex -0.49759236333609846 0.0490085701647803 5.9
      vertex -0.4903926402016152 0.09754516100806412 7
      vertex -0.49759236333609846 0.0490085701647803 7
    endloop
  endfacet
  facet normal 0.9700312531945439 -0.24298017990326415 0
    outer loop
      vertex -0.4903926402016152 0.09754516100806412 5.9
      vertex -0.4784701678661044 0.14514233862723117 7
      vertex -0.4903926402016152 0.09754516100806412 7
    endloop
  endfacet
  facet normal 0.941544065183021 -0.3368898533922197 0
    outer loop
      vertex -0.4784701678661044 0.14514233862723117 5.9
      vertex -0.46193976625564337 0.1913417161825449 7
      vertex -0.4784701678661044 0.14514233862723117 7
    endloop
  endfacet
  facet normal 0.9039892931234434 -0.4275550934302818 0
    outer loop
      vertex -0.46193976625564337 0.1913417161825449 5.9
      vertex -0.4409606321741775 0.23569836841299882 7
      vertex -0.46193976625564337 0.1913417161825449 7
    endloop
  endfacet
  facet normal 0.8577286100002719 -0.514102744193222 0
    outer loop
      vertex -0.4409606321741775 0.23569836841299882 5.9
      vertex -0.4157348061512726 0.2777851165098011 7
      vertex -0.4409606321741775 0.23569836841299882 7
    endloop
  endfacet
  facet normal 0.8032075314806452 -0.5956993044924329 0
    outer loop
      vertex -0.4157348061512726 0.2777851165098011 5.9
      vertex -0.3865052266813685 0.31719664208182274 7
      vertex -0.4157348061512726 0.2777851165098011 7
    endloop
  endfacet
  facet normal 0.7409511253549594 -0.6715589548470181 0
    outer loop
      vertex -0.3865052266813685 0.31719664208182274 5.9
      vertex -0.3535533905932738 0.3535533905932738 7
      vertex -0.3865052266813685 0.31719664208182274 7
    endloop
  endfacet
  facet normal 0.6715589548470181 -0.7409511253549594 0
    outer loop
      vertex -0.31719664208182274 0.3865052266813685 5.9
      vertex -0.31719664208182274 0.3865052266813685 7
      vertex -0.3535533905932738 0.3535533905932738 7
    endloop
  endfacet
  facet normal 0.5956993044924329 -0.8032075314806452 0
    outer loop
      vertex -0.2777851165098011 0.4157348061512726 5.9
      vertex -0.2777851165098011 0.4157348061512726 7
      vertex -0.31719664208182274 0.3865052266813685 7
    endloop
  endfacet
  facet normal 0.514102744193222 -0.8577286100002719 0
    outer loop
      vertex -0.23569836841299882 0.4409606321741775 5.9
      vertex -0.23569836841299882 0.4409606321741775 7
      vertex -0.2777851165098011 0.4157348061512726 7
    endloop
  endfacet
  facet normal 0.4275550934302818 -0.9039892931234434 0
    outer loop
      vertex -0.1913417161825449 0.46193976625564337 5.9
      vertex -0.1913417161825449 0.46193976625564337 7
      vertex -0.23569836841299882 0.4409606321741775 7
    endloop
  endfacet
  facet normal 0.3368898533922197 -0.941544065183021 0
    outer loop
      vertex -0.14514233862723117 0.4784701678661044 5.9
      vertex -0.14514233862723117 0.4784701678661044 7
      vertex -0.1913417161825449 0.46193976625564337 7
    endloop
  endfacet
  facet normal 0.24298017990326415 -0.9700312531945439 0
    outer loop
      vertex -0.09754516100806412 0.4903926402016152 5.9
      vertex -0.09754516100806412 0.4903926402016152 7
      vertex -0.14514233862723117 0.4784701678661044 7
    endloop
  endfacet
  facet normal 0.1467304744553624 -0.9891765099647809 0
    outer loop
      vertex -0.0490085701647803 0.49759236333609846 5.9
      vertex -0.0490085701647803 0.49759236333609846 7
      vertex -0.09754516100806412 0.4903926402016152 7
    endloop
  endfacet
  facet normal 0.049067674327417585 -0.9987954562051724 0
    outer loop
      vertex -0.0490085701647803 0.49759236333609846 7
      vertex 0 0.5 5.9
      vertex 0 0.5 7
    endloop
  endfacet
  facet normal 0 0 1
    outer loop
      vertex 0 -0.5 5.9
      vertex 0.0490085701647803 -0.49759236333609846 5.9
      vertex 0.0490085701647803 0.49759236333609846 5.9
    endloop
  endfacet
  facet normal 0 0 1
    outer loop
      vertex 0.0490085701647803 -0.49759236333609846 5.9
      vertex 0.09754516100806412 -0.4903926402016152 5.9
      vertex 0.09754516100806412 0.4903926402016152 5.9
    endloop
  endfacet
  facet normal 0 0 1
    outer loop
      vertex 0.09754516100806412 -0.4903926402016152 5.9
      vertex 0.14514233862723117 -0.4784701678661044 5.9
      vertex 0.14514233862723117 0.4784701678661044 5.9
    endloop
  endfacet
  facet normal 0 0 1
    outer loop
      vertex 0.14514233862723117 -0.4784701678661044 5.9
      vertex 0.1913417161825449 -0.46193976625564337 5.9
      vertex 0.1913417161825449 0.46193976625564337 5.9
    endloop
  endfacet
  facet normal 0 0 1
    outer loop
      vertex 0.1913417161825449 -0.46193976625564337 5.9
      vertex 0.23569836841299882 -0.4409606321741775 5.9
      vertex 0.23569836841299882 0.4409606321741775 5.9
    endloop
  endfacet
  facet normal 0 0 1
    outer loop
      vertex 0.23569836841299882 -0.4409606321741775 5.9
      vertex 0.2777851165098011 -0.4157348061512726 5.9
      vertex 0.2777851165098011 0.4157348061512726 5.9
    endloop
  endfacet
  facet normal 0 0 1
    outer loop
      vertex 0.2777851165098011 -0.4157348061512726 5.9
      vertex 0.31719664208182274 -0.3865052266813685 5.9
      vertex 0.31719664208182274 0.3865052266813685 5.9
    endloop
  endfacet
  facet normal 0 0 1
    outer loop
      vertex 0.31719664208182274 -0.3865052266813685 5.9
      vertex 0.3535533905932738 -0.3535533905932738 5.9
      vertex 0.3535533905932738 0.3535533905932738 5.9
    endloop
  endfacet
  facet normal 0 0 1
    outer loop
      vertex 0.3535533905932738 -0.3535533905932738 5.9
      vertex 0.3865052266813685 -0.31719664208182274 5.9
      vertex 0.3865052266813685 0.31719664208182274 5.9
    endloop
  endfacet
  facet normal 0 0 1
    outer loop
      vertex 0.3865052266813685 -0.31719664208182274 5.9
      vertex 0.4157348061512726 -0.2777851165098011 5.9
      vertex 0.4157348061512726 0.2777851165098011 5.9
    endloop
  endfacet
  facet normal 0 0 1
    outer loop
      vertex 0.4157348061512726 -0.2777851165098011 5.9
      vertex 0.4409606321741775 -0.23569836841299882 5.9
      vertex 0.4409606321741775 0.23569836841299882 5.9
    endloop
  endfacet
  facet normal 0 0 1
    outer loop
      vertex 0.4409606321741775 -0.23569836841299882 5.9
      vertex 0.46193976625564337 -0.1913417161825449 5.9
      vertex 0.46193976625564337 0.1913417161825449 5.9
    endloop
  endfacet
  facet normal 0 0 1
    outer loop
      vertex 0.46193976625564337 -0.1913417161825449 5.9
      vertex 0.4784701678661044 -0.14514233862723117 5.9
      vertex 0.4784701678661044 0.14514233862723117 5.9
    endloop
  endfacet
  facet normal 0 0 1
    outer loop
      vertex 0.4784701678661044 -0.14514233862723117 5.9
      vertex 0.4903926402016152 -0.09754516100806412 5.9
      vertex 0.4903926402016152 0.09754516100806412 5.9
    endloop
  endfacet
  facet normal 0 0 1
    outer loop
      vertex 0.4903926402016152 -0.09754516100806412 5.9
      vertex 0.49759236333609846 -0.0490085701647803 5.9
      vertex 0.49759236333609846 0.0490085701647803 5.9
    endloop
  endfacet
  facet normal -0.049067674327417585 0.9987954562051724 0
    outer loop
      vertex 0 -0.5 5.9
      vertex 0.0490085701647803 -0.49759236333609846 7
      vertex 0.0490085701647803 -0.49759236333609846 5.9
    endloop
  endfacet
  facet normal -0.1467304744553624 0.9891765099647809 0
    outer loop
      vertex 0.0490085701647803 -0.49759236333609846 5.9
      vertex 0.09754516100806412 -0.4903926402016152 7
      vertex 0.09754516100806412 -0.4903926402016152 5.9
    endloop
  endfacet
  facet normal -0.24298017990326415 0.9700312531945439 0
    outer loop
      vertex 0.09754516100806412 -0.4903926402016152 5.9
      vertex 0.14514233862723117 -0.4784701678661044 7
      vertex 0.14514233862723117 -0.4784701678661044 5.9
    endloop
  endfacet
  facet normal -0.3368898533922197 0.941544065183021 0
    outer loop
      vertex 0.14514233862723117 -0.4784701678661044 5.9
      vertex 0.1913417161825449 -0.46193976625564337 7
      vertex 0.1913417161825449 -0.46193976625564337 5.9
    endloop
  endfacet
  facet normal -0.4275550934302818 0.9039892931234434 0
    outer loop
      vertex 0.1913417161825449 -0.46193976625564337 5.9
      vertex 0.23569836841299882 -0.4409606321741775 7
      vertex 0.23569836841299882 -0.4409606321741775 5.9
    endloop
  endfacet
  facet normal -0.514102744193222 0.8577286100002719 0
    outer loop
      vertex 0.23569836841299882 -0.4409606321741775 5.9
      vertex 0.2777851165098011 -0.4157348061512726 7
      vertex 0.2777851165098011 -0.4157348061512726 5.9
    endloop
  endfacet
  facet normal -0.5956993044924329 0.8032075314806452 0
    outer loop
      vertex 0.2777851165098011 -0.4157348061512726 5.9
      vertex 0.31719664208182274 -0.3865052266813685 7
      vertex 0.31719664208182274 -0.3865052266813685 5.9
    endloop
  endfacet
  facet normal -0.6715589548470181 0.7409511253549594 0
    outer loop
      vertex 0.31719664208182274 -0.3865052266813685 5.9
      vertex 0.3535533905932738 -0.3535533905932738 7
      vertex 0.3535533905932738 -0.3535533905932738 5.9
    endloop
  endfacet
  facet normal -0.7409511253549594 0.6715589548470181 0
    outer loop
      vertex 0.3535533905932738 -0.3535533905932738 5.9
      vertex 0.3535533905932738 -0.3535533905932738 7
      vertex 0.3865052266813685 -0.31719664208182274 5.9
    endloop
  endfacet
  facet normal -0.8032075314806452 0.5956993044924329 0
    outer loop
      vertex 0.3865052266813685 -0.31719664208182274 5.9
      vertex 0.3865052266813685 -0.31719664208182274 7
      vertex 0.4157348061512726 -0.2777851165098011 5.9
    endloop
  endfacet
  facet normal -0.8577286100002719 0.514102744193222 0
    outer loop
      vertex 0.4157348061512726 -0.2777851165098011 5.9
      vertex 0.4157348061512726 -0.2777851165098011 7
      vertex 0.4409606321741775 -0.23569836841299882 5.9
    endloop
  endfacet
  facet normal -0.9039892931234434 0.4275550934302818 0
    outer loop
      vertex 0.4409606321741775 -0.23569836841299882 5.9
      vertex 0.4409606321741775 -0.23569836841299882 7
      vertex 0.46193976625564337 -0.1913417161825449 5.9
    endloop
  endfacet
  facet normal -0.941544065183021 0.3368898533922197 0
    outer loop
      vertex 0.46193976625564337 -0.1913417161825449 5.9
      vertex 0.46193976625564337 -0.1913417161825449 7
      vertex 0.4784701678661044 -0.14514233862723117 5.9
    endloop
  endfacet
  facet normal -0.9700312531945439 0.24298017990326415 0
    outer loop
      vertex 0.4784701678661044 -0.14514233862723117 5.9
      vertex 0.4784701678661044 -0.14514233862723117 7
      vertex 0.4903926402016152 -0.09754516100806412 5.9
    endloop
  endfacet
  facet normal -0.9891765099647809 0.1467304744553624 0
    outer loop
      vertex 0.4903926402016152 -0.09754516100806412 5.9
      vertex 0.4903926402016152 -0.09754516100806412 7
      vertex 0.49759236333609846 -0.0490085701647803 5.9
    endloop
  endfacet
  facet normal -0.9987954562051724 0.049067674327417585 0
    outer loop
      vertex 0.49759236333609846 -0.0490085701647803 5.9
      vertex 0.49759236333609846 -0.0490085701647803 7
      vertex 0.5 0 5.9
    endloop
  endfacet
  facet normal -0.049067674327417585 0.9987954562051724 0
    outer loop
      vertex 0 -0.5 5.9
      vertex 0 -0.5 7
      vertex 0.0490085701647803 -0.49759236333609846 7
    endloop
  endfacet
  facet normal -0.1467304744553624 0.9891765099647809 0
    outer loop
      vertex 0.0490085701647803 -0.49759236333609846 5.9
      vertex 0.0490085701647803 -0.49759236333609846 7
      vertex 0.09754516100806412 -0.4903926402016152 7
    endloop
  endfacet
  facet normal -0.24298017990326415 0.9700312531945439 0
    outer loop
      vertex 0.09754516100806412 -0.4903926402016152 5.9
      vertex 0.09754516100806412 -0.4903926402016152 7
      vertex 0.14514233862723117 -0.4784701678661044 7
    endloop
  endfacet
  facet normal -0.3368898533922197 0.941544065183021 0
    outer loop
      vertex 0.14514233862723117 -0.4784701678661044 5.9
      vertex 0.14514233862723117 -0.4784701678661044 7
      vertex 0.1913417161825449 -0.46193976625564337 7
    endloop
  endfacet
  facet normal -0.4275550934302818 0.9039892931234434 0
    outer loop
      vertex 0.1913417161825449 -0.46193976625564337 5.9
      vertex 0.1913417161825449 -0.46193976625564337 7
      vertex 0.23569836841299882 -0.4409606321741775 7
    endloop
  endfacet
  facet normal -0.514102744193222 0.8577286100002719 0
    outer loop
      vertex 0.23569836841299882 -0.4409606321741775 5.9
      vertex 0.23569836841299882 -0.4409606321741775 7
      vertex 0.2777851165098011 -0.4157348061512726 7
    endloop
  endfacet
  facet normal -0.5956993044924329 0.8032075314806452 0
    outer loop
      vertex 0.2777851165098011 -0.4157348061512726 5.9
      vertex 0.2777851165098011 -0.4157348061512726 7
      vertex 0.31719664208182274 -0.3865052266813685 7
    endloop
  endfacet
  facet normal -0.6715589548470181 0.7409511253549594 0
    outer loop
      vertex 0.31719664208182274 -0.3865052266813685 5.9
      vertex 0.31719664208182274 -0.3865052266813685 7
      vertex 0.3535533905932738 -0.3535533905932738 7
    endloop
  endfacet
  facet normal -0.7409511253549594 0.6715589548470181 0
    outer loop
      vertex 0.3865052266813685 -0.31719664208182274 5.9
      vertex 0.3535533905932738 -0.3535533905932738 7
      vertex 0.3865052266813685 -0.31719664208182274 7
    endloop
  endfacet
  facet normal -0.8032075314806452 0.5956993044924329 0
    outer loop
      vertex 0.4157348061512726 -0.2777851165098011 5.9
      vertex 0.3865052266813685 -0.31719664208182274 7
      vertex 0.4157348061512726 -0.2777851165098011 7
    endloop
  endfacet
  facet normal -0.8577286100002719 0.514102744193222 0
    outer loop
      vertex 0.4409606321741775 -0.23569836841299882 5.9
      vertex 0.4157348061512726 -0.2777851165098011 7
      vertex 0.4409606321741775 -0.23569836841299882 7
    endloop
  endfacet
  facet normal -0.9039892931234434 0.4275550934302818 0
    outer loop
      vertex 0.46193976625564337 -0.1913417161825449 5.9
      vertex 0.4409606321741775 -0.23569836841299882 7
      vertex 0.46193976625564337 -0.1913417161825449 7
    endloop
  endfacet
  facet normal -0.941544065183021 0.3368898533922197 0
    outer loop
      vertex 0.4784701678661044 -0.14514233862723117 5.9
      vertex 0.46193976625564337 -0.1913417161825449 7
      vertex 0.4784701678661044 -0.14514233862723117 7
    endloop
  endfacet
  facet normal -0.9700312531945439 0.24298017990326415 0
    outer loop
      vertex 0.4903926402016152 -0.09754516100806412 5.9
      vertex 0.4784701678661044 -0.14514233862723117 7
      vertex 0.4903926402016152 -0.09754516100806412 7
    endloop
  endfacet
  facet normal -0.9891765099647809 0.1467304744553624 0
    outer loop
      vertex 0.49759236333609846 -0.0490085701647803 5.9
      vertex 0.4903926402016152 -0.09754516100806412 7
      vertex 0.49759236333609846 -0.0490085701647803 7
    endloop
  endfacet
  facet normal -0.9987954562051724 0.049067674327417585 0
    outer loop
      vertex 0.49759236333609846 -0.0490085701647803 7
      vertex 0.5 0 7
      vertex 0.5 0 5.9
    endloop
  endfacet
  facet normal 0 0 1
    outer loop
      vertex 0 -0.5 5.9
      vertex 0.0490085701647803 0.49759236333609846 5.9
      vertex 0 0.5 5.9
    endloop
  endfacet
  facet normal 0 0 1
    outer loop
      vertex 0.0490085701647803 -0.49759236333609846 5.9
      vertex 0.09754516100806412 0.4903926402016152 5.9
      vertex 0.0490085701647803 0.49759236333609846 5.9
    endloop
  endfacet
  facet normal 0 0 1
    outer loop
      vertex 0.09754516100806412 -0.4903926402016152 5.9
      vertex 0.14514233862723117 0.4784701678661044 5.9
      vertex 0.09754516100806412 0.4903926402016152 5.9
    endloop
  endfacet
  facet normal 0 0 1
    outer loop
      vertex 0.14514233862723117 -0.4784701678661044 5.9
      vertex 0.1913417161825449 0.46193976625564337 5.9
      vertex 0.14514233862723117 0.4784701678661044 5.9
    endloop
  endfacet
  facet normal 0 0 1
    outer loop
      vertex 0.1913417161825449 -0.46193976625564337 5.9
      vertex 0.23569836841299882 0.4409606321741775 5.9
      vertex 0.1913417161825449 0.46193976625564337 5.9
    endloop
  endfacet
  facet normal 0 0 1
    outer loop
      vertex 0.23569836841299882 -0.4409606321741775 5.9
      vertex 0.2777851165098011 0.4157348061512726 5.9
      vertex 0.23569836841299882 0.4409606321741775 5.9
    endloop
  endfacet
  facet normal 0 0 1
    outer loop
      vertex 0.2777851165098011 -0.4157348061512726 5.9
      vertex 0.31719664208182274 0.3865052266813685 5.9
      vertex 0.2777851165098011 0.4157348061512726 5.9
    endloop
  endfacet
  facet normal 0 0 1
    outer loop
      vertex 0.31719664208182274 -0.3865052266813685 5.9
      vertex 0.3535533905932738 0.3535533905932738 5.9
      vertex 0.31719664208182274 0.3865052266813685 5.9
    endloop
  endfacet
  facet normal 0 0 1
    outer loop
      vertex 0.3535533905932738 -0.3535533905932738 5.9
      vertex 0.3865052266813685 0.31719664208182274 5.9
      vertex 0.3535533905932738 0.3535533905932738 5.9
    endloop
  endfacet
  facet normal 0 0 1
    outer loop
      vertex 0.4157348061512726 -0.2777851165098011 5.9
      vertex 0.4409606321741775 0.23569836841299882 5.9
      vertex 0.4157348061512726 0.2777851165098011 5.9
    endloop
  endfacet
  facet normal 0 0 1
    outer loop
      vertex 0.3865052266813685 -0.31719664208182274 5.9
      vertex 0.4157348061512726 0.2777851165098011 5.9
      vertex 0.3865052266813685 0.31719664208182274 5.9
    endloop
  endfacet
  facet normal 0 0 1
    outer loop
      vertex 0.46193976625564337 -0.1913417161825449 5.9
      vertex 0.4784701678661044 0.14514233862723117 5.9
      vertex 0.46193976625564337 0.1913417161825449 5.9
    endloop
  endfacet
  facet normal 0 0 1
    outer loop
      vertex 0.4784701678661044 -0.14514233862723117 5.9
      vertex 0.4903926402016152 0.09754516100806412 5.9
      vertex 0.4784701678661044 0.14514233862723117 5.9
    endloop
  endfacet
  facet normal 0 0 1
    outer loop
      vertex 0.4409606321741775 -0.23569836841299882 5.9
      vertex 0.46193976625564337 0.1913417161825449 5.9
      vertex 0.4409606321741775 0.23569836841299882 5.9
    endloop
  endfacet
  facet normal 0 0 1
    outer loop
      vertex 0.4903926402016152 -0.09754516100806412 5.9
      vertex 0.49759236333609846 0.0490085701647803 5.9
      vertex 0.4903926402016152 0.09754516100806412 5.9
    endloop
  endfacet
  facet normal 0 0 1
    outer loop
      vertex 0.49759236333609846 -0.0490085701647803 5.9
      vertex 0.5 0 5.9
      vertex 0.49759236333609846 0.0490085701647803 5.9
    endloop
  endfacet
  facet normal -0.6715589548470181 -0.7409511253549594 0
    outer loop
      vertex 0.31719664208182274 0.3865052266813685 5.9
      vertex 0.3535533905932738 0.3535533905932738 5.9
      vertex 0.31719664208182274 0.3865052266813685 7
    endloop
  endfacet
  facet normal -0.7409511253549594 -0.6715589548470181 0
    outer loop
      vertex 0.3865052266813685 0.31719664208182274 5.9
      vertex 0.3865052266813685 0.31719664208182274 7
      vertex 0.3535533905932738 0.3535533905932738 5.9
    endloop
  endfacet
  facet normal -0.049067674327417585 -0.9987954562051724 0
    outer loop
      vertex 0 0.5 5.9
      vertex 0.0490085701647803 0.49759236333609846 5.9
      vertex 0 0.5 7
    endloop
  endfacet
  facet normal -0.1467304744553624 -0.9891765099647809 0
    outer loop
      vertex 0.0490085701647803 0.49759236333609846 5.9
      vertex 0.09754516100806412 0.4903926402016152 5.9
      vertex 0.0490085701647803 0.49759236333609846 7
    endloop
  endfacet
  facet normal -0.24298017990326415 -0.9700312531945439 0
    outer loop
      vertex 0.09754516100806412 0.4903926402016152 5.9
      vertex 0.14514233862723117 0.4784701678661044 5.9
      vertex 0.09754516100806412 0.4903926402016152 7
    endloop
  endfacet
  facet normal -0.3368898533922197 -0.941544065183021 0
    outer loop
      vertex 0.14514233862723117 0.4784701678661044 5.9
      vertex 0.1913417161825449 0.46193976625564337 5.9
      vertex 0.14514233862723117 0.4784701678661044 7
    endloop
  endfacet
  facet normal -0.4275550934302818 -0.9039892931234434 0
    outer loop
      vertex 0.1913417161825449 0.46193976625564337 5.9
      vertex 0.23569836841299882 0.4409606321741775 5.9
      vertex 0.1913417161825449 0.46193976625564337 7
    endloop
  endfacet
  facet normal -0.514102744193222 -0.8577286100002719 0
    outer loop
      vertex 0.23569836841299882 0.4409606321741775 5.9
      vertex 0.2777851165098011 0.4157348061512726 5.9
      vertex 0.23569836841299882 0.4409606321741775 7
    endloop
  endfacet
  facet normal -0.5956993044924329 -0.8032075314806452 0
    outer loop
      vertex 0.2777851165098011 0.4157348061512726 5.9
      vertex 0.31719664208182274 0.3865052266813685 5.9
      vertex 0.2777851165098011 0.4157348061512726 7
    endloop
  endfacet
  facet normal -0.9700312531945439 -0.24298017990326415 0
    outer loop
      vertex 0.4903926402016152 0.09754516100806412 5.9
      vertex 0.4903926402016152 0.09754516100806412 7
      vertex 0.4784701678661044 0.14514233862723117 5.9
    endloop
  endfacet
  facet normal -0.941544065183021 -0.3368898533922197 0
    outer loop
      vertex 0.4784701678661044 0.14514233862723117 5.9
      vertex 0.4784701678661044 0.14514233862723117 7
      vertex 0.46193976625564337 0.1913417161825449 5.9
    endloop
  endfacet
  facet normal -0.9987954562051724 -0.049067674327417585 0
    outer loop
      vertex 0.5 0 5.9
      vertex 0.5 0 7
      vertex 0.49759236333609846 0.0490085701647803 5.9
    endloop
  endfacet
  facet normal -0.9891765099647809 -0.1467304744553624 0
    outer loop
      vertex 0.49759236333609846 0.0490085701647803 5.9
      vertex 0.49759236333609846 0.0490085701647803 7
      vertex 0.4903926402016152 0.09754516100806412 5.9
    endloop
  endfacet
  facet normal -0.8032075314806452 -0.5956993044924329 0
    outer loop
      vertex 0.3865052266813685 0.31719664208182274 5.9
      vertex 0.4157348061512726 0.2777851165098011 5.9
      vertex 0.4157348061512726 0.2777851165098011 7
    endloop
  endfacet
  facet normal -0.8577286100002719 -0.514102744193222 0
    outer loop
      vertex 0.4157348061512726 0.2777851165098011 5.9
      vertex 0.4409606321741775 0.23569836841299882 5.9
      vertex 0.4409606321741775 0.23569836841299882 7
    endloop
  endfacet
  facet normal -0.9039892931234434 -0.4275550934302818 0
    outer loop
      vertex 0.46193976625564337 0.1913417161825449 5.9
      vertex 0.46193976625564337 0.1913417161825449 7
      vertex 0.4409606321741775 0.23569836841299882 5.9
    endloop
  endfacet
  facet normal -0.6715589548470181 -0.7409511253549594 0
    outer loop
      vertex 0.3535533905932738 0.3535533905932738 5.9
      vertex 0.3535533905932738 0.3535533905932738 7
      vertex 0.31719664208182274 0.3865052266813685 7
    endloop
  endfacet
  facet normal -0.7409511253549594 -0.6715589548470181 0
    outer loop
      vertex 0.3535533905932738 0.3535533905932738 5.9
      vertex 0.3865052266813685 0.31719664208182274 7
      vertex 0.3535533905932738 0.3535533905932738 7
    endloop
  endfacet
  facet normal -0.049067674327417585 -0.9987954562051724 0
    outer loop
      vertex 0.0490085701647803 0.49759236333609846 5.9
      vertex 0.0490085701647803 0.49759236333609846 7
      vertex 0 0.5 7
    endloop
  endfacet
  facet normal -0.1467304744553624 -0.9891765099647809 0
    outer loop
      vertex 0.09754516100806412 0.4903926402016152 5.9
      vertex 0.09754516100806412 0.4903926402016152 7
      vertex 0.0490085701647803 0.49759236333609846 7
    endloop
  endfacet
  facet normal -0.24298017990326415 -0.9700312531945439 0
    outer loop
      vertex 0.14514233862723117 0.4784701678661044 5.9
      vertex 0.14514233862723117 0.4784701678661044 7
      vertex 0.09754516100806412 0.4903926402016152 7
    endloop
  endfacet
  facet normal -0.3368898533922197 -0.941544065183021 0
    outer loop
      vertex 0.1913417161825449 0.46193976625564337 5.9
      vertex 0.1913417161825449 0.46193976625564337 7
      vertex 0.14514233862723117 0.4784701678661044 7
    endloop
  endfacet
  facet normal -0.4275550934302818 -0.9039892931234434 0
    outer loop
      vertex 0.23569836841299882 0.4409606321741775 5.9
      vertex 0.23569836841299882 0.4409606321741775 7
      vertex 0.1913417161825449 0.46193976625564337 7
    endloop
  endfacet
  facet normal -0.514102744193222 -0.8577286100002719 0
    outer loop
      vertex 0.2777851165098011 0.4157348061512726 5.9
      vertex 0.2777851165098011 0.4157348061512726 7
      vertex 0.23569836841299882 0.4409606321741775 7
    endloop
  endfacet
  facet normal -0.5956993044924329 -0.8032075314806452 0
    outer loop
      vertex 0.31719664208182274 0.3865052266813685 5.9
      vertex 0.31719664208182274 0.3865052266813685 7
      vertex 0.2777851165098011 0.4157348061512726 7
    endloop
  endfacet
  facet normal -0.9700312531945439 -0.24298017990326415 0
    outer loop
      vertex 0.4784701678661044 0.14514233862723117 5.9
      vertex 0.4903926402016152 0.09754516100806412 7
      vertex 0.4784701678661044 0.14514233862723117 7
    endloop
  endfacet
  facet normal -0.941544065183021 -0.3368898533922197 0
    outer loop
      vertex 0.46193976625564337 0.1913417161825449 5.9
      vertex 0.4784701678661044 0.14514233862723117 7
      vertex 0.46193976625564337 0.1913417161825449 7
    endloop
  endfacet
  facet normal -0.9987954562051724 -0.049067674327417585 0
    outer loop
      vertex 0.49759236333609846 0.0490085701647803 5.9
      vertex 0.5 0 7
      vertex 0.49759236333609846 0.0490085701647803 7
    endloop
  endfacet
  facet normal -0.9891765099647809 -0.1467304744553624 0
    outer loop
      vertex 0.4903926402016152 0.09754516100806412 5.9
      vertex 0.49759236333609846 0.0490085701647803 7
      vertex 0.4903926402016152 0.09754516100806412 7
    endloop
  endfacet
  facet normal -0.8577286100002719 -0.514102744193222 0
    outer loop
      vertex 0.4157348061512726 0.2777851165098011 5.9
      vertex 0.4409606321741775 0.23569836841299882 7
      vertex 0.4157348061512726 0.2777851165098011 7
    endloop
  endfacet
  facet normal -0.9039892931234434 -0.4275550934302818 0
    outer loop
      vertex 0.4409606321741775 0.23569836841299882 5.9
      vertex 0.46193976625564337 0.1913417161825449 7
      vertex 0.4409606321741775 0.23569836841299882 7
    endloop
  endfacet
  facet normal -0.8032075314806452 -0.5956993044924329 0
    outer loop
      vertex 0.3865052266813685 0.31719664208182274 5.9
      vertex 0.4157348061512726 0.2777851165098011 7
      vertex 0.3865052266813685 0.31719664208182274 7
    endloop
  endfacet
endsolid OpenSCAD_Model
